strategy,side,entry_time,entry_price,exit_time,exit_price,bars_held,gross_pnl,fee,net_pnl,return_pct,exit_reason,partial
sfp,1,2026-07-01 00:28:00+00:00,58351.534569999996,2026-07-01 00:31:00+00:00,58499.599454999996,3,1.268731714522242,0.4,0.8687317145222421,0.2537463429044484,tp,False
sfp,-1,2026-07-01 00:54:00+00:00,58557.74364,2026-07-01 01:01:00+00:00,58496.499065,7,0.5229417254916102,0.4,0.1229417254916102,0.10458834509832204,tp,False
sfp,1,2026-07-01 01:10:00+00:00,58272.02662,2026-07-01 01:10:00+00:00,58188.53936412,0,-0.7163579226824313,0.4,-1.1163579226824312,-0.14327158453648625,sl,False
sfp,1,2026-07-01 01:14:00+00:00,58077.90721,2026-07-01 01:15:00+00:00,58193.68005,1,0.9967029251019,0.4,0.5967029251018999,0.19934058502038,tp,False
sfp,-1,2026-07-01 01:32:00+00:00,58426.65675,2026-07-01 01:32:00+00:00,58481.440339278,0,-0.468823584347855,0.4,-0.868823584347855,-0.093764716869571,sl,False
sfp,-1,2026-07-01 01:34:00+00:00,58431.95622,2026-07-01 01:38:00+00:00,58558.463440818,4,-1.082517418565354,0.4,-1.482517418565354,-0.21650348371307082,sl,False
sfp,-1,2026-07-01 01:42:00+00:00,58794.12,2026-07-01 02:23:00+00:00,58998.69547961999,41,-1.7397613878733509,0.4,-2.139761387873351,-0.3479522775746702,sl,False
sfp,-1,2026-07-01 02:25:00+00:00,58894.209989999996,2026-07-01 02:28:00+00:00,58971.687379079995,3,-0.6577674536525357,0.4,-1.0577674536525357,-0.13155349073050715,sl,False
sfp,-1,2026-07-01 02:32:00+00:00,58916.70774,2026-07-01 02:42:00+00:00,59067.816211002,10,-1.2823906562196008,0.4,-1.6823906562196007,-0.25647813124392016,sl,False
sfp,1,2026-07-01 03:13:00+00:00,59009.50036,2026-07-01 03:16:00+00:00,58947.71155930801,3,-0.5235496006154583,0.4,-0.9235496006154583,-0.10470992012309166,sl,False
sfp,1,2026-07-01 03:19:00+00:00,58902.68968,2026-07-01 03:23:00+00:00,58857.238707498,4,-0.38581406680171515,0.4,-0.7858140668017152,-0.07716281336034303,sl,False
sfp,1,2026-07-01 03:33:00+00:00,58859.68538,2026-07-01 03:35:00+00:00,58918.80753,2,0.5022295788560394,0.4,0.10222957885603934,0.10044591577120787,tp,False
sfp,-1,2026-07-01 03:39:00+00:00,58973.70204,2026-07-01 03:43:00+00:00,58908.840294999995,4,0.5499209203113087,0.4,0.14992092031130866,0.10998418406226174,tp,False
sfp,-1,2026-07-01 04:20:00+00:00,59164.083,2026-07-01 04:22:00+00:00,59202.056473685996,2,-0.32091660818944767,0.4,-0.7209166081894477,-0.06418332163788953,sl,False
sfp,-1,2026-07-01 04:25:00+00:00,59177.38167,2026-07-01 04:27:00+00:00,59249.870814642,2,-0.6124734028132295,0.4,-1.0124734028132294,-0.1224946805626459,sl,False
sfp,-1,2026-07-01 04:32:00+00:00,59233.97601,2026-07-01 04:41:00+00:00,59287.7821854,9,-0.45418338447278384,0.4,-0.8541833844727839,-0.09083667689455677,sl,False
sfp,-1,2026-07-01 04:44:00+00:00,59298.56955,2026-07-01 04:45:00+00:00,59360.203906848,1,-0.5196951403357852,0.4,-0.9196951403357853,-0.10393902806715705,sl,False
sfp,-1,2026-07-01 04:47:00+00:00,59371.46226,2026-07-01 04:53:00+00:00,59291.378545,6,0.6744293634650123,0.4,0.27442936346501223,0.13488587269300245,tp,False
sfp,1,2026-07-01 05:11:00+00:00,59256.02501,2026-07-01 05:12:00+00:00,59212.332154602,1,-0.3686785891445221,0.4,-0.7686785891445221,-0.07373571782890442,sl,False
sfp,1,2026-07-01 05:13:00+00:00,59248.824290000004,2026-07-01 05:16:00+00:00,59284.27098,3,0.29913412143423024,0.4,-0.10086587856576978,0.05982682428684605,tp,False
sfp,1,2026-07-01 05:23:00+00:00,59196.11902,2026-07-01 05:25:00+00:00,59259.023505,2,0.5313227120408159,0.4,0.13132271204081591,0.10626454240816319,tp,False
sfp,1,2026-07-01 06:03:00+00:00,59072.10662,2026-07-01 06:04:00+00:00,59007.393650502,1,-0.5477455706318635,0.4,-0.9477455706318635,-0.1095491141263727,sl,False
sfp,1,2026-07-01 06:11:00+00:00,58935.893,2026-07-01 06:12:00+00:00,58890.928598172,1,-0.3814687411964335,0.4,-0.7814687411964335,-0.0762937482392867,sl,False
sfp,1,2026-07-01 06:13:00+00:00,58920.59147,2026-07-01 06:19:00+00:00,58863.33687762,6,-0.4858623356585601,0.4,-0.8858623356585601,-0.09717246713171201,sl,False
sfp,1,2026-07-01 06:24:00+00:00,58715.17093,2026-07-01 06:34:00+00:00,58637.704583106,10,-0.6596791397094903,0.4,-1.0596791397094902,-0.13193582794189807,sl,False
sfp,1,2026-07-01 06:36:00+00:00,58674.8669,2026-07-01 06:36:00+00:00,58603.014992412,0,-0.6122886287109885,0.4,-1.0122886287109885,-0.12245772574219771,sl,False
sfp,1,2026-07-01 06:39:00+00:00,58565.956009999994,2026-07-01 06:51:00+00:00,58701.42927,12,1.1565871133126793,0.4,0.7565871133126792,0.23131742266253585,tp,False
sfp,-1,2026-07-01 07:01:00+00:00,58701.929220000005,2026-07-01 07:03:00+00:00,58673.316745,2,0.24370983526605938,0.4,-0.15629016473394064,0.048741967053211877,tp,False
sfp,1,2026-07-01 07:09:00+00:00,58645.16393,2026-07-01 07:16:00+00:00,58669.532459999995,7,0.20776248514775553,0.4,-0.1922375148522445,0.041552497029551105,tp,False
sfp,-1,2026-07-01 07:26:00+00:00,58774.62195,2026-07-01 07:30:00+00:00,58681.06752,4,0.795874366317395,0.4,0.39587436631739503,0.159174873263479,tp,False
sfp,-1,2026-07-01 07:51:00+00:00,58720.52736,2026-07-01 08:01:00+00:00,58684.36785,10,0.30789496983152365,0.4,-0.09210503016847638,0.06157899396630473,tp,False
sfp,1,2026-07-01 08:03:00+00:00,58693.468759999996,2026-07-01 08:03:00+00:00,58702.22919,0,0.07462866128959966,0.4,-0.32537133871040036,0.014925732257919933,tp,False
sfp,-1,2026-07-01 08:08:00+00:00,58730.72634,2026-07-01 08:09:00+00:00,58709.220335,1,0.18308989467880066,0.4,-0.21691010532119936,0.03661797893576013,tp,False
sfp,1,2026-07-01 08:26:00+00:00,58591.45856,2026-07-01 08:33:00+00:00,58550.530741361996,7,-0.349264377811076,0.4,-0.749264377811076,-0.0698528755622152,sl,False
sfp,-1,2026-07-01 08:46:00+00:00,58694.92992,2026-07-01 08:51:00+00:00,58740.61807446,5,-0.38920017897858816,0.4,-0.7892001789785882,-0.07784003579571763,sl,False
sfp,-1,2026-07-01 09:01:00+00:00,58884.81093,2026-07-01 09:02:00+00:00,58967.286058991995,1,-0.7003090244277477,0.4,-1.1003090244277476,-0.14006180488554953,sl,False
sfp,-1,2026-07-01 09:08:00+00:00,58998.899520000006,2026-07-01 09:29:00+00:00,58847.38415,21,1.284052509730682,0.4,0.8840525097306821,0.2568105019461364,tp,False
sfp,1,2026-07-01 09:30:00+00:00,58875.18693,2026-07-01 09:41:00+00:00,58823.64878682601,11,-0.4376898474672264,0.4,-0.8376898474672264,-0.08753796949344528,sl,False
sfp,1,2026-07-01 09:42:00+00:00,58856.585069999994,2026-07-01 09:45:00+00:00,58877.71164,3,0.1794749897133796,0.4,-0.22052501028662042,0.03589499794267592,tp,False
sfp,-1,2026-07-01 09:57:00+00:00,58906.20879,2026-07-01 10:00:00+00:00,58868.28624,3,0.32188924375686767,0.4,-0.07811075624313235,0.06437784875137353,tp,False
sfp,1,2026-07-01 10:14:00+00:00,58770.07642,2026-07-01 10:15:00+00:00,58710.482744561996,1,-0.507006958882561,0.4,-0.907006958882561,-0.1014013917765122,sl,False
sfp,1,2026-07-01 10:26:00+00:00,58672.26664,2026-07-01 10:43:00+00:00,58616.41097268,17,-0.47599718332613783,0.4,-0.8759971833261379,-0.09519943666522757,sl,False
sfp,1,2026-07-01 10:46:00+00:00,58640.76349,2026-07-01 11:00:00+00:00,58582.421172,14,-0.4974553069209686,0.4,-0.8974553069209686,-0.09949106138419372,sl,False
sfp,1,2026-07-01 11:01:00+00:00,58615.060919999996,2026-07-01 11:03:00+00:00,58639.585455,2,0.2091999446479642,0.4,-0.1908000553520358,0.04183998892959284,tp,False
sfp,-1,2026-07-01 11:12:00+00:00,58676.531760000005,2026-07-01 11:18:00+00:00,58737.317084393995,6,-0.5179696428089242,0.4,-0.9179696428089242,-0.10359392856178484,sl,False
sfp,-1,2026-07-01 11:19:00+00:00,58713.528060000004,2026-07-01 11:34:00+00:00,58645.713984999995,15,0.5774995749762146,0.4,0.1774995749762146,0.11549991499524292,tp,False
sfp,1,2026-07-01 11:36:00+00:00,58698.66928,2026-07-01 11:36:00+00:00,58685.880825,0,-0.1089330913022768,0.4,-0.5089330913022768,-0.02178661826045536,tp,False
sfp,1,2026-07-01 11:37:00+00:00,58718.17123,2026-07-01 11:37:00+00:00,58681.481265,0,-0.3124242822233336,0.4,-0.7124242822233336,-0.062484856444666725,tp,False
sfp,1,2026-07-01 11:56:00+00:00,58567.056119999994,2026-07-01 11:56:00+00:00,58532.536141002,0,-0.29470474772769206,0.4,-0.6947047477276921,-0.05894094954553841,sl,False
sfp,1,2026-07-01 11:57:00+00:00,58556.05502,2026-07-01 12:00:00+00:00,58625.336879999995,3,0.5915857888336706,0.4,0.1915857888336706,0.11831715776673413,tp,False
sfp,1,2026-07-01 12:14:00+00:00,58429.8424,2026-07-01 12:15:00+00:00,58525.64685,1,0.8198246483718252,0.4,0.4198246483718252,0.16396492967436505,tp,False
sfp,1,2026-07-01 12:41:00+00:00,58391.8386,2026-07-01 12:47:00+00:00,58333.695807024,6,-0.4978674620463308,0.4,-0.8978674620463308,-0.09957349240926616,sl,False
sfp,1,2026-07-01 12:50:00+00:00,58338.93331,2026-07-01 12:55:00+00:00,58431.75624,5,0.7955487419247786,0.4,0.3955487419247786,0.15910974838495573,tp,False
sfp,-1,2026-07-01 13:04:00+00:00,58600.63935,2026-07-01 13:21:00+00:00,58756.522844777995,17,-1.3300494372336935,0.4,-1.7300494372336934,-0.2660098874467387,sl,False
sfp,-1,2026-07-01 13:24:00+00:00,58811.31828,2026-07-01 13:25:00+00:00,58728.072219999995,1,0.7077384288826094,0.4,0.3077384288826094,0.14154768577652188,tp,False
sfp,1,2026-07-01 13:31:00+00:00,58759.77539,2026-07-01 13:31:00+00:00,58728.726539999996,0,-0.26420157151663126,0.4,-0.6642015715166313,-0.05284031430332625,tp,False
sfp,-1,2026-07-01 13:38:00+00:00,58849.01451,2026-07-01 13:40:00+00:00,58959.983868846,2,-0.9428310717687349,0.4,-1.3428310717687348,-0.18856621435374699,sl,False
sfp,-1,2026-07-01 13:42:00+00:00,58964.40297,2026-07-01 13:45:00+00:00,59068.71648102,3,-0.8845464870819164,0.4,-1.2845464870819163,-0.17690929741638328,sl,False
sfp,-1,2026-07-01 13:48:00+00:00,59191.18029,2026-07-01 13:48:00+00:00,59261.274234870005,0,-0.5920978811927435,0.4,-0.9920978811927436,-0.11841957623854871,sl,False
sfp,-1,2026-07-01 13:50:00+00:00,59294.07,2026-07-01 13:52:00+00:00,59403.716957717996,2,-0.924603065011409,0.4,-1.324603065011409,-0.1849206130022818,sl,False
sfp,-1,2026-07-01 13:54:00+00:00,59333.86602,2026-07-01 13:59:00+00:00,59475.83858916,5,-1.196387313715075,0.4,-1.5963873137150748,-0.23927746274301498,sl,False
sfp,-1,2026-07-01 14:01:00+00:00,59358.76353,2026-07-01 14:10:00+00:00,59504.54719973399,9,-1.227987756688309,0.4,-1.627987756688309,-0.2455975513376618,sl,False
sfp,-1,2026-07-01 14:16:00+00:00,59867.712629999995,2026-07-01 14:17:00+00:00,60007.398019787994,1,-1.1666170599442527,0.4,-1.5666170599442526,-0.23332341198885054,sl,False
sfp,1,2026-07-01 14:35:00+00:00,59639.663369999995,2026-07-01 14:45:00+00:00,59492.248160202,10,-1.23588230942423,0.4,-1.6358823094242299,-0.247176461884846,sl,False
sfp,1,2026-07-01 14:48:00+00:00,59511.05051,2026-07-01 14:53:00+00:00,59695.279875,5,1.5478584516755989,0.4,1.147858451675599,0.3095716903351198,tp,False
sfp,-1,2026-07-01 15:09:00+00:00,59780.62134,2026-07-01 15:21:00+00:00,59984.09102932199,12,-1.7018030656186234,0.4,-2.1018030656186233,-0.3403606131237247,sl,False
sfp,1,2026-07-01 15:53:00+00:00,60106.01,2026-07-01 16:01:00+00:00,60039.78386115601,8,-0.5509111222321561,0.4,-0.9509111222321561,-0.11018222444643122,sl,False
sfp,-1,2026-07-01 16:29:00+00:00,60144.9849,2026-07-01 16:33:00+00:00,60072.20662,4,0.6050236783749496,0.4,0.20502367837494961,0.12100473567498993,tp,False
sfp,1,2026-07-01 16:57:00+00:00,59869.18631999999,2026-07-01 17:03:00+00:00,59818.150366722,6,-0.42622888680332593,0.4,-0.826228886803326,-0.08524577736066519,sl,False
sfp,-1,2026-07-01 17:17:00+00:00,59898.309570000005,2026-07-01 17:19:00+00:00,59965.285388946,2,-0.5590793749172818,0.4,-0.9590793749172818,-0.11181587498345635,sl,False
sfp,-1,2026-07-01 17:24:00+00:00,60111.188279999995,2026-07-01 17:26:00+00:00,60161.144132862,2,-0.4155287417485498,0.4,-0.8155287417485498,-0.08310574834970996,sl,False
sfp,-1,2026-07-01 17:28:00+00:00,60127.88661,2026-07-01 17:37:00+00:00,60204.157033722,9,-0.6342350282215747,0.4,-1.0342350282215746,-0.12684700564431495,sl,False
sfp,-1,2026-07-01 17:39:00+00:00,60178.9815,2026-07-01 18:10:00+00:00,60041.253525,31,1.1443195910519344,0.4,0.7443195910519343,0.22886391821038687,tp,False
sfp,-1,2026-07-01 18:38:00+00:00,60188.88051,2026-07-01 18:47:00+00:00,60132.41264,9,0.46908888752816846,0.4,0.06908888752816844,0.09381777750563369,tp,False
sfp,1,2026-07-01 19:27:00+00:00,60124.71187,2026-07-01 19:32:00+00:00,60207.928605,5,0.6920343766464443,0.4,0.29203437664644427,0.13840687532928886,tp,False
sfp,1,2026-07-01 19:50:00+00:00,60117.711169999995,2026-07-01 19:52:00+00:00,60070.97450178,2,-0.38870964405007813,0.4,-0.7887096440500782,-0.07774192881001563,sl,False
sfp,1,2026-07-01 19:53:00+00:00,60107.71017,2026-07-01 19:55:00+00:00,60055.17924146399,2,-0.43697329666553264,0.4,-0.8369732966655327,-0.08739465933310653,sl,False
sfp,1,2026-07-01 19:58:00+00:00,60009.0003,2026-07-01 19:58:00+00:00,59963.80665963601,0,-0.3765571842395121,0.4,-0.7765571842395121,-0.07531143684790242,sl,False
sfp,1,2026-07-01 19:59:00+00:00,59989.79838,2026-07-01 20:01:00+00:00,59946.111969282,2,-0.36411533208757785,0.4,-0.7641153320875779,-0.07282306641751557,sl,False
sfp,1,2026-07-01 20:03:00+00:00,59930.29243,2026-07-01 20:05:00+00:00,59883.030898020006,2,-0.3943041996265495,0.4,-0.7943041996265495,-0.0788608399253099,sl,False
sfp,1,2026-07-01 20:07:00+00:00,59958.69527,2026-07-01 20:18:00+00:00,59872.334107806004,11,-0.7201721268708106,0.4,-1.1201721268708105,-0.1440344253741621,sl,False
sfp,1,2026-07-01 20:21:00+00:00,59888.18822,2026-07-01 20:22:00+00:00,59942.60514,1,0.45432097394648707,0.4,0.05432097394648705,0.09086419478929741,tp,False
sfp,-1,2026-07-01 20:34:00+00:00,59990.10039,2026-07-01 20:40:00+00:00,60032.705610294,6,-0.3551020919869696,0.4,-0.7551020919869696,-0.07102041839739393,sl,False
sfp,-1,2026-07-01 20:41:00+00:00,60009.09849,2026-07-01 20:48:00+00:00,60067.115930982,7,-0.4834053705344843,0.4,-0.8834053705344843,-0.09668107410689686,sl,False
sfp,-1,2026-07-01 21:14:00+00:00,60354.86391,2026-07-01 21:17:00+00:00,60461.834318874,3,-0.8861788590354136,0.4,-1.2861788590354135,-0.17723577180708272,sl,False
sfp,-1,2026-07-01 21:19:00+00:00,60394.25997000001,2026-07-01 21:19:00+00:00,60495.144309539995,0,-0.8352146345538269,0.4,-1.2352146345538269,-0.1670429269107654,sl,False
sfp,-1,2026-07-01 21:21:00+00:00,60424.356960000005,2026-07-01 21:26:00+00:00,60517.150909979995,5,-0.7678521927955151,0.4,-1.167852192795515,-0.15357043855910302,sl,False
sfp,-1,2026-07-01 21:27:00+00:00,60419.65743,2026-07-01 21:31:00+00:00,60606.177611759995,4,-1.5435388886149148,0.4,-1.9435388886149148,-0.30870777772298297,sl,False
sfp,1,2026-07-01 22:33:00+00:00,60539.0533,2026-07-01 22:33:00+00:00,60444.062549243994,0,-0.7845410984978485,0.4,-1.1845410984978484,-0.1569082196995697,sl,False
sfp,1,2026-07-01 22:34:00+00:00,60531.652559999995,2026-07-01 22:45:00+00:00,60407.17361850601,11,-1.0282136388941598,0.4,-1.4282136388941598,-0.20564272777883197,sl,False
sfp,1,2026-07-01 22:48:00+00:00,60467.346130000005,2026-07-01 22:50:00+00:00,60383.980578042,2,-0.6893435655235813,0.4,-1.0893435655235812,-0.13786871310471627,sl,False
sfp,1,2026-07-01 22:52:00+00:00,60387.0381,2026-07-01 22:58:00+00:00,60451.45425,6,0.5333607345779923,0.4,0.13336073457799225,0.10667214691559845,tp,False
sfp,1,2026-07-01 23:04:00+00:00,60359.23532,2026-07-01 23:12:00+00:00,60248.521225332,8,-0.9171263857224443,0.4,-1.3171263857224442,-0.18342527714448886,sl,False
sfp,1,2026-07-01 23:15:00+00:00,60223.12171,2026-07-01 23:23:00+00:00,60184.540424052,8,-0.3203195454877239,0.4,-0.7203195454877239,-0.06406390909754478,sl,False
sfp,1,2026-07-01 23:26:00+00:00,60216.021,2026-07-01 23:35:00+00:00,60151.9502034,9,-0.5320078903918168,0.4,-0.9320078903918169,-0.10640157807836337,sl,False
sfp,1,2026-07-01 23:53:00+00:00,59978.89729,2026-07-02 00:01:00+00:00,59931.216438983996,8,-0.3974802236315633,0.4,-0.7974802236315633,-0.07949604472631266,sl,False
sfp,1,2026-07-02 00:21:00+00:00,59754.9749,2026-07-02 00:30:00+00:00,59690.288734164,9,-0.5412617605835557,0.4,-0.9412617605835557,-0.10825235211671114,sl,False
sfp,1,2026-07-02 00:36:00+00:00,59702.669669999996,2026-07-02 00:38:00+00:00,59619.809882754,2,-0.693937035847747,0.4,-1.093937035847747,-0.1387874071695494,sl,False
sfp,1,2026-07-02 00:41:00+00:00,59618.46125,2026-07-02 00:42:00+00:00,59583.12089202,1,-0.29638770641704504,0.4,-0.6963877064170451,-0.05927754128340901,sl,False
sfp,1,2026-07-02 00:45:00+00:00,59599.75938,2026-07-02 00:48:00+00:00,59713.778025,3,0.9565361184852295,0.4,0.5565361184852294,0.1913072236970459,tp,False
sfp,-1,2026-07-02 00:53:00+00:00,59732.12619,2026-07-02 01:12:00+00:00,59845.349416548,19,-0.9477582146318886,0.4,-1.3477582146318885,-0.18955164292637772,sl,False
sfp,-1,2026-07-02 01:16:00+00:00,59891.21028,2026-07-02 01:19:00+00:00,59940.97809845999,3,-0.4154851624079692,0.4,-0.8154851624079692,-0.08309703248159384,sl,False
sfp,-1,2026-07-02 01:21:00+00:00,59934.805920000006,2026-07-02 01:25:00+00:00,59996.99489957999,4,-0.5188052136432253,0.4,-0.9188052136432253,-0.10376104272864506,sl,False
sfp,-1,2026-07-02 01:27:00+00:00,59971.702229999995,2026-07-02 01:30:00+00:00,60012.199459883996,3,-0.3376361548709239,0.4,-0.7376361548709239,-0.06752723097418478,sl,False
sfp,-1,2026-07-02 01:34:00+00:00,60104.08899,2026-07-02 01:37:00+00:00,60159.243562824,3,-0.45882546221753806,0.4,-0.8588254622175381,-0.09176509244350761,sl,False
sfp,-1,2026-07-02 01:42:00+00:00,60162.08319,2026-07-02 01:46:00+00:00,60201.256163663995,4,-0.32556197846644874,0.4,-0.7255619784664488,-0.06511239569328975,sl,False
sfp,-1,2026-07-02 02:17:00+00:00,60158.9835,2026-07-02 02:32:00+00:00,60250.77101465399,15,-0.7628745476889742,0.4,-1.1628745476889741,-0.15257490953779484,sl,False
sfp,-1,2026-07-02 02:34:00+00:00,60201.479250000004,2026-07-02 02:35:00+00:00,60276.07860516,1,-0.6195807485909199,0.4,-1.0195807485909198,-0.12391614971818399,sl,False
sfp,-1,2026-07-02 02:37:00+00:00,60245.37486,2026-07-02 02:37:00+00:00,60308.0882058,0,-0.5204826590068379,0.4,-0.9204826590068379,-0.10409653180136758,sl,False
sfp,-1,2026-07-02 02:39:00+00:00,60346.16478,2026-07-02 02:45:00+00:00,60406.017577758,6,-0.49591219240030515,0.4,-0.8959121924003052,-0.09918243848006103,sl,False
sfp,-1,2026-07-02 02:49:00+00:00,60389.86041,2026-07-02 03:15:00+00:00,60479.539629228,26,-0.7425022894501643,0.4,-1.1425022894501642,-0.14850045789003286,sl,False
sfp,-1,2026-07-02 03:16:00+00:00,60442.9551,2026-07-02 03:16:00+00:00,60410.190415,0,0.2710380800028389,0.4,-0.1289619199971611,0.05420761600056778,tp,False
sfp,1,2026-07-02 03:23:00+00:00,60340.0334,2026-07-02 03:23:00+00:00,60301.005476382,0,-0.3233999172595481,0.4,-0.7233999172595481,-0.06467998345190962,sl,False
sfp,-1,2026-07-02 03:58:00+00:00,61024.8969,2026-07-02 04:27:00+00:00,60818.031194999996,29,1.694928754562175,0.4,1.294928754562175,0.338985750912435,tp,False
sfp,1,2026-07-02 04:30:00+00:00,60836.58305,2026-07-02 04:30:00+00:00,60770.164695768006,0,-0.5458751207099155,0.4,-0.9458751207099155,-0.1091750241419831,sl,False
sfp,1,2026-07-02 04:31:00+00:00,60810.18041,2026-07-02 04:31:00+00:00,60747.77141532,0,-0.5131459424986273,0.4,-0.9131459424986273,-0.10262918849972547,sl,False
sfp,1,2026-07-02 04:33:00+00:00,60761.47554,2026-07-02 04:37:00+00:00,60710.882484582,4,-0.41632510540906553,0.4,-0.8163251054090656,-0.0832650210818131,sl,False
sfp,1,2026-07-02 04:45:00+00:00,60755.87498,2026-07-02 04:51:00+00:00,60780.82130999999,6,0.20529973445537752,0.4,-0.1947002655446225,0.041059946891075505,tp,False
sfp,-1,2026-07-02 04:52:00+00:00,60796.41975,2026-07-02 04:53:00+00:00,60845.549406546,1,-0.4040505736030431,0.4,-0.8040505736030431,-0.08081011472060862,sl,False
sfp,-1,2026-07-02 04:55:00+00:00,60816.81771,2026-07-02 04:57:00+00:00,60771.27652,2,0.3744127999031899,0.4,-0.025587200096810148,0.07488255998063797,tp,False
sfp,1,2026-07-02 05:04:00+00:00,60671.0665,2026-07-02 05:09:00+00:00,60744.874905,5,0.6082669158288256,0.4,0.20826691582882562,0.12165338316576513,tp,False
sfp,-1,2026-07-02 05:23:00+00:00,60813.41805,2026-07-02 05:27:00+00:00,60734.57285,4,0.648254961883421,0.4,0.248254961883421,0.1296509923766842,tp,False
sfp,1,2026-07-02 05:41:00+00:00,60642.36363,2026-07-02 05:47:00+00:00,60551.330361390006,6,-0.7505748717630545,0.4,-1.1505748717630544,-0.1501149743526109,sl,False
sfp,1,2026-07-02 05:52:00+00:00,60499.14931,2026-07-02 06:03:00+00:00,60431.86620900001,11,-0.5560665047968927,0.4,-0.9560665047968927,-0.11121330095937854,sl,False
sfp,1,2026-07-02 06:06:00+00:00,60476.54705,2026-07-02 06:13:00+00:00,60386.679768096,7,-0.7429928318303247,0.4,-1.1429928318303246,-0.14859856636606494,sl,False
sfp,1,2026-07-02 06:16:00+00:00,60407.84018,2026-07-02 06:20:00+00:00,60458.303565,4,0.417689035476454,0.4,0.01768903547645395,0.0835378070952908,tp,False
sfp,-1,2026-07-02 06:23:00+00:00,60489.650429999994,2026-07-02 06:24:00+00:00,60448.844280000005,1,0.33729860984410553,0.4,-0.06270139015589449,0.06745972196882111,tp,False
sfp,-1,2026-07-02 06:35:00+00:00,60586.74072,2026-07-02 06:45:00+00:00,60495.0489,10,0.7566987339998055,0.4,0.35669873399980545,0.1513397467999611,tp,False
sfp,1,2026-07-02 06:53:00+00:00,60269.42634,2026-07-02 07:03:00+00:00,60216.930704700004,10,-0.4355080053678462,0.4,-0.8355080053678462,-0.08710160107356923,sl,False
sfp,1,2026-07-02 07:07:00+00:00,60241.52355,2026-07-02 07:17:00+00:00,60161.9472036,10,-0.6604775386693795,0.4,-1.0604775386693794,-0.1320955077338759,sl,False
sfp,1,2026-07-02 07:19:00+00:00,60188.318230000004,2026-07-02 07:21:00+00:00,60147.95140332,2,-0.3353377189054263,0.4,-0.7353377189054263,-0.06706754378108526,sl,False
sfp,1,2026-07-02 07:23:00+00:00,60181.91759,2026-07-02 07:30:00+00:00,60122.359082808005,7,-0.4948206170310443,0.4,-0.8948206170310443,-0.09896412340620886,sl,False
sfp,1,2026-07-02 07:32:00+00:00,60152.11461,2026-07-02 08:05:00+00:00,60207.17868,33,0.45770685167934033,0.4,0.05770685167934031,0.09154137033586807,tp,False
sfp,-1,2026-07-02 08:09:00+00:00,60305.768820000005,2026-07-02 08:09:00+00:00,60345.699486551996,0,-0.33106838146090833,0.4,-0.7310683814609084,-0.06621367629218167,sl,False
sfp,-1,2026-07-02 08:10:00+00:00,60301.269270000004,2026-07-02 08:17:00+00:00,60363.004676897996,7,-0.5118914381517792,0.4,-0.9118914381517792,-0.10237828763035584,sl,False
sfp,-1,2026-07-02 08:18:00+00:00,60317.46765,2026-07-02 08:27:00+00:00,60385.711487352,9,-0.5657054250685079,0.4,-0.9657054250685079,-0.11314108501370157,sl,False
sfp,-1,2026-07-02 08:28:00+00:00,60346.66473,2026-07-02 08:34:00+00:00,60398.1152076,6,-0.42629097921320636,0.4,-0.8262909792132064,-0.08525819584264127,sl,False
sfp,-1,2026-07-02 08:38:00+00:00,60421.45725,2026-07-02 08:47:00+00:00,60496.84481957399,9,-0.6238476611220012,0.4,-1.023847661122001,-0.12476953222440024,sl,False
sfp,-1,2026-07-02 08:50:00+00:00,60465.75282,2026-07-02 09:06:00+00:00,60401.93959,16,0.5276807698894048,0.4,0.1276807698894048,0.10553615397788096,tp,False
sfp,1,2026-07-02 09:08:00+00:00,60402.0396,2026-07-02 09:13:00+00:00,60449.304465,5,0.39125222685365557,0.4,-0.00874777314634445,0.07825044537073111,tp,False
sfp,-1,2026-07-02 09:24:00+00:00,60514.247970000004,2026-07-02 09:27:00+00:00,60591.673261469994,3,-0.6397277836813764,0.4,-1.0397277836813763,-0.12794555673627528,sl,False
sfp,-1,2026-07-02 09:30:00+00:00,60579.54144,2026-07-02 09:30:00+00:00,60632.085382278,0,-0.43367728633303404,0.4,-0.8336772863330341,-0.08673545726660681,sl,False
sfp,-1,2026-07-02 09:38:00+00:00,60748.02459,2026-07-02 09:39:00+00:00,60865.055256936,1,-0.9632466876565715,0.4,-1.3632466876565714,-0.1926493375313143,sl,False
sfp,-1,2026-07-02 09:56:00+00:00,61366.96269,2026-07-02 12:30:00+00:00,61465.43532894,154,-0.8023261590885955,0.4,-1.2023261590885954,-0.1604652318177191,sl,False
sfp,-1,2026-07-02 12:32:00+00:00,61321.66722,2026-07-02 12:33:00+00:00,61329.582344999995,1,-0.0645377511638845,0.4,-0.4645377511638845,-0.012907550232776899,tp,False
sfp,-1,2026-07-02 12:57:00+00:00,61523.547029999994,2026-07-02 13:06:00+00:00,61609.578561821996,9,-0.699175648797179,0.4,-1.0991756487971789,-0.1398351297594358,sl,False
sfp,-1,2026-07-02 13:09:00+00:00,61544.34495,2026-07-02 13:12:00+00:00,61653.4917327,3,-0.8867328329570379,0.4,-1.2867328329570378,-0.17734656659140757,sl,False
sfp,-1,2026-07-02 13:14:00+00:00,61650.634320000005,2026-07-02 13:18:00+00:00,61748.22014459399,4,-0.7914421779301462,0.4,-1.191442177930146,-0.15828843558602923,sl,False
sfp,-1,2026-07-02 13:26:00+00:00,61793.82,2026-07-02 13:28:00+00:00,61718.621244999995,2,0.6084650131680247,0.4,0.20846501316802468,0.12169300263360494,tp,False
sfp,1,2026-07-02 13:31:00+00:00,61636.06299,2026-07-02 13:31:00+00:00,61773.822,0,1.1175195438939411,0.4,0.7175195438939411,0.22350390877878823,tp,False
sfp,-1,2026-07-02 13:38:00+00:00,61954.60392,2026-07-02 14:13:00+00:00,62095.924431546,35,-1.1405166251121646,0.4,-1.5405166251121645,-0.2281033250224329,sl,False
sfp,-1,2026-07-02 14:15:00+00:00,62053.19406,2026-07-02 14:18:00+00:00,61936.142994999995,3,0.9431510075599836,0.4,0.5431510075599836,0.18863020151199672,tp,False
sfp,1,2026-07-02 14:20:00+00:00,61841.88357,2026-07-02 14:20:00+00:00,61764.46633566,0,-0.6259288193605217,0.4,-1.0259288193605216,-0.12518576387210434,sl,False
sfp,1,2026-07-02 14:26:00+00:00,61710.27041,2026-07-02 14:27:00+00:00,61606.5137325,1,-0.8406759264757979,0.4,-1.2406759264757978,-0.16813518529515958,sl,False
sfp,1,2026-07-02 14:29:00+00:00,61646.06399,2026-07-02 14:35:00+00:00,61537.034581110005,6,-0.8843176825343302,0.4,-1.28431768253433,-0.17686353650686604,sl,False
sfp,1,2026-07-02 14:37:00+00:00,61625.761959999996,2026-07-02 14:41:00+00:00,61440.363589176006,4,-1.5042278174534074,0.4,-1.9042278174534073,-0.3008455634906815,sl,False
sfp,1,2026-07-02 15:09:00+00:00,61506.45003,2026-07-02 15:11:00+00:00,61589.390445000005,2,0.6742416036005228,0.4,0.27424160360052274,0.13484832072010455,tp,False
sfp,-1,2026-07-02 15:28:00+00:00,61742.72511,2026-07-02 15:29:00+00:00,61805.03718573,1,-0.5046106696698915,0.4,-0.9046106696698916,-0.10092213393397831,sl,False
sfp,-1,2026-07-02 15:30:00+00:00,61678.8315,2026-07-02 15:36:00+00:00,61627.76216,6,0.4139940621281091,0.4,0.013994062128109053,0.08279881242562181,tp,False
sfp,1,2026-07-02 15:53:00+00:00,61538.55324,2026-07-02 16:02:00+00:00,61481.551230000005,9,-0.4631406411009231,0.4,-0.8631406411009231,-0.09262812822018462,sl,False
sfp,1,2026-07-02 16:04:00+00:00,61535.85297,2026-07-02 16:05:00+00:00,61603.839,1,0.5524099099848412,0.4,0.15240990998484116,0.11048198199696824,tp,False
sfp,-1,2026-07-02 16:14:00+00:00,61675.131870000005,2026-07-02 16:14:00+00:00,61728.514234199996,0,-0.4327705720396091,0.4,-0.8327705720396091,-0.08655411440792182,sl,False
sfp,-1,2026-07-02 16:15:00+00:00,61662.8331,2026-07-02 16:15:00+00:00,61596.609045,0,0.5369851794889691,0.4,0.13698517948896904,0.10739703589779381,tp,False
sfp,1,2026-07-02 16:29:00+00:00,61181.31752,2026-07-02 16:29:00+00:00,61114.561352658,0,-0.5455600667652605,0.4,-0.9455600667652605,-0.1091120133530521,sl,False
sfp,1,2026-07-02 16:30:00+00:00,61175.616949999996,2026-07-02 16:45:00+00:00,61421.55723,15,2.010116875494794,0.4,1.610116875494794,0.4020233750989588,tp,False
sfp,-1,2026-07-02 16:51:00+00:00,61614.93789,2026-07-02 17:06:00+00:00,61773.427705097994,15,-1.2861314197941676,0.4,-1.6861314197941675,-0.2572262839588335,sl,False
sfp,-1,2026-07-02 17:08:00+00:00,61738.42554,2026-07-02 17:20:00+00:00,61806.437605757994,12,-0.5508082297460692,0.4,-0.9508082297460693,-0.11016164594921385,sl,False
sfp,-1,2026-07-02 17:25:00+00:00,61826.516729999996,2026-07-02 17:35:00+00:00,61736.223005,10,0.7302184384275767,0.4,0.3302184384275767,0.14604368768551534,tp,False
sfp,1,2026-07-02 17:37:00+00:00,61651.26451,2026-07-02 17:37:00+00:00,61609.31289255601,0,-0.34023322779686005,0.4,-0.7402332277968601,-0.06804664555937201,sl,False
sfp,1,2026-07-02 17:38:00+00:00,61659.06529,2026-07-02 17:41:00+00:00,61757.72361,3,0.8000309405923334,0.4,0.40003094059233335,0.16000618811846667,tp,False
sfp,-1,2026-07-02 18:09:00+00:00,61779.32145,2026-07-02 18:13:00+00:00,61816.440605958,4,-0.300417316723367,0.4,-0.700417316723367,-0.060083463344673405,sl,False
sfp,-1,2026-07-02 18:14:00+00:00,61798.51953,2026-07-02 18:18:00+00:00,61724.1718,4,0.6015332613583668,0.4,0.2015332613583668,0.12030665227167336,tp,False
sfp,1,2026-07-02 18:42:00+00:00,61751.47453,2026-07-02 18:46:00+00:00,61715.081154672,4,-0.2946761644559426,0.4,-0.6946761644559426,-0.058935232891188516,sl,False
sfp,1,2026-07-02 18:48:00+00:00,61764.27581,2026-07-02 18:48:00+00:00,61782.62112,0,0.1485106864722585,0.4,-0.2514893135277415,0.029702137294451703,tp,False
sfp,1,2026-07-02 18:57:00+00:00,61690.56844,2026-07-02 19:05:00+00:00,61647.101553312,8,-0.35229766710836996,0.4,-0.75229766710837,-0.07045953342167399,sl,False
sfp,1,2026-07-02 19:23:00+00:00,61501.64955,2026-07-02 19:29:00+00:00,61596.889695000005,6,0.774289353999924,0.4,0.374289353999924,0.1548578707999848,tp,False
sfp,1,2026-07-02 19:39:00+00:00,61515.75096,2026-07-02 19:41:00+00:00,61554.24396,2,0.3128710891056041,0.4,-0.0871289108943959,0.06257421782112083,tp,False
sfp,-1,2026-07-02 19:53:00+00:00,61624.03698,2026-07-02 19:55:00+00:00,61557.50513500001,2,0.5398205656469979,0.4,0.13982056564699785,0.10796411312939957,tp,False
sfp,1,2026-07-02 19:56:00+00:00,61485.547940000004,2026-07-02 19:59:00+00:00,61421.06937879,3,-0.5243391607481773,0.4,-0.9243391607481773,-0.10486783214963546,sl,False
sfp,1,2026-07-02 20:00:00+00:00,61458.54524,2026-07-02 20:01:00+00:00,61369.684797762,1,-0.7229299187850313,0.4,-1.1229299187850312,-0.14458598375700626,sl,False
sfp,1,2026-07-02 20:04:00+00:00,61434.242809999996,2026-07-02 20:36:00+00:00,61355.389087476,32,-0.6417733735879505,0.4,-1.0417733735879504,-0.1283546747175901,sl,False
sfp,-1,2026-07-02 20:51:00+00:00,61442.955089999996,2026-07-02 20:57:00+00:00,61488.642289404,6,-0.37178549873684297,0.4,-0.771785498736843,-0.0743570997473686,sl,False
sfp,1,2026-07-02 22:53:00+00:00,61436.143,2026-07-02 22:53:00+00:00,61460.253359999995,0,0.1962229302057139,0.4,-0.20377706979428611,0.03924458604114278,tp,False
sfp,1,2026-07-02 23:08:00+00:00,61349.334319999994,2026-07-02 23:21:00+00:00,61431.05628,13,0.6660378707105119,0.4,0.2660378707105119,0.13320757414210238,tp,False
sfp,1,2026-07-03 00:04:00+00:00,61469.1463,2026-07-03 00:09:00+00:00,61395.776968284,5,-0.5967980371642256,0.4,-0.9967980371642257,-0.11935960743284513,sl,False
sfp,1,2026-07-03 00:11:00+00:00,61390.23841,2026-07-03 00:22:00+00:00,61349.390887356,11,-0.33268744104880676,0.4,-0.7326874410488068,-0.06653748820976135,sl,False
sfp,1,2026-07-03 00:26:00+00:00,61355.63495,2026-07-03 00:28:00+00:00,61314.601326660006,2,-0.33439164449550196,0.4,-0.734391644495502,-0.06687832889910039,sl,False
sfp,1,2026-07-03 00:32:00+00:00,61305.429930000006,2026-07-03 00:33:00+00:00,61263.61662564,1,-0.34102447701406247,0.4,-0.7410244770140625,-0.0682048954028125,sl,False
sfp,1,2026-07-03 01:02:00+00:00,61286.128,2026-07-03 01:03:00+00:00,61328.116575,1,0.3425618192097746,0.4,-0.057438180790225446,0.06851236384195492,tp,False
sfp,-1,2026-07-03 01:10:00+00:00,61510.74831,2026-07-03 01:13:00+00:00,61550.760920646004,3,-0.32524893409158206,0.4,-0.7252489340915821,-0.06504978681831641,sl,False
sfp,-1,2026-07-03 01:38:00+00:00,61634.13597,2026-07-03 01:59:00+00:00,61576.00698500001,21,0.47156485675642346,0.4,0.07156485675642343,0.09431297135128469,tp,False
sfp,1,2026-07-03 02:04:00+00:00,61565.355919999995,2026-07-03 02:04:00+00:00,61526.537730899996,0,-0.31526000719006575,0.4,-0.7152600071900658,-0.06305200143801315,sl,False
sfp,1,2026-07-03 02:05:00+00:00,61575.05689,2026-07-03 02:09:00+00:00,61596.63972000001,4,0.17525627331993476,0.4,-0.22474372668006526,0.03505125466398695,tp,False
sfp,-1,2026-07-03 03:00:00+00:00,61405.75881,2026-07-03 03:00:00+00:00,61353.534739999996,0,0.42523755924583906,0.4,0.025237559245839036,0.08504751184916781,tp,False
sfp,1,2026-07-03 03:14:00+00:00,61336.233009999996,2026-07-03 03:14:00+00:00,61295.90693628601,0,-0.3287296246853866,0.4,-0.7287296246853866,-0.06574592493707732,sl,False
sfp,1,2026-07-03 03:50:00+00:00,61383.337719999996,2026-07-03 04:00:00+00:00,61440.35535,10,0.4644389839152385,0.4,0.0644389839152385,0.0928877967830477,tp,False
sfp,1,2026-07-03 04:11:00+00:00,61349.23431,2026-07-03 04:11:00+00:00,61380.311355,0,0.2532798114721624,0.4,-0.14672018852783764,0.05065596229443248,tp,False
sfp,-1,2026-07-03 04:34:00+00:00,61393.86,2026-07-03 04:37:00+00:00,61445.42932854,3,-0.41998767091688816,0.4,-0.8199876709168882,-0.08399753418337763,sl,False
sfp,1,2026-07-03 04:53:00+00:00,61399.33932,2026-07-03 04:58:00+00:00,61438.755509999995,5,0.3209821997803841,0.4,-0.07901780021961591,0.06419643995607682,tp,False
sfp,-1,2026-07-03 05:03:00+00:00,61467.05268,2026-07-03 05:04:00+00:00,61522.852550088,1,-0.4539006480308583,0.4,-0.8539006480308583,-0.09078012960617166,sl,False
sfp,-1,2026-07-03 05:08:00+00:00,61501.94919,2026-07-03 05:18:00+00:00,61556.762720766004,10,-0.4456243378292424,0.4,-0.8456243378292424,-0.08912486756584848,sl,False
sfp,-1,2026-07-03 05:21:00+00:00,61583.041079999995,2026-07-03 05:26:00+00:00,61644.589062522,5,-0.499715355417818,0.4,-0.899715355417818,-0.0999430710835636,sl,False
sfp,-1,2026-07-03 05:28:00+00:00,61622.03718,2026-07-03 05:33:00+00:00,61678.499233200004,5,-0.4581319912799753,0.4,-0.8581319912799753,-0.09162639825599506,sl,False
sfp,-1,2026-07-03 05:36:00+00:00,61715.727810000004,2026-07-03 06:04:00+00:00,61806.537635759996,28,-0.7357105634365757,0.4,-1.1357105634365756,-0.14714211268731514,sl,False
sfp,1,2026-07-03 06:25:00+00:00,61715.07089,2026-07-03 06:31:00+00:00,61746.374745,6,0.2536159689080497,0.4,-0.1463840310919503,0.05072319378160994,tp,False
sfp,1,2026-07-03 06:41:00+00:00,61615.860969999994,2026-07-03 06:53:00+00:00,61672.082175,12,0.4562234797578224,0.4,0.05622347975782238,0.09124469595156448,tp,False
sfp,-1,2026-07-03 06:56:00+00:00,61707.928589999996,2026-07-03 07:04:00+00:00,61659.515335,8,0.39227742776515306,0.4,-0.007722572234846958,0.07845548555303061,tp,False
sfp,-1,2026-07-03 07:09:00+00:00,61716.42774,2026-07-03 07:10:00+00:00,61688.66825,1,0.22489546962228824,0.4,-0.1751045303777118,0.04497909392445765,tp,False
sfp,-1,2026-07-03 07:37:00+00:00,61717.32765,2026-07-03 07:37:00+00:00,61734.422825,0,-0.13849574868951553,0.4,-0.5384957486895156,-0.027699149737903106,tp,False
sfp,-1,2026-07-03 07:49:00+00:00,61811.71821,2026-07-03 07:50:00+00:00,61765.67595,1,0.37243957402688377,0.4,-0.027560425973116254,0.07448791480537675,tp,False
sfp,1,2026-07-03 08:01:00+00:00,61749.774359999996,2026-07-03 08:02:00+00:00,61784.52093,1,0.28134977301641495,0.4,-0.11865022698358507,0.05626995460328299,tp,False
sfp,1,2026-07-03 08:10:00+00:00,61743.07369,2026-07-03 08:16:00+00:00,61766.872695000005,6,0.19272611142995277,0.4,-0.20727388857004725,0.038545222285990555,tp,False
sfp,1,2026-07-03 08:22:00+00:00,61721.1715,2026-07-03 08:26:00+00:00,61757.42364,4,0.2936767005468077,0.4,-0.1063232994531923,0.058735340109361545,tp,False
sfp,-1,2026-07-03 08:28:00+00:00,61744.024979999995,2026-07-03 08:30:00+00:00,61748.024184999995,2,-0.032385360375308814,0.4,-0.43238536037530884,-0.006477072075061763,tp,False
sfp,1,2026-07-03 09:02:00+00:00,61572.95668,2026-07-03 09:15:00+00:00,61683.281055,13,0.8958833629946206,0.4,0.49588336299462055,0.1791766725989241,tp,False
sfp,-1,2026-07-03 09:17:00+00:00,61649.734410000005,2026-07-03 09:36:00+00:00,61589.35832,19,0.4896703171377581,0.4,0.08967031713775808,0.09793406342755162,tp,False
sfp,1,2026-07-03 10:11:00+00:00,61686.46803,2026-07-03 10:12:00+00:00,61693.630020000004,1,0.05805154865179407,0.4,-0.34194845134820595,0.011610309730358814,tp,False
sfp,-1,2026-07-03 10:35:00+00:00,61720.92729,2026-07-03 10:37:00+00:00,61783.830825306,2,-0.5095802839322205,0.4,-0.9095802839322206,-0.10191605678644411,sl,False
sfp,-1,2026-07-03 11:11:00+00:00,61960.003379999995,2026-07-03 11:36:00+00:00,61903.839765,25,0.4532247573934556,0.4,0.05322475739345556,0.09064495147869112,tp,False
sfp,1,2026-07-03 11:37:00+00:00,61913.390719999996,2026-07-03 11:39:00+00:00,61873.333667838,2,-0.3234926378297698,0.4,-0.7234926378297698,-0.06469852756595396,sl,False
sfp,-1,2026-07-03 11:52:00+00:00,61995.39984,2026-07-03 12:01:00+00:00,62097.224821571996,9,-0.8212301383231368,0.4,-1.2212301383231368,-0.16424602766462737,sl,False
sfp,1,2026-07-03 12:20:00+00:00,61945.793959999995,2026-07-03 12:26:00+00:00,61905.024158472,6,-0.32907643055091196,0.4,-0.729076430550912,-0.06581528611018239,sl,False
sfp,1,2026-07-03 12:28:00+00:00,61936.09299,2026-07-03 12:28:00+00:00,61882.730848026,0,-0.43078388866574224,0.4,-0.8307838886657423,-0.08615677773314845,sl,False
sfp,1,2026-07-03 12:30:00+00:00,61936.09299,2026-07-03 12:37:00+00:00,61864.93618767,7,-0.5744372860384539,0.4,-0.9744372860384539,-0.11488745720769078,sl,False
sfp,1,2026-07-03 12:39:00+00:00,61903.28971,2026-07-03 12:51:00+00:00,61967.90259,12,0.5218856728187449,0.4,0.12188567281874485,0.10437713456374897,tp,False
sfp,-1,2026-07-03 12:52:00+00:00,61940.105370000005,2026-07-03 13:00:00+00:00,61996.59463956,8,-0.45599913999627706,0.4,-0.8559991399962771,-0.09119982799925541,sl,False
sfp,-1,2026-07-03 13:01:00+00:00,61966.102770000005,2026-07-03 13:01:00+00:00,62011.09898985,0,-0.36307124249046474,0.4,-0.7630712424904648,-0.07261424849809295,sl,False
sfp,-1,2026-07-03 13:02:00+00:00,61983.001079999995,2026-07-03 13:05:00+00:00,61948.394219999995,3,0.27916412078315966,0.4,-0.12083587921684036,0.05583282415663193,tp,False
sfp,-1,2026-07-03 13:14:00+00:00,62022.39714,2026-07-03 13:17:00+00:00,62065.915430946,3,-0.35082722494395036,0.4,-0.7508272249439504,-0.07016544498879007,sl,False
sfp,-1,2026-07-03 13:18:00+00:00,62030.69631,2026-07-03 13:25:00+00:00,61990.448425,7,0.32441909727126683,0.4,-0.07558090272873319,0.06488381945425337,tp,False
sfp,-1,2026-07-03 13:30:00+00:00,62059.593420000005,2026-07-03 13:36:00+00:00,62020.15139499999,6,0.31777540607685895,0.4,-0.08222459392314108,0.06355508121537179,tp,False
sfp,-1,2026-07-03 13:43:00+00:00,62105.98878,2026-07-03 13:43:00+00:00,62150.640842639994,0,-0.35948274487795917,0.4,-0.7594827448779592,-0.07189654897559183,sl,False
sfp,-1,2026-07-03 13:44:00+00:00,62125.68681,2026-07-03 13:49:00+00:00,62058.30521,5,0.542300644547189,0.4,0.14230064454718894,0.10846012890943779,tp,False
sfp,1,2026-07-03 14:02:00+00:00,61931.09249,2026-07-03 14:12:00+00:00,61878.232197936006,10,-0.42676699165716814,0.4,-0.8267669916571682,-0.08535339833143363,sl,False
sfp,1,2026-07-03 14:15:00+00:00,61745.47393,2026-07-03 14:31:00+00:00,61916.257755,16,1.3829663465990683,0.4,0.9829663465990682,0.27659326931981365,tp,False
sfp,-1,2026-07-03 14:47:00+00:00,62020.7973,2026-07-03 14:52:00+00:00,62107.027761768,5,-0.6951737604314889,0.4,-1.0951737604314888,-0.13903475208629779,sl,False
sfp,-1,2026-07-03 14:54:00+00:00,62087.090670000005,2026-07-03 14:54:00+00:00,62158.843302803994,0,-0.5778385814964038,0.4,-0.9778385814964038,-0.11556771629928075,sl,False
sfp,-1,2026-07-03 15:09:00+00:00,62284.87089,2026-07-03 15:14:00+00:00,62194.968875,5,0.7217002597530997,0.4,0.3217002597530997,0.14434005195061994,tp,False
sfp,1,2026-07-03 15:19:00+00:00,62110.210399999996,2026-07-03 15:21:00+00:00,61998.796020348,2,-0.8969087283271504,0.4,-1.2969087283271503,-0.17938174566543008,sl,False
sfp,1,2026-07-03 15:22:00+00:00,62028.502230000006,2026-07-03 15:23:00+00:00,61984.200400056005,1,-0.3571086544998936,0.4,-0.7571086544998936,-0.07142173089997872,sl,False
sfp,1,2026-07-03 15:45:00+00:00,61822.08159,2026-07-03 16:05:00+00:00,61939.255455,20,0.9476700071108235,0.4,0.5476700071108235,0.1895340014221647,tp,False
sfp,-1,2026-07-03 16:06:00+00:00,61927.8066,2026-07-03 16:22:00+00:00,61981.790199263996,16,-0.435859125551441,0.4,-0.835859125551441,-0.0871718251102882,sl,False
sfp,-1,2026-07-03 16:25:00+00:00,62056.29375,2026-07-03 16:33:00+00:00,61978.597239999996,8,0.6260163579298594,0.4,0.2260163579298594,0.1252032715859719,tp,False
sfp,1,2026-07-03 17:27:00+00:00,62166.91607,2026-07-03 17:35:00+00:00,62185.080870000005,8,0.14609700101220202,0.4,-0.253902998987798,0.029219400202440404,tp,False
sfp,-1,2026-07-03 17:44:00+00:00,62206.27875,2026-07-03 17:50:00+00:00,62159.51533,6,0.37587379392950426,0.4,-0.02412620607049576,0.07517475878590085,tp,False
sfp,-1,2026-07-03 18:34:00+00:00,62150.28435,2026-07-03 18:34:00+00:00,62198.955333606005,0,-0.39155881678598625,0.4,-0.7915588167859863,-0.07831176335719725,sl,False
sfp,-1,2026-07-03 18:35:00+00:00,62168.98248,2026-07-03 18:41:00+00:00,62215.560313938,6,-0.37460669356281784,0.4,-0.7746066935628179,-0.07492133871256357,sl,False
sfp,-1,2026-07-03 18:43:00+00:00,62185.18086,2026-07-03 19:03:00+00:00,62235.86640434399,20,-0.407537162737448,0.4,-0.807537162737448,-0.0815074325474896,sl,False
sfp,-1,2026-07-03 19:04:00+00:00,62203.37904,2026-07-03 19:04:00+00:00,62199.119289999995,0,0.034240503214988394,0.4,-0.36575949678501163,0.006848100642997679,tp,False
sfp,1,2026-07-03 19:08:00+00:00,62149.314309999994,2026-07-03 19:13:00+00:00,62177.481629999995,5,0.22661006249802274,0.4,-0.1733899375019773,0.04532201249960455,tp,False
sfp,-1,2026-07-03 19:17:00+00:00,62236.87569,2026-07-03 19:24:00+00:00,62191.01848,7,0.3684086764607075,0.4,-0.031591323539292504,0.0736817352921415,tp,False
sfp,-1,2026-07-03 19:39:00+00:00,62237.075670000006,2026-07-03 19:45:00+00:00,62196.56903500001,6,0.3254220620420578,0.4,-0.07457793795794221,0.06508441240841156,tp,False
sfp,1,2026-07-03 20:04:00+00:00,62174.31681,2026-07-03 20:06:00+00:00,62195.07987,2,0.16697457298531226,0.4,-0.23302542701468776,0.03339491459706245,tp,False
sfp,-1,2026-07-03 21:14:00+00:00,62799.81939,2026-07-03 21:14:00+00:00,62760.37541,0,0.31404532993195566,0.4,-0.08595467006804436,0.06280906598639113,tp,False
sfp,1,2026-07-03 21:21:00+00:00,62639.06328,2026-07-03 21:30:00+00:00,62579.721701970004,9,-0.47367868325820517,0.4,-0.8736786832582052,-0.09473573665164103,sl,False
sfp,1,2026-07-03 21:31:00+00:00,62612.2606,2026-07-03 21:32:00+00:00,62546.631631308,1,-0.524090394302068,0.4,-0.9240903943020681,-0.10481807886041361,sl,False
sfp,1,2026-07-03 21:35:00+00:00,62539.35331,2026-07-03 21:40:00+00:00,62499.74570037,5,-0.31666149019538015,0.4,-0.7166614901953802,-0.06333229803907603,sl,False
sfp,1,2026-07-03 21:41:00+00:00,62523.15169,2026-07-03 21:44:00+00:00,62592.690104999994,3,0.5561013250321434,0.4,0.15610132503214336,0.11122026500642868,tp,False
sfp,-1,2026-07-03 21:50:00+00:00,62642.03517,2026-07-03 21:53:00+00:00,62681.600093256005,3,-0.3158017068620733,0.4,-0.7158017068620733,-0.06316034137241466,sl,False
sfp,1,2026-07-03 22:08:00+00:00,62633.96277,2026-07-03 22:31:00+00:00,62540.833371192,23,-0.7434416943247202,0.4,-1.14344169432472,-0.14868833886494404,sl,False
sfp,1,2026-07-03 22:33:00+00:00,62566.55603,2026-07-03 22:45:00+00:00,62602.489125,12,0.2871589654285245,0.4,-0.11284103457147554,0.057431793085704896,tp,False
sfp,-1,2026-07-03 22:47:00+00:00,62608.33854,2026-07-03 22:48:00+00:00,62583.15769,1,0.20109821301128594,0.4,-0.19890178698871408,0.04021964260225719,tp,False
sfp,1,2026-07-03 23:10:00+00:00,62526.15199,2026-07-03 23:13:00+00:00,62542.045170000005,3,0.12709226055163114,0.4,-0.2729077394483689,0.02541845211032623,tp,False
sfp,-1,2026-07-03 23:39:00+00:00,62648.83449,2026-07-03 23:47:00+00:00,62617.111085,8,0.2531843190559657,0.4,-0.1468156809440343,0.050636863811193145,tp,False
sfp,1,2026-07-03 23:51:00+00:00,62571.45652,2026-07-04 00:05:00+00:00,62611.53822,14,0.3202874140159073,0.4,-0.0797125859840927,0.06405748280318146,tp,False
sfp,-1,2026-07-04 00:06:00+00:00,62612.438129999995,2026-07-04 00:06:00+00:00,62690.602793436,0,-0.6241943755146417,0.4,-1.0241943755146417,-0.12483887510292835,sl,False
sfp,-1,2026-07-04 00:11:00+00:00,62791.32024,2026-07-04 00:38:00+00:00,62704.919865,27,0.6879961646749644,0.4,0.28799616467496436,0.13759923293499288,tp,False
sfp,1,2026-07-04 00:41:00+00:00,62702.96967,2026-07-04 00:47:00+00:00,62736.62571,6,0.26837676251323384,0.4,-0.1316232374867662,0.05367535250264677,tp,False
sfp,-1,2026-07-04 00:49:00+00:00,62759.02347,2026-07-04 00:51:00+00:00,62730.122384999995,2,0.2302544192216427,0.4,-0.16974558077835733,0.04605088384432854,tp,False
sfp,1,2026-07-04 01:11:00+00:00,62497.049080000004,2026-07-04 01:25:00+00:00,62432.365919022,14,-0.5174897209563323,0.4,-0.9174897209563323,-0.10349794419126646,sl,False
sfp,-1,2026-07-04 02:00:00+00:00,62443.755,2026-07-04 02:02:00+00:00,62504.74704972,2,-0.4883758969972396,0.4,-0.8883758969972396,-0.09767517939944792,sl,False
sfp,-1,2026-07-04 02:04:00+00:00,62471.452229999995,2026-07-04 02:08:00+00:00,62527.353830172,4,-0.44741716557339384,0.4,-0.8474171655733939,-0.08948343311467877,sl,False
sfp,-1,2026-07-04 02:09:00+00:00,62503.749,2026-07-04 02:12:00+00:00,62548.760250600004,3,-0.3600684064567483,0.4,-0.7600684064567483,-0.07201368129134966,sl,False
sfp,-1,2026-07-04 02:14:00+00:00,62519.14746,2026-07-04 02:18:00+00:00,62480.44742,4,0.3095055000931213,0.4,-0.09049449990687874,0.061901100018624255,tp,False
sfp,1,2026-07-04 02:19:00+00:00,62466.14599,2026-07-04 02:23:00+00:00,62425.56795888601,4,-0.3248001815294166,0.4,-0.7248001815294166,-0.06496003630588332,sl,False
sfp,1,2026-07-04 02:25:00+00:00,62469.64634,2026-07-04 02:34:00+00:00,62416.470688704,9,-0.42561191243650764,0.4,-0.8256119124365077,-0.08512238248730153,sl,False
sfp,1,2026-07-04 02:36:00+00:00,62435.442919999994,2026-07-04 02:38:00+00:00,62468.85249,2,0.26755291896307654,0.4,-0.1324470810369235,0.05351058379261531,tp,False
sfp,-1,2026-07-04 02:47:00+00:00,62472.65211,2026-07-04 02:51:00+00:00,62516.550589956,4,-0.3513415748598314,0.4,-0.7513415748598314,-0.07026831497196628,sl,False
sfp,-1,2026-07-04 03:18:00+00:00,62553.54402,2026-07-04 03:31:00+00:00,62516.251,13,0.2980887860493109,0.4,-0.10191121395068914,0.05961775720986218,tp,False
sfp,1,2026-07-04 03:33:00+00:00,62569.55633,2026-07-04 03:33:00+00:00,62525.39683499999,0,-0.3528832357952427,0.4,-0.7528832357952427,-0.07057664715904854,tp,False
sfp,1,2026-07-04 04:04:00+00:00,62594.45882,2026-07-04 04:07:00+00:00,62637.085665,3,0.34050014812481155,0.4,-0.05949985187518847,0.06810002962496231,tp,False
sfp,-1,2026-07-04 04:12:00+00:00,62669.53242,2026-07-04 04:15:00+00:00,62632.862660000006,3,0.29256449333497914,0.4,-0.10743550666502089,0.05851289866699583,tp,False
sfp,1,2026-07-04 04:20:00+00:00,62582.55763,2026-07-04 04:22:00+00:00,62625.58681500001,2,0.34377937423402116,0.4,-0.05622062576597886,0.06875587484680423,tp,False
sfp,-1,2026-07-04 04:26:00+00:00,62681.33124,2026-07-04 04:33:00+00:00,62718.811254,7,-0.2989727025459743,0.4,-0.6989727025459743,-0.05979454050919486,sl,False
sfp,1,2026-07-04 04:59:00+00:00,62638.56323,2026-07-04 04:59:00+00:00,62669.632410000006,0,0.24800361309318397,0.4,-0.15199638690681605,0.049600722618636794,tp,False
sfp,1,2026-07-04 05:24:00+00:00,62489.64834,2026-07-04 05:24:00+00:00,62451.860069412,0,-0.30235624292840324,0.4,-0.7023562429284033,-0.06047124858568065,sl,False
sfp,1,2026-07-04 05:26:00+00:00,62491.94856999999,2026-07-04 05:42:00+00:00,62530.84629,16,0.31122185249543577,0.4,-0.08877814750456425,0.062244370499087154,tp,False
sfp,-1,2026-07-04 05:43:00+00:00,62515.04787,2026-07-04 05:45:00+00:00,62568.766251,2,-0.4296436044622931,0.4,-0.8296436044622931,-0.08592872089245862,sl,False
sfp,1,2026-07-04 05:55:00+00:00,62461.04548,2026-07-04 05:56:00+00:00,62401.2752484,1,-0.4784600637139369,0.4,-0.8784600637139369,-0.09569201274278738,sl,False
sfp,1,2026-07-04 05:57:00+00:00,62437.14309,2026-07-04 06:05:00+00:00,62490.200355,8,0.4248854317655537,0.4,0.02488543176555369,0.08497708635311074,tp,False
sfp,1,2026-07-04 06:28:00+00:00,62356.13499,2026-07-04 06:29:00+00:00,62418.55752,1,0.5005323855464816,0.4,0.10053238554648158,0.10010647710929632,tp,False
sfp,-1,2026-07-04 06:33:00+00:00,62457.553620000006,2026-07-04 07:10:00+00:00,62530.354730232,37,-0.5828046890447025,0.4,-0.9828046890447025,-0.1165609378089405,sl,False
sfp,-1,2026-07-04 07:12:00+00:00,62516.84769,2026-07-04 07:13:00+00:00,62489.548330000005,1,0.21833602467741242,0.4,-0.1816639753225876,0.043667204935482484,tp,False
sfp,-1,2026-07-04 07:49:00+00:00,62523.747,2026-07-04 08:10:00+00:00,62506.600035,21,0.137123619606494,0.4,-0.262876380393506,0.0274247239212988,tp,False
sfp,1,2026-07-04 08:14:00+00:00,62508.35021,2026-07-04 08:21:00+00:00,62528.096565,7,0.15794973738436635,0.4,-0.24205026261563367,0.03158994747687327,tp,False
sfp,-1,2026-07-04 08:25:00+00:00,62534.545920000004,2026-07-04 08:34:00+00:00,62576.068441146,9,-0.33199666308536546,0.4,-0.7319966630853655,-0.06639933261707309,sl,False
sfp,-1,2026-07-04 08:37:00+00:00,62573.941979999996,2026-07-04 08:39:00+00:00,62616.680621958,2,-0.3415051106391287,0.4,-0.7415051106391287,-0.06830102212782574,sl,False
sfp,1,2026-07-04 09:06:00+00:00,62480.54743,2026-07-04 09:37:00+00:00,62405.374018482,31,-0.6015745268735384,0.4,-1.0015745268735383,-0.12031490537470768,sl,False
sfp,1,2026-07-04 09:39:00+00:00,62421.941569999995,2026-07-04 09:45:00+00:00,62432.606115,6,0.0854230478239959,0.4,-0.3145769521760041,0.01708460956479918,tp,False
sfp,-1,2026-07-04 09:49:00+00:00,62450.55432,2026-07-04 09:52:00+00:00,62488.7422494,3,-0.30574531976379493,0.4,-0.705745319763795,-0.061149063952758986,sl,False
sfp,-1,2026-07-04 09:54:00+00:00,62454.15396,2026-07-04 10:04:00+00:00,62437.793155,10,0.13098252047799575,0.4,-0.2690174795220043,0.02619650409559915,tp,False
sfp,-1,2026-07-04 10:24:00+00:00,62460.25335,2026-07-04 10:27:00+00:00,62493.7437495,3,-0.268093689216542,0.4,-0.668093689216542,-0.053618737843308395,sl,False
sfp,-1,2026-07-04 10:29:00+00:00,62465.552820000004,2026-07-04 10:38:00+00:00,62457.44512,9,0.06489736850140426,0.4,-0.33510263149859576,0.012979473700280852,tp,False
sfp,1,2026-07-04 10:41:00+00:00,62469.34631,2026-07-04 10:52:00+00:00,62467.45263,11,-0.015156873825805661,0.4,-0.4151568738258057,-0.0030313747651611322,tp,False
sfp,-1,2026-07-04 10:59:00+00:00,62507.84859,2026-07-04 11:00:00+00:00,62481.447519999994,1,0.21118204030007304,0.4,-0.18881795969992698,0.04223640806001461,tp,False
sfp,-1,2026-07-04 11:18:00+00:00,62490.7503,2026-07-04 11:19:00+00:00,62485.947969999994,1,0.038424326615937865,0.4,-0.36157567338406216,0.007684865323187573,tp,False
sfp,-1,2026-07-04 11:35:00+00:00,62520.34734,2026-07-04 11:41:00+00:00,62488.14819,6,0.2575093659100691,0.4,-0.1424906340899309,0.051501873182013824,tp,False
sfp,-1,2026-07-04 12:03:00+00:00,62493.94998,2026-07-04 12:03:00+00:00,62535.956410344,0,-0.3360839757884371,0.4,-0.7360839757884371,-0.06721679515768741,sl,False
sfp,-1,2026-07-04 12:05:00+00:00,62516.34774,2026-07-04 12:28:00+00:00,62581.77015126,23,-0.523242428781101,0.4,-0.9232424287811011,-0.10464848575622021,sl,False
sfp,-1,2026-07-04 13:00:00+00:00,62627.736600000004,2026-07-04 13:01:00+00:00,62614.210795,1,0.10798574029902142,0.4,-0.2920142597009786,0.021597148059804283,tp,False
sfp,1,2026-07-04 13:12:00+00:00,62573.556730000004,2026-07-04 13:17:00+00:00,62612.288145000006,5,0.309487082276072,0.4,-0.090512917723928,0.061897416455214405,tp,False
sfp,1,2026-07-04 13:39:00+00:00,62571.256499999996,2026-07-04 13:45:00+00:00,62520.039610776,6,-0.4092685051321765,0.4,-0.8092685051321765,-0.0818537010264353,sl,False
sfp,1,2026-07-04 13:47:00+00:00,62535.15289,2026-07-04 14:01:00+00:00,62599.989375,14,0.5184003076961208,0.4,0.11840030769612075,0.10368006153922416,tp,False
sfp,1,2026-07-04 14:33:00+00:00,62621.361509999995,2026-07-04 14:43:00+00:00,62655.883785000005,10,0.275642960864908,0.4,-0.124357039135092,0.055128592172981605,tp,False
sfp,-1,2026-07-04 14:45:00+00:00,62650.03437,2026-07-04 14:47:00+00:00,62685.901383341996,2,-0.28624895183748666,0.4,-0.6862489518374867,-0.05724979036749733,sl,False
sfp,-1,2026-07-04 14:49:00+00:00,62639.7354,2026-07-04 14:49:00+00:00,62640.113385,0,-0.0030171343923246496,0.4,-0.40301713439232467,-0.0006034268784649299,tp,False
sfp,-1,2026-07-04 15:06:00+00:00,62680.23135,2026-07-04 15:06:00+00:00,62674.716844999995,0,0.043989188307336224,0.4,-0.3560108116926638,0.008797837661467245,tp,False
sfp,-1,2026-07-04 15:07:00+00:00,62672.33214,2026-07-04 15:09:00+00:00,62728.114044186,2,-0.4450281510299803,0.4,-0.8450281510299803,-0.08900563020599606,sl,False
sfp,1,2026-07-04 16:17:00+00:00,62784.17779,2026-07-04 16:30:00+00:00,62850.7143,13,0.5298827852978638,0.4,0.1298827852978638,0.10597655705957276,tp,False
sfp,-1,2026-07-04 16:35:00+00:00,62868.81249,2026-07-04 16:39:00+00:00,62923.8727581,4,-0.4378981081339939,0.4,-0.8378981081339939,-0.08757962162679878,sl,False
sfp,-1,2026-07-04 16:41:00+00:00,62897.60961,2026-07-04 16:47:00+00:00,62855.334905,6,0.3360597108707508,0.4,-0.0639402891292492,0.06721194217415016,tp,False
sfp,-1,2026-07-04 16:53:00+00:00,62921.40723,2026-07-04 16:57:00+00:00,62887.438115,4,0.2699328932347922,0.4,-0.13006710676520783,0.05398657864695844,tp,False
sfp,-1,2026-07-04 17:28:00+00:00,62942.30514,2026-07-04 17:30:00+00:00,62979.789529218004,2,-0.29776784576474036,0.4,-0.6977678457647404,-0.05955356915294807,sl,False
sfp,-1,2026-07-04 17:32:00+00:00,63021.6972,2026-07-04 17:33:00+00:00,63068.616170994,1,-0.37224458463169796,0.4,-0.772244584631698,-0.07444891692633959,sl,False
sfp,1,2026-07-04 18:11:00+00:00,63193.01867,2026-07-04 18:14:00+00:00,63287.870579999995,3,0.7504935829646397,0.4,0.3504935829646397,0.15009871659292795,tp,False
sfp,1,2026-07-04 18:26:00+00:00,63173.51672,2026-07-04 18:31:00+00:00,63097.766252334,5,-0.5995429065770441,0.4,-0.9995429065770441,-0.11990858131540882,sl,False
sfp,1,2026-07-04 18:34:00+00:00,63125.51192,2026-07-04 18:34:00+00:00,63084.370272066,0,-0.3258717963834923,0.4,-0.7258717963834923,-0.06517435927669846,sl,False
sfp,1,2026-07-04 18:41:00+00:00,63090.3084,2026-07-04 19:00:00+00:00,63154.18395,19,0.506223155504526,0.4,0.10622315550452599,0.1012446311009052,tp,False
sfp,1,2026-07-04 19:14:00+00:00,63148.414209999995,2026-07-04 19:16:00+00:00,63159.28344,2,0.08606098930574735,0.4,-0.3139390106942527,0.01721219786114947,tp,False
sfp,-1,2026-07-04 19:21:00+00:00,63221.977170000006,2026-07-04 19:22:00+00:00,63263.9747649,1,-0.33214395357383797,0.4,-0.732143953573838,-0.0664287907147676,sl,False
sfp,-1,2026-07-04 19:31:00+00:00,63302.86908,2026-07-04 19:33:00+00:00,63376.308457146,2,-0.5800635754217298,0.4,-0.9800635754217298,-0.11601271508434596,sl,False
sfp,-1,2026-07-04 19:36:00+00:00,63347.76459,2026-07-04 20:18:00+00:00,63229.972365,42,0.9297267690689393,0.4,0.5297267690689392,0.18594535381378785,tp,False
sfp,1,2026-07-04 20:25:00+00:00,63181.41751,2026-07-04 20:41:00+00:00,63252.824085,16,0.5650915871640017,0.4,0.16509158716400163,0.11301831743280033,tp,False
sfp,-1,2026-07-04 20:56:00+00:00,63280.97127,2026-07-04 20:58:00+00:00,63257.375105,2,0.1864396557641479,0.4,-0.21356034423585213,0.03728793115282958,tp,False
sfp,1,2026-07-04 21:01:00+00:00,63206.32,2026-07-04 21:02:00+00:00,63174.543213870005,1,-0.25137348709747265,0.4,-0.6513734870974727,-0.05027469741949453,sl,False
sfp,1,2026-07-04 21:03:00+00:00,63212.12058,2026-07-04 21:12:00+00:00,63244.27494,9,0.2543369824091757,0.4,-0.14566301759082434,0.050867396481835137,tp,False
sfp,-1,2026-07-04 21:16:00+00:00,63338.86548,2026-07-04 21:20:00+00:00,63379.309357206,4,-0.3192658796420389,0.4,-0.7192658796420389,-0.06385317592840778,sl,False
sfp,-1,2026-07-04 21:25:00+00:00,63405.55881,2026-07-04 21:43:00+00:00,63305.779944999995,18,0.7868305782068874,0.4,0.3868305782068874,0.15736611564137748,tp,False
sfp,1,2026-07-04 21:49:00+00:00,63280.72744,2026-07-04 22:04:00+00:00,63228.726954954,15,-0.41087142286178047,0.4,-0.8108714228617805,-0.0821742845723561,sl,False
sfp,1,2026-07-04 22:06:00+00:00,63243.92376,2026-07-04 22:10:00+00:00,63197.536314330006,4,-0.3667344063441047,0.4,-0.7667344063441047,-0.07334688126882094,sl,False
sfp,1,2026-07-04 22:12:00+00:00,63212.12058,2026-07-04 22:17:00+00:00,63248.17455,5,0.2851824117684476,0.4,-0.11481758823155241,0.05703648235368952,tp,False
sfp,1,2026-07-04 22:24:00+00:00,63194.71884,2026-07-04 22:29:00+00:00,63162.04696362,5,-0.2585016357357639,0.4,-0.6585016357357639,-0.05170032714715278,sl,False
sfp,1,2026-07-04 22:30:00+00:00,63199.21929,2026-07-04 22:41:00+00:00,63148.451043348,11,-0.4016524825966594,0.4,-0.8016524825966594,-0.08033049651933188,sl,False
sfp,1,2026-07-04 22:42:00+00:00,63183.017669999994,2026-07-04 22:46:00+00:00,63133.55551305,4,-0.3914197103431216,0.4,-0.7914197103431216,-0.07828394206862432,sl,False
sfp,1,2026-07-04 22:48:00+00:00,63146.314,2026-07-04 22:49:00+00:00,63171.432225000004,1,0.1988890832171908,0.4,-0.20111091678280923,0.03977781664343816,tp,False
sfp,1,2026-07-04 23:17:00+00:00,62953.2947,2026-07-04 23:23:00+00:00,63057.843585,6,0.8303686526512921,0.4,0.4303686526512921,0.16607373053025842,tp,False
sfp,-1,2026-07-04 23:36:00+00:00,63111.888179999994,2026-07-04 23:43:00+00:00,63156.542542752,7,-0.3537714053543084,0.4,-0.7537714053543084,-0.07075428107086168,sl,False
sfp,-1,2026-07-04 23:46:00+00:00,63180.58131,2026-07-04 23:52:00+00:00,63127.362105,6,0.4211674211960781,0.4,0.021167421196078062,0.08423348423921562,tp,False
sfp,1,2026-07-05 00:23:00+00:00,63017.10108,2026-07-05 00:23:00+00:00,63005.348835000004,0,-0.0932464743584327,0.4,-0.4932464743584327,-0.01864929487168654,tp,False
sfp,1,2026-07-05 00:24:00+00:00,63009.00027,2026-07-05 00:30:00+00:00,63023.347035,6,0.11384694994787115,0.4,-0.2861530500521289,0.02276938998957423,tp,False
sfp,-1,2026-07-05 00:42:00+00:00,63071.39223,2026-07-05 00:48:00+00:00,63024.60183,6,0.37093203705862443,0.4,-0.02906796294137559,0.07418640741172489,tp,False
sfp,1,2026-07-05 01:19:00+00:00,62882.687640000004,2026-07-05 01:19:00+00:00,62839.14385716001,0,-0.34623029385510984,0.4,-0.7462302938551099,-0.06924605877102197,sl,False
sfp,1,2026-07-05 01:21:00+00:00,62878.38721,2026-07-05 01:22:00+00:00,62825.248026882,1,-0.4225552330129334,0.4,-0.8225552330129334,-0.08451104660258668,sl,False
sfp,1,2026-07-05 01:24:00+00:00,62837.383109999995,2026-07-05 01:27:00+00:00,62917.557615,3,0.6379522907538071,0.4,0.23795229075380708,0.12759045815076142,tp,False
sfp,1,2026-07-05 01:36:00+00:00,62825.98196999999,2026-07-05 02:01:00+00:00,62887.21065,25,0.48728788695451275,0.4,0.08728788695451273,0.09745757739090255,tp,False
sfp,-1,2026-07-05 02:02:00+00:00,62843.715000000004,2026-07-05 02:02:00+00:00,62850.984469999996,0,-0.05783768512090948,0.4,-0.4578376851209095,-0.011567537024181895,tp,False
sfp,1,2026-07-05 02:17:00+00:00,62659.565330000005,2026-07-05 02:17:00+00:00,62617.810272732,0,-0.33318980947361077,0.4,-0.7331898094736108,-0.06663796189472215,sl,False
sfp,1,2026-07-05 02:18:00+00:00,62647.064080000004,2026-07-05 02:35:00+00:00,62763.323039999996,17,0.9278883352900058,0.4,0.5278883352900058,0.18557766705800116,tp,False
sfp,-1,2026-07-05 02:36:00+00:00,62747.524620000004,2026-07-05 02:43:00+00:00,62698.819255,7,0.38810586788051715,0.4,-0.01189413211948287,0.07762117357610343,tp,False
sfp,1,2026-07-05 02:46:00+00:00,62664.96587,2026-07-05 02:46:00+00:00,62630.106582978005,0,-0.2781401580455034,0.4,-0.6781401580455034,-0.05562803160910068,sl,False
sfp,1,2026-07-05 02:47:00+00:00,62670.2664,2026-07-05 02:48:00+00:00,62596.816572312004,1,-0.586002197750346,0.4,-0.986002197750346,-0.1172004395500692,sl,False
sfp,-1,2026-07-05 03:10:00+00:00,62728.82649,2026-07-05 03:22:00+00:00,62661.56553,12,0.5361248070751001,0.4,0.1361248070751001,0.10722496141502003,tp,False
sfp,1,2026-07-05 03:23:00+00:00,62679.86736,2026-07-05 03:29:00+00:00,62634.20535306,6,-0.3642477948919143,0.4,-0.7642477948919143,-0.07284955897838286,sl,False
sfp,1,2026-07-05 03:30:00+00:00,62648.16419,2026-07-05 03:32:00+00:00,62696.979675,2,0.38960028303425265,0.4,-0.010399716965747374,0.07792005660685053,tp,False
sfp,-1,2026-07-05 03:41:00+00:00,62719.82739,2026-07-05 03:52:00+00:00,62768.82625499999,11,-0.3906170268559439,0.4,-0.7906170268559439,-0.07812340537118878,sl,False
sfp,-1,2026-07-05 03:53:00+00:00,62719.92738,2026-07-05 03:54:00+00:00,62710.2704,1,0.07698494245289567,0.4,-0.32301505754710436,0.015396988490579133,tp,False
sfp,1,2026-07-05 04:04:00+00:00,62728.97227,2026-07-05 04:05:00+00:00,62724.32694,1,-0.03702698953844674,0.4,-0.43702698953844676,-0.007405397907689348,tp,False
sfp,-1,2026-07-05 04:14:00+00:00,62779.62141,2026-07-05 04:20:00+00:00,62818.741225998,6,-0.31156460583370293,0.4,-0.711564605833703,-0.06231292116674059,sl,False
sfp,-1,2026-07-05 04:23:00+00:00,62804.7189,2026-07-05 04:24:00+00:00,62845.449236532,1,-0.32426175329958173,0.4,-0.7242617532995818,-0.06485235065991635,sl,False
sfp,-1,2026-07-05 04:27:00+00:00,62820.117360000004,2026-07-05 04:31:00+00:00,62868.856257,4,-0.3879242752817813,0.4,-0.7879242752817813,-0.07758485505635626,sl,False
sfp,-1,2026-07-05 04:44:00+00:00,62907.50862,2026-07-05 04:46:00+00:00,62872.78665,2,0.27597635609560855,0.4,-0.12402364390439147,0.05519527121912171,tp,False
sfp,1,2026-07-05 05:05:00+00:00,62761.87556,2026-07-05 05:06:00+00:00,62717.480364726005,1,-0.3536796413258214,0.4,-0.7536796413258214,-0.07073592826516428,sl,False
sfp,1,2026-07-05 05:08:00+00:00,62717.67114,2026-07-05 05:31:00+00:00,62769.12245999999,23,0.41018200345110944,0.4,0.010182003451109423,0.08203640069022189,tp,False
sfp,-1,2026-07-05 05:34:00+00:00,62735.32584,2026-07-05 05:38:00+00:00,62746.37401,4,-0.08805381857890371,0.4,-0.48805381857890373,-0.01761076371578074,tp,False
sfp,1,2026-07-05 05:40:00+00:00,62724.67184,2026-07-05 05:40:00+00:00,62686.1897541,0,-0.30675398348967153,0.4,-0.7067539834896716,-0.06135079669793431,sl,False
sfp,1,2026-07-05 05:43:00+00:00,62653.76475,2026-07-05 05:51:00+00:00,62706.82869000001,8,0.4234696846370234,0.4,0.02346968463702337,0.08469393692740468,tp,False
sfp,-1,2026-07-05 06:23:00+00:00,62746.82469,2026-07-05 06:33:00+00:00,62795.83435554,10,-0.390535025334926,0.4,-0.790535025334926,-0.0781070050669852,sl,False
sfp,-1,2026-07-05 06:36:00+00:00,62764.12296,2026-07-05 06:40:00+00:00,62735.422915,4,0.22863415950452604,0.4,-0.171365840495474,0.04572683190090521,tp,False
sfp,1,2026-07-05 06:42:00+00:00,62735.672940000004,2026-07-05 06:55:00+00:00,62757.923579999995,13,0.17733642565109786,0.4,-0.22266357434890216,0.03546728513021957,tp,False
sfp,1,2026-07-05 07:12:00+00:00,62749.07428,2026-07-05 07:15:00+00:00,62709.482764566004,3,-0.3154748965485399,0.4,-0.7154748965485399,-0.06309497930970798,sl,False
sfp,1,2026-07-05 07:23:00+00:00,62742.073580000004,2026-07-05 07:23:00+00:00,62733.82599,0,-0.06572615096545054,0.4,-0.46572615096545056,-0.013145230193090107,tp,False
sfp,-1,2026-07-05 07:42:00+00:00,62869.912379999994,2026-07-05 07:43:00+00:00,62911.769127858,1,-0.33288377757723087,0.4,-0.7328837775772309,-0.06657675551544617,sl,False
sfp,-1,2026-07-05 07:54:00+00:00,62961.80319,2026-07-05 07:57:00+00:00,63004.596969713995,3,-0.33983921636471237,0.4,-0.7398392163647124,-0.06796784327294247,sl,False
sfp,-1,2026-07-05 08:00:00+00:00,62988.80049,2026-07-05 08:01:00+00:00,63058.213050786,1,-0.5509912892929236,0.4,-0.9509912892929236,-0.11019825785858472,sl,False
sfp,-1,2026-07-05 08:02:00+00:00,63027.59661,2026-07-05 08:09:00+00:00,62959.945365,7,0.5366795549782144,0.4,0.13667955497821438,0.10733591099564288,tp,False
sfp,1,2026-07-05 08:53:00+00:00,62905.18989,2026-07-05 08:59:00+00:00,62922.157155,6,0.1348637928736407,0.4,-0.2651362071263593,0.02697275857472814,tp,False
sfp,1,2026-07-05 09:03:00+00:00,62880.787449999996,2026-07-05 09:14:00+00:00,62832.045987018006,11,-0.38757039279085914,0.4,-0.7875703927908592,-0.07751407855817183,sl,False
sfp,1,2026-07-05 09:15:00+00:00,62857.58513,2026-07-05 09:21:00+00:00,62816.950516716,6,-0.3232276041145732,0.4,-0.7232276041145732,-0.06464552082291464,sl,False
sfp,1,2026-07-05 09:25:00+00:00,62737.77315,2026-07-05 09:27:00+00:00,62701.085284398,2,-0.29239056281360476,0.4,-0.6923905628136048,-0.05847811256272095,sl,False
sfp,1,2026-07-05 09:43:00+00:00,62529.05228,2026-07-05 09:43:00+00:00,62481.351220002,0,-0.38143117685845995,0.4,-0.78143117685846,-0.07628623537169199,sl,False
sfp,-1,2026-07-05 10:06:00+00:00,62601.439229999996,2026-07-05 10:06:00+00:00,62656.79265276,0,-0.4421098255954492,0.4,-0.8421098255954492,-0.08842196511908984,sl,False
sfp,-1,2026-07-05 10:13:00+00:00,62666.7327,2026-07-05 10:49:00+00:00,62729.214374208,36,-0.4985234710346287,0.4,-0.8985234710346287,-0.09970469420692574,sl,False
sfp,-1,2026-07-05 10:52:00+00:00,62703.92898,2026-07-05 11:00:00+00:00,62745.719324538,8,-0.3332354544428595,0.4,-0.7332354544428595,-0.0666470908885719,sl,False
sfp,-1,2026-07-05 11:02:00+00:00,62707.02867000001,2026-07-05 11:02:00+00:00,62718.92126499999,0,-0.09482665063409446,0.4,-0.4948266506340945,-0.01896533012681889,tp,False
sfp,1,2026-07-05 11:11:00+00:00,62679.06728,2026-07-05 11:15:00+00:00,62638.404093143996,4,-0.32437613242036756,0.4,-0.7243761324203676,-0.06487522648407351,sl,False
sfp,1,2026-07-05 11:18:00+00:00,62641.96357,2026-07-05 11:22:00+00:00,62603.814472452,4,-0.3045011313012602,0.4,-0.7045011313012602,-0.060900226260252044,sl,False
sfp,1,2026-07-05 11:28:00+00:00,62612.2606,2026-07-05 11:32:00+00:00,62643.185054999994,4,0.24695207219516124,0.4,-0.15304792780483878,0.04939041443903225,tp,False
sfp,-1,2026-07-05 11:48:00+00:00,62691.130260000005,2026-07-05 11:54:00+00:00,62646.964069999995,6,0.35225230281255016,0.4,-0.04774769718744987,0.07045046056251003,tp,False
sfp,1,2026-07-05 11:55:00+00:00,62652.964669999994,2026-07-05 12:00:00+00:00,62606.2137525,5,-0.3730942162612494,0.4,-0.7730942162612494,-0.07461884325224988,sl,False
sfp,1,2026-07-05 12:05:00+00:00,62576.75705,2026-07-05 12:15:00+00:00,62620.287345000004,10,0.34781520369631114,0.4,-0.052184796303688885,0.06956304073926223,tp,False
sfp,-1,2026-07-05 12:17:00+00:00,62628.7365,2026-07-05 12:22:00+00:00,62679.899583221995,5,-0.4084633195657883,0.4,-0.8084633195657883,-0.08169266391315766,sl,False
sfp,-1,2026-07-05 12:26:00+00:00,62697.42963,2026-07-05 12:30:00+00:00,62749.220374608,4,-0.41302127466491534,0.4,-0.8130212746649154,-0.08260425493298307,sl,False
sfp,-1,2026-07-05 12:31:00+00:00,62711.02827,2026-07-05 12:34:00+00:00,62657.86516000001,3,0.42387369069363245,0.4,0.023873690693632432,0.08477473813872649,tp,False
sfp,1,2026-07-05 13:03:00+00:00,62702.2696,2026-07-05 13:05:00+00:00,62693.73,2,-0.06809641863425586,0.4,-0.4680964186342559,-0.013619283726851172,tp,False
sfp,-1,2026-07-05 13:10:00+00:00,62740.62531,2026-07-05 13:13:00+00:00,62725.121885,3,0.12355172524503022,0.4,-0.2764482747549698,0.024710345049006044,tp,False
sfp,1,2026-07-05 14:19:00+00:00,62694.2688,2026-07-05 14:20:00+00:00,62653.099683438006,1,-0.32833237670676363,0.4,-0.7283323767067637,-0.06566647534135273,sl,False
sfp,1,2026-07-05 14:21:00+00:00,62672.2666,2026-07-05 14:35:00+00:00,62623.508562846,14,-0.3889921316010403,0.4,-0.7889921316010403,-0.07779842632020806,sl,False
sfp,1,2026-07-05 14:36:00+00:00,62642.863659999995,2026-07-05 14:37:00+00:00,62669.032470000006,1,0.20887303414196534,0.4,-0.19112696585803468,0.04177460682839307,tp,False
sfp,-1,2026-07-05 14:41:00+00:00,62701.229250000004,2026-07-05 14:43:00+00:00,62743.8187545,2,-0.339622564098252,0.4,-0.739622564098252,-0.0679245128196504,sl,False
sfp,-1,2026-07-05 14:44:00+00:00,62710.62831,2026-07-05 14:58:00+00:00,62778.729225197996,14,-0.5429774587917269,0.4,-0.9429774587917269,-0.10859549175834537,sl,False
sfp,-1,2026-07-05 15:01:00+00:00,62768.12256,2026-07-05 15:03:00+00:00,62810.838855840004,2,-0.3402706190483995,0.4,-0.7402706190483995,-0.0680541238096799,sl,False
sfp,1,2026-07-05 15:24:00+00:00,62742.2736,2026-07-05 15:36:00+00:00,62817.117659999996,12,0.5964404515936828,0.4,0.19644045159368273,0.11928809031873655,tp,False
sfp,-1,2026-07-05 15:38:00+00:00,62796.81969,2026-07-05 15:41:00+00:00,62779.57733,3,0.13728688877173711,0.4,-0.2627131112282629,0.027457377754347423,tp,False
sfp,1,2026-07-05 15:42:00+00:00,62716.17099,2026-07-05 15:42:00+00:00,62669.194853760004,0,-0.37451374580477204,0.4,-0.7745137458047721,-0.07490274916095441,sl,False
sfp,1,2026-07-05 15:47:00+00:00,62706.57003,2026-07-05 16:21:00+00:00,62628.107182938,34,-0.6256349775188297,0.4,-1.0256349775188296,-0.12512699550376594,sl,False
sfp,1,2026-07-05 16:54:00+00:00,62607.96017,2026-07-05 16:55:00+00:00,62611.188255,1,0.025780148332876784,0.4,-0.37421985166712324,0.005156029666575357,tp,False
sfp,-1,2026-07-05 17:00:00+00:00,62605.7388,2026-07-05 17:01:00+00:00,62653.29160269,1,-0.3797799019823467,0.4,-0.7797799019823467,-0.07595598039646934,sl,False
sfp,-1,2026-07-05 17:06:00+00:00,62676.731700000004,2026-07-05 17:22:00+00:00,62736.516564353995,16,-0.4769302956011412,0.4,-0.8769302956011412,-0.09538605912022824,sl,False
sfp,1,2026-07-05 17:29:00+00:00,62671.2665,2026-07-05 17:32:00+00:00,62638.104183138,3,-0.2645735335666255,0.4,-0.6645735335666255,-0.0529147067133251,sl,False
sfp,1,2026-07-05 17:33:00+00:00,62667.366109999995,2026-07-05 17:43:00+00:00,62605.913842494,10,-0.49030517253689787,0.4,-0.8903051725368979,-0.09806103450737957,sl,False
sfp,1,2026-07-05 17:46:00+00:00,62615.86096,2026-07-05 18:26:00+00:00,62681.881185,40,0.5271845183297819,0.4,0.12718451832978184,0.10543690366595637,tp,False
sfp,-1,2026-07-05 18:29:00+00:00,62666.7327,2026-07-05 18:39:00+00:00,62715.81035394,10,-0.39157661350364137,0.4,-0.7915766135036414,-0.07831532270072827,sl,False
sfp,-1,2026-07-05 18:51:00+00:00,62748.924479999994,2026-07-05 18:51:00+00:00,62778.8292552,0,-0.23828914557355585,0.4,-0.6382891455735559,-0.04765782911471117,sl,False
sfp,-1,2026-07-05 19:14:00+00:00,62814.517920000006,2026-07-05 19:21:00+00:00,62793.17869,7,0.16985906050559496,0.4,-0.23014093949440506,0.03397181210111899,tp,False
sfp,1,2026-07-05 19:27:00+00:00,62738.17319,2026-07-05 19:31:00+00:00,62766.42273,4,0.22513836922255503,0.4,-0.174861630777445,0.04502767384451101,tp,False
sfp,1,2026-07-05 19:55:00+00:00,62751.77455,2026-07-05 20:02:00+00:00,62765.32284,7,0.1079514491594269,0.4,-0.29204855084057313,0.02159028983188538,tp,False
sfp,-1,2026-07-05 20:48:00+00:00,62717.927579999996,2026-07-05 21:00:00+00:00,62703.66974,12,0.11366638336235413,0.4,-0.2863336166376459,0.022733276672470826,tp,False
sfp,-1,2026-07-05 21:15:00+00:00,62705.62881,2026-07-05 21:18:00+00:00,62754.82205472,3,-0.39225541353760107,0.4,-0.7922554135376011,-0.07845108270752021,sl,False
sfp,-1,2026-07-05 21:25:00+00:00,62843.115060000004,2026-07-05 21:30:00+00:00,62938.877258399996,5,-0.7619147961440698,0.4,-1.1619147961440697,-0.15238295922881395,sl,False
sfp,-1,2026-07-05 22:18:00+00:00,63325.76679,2026-07-05 22:19:00+00:00,63396.014367539996,1,-0.5546524037596257,0.4,-0.9546524037596257,-0.11093048075192513,sl,False
sfp,-1,2026-07-05 22:20:00+00:00,63354.46392,2026-07-05 22:20:00+00:00,63433.925738298,0,-0.6271209113088982,0.4,-1.0271209113088982,-0.12542418226177965,sl,False
sfp,-1,2026-07-05 23:01:00+00:00,63700.6293,2026-07-05 23:04:00+00:00,63807.137675759994,3,-0.8360072493035497,0.4,-1.2360072493035497,-0.16720144986070995,sl,False
sfp,-1,2026-07-05 23:08:00+00:00,63764.72289,2026-07-05 23:11:00+00:00,63857.552796767995,3,-0.7279095913906852,0.4,-1.1279095913906851,-0.14558191827813705,sl,False
sfp,-1,2026-07-05 23:12:00+00:00,63826.51671,2026-07-05 23:12:00+00:00,63892.66332747,0,-0.5181750538771901,0.4,-0.9181750538771901,-0.10363501077543802,sl,False
sfp,-1,2026-07-05 23:16:00+00:00,63928.50651,2026-07-05 23:24:00+00:00,63772.126575,8,1.223084532528007,0.4,0.8230845325280071,0.24461690650560142,tp,False
sfp,1,2026-07-05 23:27:00+00:00,63706.37,2026-07-05 23:30:00+00:00,63637.90417314001,3,-0.5373546386334138,0.4,-0.9373546386334138,-0.10747092772668276,sl,False
sfp,1,2026-07-05 23:31:00+00:00,63671.3665,2026-07-05 23:35:00+00:00,63606.513592512005,4,-0.5092784327786481,0.4,-0.9092784327786482,-0.10185568655572963,sl,False
sfp,1,2026-07-05 23:37:00+00:00,63636.963059999995,2026-07-05 23:48:00+00:00,63572.823701838,11,-0.5039473529049321,0.4,-0.9039473529049321,-0.10078947058098642,sl,False
sfp,1,2026-07-05 23:49:00+00:00,63598.85925,2026-07-06 00:01:00+00:00,63532.035941022,12,-0.5253499022311869,0.4,-0.925349902231187,-0.10506998044623739,sl,False
sfp,1,2026-07-06 00:02:00+00:00,63563.65573,2026-07-06 00:02:00+00:00,63615.037860000004,0,0.40417853103247303,0.4,0.00417853103247301,0.0808357062064946,tp,False
sfp,1,2026-07-06 00:10:00+00:00,63555.954959999995,2026-07-06 00:10:00+00:00,63457.958169540005,0,-0.7709489261994995,0.4,-1.1709489261994994,-0.1541897852398999,sl,False
sfp,1,2026-07-06 00:11:00+00:00,63487.44811,2026-07-06 00:15:00+00:00,63582.091154999995,4,0.7453681618767583,0.4,0.34536816187675823,0.14907363237535165,tp,False
sfp,1,2026-07-06 00:27:00+00:00,63460.84545,2026-07-06 00:29:00+00:00,63394.97706828001,2,-0.5189686747231192,0.4,-0.9189686747231193,-0.10379373494462385,sl,False
sfp,1,2026-07-06 00:31:00+00:00,63427.84215,2026-07-06 00:38:00+00:00,63525.746790000005,7,0.7717796844520786,0.4,0.37177968445207854,0.1543559368904157,tp,False
sfp,-1,2026-07-06 00:43:00+00:00,63560.84328,2026-07-06 00:45:00+00:00,63646.689552552,2,-0.6753078477407248,0.4,-1.0753078477407247,-0.13506156954814497,sl,False
sfp,-1,2026-07-06 00:48:00+00:00,63582.24114,2026-07-06 00:48:00+00:00,63694.80398351399,0,-0.8851751801745023,0.4,-1.2851751801745022,-0.17703503603490045,sl,False
sfp,-1,2026-07-06 01:11:00+00:00,63743.72499,2026-07-06 01:25:00+00:00,63676.567019999995,14,0.5267810283329233,0.4,0.12678102833292326,0.10535620566658466,tp,False
sfp,1,2026-07-06 01:28:00+00:00,63630.46241,2026-07-06 01:29:00+00:00,63708.878475,1,0.6161833658753224,0.4,0.2161833658753224,0.12323667317506448,tp,False
sfp,-1,2026-07-06 01:34:00+00:00,63793.62,2026-07-06 01:34:00+00:00,63881.059847238,0,-0.6853337938652615,0.4,-1.0853337938652614,-0.1370667587730523,sl,False
sfp,-1,2026-07-06 01:36:00+00:00,63822.11715,2026-07-06 01:42:00+00:00,63724.821845,6,0.7622381499138298,0.4,0.36223814991382974,0.15244762998276595,tp,False
sfp,1,2026-07-06 01:50:00+00:00,63596.05897,2026-07-06 01:55:00+00:00,63537.334351128,5,-0.46170014166835305,0.4,-0.8617001416683531,-0.09234002833367061,sl,False
sfp,1,2026-07-06 01:57:00+00:00,63577.457109999996,2026-07-06 02:07:00+00:00,63500.9452704,10,-0.6017214518946323,0.4,-1.0017214518946322,-0.12034429037892647,sl,False
sfp,1,2026-07-06 02:52:00+00:00,63402.73964,2026-07-06 03:22:00+00:00,63321.399146808006,30,-0.6414588206585803,0.4,-1.0414588206585802,-0.12829176413171606,sl,False
sfp,1,2026-07-06 03:25:00+00:00,63248.12418,2026-07-06 03:30:00+00:00,63148.05116334,5,-0.7911145030577993,0.4,-1.1911145030577992,-0.15822290061155986,sl,False
sfp,1,2026-07-06 03:31:00+00:00,63181.01747,2026-07-06 03:32:00+00:00,63111.162232602,1,-0.552818237148256,0.4,-0.952818237148256,-0.11056364742965119,sl,False
sfp,1,2026-07-06 03:33:00+00:00,63168.21619,2026-07-06 03:37:00+00:00,63264.57291,4,0.7626993907045021,0.4,0.3626993907045021,0.15253987814090042,tp,False
sfp,-1,2026-07-06 04:03:00+00:00,63264.77289,2026-07-06 04:03:00+00:00,63311.88913585799,0,-0.3723734687225422,0.4,-0.7723734687225422,-0.07447469374450844,sl,False
sfp,-1,2026-07-06 04:06:00+00:00,63297.36963,2026-07-06 04:07:00+00:00,63259.62533,1,0.29815062000704273,0.4,-0.10184937999295729,0.059630124001408547,tp,False
sfp,1,2026-07-06 04:29:00+00:00,63179.71734,2026-07-06 04:33:00+00:00,63247.17465,4,0.5338525783280534,0.4,0.13385257832805342,0.10677051566561069,tp,False
sfp,-1,2026-07-06 04:44:00+00:00,63292.07016,2026-07-06 04:58:00+00:00,63249.12428,14,0.33926746187501466,0.4,-0.06073253812498536,0.06785349237500293,tp,False
sfp,1,2026-07-06 05:00:00+00:00,63249.12428,2026-07-06 05:04:00+00:00,63181.041264,4,-0.5382131118417122,0.4,-0.9382131118417122,-0.10764262236834243,sl,False
sfp,1,2026-07-06 05:10:00+00:00,63180.617430000006,2026-07-06 05:15:00+00:00,63114.461242668,5,-0.5235481230085881,0.4,-0.9235481230085881,-0.10470962460171762,sl,False
sfp,1,2026-07-06 05:16:00+00:00,63159.61533,2026-07-06 05:28:00+00:00,63095.466942288,12,-0.5078275681131839,0.4,-0.9078275681131839,-0.10156551362263677,sl,False
sfp,1,2026-07-06 05:30:00+00:00,62983.69774,2026-07-06 05:30:00+00:00,62943.212629242,0,-0.3213935685796865,0.4,-0.7213935685796865,-0.0642787137159373,sl,False
sfp,1,2026-07-06 05:33:00+00:00,63014.10078,2026-07-06 05:36:00+00:00,63069.34243499999,3,0.4383277259867313,0.4,0.03832772598673129,0.08766554519734626,tp,False
sfp,-1,2026-07-06 05:55:00+00:00,63121.587210000005,2026-07-06 06:06:00+00:00,63052.254595,11,0.5491989196131919,0.4,0.14919891961319187,0.10983978392263838,tp,False
sfp,1,2026-07-06 06:23:00+00:00,63018.60123,2026-07-06 06:26:00+00:00,62981.10126,3,-0.29753096124057743,0.4,-0.6975309612405775,-0.059506192248115486,sl,False
sfp,1,2026-07-06 06:28:00+00:00,63009.20029,2026-07-06 06:34:00+00:00,62943.112659239996,6,-0.5244284204198313,0.4,-0.9244284204198313,-0.10488568408396626,sl,False
sfp,1,2026-07-06 06:36:00+00:00,62977.59713,2026-07-06 06:37:00+00:00,63035.59581,1,0.46047072802946065,0.4,0.06047072802946063,0.09209414560589213,tp,False
sfp,1,2026-07-06 07:06:00+00:00,62928.292199999996,2026-07-06 07:21:00+00:00,62963.203050000004,15,0.27738596408311,0.4,-0.12261403591689002,0.055477192816622,tp,False
sfp,-1,2026-07-06 07:23:00+00:00,62970.30234,2026-07-06 07:30:00+00:00,62937.19309,7,0.2628957522010089,0.4,-0.1371042477989911,0.05257915044020178,tp,False
sfp,-1,2026-07-06 07:46:00+00:00,63061.89318,2026-07-06 08:00:00+00:00,63121.632072053995,14,-0.4736528594493361,0.4,-0.8736528594493361,-0.09473057188986722,sl,False
sfp,-1,2026-07-06 08:03:00+00:00,63106.08876,2026-07-06 08:03:00+00:00,63079.957365,0,0.2070433734165933,0.4,-0.19295662658340673,0.04140867468331866,tp,False
sfp,-1,2026-07-06 08:07:00+00:00,63187.78059,2026-07-06 08:10:00+00:00,63132.26259499999,3,0.43930958234034145,0.4,0.03930958234034143,0.08786191646806829,tp,False
sfp,1,2026-07-06 08:15:00+00:00,63039.80335,2026-07-06 08:16:00+00:00,62961.1072596,1,-0.62417779099877,0.4,-1.02417779099877,-0.124835558199754,sl,False
sfp,1,2026-07-06 08:18:00+00:00,63030.20239,2026-07-06 08:34:00+00:00,62941.213229202,16,-0.7059247584782491,0.4,-1.105924758478249,-0.14118495169564982,sl,False
sfp,1,2026-07-06 09:08:00+00:00,62855.38491,2026-07-06 09:10:00+00:00,62822.94871683601,2,-0.25802238909550246,0.4,-0.6580223890955025,-0.05160447781910049,sl,False
sfp,1,2026-07-06 09:12:00+00:00,62840.18339,2026-07-06 09:18:00+00:00,62856.41373,6,0.1291398204495975,0.4,-0.27086017955040254,0.025827964089919497,tp,False
sfp,1,2026-07-06 09:24:00+00:00,62775.976969999996,2026-07-06 09:31:00+00:00,62706.1837545,7,-0.5558911136767097,0.4,-0.9558911136767098,-0.11117822273534195,sl,False
sfp,1,2026-07-06 09:41:00+00:00,62654.76485,2026-07-06 10:03:00+00:00,62737.675605,22,0.6616476432278473,0.4,0.2616476432278473,0.13232952864556946,tp,False
sfp,-1,2026-07-06 10:04:00+00:00,62728.926479999995,2026-07-06 10:04:00+00:00,62769.026315004,0,-0.31962793924733557,0.4,-0.7196279392473356,-0.06392558784946711,sl,False
sfp,-1,2026-07-06 10:08:00+00:00,62795.7198,2026-07-06 10:16:00+00:00,62838.8472564,8,-0.3433948725912739,0.4,-0.7433948725912739,-0.06867897451825478,sl,False
sfp,-1,2026-07-06 10:29:00+00:00,62847.91458,2026-07-06 10:32:00+00:00,62880.459737232,3,-0.2589199454706703,0.4,-0.6589199454706703,-0.051783989094134064,sl,False
sfp,-1,2026-07-06 10:35:00+00:00,62912.90808,2026-07-06 10:39:00+00:00,62986.191449346,4,-0.5824191853666116,0.4,-0.9824191853666117,-0.11648383707332233,sl,False
sfp,-1,2026-07-06 10:41:00+00:00,62926.406729999995,2026-07-06 10:41:00+00:00,62896.78905,0,0.23533585929258471,0.4,-0.1646641407074153,0.04706717185851694,tp,False
sfp,1,2026-07-06 10:51:00+00:00,62835.582930000004,2026-07-06 10:56:00+00:00,62775.16305588,5,-0.480777541184807,0.4,-0.880777541184807,-0.0961555082369614,sl,False
sfp,1,2026-07-06 11:18:00+00:00,62784.977869999995,2026-07-06 11:19:00+00:00,62811.968175,1,0.21494237885921752,0.4,-0.1850576211407825,0.042988475771843504,tp,False
sfp,-1,2026-07-06 11:25:00+00:00,62843.41503,2026-07-06 11:31:00+00:00,62925.073118124,6,-0.6496948652855439,0.4,-1.0496948652855438,-0.12993897305710878,sl,False
sfp,-1,2026-07-06 11:35:00+00:00,62931.006270000005,2026-07-06 11:57:00+00:00,62853.534725,22,0.615527619784284,0.4,0.21552761978428403,0.12310552395685681,tp,False
sfp,1,2026-07-06 11:59:00+00:00,62659.865359999996,2026-07-06 11:59:00+00:00,62601.215252400005,0,-0.4680037793173275,0.4,-0.8680037793173275,-0.0936007558634655,sl,False
sfp,1,2026-07-06 12:06:00+00:00,61907.1901,2026-07-06 12:43:00+00:00,61820.649476784,37,-0.6989545404678665,0.4,-1.0989545404678664,-0.1397909080935733,sl,False
sfp,1,2026-07-06 12:45:00+00:00,61793.878769999996,2026-07-06 12:45:00+00:00,61724.37836485801,0,-0.5623567133621332,0.4,-0.9623567133621332,-0.11247134267242664,sl,False
sfp,1,2026-07-06 12:48:00+00:00,61716.57104,2026-07-06 13:02:00+00:00,61633.505633040004,14,-0.6729587010445015,0.4,-1.0729587010445014,-0.1345917402089003,sl,False
sfp,1,2026-07-06 13:06:00+00:00,61617.961180000006,2026-07-06 13:10:00+00:00,61743.92499000001,4,1.0221354909165647,0.4,0.6221354909165647,0.20442709818331295,tp,False
sfp,1,2026-07-06 13:20:00+00:00,61546.55404,2026-07-06 13:20:00+00:00,61498.746070344,0,-0.3883886791202773,0.4,-0.7883886791202773,-0.07767773582405546,sl,False
sfp,1,2026-07-06 13:22:00+00:00,61601.259509999996,2026-07-06 13:27:00+00:00,61438.764069143996,5,-1.3189295328419615,0.4,-1.7189295328419614,-0.2637859065683923,sl,False
sfp,1,2026-07-06 13:29:00+00:00,61477.24711,2026-07-06 13:31:00+00:00,61384.680298062005,2,-0.752854237051015,0.4,-1.1528542370510149,-0.150570847410203,sl,False
sfp,1,2026-07-06 13:33:00+00:00,61550.55444,2026-07-06 13:33:00+00:00,61589.140470000006,0,0.3134498978203393,0.4,-0.08655010217966075,0.06268997956406785,tp,False
sfp,1,2026-07-06 13:39:00+00:00,61387.538140000004,2026-07-06 13:39:00+00:00,61495.199865,0,0.8769021226626705,0.4,0.4769021226626705,0.1753804245325341,tp,False
sfp,-1,2026-07-06 13:47:00+00:00,61600.039379999995,2026-07-06 13:47:00+00:00,61773.02758509,0,-1.4041241436785201,0.4,-1.80412414367852,-0.280824828735704,sl,False
sfp,-1,2026-07-06 13:53:00+00:00,61872.21216,2026-07-06 14:23:00+00:00,62042.408380476,30,-1.3753849630903092,0.4,-1.7753849630903091,-0.27507699261806184,sl,False
sfp,1,2026-07-06 14:24:00+00:00,62061.2055,2026-07-06 14:24:00+00:00,61842.865095,0,-1.7590731862273667,0.4,-2.1590731862273667,-0.35181463724547335,tp,False
sfp,-1,2026-07-06 14:25:00+00:00,61918.607520000005,2026-07-06 14:25:00+00:00,62073.6177411,0,-1.2517256710750102,0.4,-1.6517256710750101,-0.25034513421500204,sl,False
sfp,1,2026-07-06 14:51:00+00:00,61956.09499,2026-07-06 14:52:00+00:00,61850.240597376,1,-0.8542694035274523,0.4,-1.2542694035274522,-0.17085388070549046,sl,False
sfp,-1,2026-07-06 15:05:00+00:00,62181.88119,2026-07-06 15:05:00+00:00,62258.573214798,0,-0.6166750131253451,0.4,-1.016675013125345,-0.12333500262506902,sl,False
sfp,1,2026-07-06 15:37:00+00:00,62331.03248,2026-07-06 15:41:00+00:00,62391.760200000004,4,0.48713872996963836,0.4,0.08713872996963834,0.09742774599392767,tp,False
sfp,-1,2026-07-06 15:55:00+00:00,63454.953870000005,2026-07-06 16:00:00+00:00,63544.0587705,5,-0.7021114591190258,0.4,-1.1021114591190257,-0.14042229182380517,sl,False
sfp,-1,2026-07-06 16:15:00+00:00,63711.92817000001,2026-07-06 16:24:00+00:00,63524.15178,9,1.4736360630851486,0.4,1.0736360630851487,0.2947272126170297,tp,False
sfp,-1,2026-07-06 17:05:00+00:00,63735.02586,2026-07-06 17:06:00+00:00,63815.040045918,1,-0.6277096842618457,0.4,-1.0277096842618456,-0.12554193685236914,sl,False
sfp,-1,2026-07-06 17:10:00+00:00,63862.51311,2026-07-06 17:11:00+00:00,63763.47571,1,0.7753954172568522,0.4,0.3753954172568522,0.15507908345137045,tp,False
sfp,-1,2026-07-06 17:27:00+00:00,63891.51021,2026-07-06 17:30:00+00:00,63832.48261,3,0.4619361774826358,0.4,0.0619361774826358,0.09238723549652716,tp,False
sfp,1,2026-07-06 17:44:00+00:00,63706.26999,2026-07-06 17:45:00+00:00,63617.710232736004,1,-0.6950631176326771,0.4,-1.095063117632677,-0.13901262352653543,sl,False
sfp,1,2026-07-06 17:46:00+00:00,63678.167180000004,2026-07-06 17:53:00+00:00,63597.416322330006,7,-0.6340545060109504,0.4,-1.0340545060109503,-0.12681090120219007,sl,False
sfp,-1,2026-07-06 18:29:00+00:00,63724.92687,2026-07-06 18:30:00+00:00,63697.16908,1,0.21779381604181136,0.4,-0.18220618395818866,0.04355876320836227,tp,False
sfp,1,2026-07-06 18:57:00+00:00,63745.3739,2026-07-06 18:58:00+00:00,63683.990344062004,1,-0.48147459323316655,0.4,-0.8814745932331666,-0.09629491864663331,sl,False
sfp,1,2026-07-06 19:01:00+00:00,63689.76834,2026-07-06 19:03:00+00:00,63641.803003218,2,-0.37655449244172745,0.4,-0.7765544924417275,-0.07531089848834549,sl,False
sfp,1,2026-07-06 19:04:00+00:00,63667.3661,2026-07-06 19:04:00+00:00,63627.307352928,0,-0.3145940340070208,0.4,-0.7145940340070208,-0.06291880680140416,sl,False
sfp,1,2026-07-06 19:05:00+00:00,63654.66483,2026-07-06 19:14:00+00:00,63716.32773,9,0.48435491856468893,0.4,0.08435491856468891,0.09687098371293779,tp,False
sfp,-1,2026-07-06 19:17:00+00:00,63717.02766,2026-07-06 19:18:00+00:00,63793.83368549399,1,-0.6027119305049844,0.4,-1.0027119305049843,-0.12054238610099688,sl,False
sfp,-1,2026-07-06 19:20:00+00:00,63822.01716,2026-07-06 19:40:00+00:00,63746.624025,20,0.590651458187208,0.4,0.19065145818720797,0.1181302916374416,tp,False
sfp,-1,2026-07-06 19:50:00+00:00,63803.41902,2026-07-06 19:50:00+00:00,63792.47861,0,0.08573529575722771,0.4,-0.3142647042427723,0.017147059151445543,tp,False
sfp,1,2026-07-06 19:58:00+00:00,63747.874149999996,2026-07-06 19:59:00+00:00,63703.584464454,1,-0.3473816667343699,0.4,-0.7473816667343699,-0.06947633334687398,sl,False
sfp,-1,2026-07-06 20:23:00+00:00,63635.03586,2026-07-06 20:25:00+00:00,63691.703053451994,2,-0.44525152446417415,0.4,-0.8452515244641742,-0.08905030489283483,sl,False
sfp,-1,2026-07-06 20:33:00+00:00,63835.81578,2026-07-06 20:54:00+00:00,63873.65762709,21,-0.2963998080671715,0.4,-0.6963998080671715,-0.059279961613434295,sl,False
sfp,-1,2026-07-06 21:08:00+00:00,63855.6138,2026-07-06 21:08:00+00:00,63894.86398751399,0,-0.30733544929129053,0.4,-0.7073354492912906,-0.061467089858258106,sl,False
sfp,1,2026-07-06 21:32:00+00:00,64234.02276,2026-07-06 21:51:00+00:00,64424.05695,19,1.4792331371649148,0.4,1.0792331371649149,0.29584662743298296,tp,False
sfp,-1,2026-07-06 21:57:00+00:00,64354.46391,2026-07-06 22:06:00+00:00,64315.780935,9,0.30054616766050923,0.4,-0.09945383233949079,0.06010923353210185,tp,False
sfp,1,2026-07-06 22:47:00+00:00,64166.416,2026-07-06 22:48:00+00:00,64204.5789,1,0.29737440844446184,0.4,-0.10262559155553819,0.05947488168889237,tp,False
sfp,-1,2026-07-06 23:03:00+00:00,64272.27213,2026-07-06 23:03:00+00:00,64319.291286,0,-0.3657810315534915,0.4,-0.7657810315534915,-0.0731562063106983,sl,False
sfp,-1,2026-07-06 23:04:00+00:00,64282.17114,2026-07-06 23:09:00+00:00,64221.12147,5,0.47485693869175893,0.4,0.07485693869175891,0.09497138773835179,tp,False
sfp,1,2026-07-06 23:22:00+00:00,64132.71263,2026-07-06 23:25:00+00:00,64070.774281800004,3,-0.48289200362799933,0.4,-0.8828920036279994,-0.09657840072559987,sl,False
sfp,1,2026-07-06 23:27:00+00:00,64091.4085,2026-07-06 23:40:00+00:00,64049.980521384,13,-0.32319447789946887,0.4,-0.7231944778994689,-0.06463889557989377,sl,False
sfp,1,2026-07-06 23:41:00+00:00,64091.70853,2026-07-06 23:42:00+00:00,64036.384601112004,1,-0.4315997354174539,0.4,-0.8315997354174539,-0.08631994708349078,sl,False
sfp,1,2026-07-06 23:46:00+00:00,64065.80594,2026-07-06 23:46:00+00:00,64014.091290666,0,-0.40360570334846413,0.4,-0.8036057033484642,-0.08072114066969283,sl,False
sfp,1,2026-07-06 23:47:00+00:00,64059.10527,2026-07-06 23:53:00+00:00,64091.09025,6,0.24965209758387452,0.4,-0.1503479024161255,0.049930419516774904,tp,False
sfp,1,2026-07-06 23:59:00+00:00,64022.4016,2026-07-07 00:06:00+00:00,64070.99226,7,0.3794817031668174,0.4,-0.020518296833182625,0.07589634063336348,tp,False
sfp,1,2026-07-07 00:16:00+00:00,64030.10236999999,2026-07-07 00:16:00+00:00,64035.295829999995,0,0.0405548313041626,0.4,-0.3594451686958374,0.00811096626083252,tp,False
sfp,-1,2026-07-07 00:20:00+00:00,64068.69249,2026-07-07 00:20:00+00:00,64115.530171926,0,-0.3655270624830509,0.4,-0.7655270624830509,-0.07310541249661018,sl,False
sfp,-1,2026-07-07 00:22:00+00:00,64143.585,2026-07-07 00:23:00+00:00,64199.255283599996,1,-0.43395051586214706,0.4,-0.8339505158621471,-0.08679010317242941,sl,False
sfp,-1,2026-07-07 00:24:00+00:00,64166.882670000006,2026-07-07 00:24:00+00:00,64212.75933387,0,-0.35747929431084735,0.4,-0.7574792943108474,-0.07149585886216947,sl,False
sfp,-1,2026-07-07 00:56:00+00:00,64201.97916,2026-07-07 01:01:00+00:00,64116.160975,5,0.6683453230166836,0.4,0.26834532301668357,0.13366906460333672,tp,False
sfp,1,2026-07-07 01:06:00+00:00,63934.3928,2026-07-07 01:32:00+00:00,63834.645137076004,26,-0.7800782845942544,0.4,-1.1800782845942543,-0.1560156569188509,sl,False
sfp,1,2026-07-07 01:33:00+00:00,63892.688630000004,2026-07-07 01:36:00+00:00,63812.35182663,3,-0.628685418414876,0.4,-1.028685418414876,-0.1257370836829752,sl,False
sfp,-1,2026-07-07 01:50:00+00:00,63962.00316,2026-07-07 01:58:00+00:00,63862.935655,8,0.774424659216677,0.4,0.374424659216677,0.1548849318433354,tp,False
sfp,1,2026-07-07 02:09:00+00:00,63834.88285,2026-07-07 02:17:00+00:00,63736.074715104005,8,-0.773935272413484,0.4,-1.173935272413484,-0.1547870544826968,sl,False
sfp,1,2026-07-07 02:19:00+00:00,63789.57831999999,2026-07-07 02:22:00+00:00,63716.780504718,3,-0.5706090022793431,0.4,-0.9706090022793431,-0.11412180045586862,sl,False
sfp,1,2026-07-07 02:35:00+00:00,63477.547119999996,2026-07-07 02:51:00+00:00,63369.284777766,16,-0.8527609142594539,0.4,-1.2527609142594538,-0.17055218285189078,sl,False
sfp,1,2026-07-07 03:02:00+00:00,63276.02697,2026-07-07 03:29:00+00:00,63206.133734502,27,-0.5522884324827837,0.4,-0.9522884324827837,-0.11045768649655674,sl,False
sfp,1,2026-07-07 03:30:00+00:00,63270.02637,2026-07-07 03:33:00+00:00,63296.869679999996,3,0.21213291300858916,0.4,-0.18786708699141086,0.04242658260171783,tp,False
sfp,1,2026-07-07 03:45:00+00:00,63194.21879,2026-07-07 03:46:00+00:00,63132.455843028,1,-0.488675611112821,0.4,-0.888675611112821,-0.0977351222225642,sl,False
sfp,1,2026-07-07 03:48:00+00:00,63179.117280000006,2026-07-07 04:28:00+00:00,63237.725595,40,0.4638266370535771,0.4,0.06382663705357705,0.09276532741071541,tp,False
sfp,-1,2026-07-07 04:30:00+00:00,63227.07666,2026-07-07 04:37:00+00:00,63192.568625,7,0.2728896923825941,0.4,-0.12711030761740594,0.05457793847651882,tp,False
sfp,1,2026-07-07 04:51:00+00:00,63056.305,2026-07-07 05:09:00+00:00,63018.09016074,18,-0.3030215555763771,0.4,-0.7030215555763771,-0.06060431111527542,sl,False
sfp,1,2026-07-07 05:11:00+00:00,63041.103480000005,2026-07-07 05:12:00+00:00,62968.10515974,1,-0.5789740045014091,0.4,-0.9789740045014091,-0.11579480090028182,sl,False
sfp,-1,2026-07-07 05:34:00+00:00,63054.993870000006,2026-07-07 05:37:00+00:00,63135.836332337996,3,-0.6410472618922913,0.4,-1.0410472618922912,-0.12820945237845827,sl,False
sfp,-1,2026-07-07 05:39:00+00:00,63131.18625,2026-07-07 05:51:00+00:00,63183.550643291994,12,-0.41472682839061026,0.4,-0.8147268283906103,-0.08294536567812205,sl,False
sfp,-1,2026-07-07 05:54:00+00:00,63179.38143,2026-07-07 05:55:00+00:00,63235.96636434,1,-0.4478117153037253,0.4,-0.8478117153037253,-0.08956234306074506,sl,False
sfp,-1,2026-07-07 05:57:00+00:00,63184.88088,2026-07-07 05:57:00+00:00,63143.363705,0,0.3285372578199497,0.4,-0.07146274218005033,0.06570745156398994,tp,False
sfp,1,2026-07-07 06:02:00+00:00,63115.3109,2026-07-07 06:02:00+00:00,63160.18335,0,0.3554799093923311,0.4,-0.04452009060766893,0.07109598187846622,tp,False
sfp,1,2026-07-07 06:05:00+00:00,63100.40941,2026-07-07 06:05:00+00:00,63044.482241268,0,-0.4431601098545124,0.4,-0.8431601098545124,-0.08863202197090247,sl,False
sfp,1,2026-07-07 06:09:00+00:00,63036.403009999995,2026-07-07 06:12:00+00:00,62991.0982602,3,-0.35935386250390833,0.4,-0.7593538625039084,-0.07187077250078167,sl,False
sfp,1,2026-07-07 06:15:00+00:00,63019.00126999999,2026-07-07 06:15:00+00:00,63102.389129999996,0,0.6616088665284403,0.4,0.2616088665284403,0.13232177330568806,tp,False
sfp,-1,2026-07-07 06:29:00+00:00,63111.088260000004,2026-07-07 06:29:00+00:00,63147.539842572,0,-0.28878905099705143,0.4,-0.6887890509970515,-0.05775781019941029,sl,False
sfp,-1,2026-07-07 06:31:00+00:00,63114.6879,2026-07-07 06:31:00+00:00,63168.846232997996,0,-0.42904698414902853,0.4,-0.8290469841490286,-0.0858093968298057,sl,False
sfp,-1,2026-07-07 06:32:00+00:00,63129.78639,2026-07-07 06:33:00+00:00,63189.052293402,1,-0.4693973066522972,0.4,-0.8693973066522972,-0.09387946133045943,sl,False
sfp,-1,2026-07-07 06:36:00+00:00,63193.68,2026-07-07 06:37:00+00:00,63237.266754366006,1,-0.34486640409303604,0.4,-0.7448664040930361,-0.06897328081860721,sl,False
sfp,-1,2026-07-07 06:51:00+00:00,63246.87468,2026-07-07 06:53:00+00:00,63310.48871583,2,-0.5029026031077022,0.4,-0.9029026031077022,-0.10058052062154044,sl,False
sfp,-1,2026-07-07 07:04:00+00:00,63350.56431,2026-07-07 07:23:00+00:00,63293.078675,19,0.45371052038861714,0.4,0.05371052038861712,0.09074210407772343,tp,False
sfp,1,2026-07-07 07:24:00+00:00,63299.62933,2026-07-07 07:24:00+00:00,63251.0202654,0,-0.3839601046207175,0.4,-0.7839601046207175,-0.0767920209241435,sl,False
sfp,1,2026-07-07 07:28:00+00:00,63251.62453,2026-07-07 07:33:00+00:00,63186.139734102006,5,-0.5176530751944131,0.4,-0.9176530751944131,-0.10353061503888261,sl,False
sfp,1,2026-07-07 07:39:00+00:00,63108.71024,2026-07-07 08:04:00+00:00,63043.082661240005,25,-0.5199565837299969,0.4,-0.9199565837299969,-0.10399131674599937,sl,False
sfp,1,2026-07-07 08:05:00+00:00,63059.005269999994,2026-07-07 08:06:00+00:00,63024.08836086,1,-0.27685902267637896,0.4,-0.676859022676379,-0.05537180453527579,sl,False
sfp,1,2026-07-07 08:09:00+00:00,63036.603030000006,2026-07-07 08:11:00+00:00,63083.89098,2,0.37508326691937377,0.4,-0.024916733080626252,0.07501665338387475,tp,False
sfp,-1,2026-07-07 08:14:00+00:00,63089.590410000004,2026-07-07 08:16:00+00:00,63085.45791499999,2,0.03275100514327223,0.4,-0.3672489948567278,0.006550201028654445,tp,False
sfp,1,2026-07-07 08:56:00+00:00,63025.3019,2026-07-07 08:56:00+00:00,63048.49452,0,0.1839945172876778,0.4,-0.21600548271232223,0.03679890345753556,tp,False
sfp,-1,2026-07-07 09:00:00+00:00,63067.6926,2026-07-07 09:00:00+00:00,63051.754544999996,0,0.12635673149713478,0.4,-0.27364326850286524,0.025271346299426956,tp,False
sfp,-1,2026-07-07 09:13:00+00:00,63175.881779999996,2026-07-07 09:14:00+00:00,63223.562644091995,1,-0.37736603549154424,0.4,-0.7773660354915443,-0.07547320709830885,sl,False
sfp,1,2026-07-07 09:33:00+00:00,63150.01437,2026-07-07 09:38:00+00:00,63174.58191,5,0.1945172954044283,0.4,-0.20548270459557172,0.03890345908088566,tp,False
sfp,-1,2026-07-07 10:04:00+00:00,63387.96057,2026-07-07 10:29:00+00:00,63307.43011000001,25,0.6352188907471357,0.4,0.23521889074713564,0.12704377814942713,tp,False
sfp,1,2026-07-07 10:32:00+00:00,63214.72084,2026-07-07 11:00:00+00:00,63166.445643708,28,-0.3818350824817407,0.4,-0.7818350824817407,-0.07636701649634814,sl,False
sfp,1,2026-07-07 11:03:00+00:00,63141.61353,2026-07-07 11:04:00+00:00,63086.46964210801,1,-0.43666834603295346,0.4,-0.8366683460329535,-0.08733366920659069,sl,False
sfp,1,2026-07-07 11:05:00+00:00,63143.513719999995,2026-07-07 11:07:00+00:00,63182.98107,2,0.31252101502476926,0.4,-0.08747898497523077,0.06250420300495385,tp,False
sfp,-1,2026-07-07 11:24:00+00:00,63168.98247,2026-07-07 11:32:00+00:00,63143.81375,8,0.19921739290285068,0.4,-0.20078260709714935,0.039843478580570135,tp,False
sfp,-1,2026-07-07 11:37:00+00:00,63179.98137,2026-07-07 11:38:00+00:00,63159.565324999996,1,0.1615705208936613,0.4,-0.23842947910633872,0.03231410417873226,tp,False
sfp,-1,2026-07-07 11:52:00+00:00,63328.16655,2026-07-07 12:04:00+00:00,63446.829608556,12,-0.9368900524090451,0.4,-1.336890052409045,-0.18737801048180902,sl,False
sfp,-1,2026-07-07 12:08:00+00:00,63694.92987000001,2026-07-07 12:12:00+00:00,63772.12717506,4,-0.6059925430292878,0.4,-1.0059925430292878,-0.12119850860585757,sl,False
sfp,1,2026-07-07 12:51:00+00:00,63481.747540000004,2026-07-07 12:56:00+00:00,63430.966269000004,5,-0.39996749434162426,0.4,-0.7999674943416243,-0.07999349886832485,sl,False
sfp,1,2026-07-07 13:00:00+00:00,63458.14518,2026-07-07 13:00:00+00:00,63404.574188472005,0,-0.4220970481885189,0.4,-0.8220970481885189,-0.08441940963770378,sl,False
sfp,1,2026-07-07 13:02:00+00:00,63457.645130000004,2026-07-07 13:04:00+00:00,63356.188707504,2,-0.7994026747144556,0.4,-1.1994026747144555,-0.15988053494289112,sl,False
sfp,1,2026-07-07 13:08:00+00:00,63316.230990000004,2026-07-07 13:11:00+00:00,63241.0232652,3,-0.593905572268516,0.4,-0.9939055722685161,-0.11878111445370321,sl,False
sfp,1,2026-07-07 13:12:00+00:00,63292.62863,2026-07-07 13:16:00+00:00,63224.02836486,4,-0.5419293417328608,0.4,-0.9419293417328608,-0.10838586834657216,sl,False
sfp,1,2026-07-07 13:17:00+00:00,63271.3265,2026-07-07 13:21:00+00:00,63210.632384592005,4,-0.4796336568666515,0.4,-0.8796336568666515,-0.0959267313733303,sl,False
sfp,1,2026-07-07 13:23:00+00:00,63240.22339,2026-07-07 13:23:00+00:00,63159.447743568,0,-0.6386413749193687,0.4,-1.0386413749193686,-0.12772827498387374,sl,False
sfp,1,2026-07-07 13:38:00+00:00,63106.31,2026-07-07 13:39:00+00:00,62992.497840228,1,-0.9017494429003348,0.4,-1.3017494429003347,-0.18034988858006695,sl,False
sfp,-1,2026-07-07 13:48:00+00:00,63258.17355,2026-07-07 13:48:00+00:00,63395.014067519995,0,-1.0816034501204275,0.4,-1.4816034501204274,-0.2163206900240855,sl,False
sfp,1,2026-07-07 14:01:00+00:00,62994.39881,2026-07-07 14:06:00+00:00,63180.231345,5,1.474992527196739,0.4,1.074992527196739,0.2949985054393478,tp,False
sfp,-1,2026-07-07 14:32:00+00:00,63087.89058,2026-07-07 14:32:00+00:00,63043.753744999995,0,0.34980433324233173,0.4,-0.05019566675766829,0.06996086664846635,tp,False
sfp,-1,2026-07-07 14:33:00+00:00,63081.49122,2026-07-07 14:33:00+00:00,63193.9537635,0,-0.8914068241331341,0.4,-1.291406824133134,-0.17828136482662682,sl,False
sfp,-1,2026-07-07 14:35:00+00:00,63156.88368,2026-07-07 14:35:00+00:00,63055.75494499999,0,0.8006153019867179,0.4,0.4006153019867179,0.1601230603973436,tp,False
sfp,1,2026-07-07 14:39:00+00:00,62827.38211,2026-07-07 14:45:00+00:00,63013.19805,6,1.4787814943066913,0.4,1.0787814943066913,0.29575629886133825,tp,False
sfp,-1,2026-07-07 14:49:00+00:00,63181.98117000001,2026-07-07 14:51:00+00:00,63293.283555486,2,-0.8808079726601026,0.4,-1.2808079726601025,-0.17616159453202052,sl,False
sfp,-1,2026-07-07 14:52:00+00:00,63214.07796,2026-07-07 14:52:00+00:00,63334.49591631,0,-0.9524615417644267,0.4,-1.3524615417644266,-0.19049230835288533,sl,False
sfp,-1,2026-07-07 14:54:00+00:00,63269.87238,2026-07-07 14:58:00+00:00,63507.047669759995,4,-1.8743145895373514,0.4,-2.2743145895373513,-0.3748629179074703,sl,False
sfp,-1,2026-07-07 15:18:00+00:00,63548.6445,2026-07-07 15:22:00+00:00,63656.692552752,4,-0.8501208295008666,0.4,-1.2501208295008666,-0.17002416590017333,sl,False
sfp,-1,2026-07-07 15:29:00+00:00,63687.830579999994,2026-07-07 15:35:00+00:00,63792.433265466,6,-0.8212140727152928,0.4,-1.2212140727152927,-0.16424281454305856,sl,False
sfp,-1,2026-07-07 15:47:00+00:00,63951.90417,2026-07-07 15:47:00+00:00,64052.111150658,0,-0.7834558013442017,0.4,-1.1834558013442016,-0.15669116026884033,sl,False
sfp,-1,2026-07-07 15:48:00+00:00,64019.09745,2026-07-07 15:48:00+00:00,64073.91769109399,0,-0.4281553729870158,0.4,-0.8281553729870158,-0.08563107459740316,sl,False
sfp,-1,2026-07-07 15:49:00+00:00,64043.99496,2026-07-07 16:08:00+00:00,63853.234684999996,19,1.4892908782404013,0.4,1.0892908782404014,0.29785817564808026,tp,False
sfp,1,2026-07-07 16:11:00+00:00,63865.58592,2026-07-07 16:11:00+00:00,63800.855276400005,0,-0.5067724868372259,0.4,-0.9067724868372259,-0.10135449736744517,sl,False
sfp,1,2026-07-07 16:12:00+00:00,63825.78194,2026-07-07 16:20:00+00:00,63941.905170000005,8,0.909689050963558,0.4,0.509689050963558,0.1819378101927116,tp,False
sfp,-1,2026-07-07 16:27:00+00:00,63983.90097,2026-07-07 16:40:00+00:00,64069.116250998,13,-0.6659118911642725,0.4,-1.0659118911642724,-0.1331823782328545,sl,False
sfp,-1,2026-07-07 16:41:00+00:00,63981.001260000005,2026-07-07 16:51:00+00:00,64087.821861371995,10,-0.8347837582121098,0.4,-1.2347837582121097,-0.16695675164242196,sl,False
sfp,-1,2026-07-07 16:53:00+00:00,64137.08565,2026-07-07 16:57:00+00:00,64052.70463,4,0.6578176973964234,0.4,0.25781769739642335,0.13156353947928467,tp,False
sfp,-1,2026-07-07 17:29:00+00:00,64102.68909,2026-07-07 17:35:00+00:00,64154.041722696,6,-0.40054975403525095,0.4,-0.800549754035251,-0.08010995080705019,sl,False
sfp,-1,2026-07-07 17:37:00+00:00,64103.38902,2026-07-07 17:44:00+00:00,64187.251683359995,7,-0.6541203565214593,0.4,-1.0541203565214592,-0.13082407130429186,sl,False
sfp,-1,2026-07-07 17:46:00+00:00,64151.28423,2026-07-07 18:00:00+00:00,64103.00966,14,0.37625567889582046,0.4,-0.023744321104179567,0.07525113577916409,tp,False
sfp,1,2026-07-07 18:10:00+00:00,64053.604719999996,2026-07-07 18:20:00+00:00,64077.491610000005,10,0.18646015399470528,0.4,-0.21353984600529474,0.037292030798941056,tp,False
sfp,-1,2026-07-07 18:24:00+00:00,64096.68969,2026-07-07 18:24:00+00:00,64045.553915000004,0,0.3988956001262367,0.4,-0.0011043998737633176,0.07977912002524734,tp,False
sfp,-1,2026-07-07 18:25:00+00:00,64018.19754,2026-07-07 18:25:00+00:00,64037.20308,0,-0.1484385747358985,0.4,-0.5484385747358985,-0.0296877149471797,tp,False
sfp,1,2026-07-07 18:29:00+00:00,63978.89725,2026-07-07 18:30:00+00:00,63929.416698971996,1,-0.38669430980231567,0.4,-0.7866943098023157,-0.07733886196046313,sl,False
sfp,1,2026-07-07 18:31:00+00:00,63960.895449999996,2026-07-07 18:39:00+00:00,64030.5963,8,0.5448708113732215,0.4,0.14487081137322144,0.10897416227464429,tp,False
sfp,-1,2026-07-07 18:47:00+00:00,64084.19094,2026-07-07 18:49:00+00:00,64026.552014999994,2,0.44971251220110586,0.4,0.04971251220110584,0.08994250244022117,tp,False
sfp,1,2026-07-07 18:51:00+00:00,63843.683730000004,2026-07-07 18:51:00+00:00,63758.268055548004,0,-0.6689438129324765,0.4,-1.0689438129324764,-0.1337887625864953,sl,False
sfp,1,2026-07-07 18:54:00+00:00,63765.17588,2026-07-07 18:59:00+00:00,63647.301353328,5,-0.9242860624569249,0.4,-1.3242860624569248,-0.18485721249138498,sl,False
sfp,1,2026-07-07 19:02:00+00:00,63702.26959,2026-07-07 19:03:00+00:00,63627.407322930005,1,-0.5875949754367005,0.4,-0.9875949754367005,-0.1175189950873401,sl,False
sfp,1,2026-07-07 19:12:00+00:00,63531.152480000004,2026-07-07 19:15:00+00:00,63481.95097002,3,-0.38722349634295883,0.4,-0.7872234963429589,-0.07744469926859177,sl,False
sfp,-1,2026-07-07 19:30:00+00:00,63566.14275,2026-07-07 19:31:00+00:00,63682.000143257996,1,-0.9113136981871994,0.4,-1.3113136981871993,-0.18226273963743989,sl,False
sfp,1,2026-07-07 20:34:00+00:00,63650.06436999999,2026-07-07 21:00:00+00:00,63697.079655,26,0.36932629578112497,0.4,-0.030673704218875053,0.073865259156225,tp,False
sfp,-1,2026-07-07 21:08:00+00:00,63775.12185,2026-07-07 21:16:00+00:00,63700.369399999996,8,0.5860627767660387,0.4,0.18606277676603866,0.11721255535320774,tp,False
sfp,1,2026-07-07 21:17:00+00:00,63619.86135,2026-07-07 21:17:00+00:00,63585.41992209,0,-0.2706814128415336,0.4,-0.6706814128415336,-0.054136282568306715,sl,False
sfp,1,2026-07-07 21:27:00+00:00,63417.74114,2026-07-07 21:38:00+00:00,63347.49131733,11,-0.5538656959959698,0.4,-0.9538656959959698,-0.11077313919919396,sl,False
sfp,1,2026-07-07 22:02:00+00:00,63269.62633,2026-07-07 22:07:00+00:00,63353.863979999995,5,0.6657037103445784,0.4,0.2657037103445784,0.13314074206891569,tp,False
sfp,-1,2026-07-07 22:20:00+00:00,63433.55601,2026-07-07 22:34:00+00:00,63501.445989648,14,-0.5351267051566522,0.4,-0.9351267051566522,-0.10702534103133043,sl,False
sfp,-1,2026-07-07 22:38:00+00:00,63585.6408,2026-07-07 22:49:00+00:00,63491.94856,11,0.7367405503916902,0.4,0.33674055039169015,0.14734811007833803,tp,False
sfp,1,2026-07-07 23:40:00+00:00,63530.65243,2026-07-07 23:42:00+00:00,63491.648060214,2,-0.306972841408959,0.4,-0.706972841408959,-0.061394568281791795,sl,False
sfp,1,2026-07-07 23:46:00+00:00,63426.64203,2026-07-07 23:52:00+00:00,63373.883397858,6,-0.41590276935243864,0.4,-0.8159027693524387,-0.08318055387048773,sl,False
sfp,1,2026-07-07 23:55:00+00:00,63366.335999999996,2026-07-07 23:55:00+00:00,63332.595787032005,0,-0.2662313706128794,0.4,-0.6662313706128794,-0.053246274122575876,sl,False
sfp,1,2026-07-08 00:00:00+00:00,63341.73354,2026-07-08 00:00:00+00:00,63283.81042605601,0,-0.45722709741924383,0.4,-0.8572270974192439,-0.09144541948384877,sl,False
sfp,1,2026-07-08 00:02:00+00:00,63313.03066999999,2026-07-08 00:04:00+00:00,63399.859379999994,2,0.6857096326076118,0.4,0.28570963260761173,0.13714192652152235,tp,False
sfp,-1,2026-07-08 00:07:00+00:00,63404.358929999995,2026-07-08 00:10:00+00:00,63465.435188928,3,-0.48164085213320273,0.4,-0.8816408521332028,-0.09632817042664055,sl,False
sfp,-1,2026-07-08 00:11:00+00:00,63395.159850000004,2026-07-08 00:13:00+00:00,63493.143499481994,2,-0.7728007131287962,0.4,-1.172800713128796,-0.15456014262575923,sl,False
sfp,-1,2026-07-08 00:15:00+00:00,63461.15325,2026-07-08 00:21:00+00:00,63506.047369739994,6,-0.3537133934765624,0.4,-0.7537133934765624,-0.07074267869531248,sl,False
sfp,-1,2026-07-08 00:26:00+00:00,63569.74239,2026-07-08 00:26:00+00:00,63607.177701762,0,-0.2944428461919557,0.4,-0.6944428461919557,-0.05888856923839114,sl,False
sfp,-1,2026-07-08 00:29:00+00:00,63573.642,2026-07-08 00:43:00+00:00,63669.496393008005,14,-0.7538847075019284,0.4,-1.1538847075019283,-0.15077694150038567,sl,False
sfp,-1,2026-07-08 00:46:00+00:00,63663.633,2026-07-08 00:48:00+00:00,63604.509815,2,0.464340332258506,0.4,0.064340332258506,0.0928680664517012,tp,False
sfp,1,2026-07-08 01:09:00+00:00,63481.24749,2026-07-08 01:13:00+00:00,63545.094854999996,4,0.5028836666296499,0.4,0.10288366662964987,0.10057673332592998,tp,False
sfp,1,2026-07-08 01:32:00+00:00,63408.74024,2026-07-08 01:33:00+00:00,63341.093237202,1,-0.5334201763191881,0.4,-0.9334201763191882,-0.10668403526383763,sl,False
sfp,1,2026-07-08 01:35:00+00:00,63323.93176,2026-07-08 01:36:00+00:00,63289.308776166006,1,-0.27337992818587953,0.4,-0.6733799281858796,-0.054675985637175906,sl,False
sfp,1,2026-07-08 02:05:00+00:00,62907.39011,2026-07-08 02:09:00+00:00,62820.949316796,4,-0.6870480006629376,0.4,-1.0870480006629375,-0.13740960013258752,sl,False
sfp,1,2026-07-08 02:12:00+00:00,62849.2843,2026-07-08 02:32:00+00:00,62760.867345594,20,-0.7034046241796155,0.4,-1.1034046241796154,-0.1406809248359231,sl,False
sfp,1,2026-07-08 02:38:00+00:00,62754.474819999996,2026-07-08 02:40:00+00:00,62792.02017,2,0.2991448028821786,0.4,-0.10085519711782143,0.05982896057643572,tp,False
sfp,-1,2026-07-08 02:47:00+00:00,62943.90498,2026-07-08 03:02:00+00:00,63056.012390742,15,-0.8905342842775443,0.4,-1.2905342842775442,-0.17810685685550887,sl,False
sfp,-1,2026-07-08 03:05:00+00:00,63000.39933,2026-07-08 03:06:00+00:00,62952.89466,1,0.37701880071561167,0.4,-0.022981199284388354,0.07540376014312233,tp,False
sfp,-1,2026-07-08 03:14:00+00:00,63040.49532,2026-07-08 03:18:00+00:00,62962.99567,4,0.6146814805833012,0.4,0.21468148058330117,0.12293629611666024,tp,False
sfp,1,2026-07-08 03:36:00+00:00,62935.392909999995,2026-07-08 03:46:00+00:00,62871.034287798,10,-0.5113070660735519,0.4,-0.9113070660735519,-0.10226141321471038,sl,False
sfp,1,2026-07-08 03:47:00+00:00,62902.989669999995,2026-07-08 03:49:00+00:00,62849.440767366,2,-0.4256467213634707,0.4,-0.8256467213634707,-0.08512934427269414,sl,False
sfp,-1,2026-07-08 04:23:00+00:00,62818.21755,2026-07-08 04:32:00+00:00,62877.85895718,9,-0.4747142589052178,0.4,-0.8747142589052178,-0.09494285178104356,sl,False
sfp,1,2026-07-08 04:36:00+00:00,62812.580630000004,2026-07-08 04:37:00+00:00,62725.67790489,1,-0.69176209796179,0.4,-1.09176209796179,-0.138352419592358,sl,False
sfp,1,2026-07-08 04:41:00+00:00,62763.875759999995,2026-07-08 04:50:00+00:00,62661.69710361,9,-0.8139925646140078,0.4,-1.2139925646140077,-0.16279851292280156,sl,False
sfp,1,2026-07-08 04:52:00+00:00,62719.97137,2026-07-08 04:59:00+00:00,62769.372435000005,7,0.3938224453944317,0.4,-0.006177554605568347,0.07876448907888633,tp,False
sfp,-1,2026-07-08 05:00:00+00:00,62760.62331,2026-07-08 05:04:00+00:00,62806.437535752,4,-0.36499180007898424,0.4,-0.7649918000789843,-0.07299836001579685,sl,False
sfp,-1,2026-07-08 05:05:00+00:00,62754.62391,2026-07-08 05:06:00+00:00,62828.8442562,1,-0.591353605325029,0.4,-0.991353605325029,-0.1182707210650058,sl,False
sfp,-1,2026-07-08 05:08:00+00:00,62789.62041,2026-07-08 05:24:00+00:00,62733.072680000005,16,0.45029520508926835,0.4,0.050295205089268324,0.09005904101785367,tp,False
sfp,1,2026-07-08 05:26:00+00:00,62745.373909999995,2026-07-08 05:27:00+00:00,62697.58633432801,1,-0.38080556935188303,0.4,-0.780805569351883,-0.0761611138703766,sl,False
sfp,1,2026-07-08 05:28:00+00:00,62723.17169,2026-07-08 05:32:00+00:00,62669.194853760004,4,-0.43027827504299454,0.4,-0.8302782750429946,-0.08605565500859891,sl,False
sfp,1,2026-07-08 05:34:00+00:00,62704.36981,2026-07-08 05:34:00+00:00,62736.7257,0,0.2580034700775391,0.4,-0.14199652992246092,0.05160069401550782,tp,False
sfp,1,2026-07-08 05:35:00+00:00,62753.17469,2026-07-08 05:39:00+00:00,62644.20235326,4,-0.8682615443626474,0.4,-1.2682615443626473,-0.17365230887252947,sl,False
sfp,1,2026-07-08 05:49:00+00:00,62562.05558,2026-07-08 05:52:00+00:00,62521.639130808006,3,-0.3230108794963771,0.4,-0.7230108794963771,-0.06460217589927542,sl,False
sfp,1,2026-07-08 05:53:00+00:00,62556.955069999996,2026-07-08 05:57:00+00:00,62640.185354999994,4,0.6652360629354481,0.4,0.2652360629354481,0.13304721258708962,tp,False
sfp,1,2026-07-08 06:15:00+00:00,62605.459919999994,2026-07-08 06:15:00+00:00,62596.03977,0,-0.07523425282734975,0.4,-0.47523425282734977,-0.01504685056546995,tp,False
sfp,1,2026-07-08 06:23:00+00:00,62546.254,2026-07-08 06:24:00+00:00,62570.492325,1,0.1937632028290448,0.4,-0.20623679717095522,0.03875264056580896,tp,False
sfp,-1,2026-07-08 06:26:00+00:00,62601.03927,2026-07-08 06:27:00+00:00,62679.49946321399,1,-0.62666845573911,0.4,-1.02666845573911,-0.125333691147822,sl,False
sfp,-1,2026-07-08 06:28:00+00:00,62651.034270000004,2026-07-08 06:30:00+00:00,62554.054780000006,2,0.7739655947422985,0.4,0.3739655947422985,0.1547931189484597,tp,False
sfp,-1,2026-07-08 06:53:00+00:00,62680.33134,2026-07-08 07:00:00+00:00,62581.35751,7,0.7895126579909872,0.4,0.3895126579909872,0.15790253159819745,tp,False
sfp,-1,2026-07-08 07:16:00+00:00,62682.03117,2026-07-08 07:25:00+00:00,62740.717824438,9,-0.46812980803723203,0.4,-0.868129808037232,-0.0936259616074464,sl,False
sfp,-1,2026-07-08 07:31:00+00:00,62799.81939,2026-07-08 07:34:00+00:00,62834.645996316,3,-0.2772826948730378,0.4,-0.6772826948730378,-0.05545653897460756,sl,False
sfp,-1,2026-07-08 07:36:00+00:00,62807.11866,2026-07-08 07:38:00+00:00,62739.823355,2,0.5357299175297037,0.4,0.13572991752970365,0.10714598350594073,tp,False
sfp,-1,2026-07-08 08:03:00+00:00,62849.31444,2026-07-08 08:06:00+00:00,62916.87065796,3,-0.5374459416298549,0.4,-0.937445941629855,-0.10748918832597099,sl,False
sfp,-1,2026-07-08 08:07:00+00:00,62877.01167000001,2026-07-08 08:07:00+00:00,62846.384009999994,0,0.24355212808740978,0.4,-0.15644787191259024,0.048710425617481956,tp,False
sfp,1,2026-07-08 08:09:00+00:00,62801.67954,2026-07-08 08:16:00+00:00,62747.17145532,7,-0.43396995971484165,0.4,-0.8339699597148417,-0.08679399194296833,sl,False
sfp,1,2026-07-08 08:19:00+00:00,62447.74415,2026-07-08 08:21:00+00:00,62263.816495650004,2,-1.4726525101387278,0.4,-1.8726525101387277,-0.29453050202774556,sl,False
sfp,1,2026-07-08 08:23:00+00:00,62296.02898,2026-07-08 08:23:00+00:00,62203.33464444,0,-0.7439826990398024,0.4,-1.1439826990398023,-0.14879653980796048,sl,False
sfp,1,2026-07-08 08:33:00+00:00,61989.998380000005,2026-07-08 08:37:00+00:00,61895.92688829001,4,-0.7587634632069129,0.4,-1.1587634632069128,-0.15175269264138258,sl,False
sfp,1,2026-07-08 08:40:00+00:00,61963.09569,2026-07-08 08:42:00+00:00,61861.4372376,2,-0.8203145054969108,0.4,-1.2203145054969107,-0.16406290109938215,sl,False
sfp,1,2026-07-08 08:43:00+00:00,61929.79236,2026-07-08 08:45:00+00:00,62082.7911,2,1.2352595913015518,0.4,0.8352595913015518,0.24705191826031037,tp,False
sfp,-1,2026-07-08 08:50:00+00:00,62149.08447,2026-07-08 08:58:00+00:00,62003.649744999995,8,1.170047203754132,0.4,0.770047203754132,0.23400944075082641,tp,False
sfp,1,2026-07-08 09:14:00+00:00,61917.991180000005,2026-07-08 09:14:00+00:00,61875.43303788,0,-0.3436653976409132,0.4,-0.7436653976409132,-0.06873307952818264,sl,False
sfp,1,2026-07-08 09:18:00+00:00,61777.87717,2026-07-08 09:30:00+00:00,61910.70831,12,1.0750704466137018,0.4,0.6750704466137017,0.21501408932274035,tp,False
sfp,-1,2026-07-08 09:36:00+00:00,62065.19286,2026-07-08 10:05:00+00:00,61900.939475,29,1.3232326963883434,0.4,0.9232326963883434,0.2646465392776687,tp,False
sfp,-1,2026-07-08 10:24:00+00:00,61998.899489999996,2026-07-08 10:25:00+00:00,62068.616240999996,1,-0.5622418427866371,0.4,-0.9622418427866372,-0.11244836855732743,sl,False
sfp,-1,2026-07-08 10:31:00+00:00,62043.795,2026-07-08 10:31:00+00:00,62102.426381676,0,-0.4724999629375226,0.4,-0.8724999629375226,-0.09449999258750452,sl,False
sfp,-1,2026-07-08 10:33:00+00:00,62063.39304,2026-07-08 10:34:00+00:00,62128.034062188,1,-0.5207660991587426,0.4,-0.9207660991587426,-0.10415321983174852,sl,False
sfp,-1,2026-07-08 10:37:00+00:00,62073.792,2026-07-08 10:50:00+00:00,62146.939732566,13,-0.5891998072713456,0.4,-0.9891998072713456,-0.11783996145426912,sl,False
sfp,-1,2026-07-08 10:51:00+00:00,62114.28795,2026-07-08 11:11:00+00:00,62095.858965,20,0.14834739001462482,0.4,-0.2516526099853752,0.029669478002924965,tp,False
sfp,1,2026-07-08 11:28:00+00:00,62049.804359999995,2026-07-08 11:29:00+00:00,62087.59062,1,0.30448331295918063,0.4,-0.09551668704081939,0.060896662591836126,tp,False
sfp,-1,2026-07-08 11:36:00+00:00,62120.587320000006,2026-07-08 11:43:00+00:00,62179.349453213996,7,-0.472968268243279,0.4,-0.872968268243279,-0.0945936536486558,sl,False
sfp,-1,2026-07-08 12:09:00+00:00,62293.770000000004,2026-07-08 12:22:00+00:00,62257.02508,13,0.29493254301354854,0.4,-0.10506745698645148,0.05898650860270971,tp,False
sfp,1,2026-07-08 12:29:00+00:00,62248.52423,2026-07-08 12:32:00+00:00,62173.34364384,3,-0.6038744459404,0.4,-1.0038744459403999,-0.12077488918807999,sl,False
sfp,1,2026-07-08 12:37:00+00:00,62100.309409999994,2026-07-08 12:45:00+00:00,62041.383241200005,8,-0.47444343965297175,0.4,-0.8744434396529718,-0.09488868793059435,sl,False
sfp,1,2026-07-08 12:46:00+00:00,62071.306509999995,2026-07-08 12:50:00+00:00,62028.087230934,4,-0.3481421730589518,0.4,-0.7481421730589518,-0.06962843461179036,sl,False
sfp,1,2026-07-08 12:51:00+00:00,62086.107990000004,2026-07-08 12:56:00+00:00,62015.79092068801,5,-0.5662866588715953,0.4,-0.9662866588715954,-0.11325733177431907,sl,False
sfp,1,2026-07-08 13:02:00+00:00,61951.29451,2026-07-08 13:05:00+00:00,61896.4267383,3,-0.4428299047983808,0.4,-0.8428299047983808,-0.08856598095967616,sl,False
sfp,-1,2026-07-08 13:36:00+00:00,61947.40464,2026-07-08 13:45:00+00:00,61887.788160000004,9,0.48118626071946835,0.4,0.08118626071946833,0.09623725214389367,tp,False
sfp,-1,2026-07-08 14:11:00+00:00,62005.998779999994,2026-07-08 14:13:00+00:00,62118.631241999996,2,-0.9082384302817603,0.4,-1.3082384302817602,-0.18164768605635206,sl,False
sfp,-1,2026-07-08 14:14:00+00:00,62080.69131,2026-07-08 14:16:00+00:00,61863.68575,2,1.7477701634827647,0.4,1.3477701634827648,0.34955403269655294,tp,False
sfp,-1,2026-07-08 14:23:00+00:00,62085.29085,2026-07-08 14:27:00+00:00,61967.49613,4,0.9486523972690453,0.4,0.5486523972690452,0.18973047945380905,tp,False
sfp,1,2026-07-08 15:13:00+00:00,61739.77336,2026-07-08 15:14:00+00:00,61638.304193136006,1,-0.8217487799342393,0.4,-1.2217487799342392,-0.16434975598684787,sl,False
sfp,1,2026-07-08 15:26:00+00:00,61564.1558,2026-07-08 15:33:00+00:00,61692.280155,7,1.0405759108939039,0.4,0.6405759108939039,0.20811518217878078,tp,False
sfp,-1,2026-07-08 15:38:00+00:00,61708.92849,2026-07-08 15:41:00+00:00,61646.164,3,0.5085527454116723,0.4,0.10855274541167226,0.10171054908233446,tp,False
sfp,-1,2026-07-08 16:02:00+00:00,61718.52753,2026-07-08 16:05:00+00:00,61779.22944521399,3,-0.4917641237024428,0.4,-0.8917641237024428,-0.09835282474048856,sl,False
sfp,-1,2026-07-08 16:23:00+00:00,61875.31185,2026-07-08 16:27:00+00:00,61952.481408678,4,-0.6235892504677931,0.4,-1.023589250467793,-0.12471785009355862,sl,False
sfp,-1,2026-07-08 16:28:00+00:00,61896.00978,2026-07-08 16:33:00+00:00,61848.634244999994,5,0.3827026586075144,0.4,-0.01729734139248562,0.07654053172150288,tp,False
sfp,1,2026-07-08 16:39:00+00:00,61793.37871999999,2026-07-08 16:39:00+00:00,61860.71330999999,0,0.5448366102872582,0.4,0.14483661028725814,0.10896732205745163,tp,False
sfp,1,2026-07-08 16:40:00+00:00,61876.28701,2026-07-08 16:40:00+00:00,61865.962784999996,0,-0.0834263455266604,0.4,-0.4834263455266604,-0.01668526910533208,tp,False
sfp,-1,2026-07-08 16:44:00+00:00,62004.19896,2026-07-08 16:55:00+00:00,62085.12119133,11,-0.6525544454030197,0.4,-1.0525544454030196,-0.13051088908060393,sl,False
sfp,-1,2026-07-08 16:59:00+00:00,62088.490529999995,2026-07-08 17:20:00+00:00,62148.440182596,21,-0.4827758903804824,0.4,-0.8827758903804824,-0.09655517807609648,sl,False
sfp,-1,2026-07-08 17:32:00+00:00,62273.67201,2026-07-08 17:32:00+00:00,62327.293826172,0,-0.430533598238636,0.4,-0.830533598238636,-0.0861067196477272,sl,False
sfp,-1,2026-07-08 17:35:00+00:00,62313.06807,2026-07-08 17:50:00+00:00,62185.51793,15,1.0234622042419317,0.4,0.6234622042419317,0.20469244084838634,tp,False
sfp,-1,2026-07-08 18:14:00+00:00,62262.47313,2026-07-08 18:18:00+00:00,62306.68764576,4,-0.35506552773523214,0.4,-0.7550655277352322,-0.07101310554704643,sl,False
sfp,-1,2026-07-08 18:20:00+00:00,62274.17196,2026-07-08 18:26:00+00:00,62178.767255,6,0.7660054079987044,0.4,0.3660054079987044,0.15320108159974088,tp,False
sfp,1,2026-07-08 18:38:00+00:00,62077.507130000005,2026-07-08 18:50:00+00:00,62190.930285,12,0.9135608068351342,0.4,0.5135608068351342,0.18271216136702684,tp,False
sfp,-1,2026-07-08 18:54:00+00:00,62202.97908,2026-07-08 19:08:00+00:00,62124.86186499999,14,0.6279218146412191,0.4,0.22792181464121908,0.12558436292824382,tp,False
sfp,1,2026-07-08 19:17:00+00:00,62082.2076,2026-07-08 19:21:00+00:00,62153.784,4,0.5764646810014762,0.4,0.17646468100147616,0.11529293620029524,tp,False
sfp,-1,2026-07-08 19:26:00+00:00,62189.580420000006,2026-07-08 19:30:00+00:00,62238.36715439399,4,-0.3922420288455797,0.4,-0.7922420288455797,-0.07844840576911594,sl,False
sfp,-1,2026-07-08 19:31:00+00:00,62178.981479999995,2026-07-08 19:36:00+00:00,62251.77117466199,5,-0.585323954569783,0.4,-0.9853239545697831,-0.1170647909139566,sl,False
sfp,-1,2026-07-08 19:37:00+00:00,62226.37674,2026-07-08 19:44:00+00:00,62268.676244999995,7,-0.3398840428773253,0.4,-0.7398840428773253,-0.06797680857546506,sl,False
sfp,-1,2026-07-08 19:46:00+00:00,62218.177560000004,2026-07-08 19:47:00+00:00,62216.821059999995,1,0.010901155041875832,0.4,-0.3890988449581242,0.0021802310083751664,tp,False
sfp,-1,2026-07-08 20:08:00+00:00,62232.37614,2026-07-08 20:11:00+00:00,62193.31871000001,3,0.3138031393187246,0.4,-0.08619686068127541,0.06276062786374492,tp,False
sfp,-1,2026-07-08 20:34:00+00:00,62202.87909,2026-07-08 20:35:00+00:00,62187.71815,1,0.12186686711129768,0.4,-0.27813313288870234,0.024373373422259537,tp,False
sfp,1,2026-07-08 20:40:00+00:00,62136.81306,2026-07-08 20:42:00+00:00,62177.88159,2,0.3304685900155091,0.4,-0.06953140998449092,0.06609371800310182,tp,False
sfp,1,2026-07-08 20:55:00+00:00,62096.10899,2026-07-08 20:55:00+00:00,62055.37904148,0,-0.3279589428586971,0.4,-0.7279589428586971,-0.06559178857173942,sl,False
sfp,1,2026-07-08 20:57:00+00:00,62086.90807,2026-07-08 21:07:00+00:00,62032.585881024,10,-0.4374689500944995,0.4,-0.8374689500944995,-0.0874937900188999,sl,False
sfp,1,2026-07-08 21:15:00+00:00,61983.79776,2026-07-08 21:23:00+00:00,62046.49473,8,0.5057528924151677,0.4,0.10575289241516772,0.10115057848303355,tp,False
sfp,-1,2026-07-08 21:32:00+00:00,62069.69241,2026-07-08 21:47:00+00:00,62135.336252334,15,-0.5287914260987403,0.4,-0.9287914260987403,-0.10575828521974806,sl,False
sfp,-1,2026-07-08 21:53:00+00:00,62116.58772,2026-07-08 21:54:00+00:00,62165.545312938004,1,-0.3940782545773791,0.4,-0.7940782545773791,-0.07881565091547582,sl,False
sfp,-1,2026-07-08 21:59:00+00:00,62150.7843,2026-07-08 22:02:00+00:00,62245.069164528,3,-0.7585170934681917,0.4,-1.1585170934681916,-0.15170341869363835,sl,False
sfp,-1,2026-07-08 22:31:00+00:00,62243.775,2026-07-08 22:32:00+00:00,62216.57103500001,1,0.21852759573143254,0.4,-0.18147240426856748,0.04370551914628651,tp,False
sfp,-1,2026-07-08 23:01:00+00:00,62265.7728,2026-07-08 23:02:00+00:00,62268.72625,1,-0.023716480717972388,0.4,-0.4237164807179724,-0.004743296143594478,tp,False
sfp,-1,2026-07-08 23:08:00+00:00,62297.56962,2026-07-08 23:17:00+00:00,62273.92677,9,0.18975740260990248,0.4,-0.21024259739009754,0.037951480521980496,tp,False
sfp,1,2026-07-08 23:27:00+00:00,62204.2198,2026-07-08 23:30:00+00:00,62155.748923488005,3,-0.3896108388453112,0.4,-0.7896108388453112,-0.07792216776906224,sl,False
sfp,1,2026-07-08 23:32:00+00:00,62165.51593,2026-07-08 23:44:00+00:00,62231.676210000005,12,0.5321300644758331,0.4,0.1321300644758331,0.10642601289516662,tp,False
sfp,-1,2026-07-08 23:47:00+00:00,62206.37874,2026-07-08 23:51:00+00:00,62281.78017526199,4,-0.6060587096473613,0.4,-1.0060587096473612,-0.12121174192947226,sl,False
sfp,-1,2026-07-08 23:53:00+00:00,62244.27495,2026-07-09 00:01:00+00:00,62207.420119999995,8,0.296049958246003,0.4,-0.10395004175399702,0.0592099916492006,tp,False
sfp,1,2026-07-09 00:03:00+00:00,62190.31841,2026-07-09 00:04:00+00:00,62139.653753166,1,-0.4073355638733456,0.4,-0.8073355638733456,-0.08146711277466911,sl,False
sfp,1,2026-07-09 00:05:00+00:00,62182.617640000004,2026-07-09 00:10:00+00:00,62121.3592428,5,-0.4925684984399825,0.4,-0.8925684984399825,-0.0985136996879965,sl,False
sfp,1,2026-07-09 00:11:00+00:00,62156.215,2026-07-09 00:14:00+00:00,62213.128065,3,0.4578228017906305,0.4,0.057822801790630485,0.0915645603581261,tp,False
sfp,1,2026-07-09 00:27:00+00:00,62112.2106,2026-07-09 00:29:00+00:00,62156.28375,2,0.3547865192227162,0.4,-0.04521348077728382,0.07095730384454324,tp,False
sfp,-1,2026-07-09 00:31:00+00:00,62186.580720000005,2026-07-09 00:35:00+00:00,62161.2155,4,0.20394448212401883,0.4,-0.1960555178759812,0.04078889642480377,tp,False
sfp,1,2026-07-09 00:41:00+00:00,62097.10909,2026-07-09 00:44:00+00:00,62163.233055,3,0.5324238597336217,0.4,0.1324238597336217,0.10648477194672434,tp,False
sfp,1,2026-07-09 00:52:00+00:00,62076.006980000006,2026-07-09 00:54:00+00:00,62026.787620908006,2,-0.39644430663732244,0.4,-0.7964443066373225,-0.07928886132746449,sl,False
sfp,1,2026-07-09 00:55:00+00:00,62068.50623,2026-07-09 01:01:00+00:00,62122.287150000004,6,0.4332383946917817,0.4,0.03323839469178169,0.08664767893835634,tp,False
sfp,1,2026-07-09 01:32:00+00:00,62303.42971999999,2026-07-09 01:40:00+00:00,62185.440014082,8,-0.9468957523546817,0.4,-1.3468957523546816,-0.18937915047093634,sl,False
sfp,1,2026-07-09 01:43:00+00:00,62086.107990000004,2026-07-09 01:45:00+00:00,62008.593080544,2,-0.6242532505700837,0.4,-1.0242532505700837,-0.12485065011401675,sl,False
sfp,1,2026-07-09 02:03:00+00:00,61875.08689,2026-07-09 02:06:00+00:00,61938.855495,3,0.5153011349573466,0.4,0.11530113495734662,0.10306022699146933,tp,False
sfp,-1,2026-07-09 02:12:00+00:00,62013.19806,2026-07-09 02:16:00+00:00,62082.32035127399,4,-0.5573191952389367,0.4,-0.9573191952389367,-0.11146383904778734,sl,False
sfp,-1,2026-07-09 02:17:00+00:00,62001.099270000006,2026-07-09 02:28:00+00:00,61931.1925,11,0.5637542787393368,0.4,0.1637542787393368,0.11275085574786736,tp,False
sfp,1,2026-07-09 02:30:00+00:00,61985.1979,2026-07-09 02:33:00+00:00,61900.425538380005,3,-0.6838113331246731,0.4,-1.083811333124673,-0.13676226662493463,sl,False
sfp,1,2026-07-09 02:38:00+00:00,61861.485530000005,2026-07-09 02:48:00+00:00,61748.97098535,10,-0.9094070703768997,0.4,-1.3094070703768996,-0.18188141407537994,sl,False
sfp,1,2026-07-09 02:53:00+00:00,61712.67065,2026-07-09 03:15:00+00:00,61839.265455,22,1.0256791973723978,0.4,0.6256791973723977,0.20513583947447955,tp,False
sfp,-1,2026-07-09 03:18:00+00:00,61843.815,2026-07-09 03:19:00+00:00,61785.427924999996,1,0.47205266201644225,0.4,0.07205266201644223,0.09441053240328845,tp,False
sfp,-1,2026-07-09 03:28:00+00:00,61876.71171,2026-07-09 03:30:00+00:00,61916.270547953995,2,-0.3196585343723246,0.4,-0.7196585343723246,-0.06393170687446492,sl,False
sfp,-1,2026-07-09 04:01:00+00:00,61956.803700000004,2026-07-09 04:05:00+00:00,62026.60364016,4,-0.5632951991678681,0.4,-0.9632951991678681,-0.11265903983357362,sl,False
sfp,-1,2026-07-09 04:07:00+00:00,62028.796500000004,2026-07-09 04:09:00+00:00,62071.61714105999,2,-0.34516743412871254,0.4,-0.7451674341287126,-0.06903348682574251,sl,False
sfp,-1,2026-07-09 04:10:00+00:00,62034.195960000005,2026-07-09 04:16:00+00:00,62086.62164136,6,-0.42255469381591304,0.4,-0.8225546938159131,-0.08451093876318261,sl,False
sfp,-1,2026-07-09 04:18:00+00:00,62030.496329999994,2026-07-09 04:19:00+00:00,62011.70055,1,0.15150434957023062,0.4,-0.2484956504297694,0.030300869914046125,tp,False
sfp,-1,2026-07-09 04:34:00+00:00,62171.482229999994,2026-07-09 04:35:00+00:00,62225.963434146004,1,-0.43815268827318565,0.4,-0.8381526882731857,-0.08763053765463713,sl,False
sfp,-1,2026-07-09 04:38:00+00:00,62216.17776,2026-07-09 04:46:00+00:00,62295.584315538,8,-0.6381503846500935,0.4,-1.0381503846500935,-0.1276300769300187,sl,False
sfp,-1,2026-07-09 04:49:00+00:00,62251.7742,2026-07-09 04:50:00+00:00,62315.290225931996,1,-0.5101543429745226,0.4,-0.9101543429745226,-0.10203086859490451,sl,False
sfp,-1,2026-07-09 04:53:00+00:00,62350.86429,2026-07-09 04:57:00+00:00,62397.814977582,4,-0.376503903487424,0.4,-0.776503903487424,-0.0753007806974848,sl,False
sfp,-1,2026-07-09 05:01:00+00:00,62395.95978,2026-07-09 05:02:00+00:00,62336.883064999995,1,0.473401765180792,0.4,0.073401765180792,0.0946803530361584,tp,False
sfp,1,2026-07-09 05:24:00+00:00,62306.229999999996,2026-07-09 05:30:00+00:00,62221.429214802,6,-0.6805160992567894,0.4,-1.0805160992567893,-0.13610321985135787,sl,False
sfp,1,2026-07-09 05:32:00+00:00,62247.82416,2026-07-09 05:47:00+00:00,62407.208654999995,15,1.2802414955928043,0.4,0.8802414955928043,0.25604829911856086,tp,False
sfp,-1,2026-07-09 05:51:00+00:00,62455.15386,2026-07-09 05:51:00+00:00,62492.543389476006,0,-0.2993310172593189,0.4,-0.6993310172593189,-0.059866203451863775,sl,False
sfp,-1,2026-07-09 05:58:00+00:00,62507.84859,2026-07-09 05:59:00+00:00,62567.465860974,1,-0.4768782826380935,0.4,-0.8768782826380935,-0.0953756565276187,sl,False
sfp,-1,2026-07-09 06:05:00+00:00,62615.03787,2026-07-09 06:09:00+00:00,62515.400915,4,0.7956311965096052,0.4,0.3956311965096052,0.15912623930192105,tp,False
sfp,-1,2026-07-09 06:49:00+00:00,62832.81609,2026-07-09 06:49:00+00:00,62796.929065000004,0,0.2855754940904731,0.4,-0.11442450590952691,0.05711509881809462,tp,False
sfp,-1,2026-07-09 07:04:00+00:00,62944.80489,2026-07-09 07:05:00+00:00,62872.98667,1,0.5704856828574467,0.4,0.1704856828574467,0.11409713657148934,tp,False
sfp,-1,2026-07-09 07:46:00+00:00,63014.79789,2026-07-09 07:46:00+00:00,63061.614070854,0,-0.3714697374394005,0.4,-0.7714697374394005,-0.0742939474878801,sl,False
sfp,1,2026-07-09 08:13:00+00:00,62940.59343,2026-07-09 08:20:00+00:00,63009.548415,7,0.5477783195410035,0.4,0.1477783195410035,0.1095556639082007,tp,False
sfp,-1,2026-07-09 08:41:00+00:00,63015.99777,2026-07-09 08:46:00+00:00,62974.49681999999,5,0.32928900175066556,0.4,-0.07071099824933447,0.06585780035013311,tp,False
sfp,1,2026-07-09 08:52:00+00:00,62906.69004,2026-07-09 08:52:00+00:00,62873.233627842004,0,-0.26592093890748236,0.4,-0.6659209389074824,-0.05318418778149647,sl,False
sfp,1,2026-07-09 09:08:00+00:00,62831.082480000005,2026-07-09 09:19:00+00:00,62884.76089500001,11,0.427164493123966,0.4,0.02716449312396596,0.0854328986247932,tp,False
sfp,-1,2026-07-09 09:31:00+00:00,62872.112160000004,2026-07-09 09:32:00+00:00,62931.87515826,1,-0.4752743005349558,0.4,-0.8752743005349558,-0.09505486010699116,sl,False
sfp,-1,2026-07-09 09:36:00+00:00,62946.90468,2026-07-09 09:36:00+00:00,62982.990489282,0,-0.28663688441432633,0.4,-0.6866368844143264,-0.057327376882865266,sl,False
sfp,-1,2026-07-09 09:37:00+00:00,62938.60551,2026-07-09 09:41:00+00:00,62885.187889999994,4,0.42436291340708365,0.4,0.02436291340708363,0.08487258268141673,tp,False
sfp,-1,2026-07-09 10:09:00+00:00,62965.002870000004,2026-07-09 10:10:00+00:00,63005.897359739996,1,-0.3247398386085898,0.4,-0.7247398386085898,-0.06494796772171796,sl,False
sfp,-1,2026-07-09 10:12:00+00:00,62965.7028,2026-07-09 10:21:00+00:00,62921.141485,9,0.35385386820457887,0.4,-0.04614613179542115,0.07077077364091577,tp,False
sfp,1,2026-07-09 10:34:00+00:00,62871.88656,2026-07-09 10:35:00+00:00,62908.608510000005,1,0.2920379203585899,0.4,-0.10796207964141014,0.05840758407171798,tp,False
sfp,1,2026-07-09 10:51:00+00:00,62806.28,2026-07-09 10:52:00+00:00,62751.270225402004,1,-0.43793211919251895,0.4,-0.837932119192519,-0.08758642383850379,sl,False
sfp,1,2026-07-09 11:18:00+00:00,62700.76945,2026-07-09 11:24:00+00:00,62652.19995342,6,-0.38731180658579945,0.4,-0.7873118065857995,-0.07746236131715989,sl,False
sfp,1,2026-07-09 11:26:00+00:00,62701.76955,2026-07-09 11:35:00+00:00,62607.413392524,9,-0.7524202120065548,0.4,-1.1524202120065548,-0.15048404240131097,sl,False
sfp,1,2026-07-09 12:28:00+00:00,62680.2674,2026-07-09 12:28:00+00:00,62748.124560000004,0,0.5412960315482884,0.4,0.1412960315482884,0.10825920630965769,tp,False
sfp,1,2026-07-09 12:45:00+00:00,62594.15879,2026-07-09 12:45:00+00:00,62526.737600910004,0,-0.5385581529754879,0.4,-0.938558152975488,-0.10771163059509758,sl,False
sfp,1,2026-07-09 12:48:00+00:00,62566.45602,2026-07-09 13:03:00+00:00,62733.62601,15,1.335939420530452,0.4,0.935939420530452,0.2671878841060904,tp,False
sfp,-1,2026-07-09 13:08:00+00:00,62777.22165,2026-07-09 13:12:00+00:00,62855.552266734,4,-0.623877695406061,0.4,-1.0238776954060609,-0.1247755390812122,sl,False
sfp,1,2026-07-09 13:26:00+00:00,62753.17469,2026-07-09 13:28:00+00:00,62671.494163806005,2,-0.6508079200573946,0.4,-1.0508079200573945,-0.13016158401147893,sl,False
sfp,1,2026-07-09 13:30:00+00:00,62709.670340000004,2026-07-09 13:30:00+00:00,62642.202953219996,0,-0.5379344717825196,0.4,-0.9379344717825197,-0.10758689435650393,sl,False
sfp,1,2026-07-09 13:31:00+00:00,62684.367809999996,2026-07-09 13:31:00+00:00,62603.01471243601,0,-0.6489105689840846,0.4,-1.0489105689840845,-0.12978211379681692,sl,False
sfp,1,2026-07-09 13:34:00+00:00,62607.2601,2026-07-09 13:37:00+00:00,62729.676405,3,0.9776526300980803,0.4,0.5776526300980803,0.19553052601961607,tp,False
sfp,-1,2026-07-09 13:39:00+00:00,62700.52932,2026-07-09 13:41:00+00:00,62649.71434499999,2,0.4052196652173934,0.4,0.0052196652173933655,0.08104393304347868,tp,False
sfp,-1,2026-07-09 13:54:00+00:00,63053.19405,2026-07-09 14:15:00+00:00,62817.68114,21,1.8675731939387652,0.4,1.4675731939387653,0.37351463878775304,tp,False
sfp,1,2026-07-09 14:17:00+00:00,62755.47491999999,2026-07-09 14:21:00+00:00,62630.20655298,4,-0.9980672377962185,0.4,-1.3980672377962184,-0.1996134475592437,sl,False
sfp,1,2026-07-09 14:22:00+00:00,62669.86636,2026-07-09 14:39:00+00:00,62876.961675,17,1.6522718734579556,0.4,1.2522718734579557,0.3304543746915911,tp,False
sfp,-1,2026-07-09 14:41:00+00:00,62890.21035,2026-07-09 14:42:00+00:00,62967.085718963994,1,-0.6111870872760328,0.4,-1.0111870872760327,-0.12223741745520655,sl,False
sfp,-1,2026-07-09 14:44:00+00:00,62935.20585,2026-07-09 14:46:00+00:00,62992.493339472,2,-0.4551307070365107,0.4,-0.8551307070365107,-0.09102614140730214,sl,False
sfp,-1,2026-07-09 14:48:00+00:00,62917.30764,2026-07-09 14:52:00+00:00,62849.584330000005,4,0.5381930071411412,0.4,0.13819300714114113,0.10763860142822823,tp,False
sfp,-1,2026-07-09 14:59:00+00:00,62980.10136,2026-07-09 15:00:00+00:00,63042.008190461995,1,-0.4914792857201311,0.4,-0.8914792857201311,-0.09829585714402622,sl,False
sfp,-1,2026-07-09 15:01:00+00:00,62981.501220000006,2026-07-09 15:02:00+00:00,62909.89036,1,0.5685070902792799,0.4,0.1685070902792799,0.11370141805585599,tp,False
sfp,-1,2026-07-09 15:24:00+00:00,63077.991570000006,2026-07-09 15:28:00+00:00,63038.653235000005,4,0.31182298311088763,0.4,-0.08817701688911239,0.062364596622177526,tp,False
sfp,1,2026-07-09 15:30:00+00:00,62968.09618,2026-07-09 15:35:00+00:00,62892.12795822,5,-0.6032278756121223,0.4,-1.0032278756121222,-0.12064557512242446,sl,False
sfp,1,2026-07-09 15:37:00+00:00,62919.2913,2026-07-09 15:56:00+00:00,62819.349796764,19,-0.7942039807749546,0.4,-1.1942039807749545,-0.15884079615499092,sl,False
sfp,1,2026-07-09 15:58:00+00:00,62839.48332,2026-07-09 16:04:00+00:00,62917.857585,6,0.6236068539973161,0.4,0.22360685399731606,0.12472137079946322,tp,False
sfp,1,2026-07-09 16:19:00+00:00,62797.67914,2026-07-09 16:22:00+00:00,62714.281324662,3,-0.6640198848119616,0.4,-1.0640198848119615,-0.13280397696239232,sl,False
sfp,1,2026-07-09 16:28:00+00:00,62639.163290000004,2026-07-09 17:07:00+00:00,62770.82229,39,1.0509319815660279,0.4,0.6509319815660278,0.21018639631320557,tp,False
sfp,-1,2026-07-09 17:09:00+00:00,62721.827189999996,2026-07-09 17:13:00+00:00,62678.46722,4,0.3456529564153654,0.4,-0.0543470435846346,0.06913059128307308,tp,False
sfp,-1,2026-07-09 17:31:00+00:00,62813.618010000006,2026-07-09 17:32:00+00:00,62741.72354499999,1,0.5722840625783099,0.4,0.17228406257830986,0.11445681251566198,tp,False
sfp,-1,2026-07-09 17:51:00+00:00,63053.394029999996,2026-07-09 17:55:00+00:00,63113.729701896,4,-0.4784490416749332,0.4,-0.8784490416749332,-0.09568980833498664,sl,False
sfp,-1,2026-07-09 17:58:00+00:00,63112.78809,2026-07-09 18:01:00+00:00,63164.94506291999,3,-0.41320447486503653,0.4,-0.8132044748650366,-0.0826408949730073,sl,False
sfp,-1,2026-07-09 18:04:00+00:00,63102.389129999996,2026-07-09 18:04:00+00:00,63085.80795,0,0.13138313959742964,0.4,-0.2686168604025704,0.02627662791948593,tp,False
sfp,-1,2026-07-09 18:05:00+00:00,63066.29274,2026-07-09 18:05:00+00:00,63080.607430000004,0,-0.11348922996801125,0.4,-0.5134892299680113,-0.02269784599360225,tp,False
sfp,-1,2026-07-09 18:09:00+00:00,63372.162150000004,2026-07-09 18:26:00+00:00,63232.3226,17,1.1033200166739587,0.4,0.7033200166739587,0.22066400333479175,tp,False
sfp,1,2026-07-09 18:55:00+00:00,63214.3208,2026-07-09 19:15:00+00:00,63144.05236326,20,-0.555795236354073,0.4,-0.955795236354073,-0.1111590472708146,sl,False
sfp,1,2026-07-09 19:17:00+00:00,63197.51912,2026-07-09 19:27:00+00:00,63202.929075,10,0.04280195706518608,0.4,-0.35719804293481394,0.008560391413037216,tp,False
sfp,-1,2026-07-09 19:37:00+00:00,63242.575110000005,2026-07-09 19:44:00+00:00,63308.68817579399,7,-0.5226942900331544,0.4,-0.9226942900331544,-0.10453885800663087,sl,False
sfp,-1,2026-07-09 19:46:00+00:00,63299.569410000004,2026-07-09 19:48:00+00:00,63266.075975,2,0.26456289760096174,0.4,-0.13543710239903828,0.05291257952019235,tp,False
sfp,1,2026-07-09 20:00:00+00:00,63229.22229,2026-07-09 20:02:00+00:00,63182.140934022,2,-0.37230693556583594,0.4,-0.772306935565836,-0.07446138711316719,sl,False
sfp,1,2026-07-09 20:07:00+00:00,63174.51682,2026-07-09 20:25:00+00:00,63259.573410000005,18,0.6731874993389786,0.4,0.27318749933897857,0.13463749986779572,tp,False
sfp,-1,2026-07-09 20:28:00+00:00,63247.874579999996,2026-07-09 20:54:00+00:00,63227.072075,26,0.16445220600802557,0.4,-0.23554779399197445,0.032890441201605114,tp,False
sfp,1,2026-07-09 20:55:00+00:00,63238.623230000005,2026-07-09 20:58:00+00:00,63258.723495000006,3,0.15892396112815455,0.4,-0.24107603887184548,0.03178479222563091,tp,False
sfp,-1,2026-07-09 21:03:00+00:00,63330.866279999995,2026-07-09 21:13:00+00:00,63290.02837,10,0.32241711189801014,0.4,-0.07758288810198988,0.06448342237960203,tp,False
sfp,1,2026-07-09 21:30:00+00:00,63231.92256,2026-07-09 21:43:00+00:00,63196.636584312,13,-0.27902026586740236,0.4,-0.6790202658674024,-0.05580405317348047,sl,False
sfp,1,2026-07-09 21:44:00+00:00,63214.120780000005,2026-07-09 21:44:00+00:00,63183.440544048,0,-0.2426691661090996,0.4,-0.6426691661090996,-0.04853383322181992,sl,False
sfp,-1,2026-07-09 22:00:00+00:00,63242.6751,2026-07-09 22:00:00+00:00,63282.880435278,0,-0.31786554897006436,0.4,-0.7178655489700644,-0.06357310979401287,sl,False
sfp,-1,2026-07-09 22:09:00+00:00,63279.37143,2026-07-09 22:10:00+00:00,63256.325,1,0.18210065523088792,0.4,-0.2178993447691121,0.036420131046177584,tp,False
sfp,-1,2026-07-09 22:21:00+00:00,63296.56971,2026-07-09 22:35:00+00:00,63268.276195,14,0.2234995919181415,0.4,-0.17650040808185852,0.0446999183836283,tp,False
sfp,-1,2026-07-09 22:45:00+00:00,63326.6667,2026-07-09 22:45:00+00:00,63369.006267,0,-0.33429492823755513,0.4,-0.7342949282375552,-0.06685898564751103,sl,False
sfp,1,2026-07-09 22:53:00+00:00,63240.023369999995,2026-07-09 22:55:00+00:00,63200.03556438,2,-0.31615900413284326,0.4,-0.7161590041328433,-0.06323180082656865,sl,False
sfp,1,2026-07-09 23:03:00+00:00,63186.81805,2026-07-09 23:09:00+00:00,63152.54981343,6,-0.27116602503141074,0.4,-0.6711660250314108,-0.05423320500628215,sl,False
sfp,1,2026-07-09 23:10:00+00:00,63183.017669999994,2026-07-09 23:16:00+00:00,63126.55761291,6,-0.44679772486400093,0.4,-0.846797724864001,-0.08935954497280019,sl,False
sfp,1,2026-07-09 23:23:00+00:00,63099.60933,2026-07-09 23:23:00+00:00,63132.836085,0,0.2632881197903725,0.4,-0.13671188020962755,0.052657623958074495,tp,False
sfp,-1,2026-07-09 23:27:00+00:00,63240.97527,2026-07-09 23:30:00+00:00,63168.016169999995,3,0.5768340833495755,0.4,0.1768340833495755,0.1153668166699151,tp,False
sfp,1,2026-07-10 00:13:00+00:00,63167.716140000004,2026-07-10 00:15:00+00:00,63205.728795,2,0.3008867291937056,0.4,-0.0991132708062944,0.060177345838741125,tp,False
sfp,1,2026-07-10 00:27:00+00:00,63100.00937,2026-07-10 00:33:00+00:00,63031.086261,6,-0.546141828568214,0.4,-0.946141828568214,-0.1092283657136428,sl,False
sfp,1,2026-07-10 00:35:00+00:00,62945.59393,2026-07-10 00:39:00+00:00,63068.442525,4,0.9758315660395311,0.4,0.5758315660395311,0.19516631320790623,tp,False
sfp,1,2026-07-10 01:06:00+00:00,62958.49522,2026-07-10 01:11:00+00:00,63012.99807,5,0.43284746410754416,0.4,0.03284746410754413,0.08656949282150883,tp,False
sfp,-1,2026-07-10 01:31:00+00:00,63334.565910000005,2026-07-10 01:37:00+00:00,63397.214727563995,6,-0.49458630262833037,0.4,-0.8945863026283304,-0.09891726052566607,sl,False
sfp,-1,2026-07-10 01:39:00+00:00,63374.36193,2026-07-10 01:48:00+00:00,63453.13149868199,9,-0.6214624201581476,0.4,-1.0214624201581475,-0.12429248403162951,sl,False
sfp,-1,2026-07-10 01:53:00+00:00,63868.81248,2026-07-10 02:49:00+00:00,63957.982918776004,56,-0.6980749705024492,0.4,-1.098074970502449,-0.13961499410048983,sl,False
sfp,-1,2026-07-10 02:53:00+00:00,63968.20254,2026-07-10 03:08:00+00:00,63869.08627,15,0.7747307729806807,0.4,0.3747307729806807,0.15494615459613614,tp,False
sfp,1,2026-07-10 03:12:00+00:00,63891.488509999996,2026-07-10 03:19:00+00:00,63832.24585702801,7,-0.46361928915394923,0.4,-0.8636192891539493,-0.09272385783078985,sl,False
sfp,1,2026-07-10 03:32:00+00:00,63814.3808,2026-07-10 03:35:00+00:00,63845.01486,3,0.24002473749618058,0.4,-0.15997526250381944,0.04800494749923612,tp,False
sfp,-1,2026-07-10 03:42:00+00:00,63843.615,2026-07-10 03:44:00+00:00,63901.966117656004,2,-0.4569847560793594,0.4,-0.8569847560793594,-0.09139695121587188,sl,False
sfp,-1,2026-07-10 03:47:00+00:00,63925.50681,2026-07-10 03:47:00+00:00,63973.487569086006,0,-0.37528649736495723,0.4,-0.7752864973649572,-0.07505729947299145,sl,False
sfp,-1,2026-07-10 03:50:00+00:00,63971.10225,2026-07-10 03:54:00+00:00,63895.988959999995,4,0.5870876642586342,0.4,0.1870876642586342,0.11741753285172685,tp,False
sfp,-1,2026-07-10 04:21:00+00:00,63976.30173,2026-07-10 04:21:00+00:00,63958.79524,0,0.13682011562565766,0.4,-0.26317988437434237,0.02736402312513153,tp,False
sfp,1,2026-07-10 04:26:00+00:00,63894.78884,2026-07-10 04:32:00+00:00,63836.84447712001,6,-0.45343574908035533,0.4,-0.8534357490803554,-0.09068714981607107,sl,False
sfp,1,2026-07-10 04:33:00+00:00,63888.888249999996,2026-07-10 04:33:00+00:00,63936.10575,0,0.3695282645649334,0.4,-0.03047173543506665,0.07390565291298667,tp,False
sfp,-1,2026-07-10 04:38:00+00:00,64077.89157000001,2026-07-10 04:47:00+00:00,64156.74253275,9,-0.6152743233120983,0.4,-1.0152743233120982,-0.12305486466241966,sl,False
sfp,-1,2026-07-10 04:48:00+00:00,64127.18664,2026-07-10 05:00:00+00:00,63988.348195,12,1.0825240609682596,0.4,0.6825240609682596,0.21650481219365192,tp,False
sfp,1,2026-07-10 05:03:00+00:00,63961.49551,2026-07-10 05:27:00+00:00,63912.121888626,24,-0.38596362530546324,0.4,-0.7859636253054633,-0.07719272506109265,sl,False
sfp,1,2026-07-10 05:28:00+00:00,63943.79374,2026-07-10 05:30:00+00:00,63950.00436,2,0.04856311798806523,0.4,-0.3514368820119348,0.009712623597613046,tp,False
sfp,-1,2026-07-10 05:44:00+00:00,64120.487310000004,2026-07-10 05:44:00+00:00,64169.146252998,0,-0.3794336649590724,0.4,-0.7794336649590724,-0.07588673299181448,sl,False
sfp,-1,2026-07-10 05:46:00+00:00,64119.28743,2026-07-10 06:04:00+00:00,64038.853245,18,0.6272230106098009,0.4,0.22722301060980088,0.12544460212196018,tp,False
sfp,1,2026-07-10 06:08:00+00:00,64034.30279,2026-07-10 06:16:00+00:00,63993.59744025601,8,-0.3178401885430282,0.4,-0.7178401885430282,-0.06356803770860564,sl,False
sfp,1,2026-07-10 06:17:00+00:00,64013.300690000004,2026-07-10 06:18:00+00:00,63969.504669773996,1,-0.3420853147231284,0.4,-0.7420853147231284,-0.06841706294462568,sl,False
sfp,1,2026-07-10 06:29:00+00:00,63872.28659,2026-07-10 06:44:00+00:00,63818.150086746005,15,-0.42378710818280485,0.4,-0.8237871081828049,-0.08475742163656097,sl,False
sfp,1,2026-07-10 06:45:00+00:00,63867.786140000004,2026-07-10 06:45:00+00:00,63874.061955,0,0.049131302173544,0.4,-0.350868697826456,0.0098262604347088,tp,False
sfp,1,2026-07-10 06:55:00+00:00,63833.98276,2026-07-10 07:00:00+00:00,63785.259956088,5,-0.38163687902093013,0.4,-0.7816368790209302,-0.07632737580418603,sl,False
sfp,1,2026-07-10 07:03:00+00:00,63806.48001,2026-07-10 07:10:00+00:00,63835.265835000006,7,0.2255713290836292,0.4,-0.17442867091637082,0.04511426581672584,tp,False
sfp,-1,2026-07-10 07:16:00+00:00,63844.714889999996,2026-07-10 07:16:00+00:00,63836.88305,0,0.061335069108658935,0.4,-0.3386649308913411,0.012267013821731787,tp,False
sfp,-1,2026-07-10 07:17:00+00:00,63837.21564,2026-07-10 07:20:00+00:00,63914.66992791,3,-0.6066546538212592,0.4,-1.006654653821259,-0.12133093076425183,sl,False
sfp,-1,2026-07-10 07:26:00+00:00,63937.6056,2026-07-10 08:02:00+00:00,63999.195279600004,36,-0.48163892768604555,0.4,-0.8816389276860456,-0.09632778553720911,sl,False
sfp,-1,2026-07-10 08:04:00+00:00,63972.30213,2026-07-10 08:08:00+00:00,64007.897889774,4,-0.2782122777266194,0.4,-0.6782122777266194,-0.05564245554532388,sl,False
sfp,1,2026-07-10 08:39:00+00:00,64177.717130000005,2026-07-10 08:47:00+00:00,64127.55724293601,8,-0.3907889631099559,0.4,-0.790788963109956,-0.07815779262199118,sl,False
sfp,1,2026-07-10 08:48:00+00:00,64157.315090000004,2026-07-10 08:53:00+00:00,64109.26273257,5,-0.37448853153060346,0.4,-0.7744885315306035,-0.07489770630612069,sl,False
sfp,1,2026-07-10 08:54:00+00:00,64156.415,2026-07-10 08:56:00+00:00,64232.226135000004,2,0.5908305116487655,0.4,0.19083051164876552,0.11816610232975311,tp,False
sfp,-1,2026-07-10 08:58:00+00:00,64223.577,2026-07-10 09:00:00+00:00,64180.867444999996,2,0.3325068222220229,0.4,-0.06749317777797714,0.06650136444440458,tp,False
sfp,1,2026-07-10 09:03:00+00:00,64172.4166,2026-07-10 09:03:00+00:00,64174.5819,0,0.016870955737102733,0.4,-0.3831290442628973,0.0033741911474205466,tp,False
sfp,-1,2026-07-10 09:23:00+00:00,64313.568,2026-07-10 09:27:00+00:00,64351.500946643995,4,-0.2949062524721935,0.4,-0.6949062524721935,-0.0589812504944387,sl,False
sfp,-1,2026-07-10 09:47:00+00:00,64419.65739,2026-07-10 09:51:00+00:00,64372.786635,4,0.36379233373012854,0.4,-0.036207666269871486,0.07275846674602571,tp,False
sfp,1,2026-07-10 09:53:00+00:00,64374.53681,2026-07-10 10:02:00+00:00,64338.893827164,9,-0.27684069355865537,0.4,-0.6768406935586554,-0.055368138711731074,sl,False
sfp,1,2026-07-10 10:06:00+00:00,64342.13357,2026-07-10 10:07:00+00:00,64284.21023607,1,-0.45011977934317215,0.4,-0.8501197793431722,-0.09002395586863443,sl,False
sfp,1,2026-07-10 10:09:00+00:00,64298.22918,2026-07-10 10:12:00+00:00,64260.7172856,3,-0.2917023911730432,0.4,-0.6917023911730432,-0.05834047823460864,sl,False
sfp,1,2026-07-10 10:15:00+00:00,64281.627519999995,2026-07-10 10:21:00+00:00,64318.5675,6,0.28732922162333363,0.4,-0.11267077837666639,0.057465844324666726,tp,False
sfp,-1,2026-07-10 10:31:00+00:00,64397.35962,2026-07-10 10:32:00+00:00,64441.32788843999,1,-0.34138254036686355,0.4,-0.7413825403668636,-0.06827650807337271,sl,False
sfp,1,2026-07-10 11:22:00+00:00,64364.13576999999,2026-07-10 11:25:00+00:00,64385.810775,3,0.16837796966195917,0.4,-0.23162203033804085,0.033675593932391834,tp,False
sfp,1,2026-07-10 11:35:00+00:00,64343.533709999996,2026-07-10 11:45:00+00:00,64380.411315000005,10,0.2865680735395504,0.4,-0.11343192646044964,0.05731361470791008,tp,False
sfp,-1,2026-07-10 11:50:00+00:00,64425.856770000006,2026-07-10 11:57:00+00:00,64380.037359999995,7,0.35559798733902914,0.4,-0.04440201266097088,0.07111959746780583,tp,False
sfp,1,2026-07-10 12:05:00+00:00,64361.33549,2026-07-10 12:07:00+00:00,64318.499946756005,2,-0.33277388449037826,0.4,-0.7327738844903783,-0.06655477689807565,sl,False
sfp,1,2026-07-10 12:10:00+00:00,64368.63621999999,2026-07-10 12:10:00+00:00,64385.010855,0,0.12719420483009447,0.4,-0.27280579516990555,0.025438840966018894,tp,False
sfp,1,2026-07-10 12:11:00+00:00,64429.042259999995,2026-07-10 12:11:00+00:00,64375.811775,0,-0.41309387143445564,0.4,-0.8130938714344557,-0.08261877428689113,tp,False
sfp,-1,2026-07-10 12:15:00+00:00,64507.44861,2026-07-10 12:15:00+00:00,64437.693125,0,0.5406777550739372,0.4,0.1406777550739372,0.10813555101478745,tp,False
sfp,1,2026-07-10 12:47:00+00:00,64353.53471,2026-07-10 12:50:00+00:00,64303.70438646,3,-0.38716073456224187,0.4,-0.7871607345622419,-0.07743214691244837,sl,False
sfp,1,2026-07-10 12:52:00+00:00,64324.4318,2026-07-10 12:53:00+00:00,64271.214135810005,1,-0.4136660262733516,0.4,-0.8136660262733516,-0.08273320525467032,sl,False
sfp,1,2026-07-10 13:05:00+00:00,64262.025559999995,2026-07-10 13:10:00+00:00,64290.5703,5,0.22209648506454904,0.4,-0.17790351493545098,0.04441929701290981,tp,False
sfp,1,2026-07-10 13:21:00+00:00,64191.91855,2026-07-10 13:24:00+00:00,64244.424914999996,3,0.40897955837770894,0.4,0.008979558377708918,0.08179591167554179,tp,False
sfp,1,2026-07-10 13:26:00+00:00,64195.91895,2026-07-10 13:29:00+00:00,64121.059192806,3,-0.5830569794654794,0.4,-0.9830569794654794,-0.11661139589309588,sl,False
sfp,1,2026-07-10 13:31:00+00:00,64180.4174,2026-07-10 13:31:00+00:00,64221.027255,0,0.31637263082062717,0.4,-0.08362736917937286,0.06327452616412543,tp,False
sfp,-1,2026-07-10 13:36:00+00:00,64220.67729,2026-07-10 13:37:00+00:00,64311.588975845996,1,-0.7078069687389554,0.4,-1.1078069687389553,-0.1415613937477911,sl,False
sfp,-1,2026-07-10 13:38:00+00:00,64265.17284,2026-07-10 13:40:00+00:00,64216.070965,2,0.382025542219,0.4,-0.01797445778100004,0.0764051084438,tp,False
sfp,-1,2026-07-10 13:45:00+00:00,64348.86447,2026-07-10 13:46:00+00:00,64443.028398473994,1,-0.7316673670123564,0.4,-1.1316673670123563,-0.14633347340247127,sl,False
sfp,-1,2026-07-10 13:55:00+00:00,64538.445510000005,2026-07-10 14:04:00+00:00,64386.538010000004,9,1.1768760372177223,0.4,0.7768760372177222,0.23537520744354445,tp,False
sfp,1,2026-07-10 14:09:00+00:00,64271.72653,2026-07-10 14:10:00+00:00,64200.135464388004,1,-0.556940582408183,0.4,-0.956940582408183,-0.1113881164816366,sl,False
sfp,1,2026-07-10 14:11:00+00:00,64235.12287,2026-07-10 14:11:00+00:00,64175.14296388801,0,-0.46687780323373396,0.4,-0.866877803233734,-0.09337556064674679,sl,False
sfp,1,2026-07-10 14:12:00+00:00,64214.62082,2026-07-10 14:15:00+00:00,64153.349503452,3,-0.4770822887807946,0.4,-0.8770822887807946,-0.09541645775615892,sl,False
sfp,1,2026-07-10 14:16:00+00:00,64198.61921999999,2026-07-10 14:18:00+00:00,64130.756283,2,-0.5285389142672403,0.4,-0.9285389142672403,-0.10570778285344806,sl,False
sfp,1,2026-07-10 14:20:00+00:00,64122.4116,2026-07-10 14:21:00+00:00,64010.792280600006,1,-0.8703612092467727,0.4,-1.2703612092467726,-0.17407224184935455,sl,False
sfp,1,2026-07-10 14:23:00+00:00,64046.30399,2026-07-10 14:32:00+00:00,63902.124888426006,9,-1.125584870568852,0.4,-1.525584870568852,-0.2251169741137704,sl,False
sfp,1,2026-07-10 14:34:00+00:00,64038.903249999996,2026-07-10 14:38:00+00:00,64075.24183499999,4,0.28372273068244525,0.4,-0.11627726931755478,0.05674454613648905,tp,False
sfp,1,2026-07-10 14:58:00+00:00,63932.692630000005,2026-07-10 14:58:00+00:00,63872.73370783801,0,-0.4689222344270716,0.4,-0.8689222344270716,-0.09378444688541432,sl,False
sfp,1,2026-07-10 14:59:00+00:00,63898.78924,2026-07-10 15:07:00+00:00,64013.148045,8,0.8948432854531951,0.4,0.4948432854531951,0.17896865709063903,tp,False
sfp,-1,2026-07-10 16:01:00+00:00,64020.097350000004,2026-07-10 16:02:00+00:00,63975.89695,1,0.34520722265041215,0.4,-0.05479277734958787,0.06904144453008243,tp,False
sfp,-1,2026-07-10 16:12:00+00:00,63985.70079,2026-07-10 16:15:00+00:00,64087.121651358,3,-0.792527549951072,0.4,-1.192527549951072,-0.1585055099902144,sl,False
sfp,-1,2026-07-10 16:18:00+00:00,64063.593,2026-07-10 16:21:00+00:00,64015.50091,3,0.37534649360049244,0.4,-0.024653506399507585,0.07506929872009849,tp,False
sfp,1,2026-07-10 16:40:00+00:00,63860.78544,2026-07-10 16:43:00+00:00,63948.654495,3,0.6879734910445467,0.4,0.2879734910445467,0.13759469820890935,tp,False
sfp,-1,2026-07-10 16:54:00+00:00,64070.19234,2026-07-10 16:57:00+00:00,64144.2387825,3,-0.5778540675128729,0.4,-0.977854067512873,-0.11557081350257459,sl,False
sfp,-1,2026-07-10 17:00:00+00:00,64112.488110000006,2026-07-10 17:10:00+00:00,63970.09637,10,1.1104836530108075,0.4,0.7104836530108075,0.2220967306021615,tp,False
sfp,1,2026-07-10 17:12:00+00:00,63972.79664,2026-07-10 17:18:00+00:00,63905.423898492,6,-0.5265733643561865,0.4,-0.9265733643561865,-0.1053146728712373,sl,False
sfp,1,2026-07-10 17:21:00+00:00,63880.087369999994,2026-07-10 17:46:00+00:00,63822.84867684,25,-0.4480167100309185,0.4,-0.8480167100309185,-0.0896033420061837,sl,False
sfp,1,2026-07-10 18:01:00+00:00,63882.28759,2026-07-10 18:01:00+00:00,63864.31293,0,-0.14068578848774882,0.4,-0.5406857884877488,-0.028137157697549764,tp,False
sfp,1,2026-07-10 18:02:00+00:00,63913.69073,2026-07-10 18:02:00+00:00,63859.963364999996,0,-0.4203118642214787,0.4,-0.8203118642214787,-0.08406237284429574,tp,False
sfp,-1,2026-07-10 18:04:00+00:00,63890.41032,2026-07-10 18:10:00+00:00,63955.082048718,6,-0.5061145201140649,0.4,-0.9061145201140649,-0.10122290402281298,sl,False
sfp,1,2026-07-10 18:43:00+00:00,63871.086469999995,2026-07-10 18:48:00+00:00,63825.8477769,5,-0.3541406260659241,0.4,-0.7541406260659241,-0.07082812521318482,sl,False
sfp,1,2026-07-10 18:49:00+00:00,63847.98416,2026-07-10 18:51:00+00:00,63802.354826430004,2,-0.35732791074227777,0.4,-0.7573279107422778,-0.07146558214845555,sl,False
sfp,-1,2026-07-10 19:18:00+00:00,63858.513510000004,2026-07-10 19:19:00+00:00,63827.28208999999,1,0.24453607109975461,0.4,-0.1554639289002454,0.04890721421995092,tp,False
sfp,1,2026-07-10 19:24:00+00:00,63779.67733,2026-07-10 19:26:00+00:00,63831.966165,2,0.40991768215958846,0.4,0.009917682159588437,0.08198353643191769,tp,False
sfp,-1,2026-07-10 19:34:00+00:00,63959.40342,2026-07-10 19:35:00+00:00,63999.795459611996,1,-0.3157631048147369,0.4,-0.7157631048147369,-0.06315262096294738,sl,False
sfp,-1,2026-07-10 19:39:00+00:00,64003.49901,2026-07-10 19:59:00+00:00,63892.3886,20,0.8680026226585147,0.4,0.46800262265851467,0.17360052453170294,tp,False
sfp,1,2026-07-10 20:00:00+00:00,63906.79004,2026-07-10 20:00:00+00:00,63864.536167674,0,-0.3305898504646354,0.4,-0.7305898504646354,-0.06611797009292708,sl,False
sfp,1,2026-07-10 20:17:00+00:00,63876.48701,2026-07-10 20:19:00+00:00,63781.761006018,2,-0.7414778771973607,0.4,-1.1414778771973606,-0.14829557543947214,sl,False
sfp,1,2026-07-10 20:22:00+00:00,63829.68233,2026-07-10 20:22:00+00:00,63855.363825,0,0.20117204145886358,0.4,-0.19882795854113644,0.040234408291772716,tp,False
sfp,-1,2026-07-10 20:23:00+00:00,63829.01646,2026-07-10 20:24:00+00:00,63780.977459999995,1,0.37631004411692315,0.4,-0.023689955883076874,0.07526200882338463,tp,False
sfp,1,2026-07-10 20:27:00+00:00,63701.76954,2026-07-10 20:33:00+00:00,63772.22214,6,0.5529877781162984,0.4,0.15298777811629838,0.11059755562325968,tp,False
sfp,1,2026-07-10 21:02:00+00:00,63836.182980000005,2026-07-10 21:04:00+00:00,63836.6157,2,0.0033893003920093534,0.4,-0.39661069960799067,0.0006778600784018707,tp,False
sfp,-1,2026-07-10 21:07:00+00:00,63853.614,2026-07-10 21:07:00+00:00,63894.763957512,0,-0.3222210532358716,0.4,-0.7222210532358716,-0.06444421064717432,sl,False
sfp,-1,2026-07-10 21:09:00+00:00,63888.01056,2026-07-10 21:11:00+00:00,63927.773858172,2,-0.3111953074094176,0.4,-0.7111953074094176,-0.06223906148188352,sl,False
sfp,-1,2026-07-10 21:26:00+00:00,63967.70259,2026-07-10 21:30:00+00:00,64013.899689893995,4,-0.36109706948594944,0.4,-0.7610970694859495,-0.07221941389718989,sl,False
sfp,-1,2026-07-10 21:38:00+00:00,64019.797379999996,2026-07-10 21:38:00+00:00,64053.011420676004,0,-0.25940445014893676,0.4,-0.6594044501489368,-0.05188089002978735,sl,False
sfp,1,2026-07-10 21:52:00+00:00,64001.19948,2026-07-10 22:10:00+00:00,64019.547405,18,0.14334047759312352,0.4,-0.2566595224068765,0.028668095518624703,tp,False
sfp,-1,2026-07-10 22:11:00+00:00,64004.5989,2026-07-10 22:12:00+00:00,63994.448805,1,0.07929191944361369,0.4,-0.32070808055638633,0.015858383888722738,tp,False
sfp,-1,2026-07-10 22:27:00+00:00,64031.79618,2026-07-10 22:28:00+00:00,64084.520871306006,1,-0.4117071084324131,0.4,-0.8117071084324131,-0.08234142168648262,sl,False
sfp,-1,2026-07-10 22:34:00+00:00,64093.590000000004,2026-07-10 22:52:00+00:00,64062.90565,18,0.23937144104430041,0.4,-0.1606285589556996,0.04787428820886008,tp,False
sfp,-1,2026-07-10 22:55:00+00:00,64102.38912000001,2026-07-10 22:56:00+00:00,64091.558515000004,1,0.0844789496045606,0.4,-0.31552105039543943,0.01689578992091212,tp,False
sfp,1,2026-07-10 23:02:00+00:00,64060.60542,2026-07-10 23:02:00+00:00,64023.288530850004,0,-0.2912623827494021,0.4,-0.6912623827494021,-0.058252476549880416,sl,False
sfp,-1,2026-07-10 23:20:00+00:00,64086.39072,2026-07-10 23:25:00+00:00,64159.2432828,5,-0.5683933982044698,0.4,-0.9683933982044698,-0.11367867964089395,sl,False
sfp,-1,2026-07-10 23:29:00+00:00,64152.28413,2026-07-11 00:03:00+00:00,64083.407699999996,34,0.5368197791713047,0.4,0.13681977917130472,0.10736395583426095,tp,False
sfp,1,2026-07-11 00:06:00+00:00,64095.10887,2026-07-11 00:14:00+00:00,64026.18766090801,8,-0.5376479602505757,0.4,-0.9376479602505757,-0.10752959205011514,sl,False
sfp,1,2026-07-11 00:17:00+00:00,64035.102869999995,2026-07-11 00:17:00+00:00,64003.194560448006,0,-0.24914701563583108,0.4,-0.6491470156358311,-0.049829403127166216,sl,False
sfp,1,2026-07-11 00:18:00+00:00,64048.80424,2026-07-11 00:28:00+00:00,64073.342025,10,0.19155537165105319,0.4,-0.20844462834894684,0.03831107433021064,tp,False
sfp,-1,2026-07-11 00:46:00+00:00,64067.5926,2026-07-11 00:49:00+00:00,64067.356094999996,3,0.0018457459567966517,0.4,-0.39815425404320337,0.00036914919135933033,tp,False
sfp,-1,2026-07-11 01:07:00+00:00,64082.19114,2026-07-11 01:07:00+00:00,64094.4088,0,-0.09532804498912917,0.4,-0.4953280449891292,-0.019065608997825834,tp,False
sfp,1,2026-07-11 01:43:00+00:00,64027.10206999999,2026-07-11 02:01:00+00:00,63952.009919424,18,-0.5864090998050631,0.4,-0.9864090998050631,-0.11728181996101261,sl,False
sfp,1,2026-07-11 02:02:00+00:00,63977.49711,2026-07-11 02:06:00+00:00,64018.547504999995,4,0.3208190133588973,0.4,-0.07918098664110274,0.06416380267177946,tp,False
sfp,-1,2026-07-11 02:19:00+00:00,64017.697589999996,2026-07-11 02:24:00+00:00,63997.89915,5,0.15463255275749432,0.4,-0.2453674472425057,0.030926510551498865,tp,False
sfp,-1,2026-07-11 02:45:00+00:00,64106.5887,2026-07-11 02:57:00+00:00,64139.537372406005,12,-0.25698351038605516,0.4,-0.6569835103860552,-0.05139670207721103,sl,False
sfp,-1,2026-07-11 02:59:00+00:00,64123.38702,2026-07-11 03:04:00+00:00,64103.20968,5,0.1573321446176057,0.4,-0.24266785538239433,0.03146642892352114,tp,False
sfp,1,2026-07-11 03:06:00+00:00,64116.411,2026-07-11 03:07:00+00:00,64113.687990000006,1,-0.021234891017185564,0.4,-0.4212348910171856,-0.004246978203437113,tp,False
sfp,-1,2026-07-11 03:15:00+00:00,64148.18454,2026-07-11 03:18:00+00:00,64126.91205,3,0.1658074203700899,0.4,-0.23419257962991014,0.03316148407401798,tp,False
sfp,-1,2026-07-11 03:42:00+00:00,64139.385420000006,2026-07-11 04:00:00+00:00,64122.31159,18,0.13309942002254216,0.4,-0.26690057997745786,0.02661988400450843,tp,False
sfp,1,2026-07-11 04:11:00+00:00,64063.50571,2026-07-11 04:22:00+00:00,64101.939164999996,11,0.2999637201714922,0.4,-0.10003627982850782,0.05999274403429844,tp,False
sfp,-1,2026-07-11 04:27:00+00:00,64104.5889,2026-07-11 04:36:00+00:00,64159.343312802,9,-0.4270709300344677,0.4,-0.8270709300344677,-0.08541418600689354,sl,False
sfp,1,2026-07-11 04:52:00+00:00,64109.61032,2026-07-11 05:06:00+00:00,64131.63619500001,14,0.17178294244857284,0.4,-0.22821705755142718,0.03435658848971457,tp,False
sfp,-1,2026-07-11 05:08:00+00:00,64122.08715,2026-07-11 05:11:00+00:00,64163.644602888,3,-0.32404944017794257,0.4,-0.7240494401779426,-0.06480988803558851,sl,False
sfp,-1,2026-07-11 05:14:00+00:00,64153.08405,2026-07-11 05:15:00+00:00,64130.962455,1,0.1724125607333038,0.4,-0.22758743926669622,0.03448251214666076,tp,False
sfp,-1,2026-07-11 05:28:00+00:00,64152.38412,2026-07-11 05:33:00+00:00,64191.953093453994,5,-0.3083983081593189,0.4,-0.7083983081593189,-0.06167966163186378,sl,False
sfp,-1,2026-07-11 05:38:00+00:00,64173.582,2026-07-11 05:40:00+00:00,64154.01476,2,0.15245556964549323,0.4,-0.2475444303545068,0.030491113929098645,tp,False
sfp,1,2026-07-11 05:52:00+00:00,64133.81274,2026-07-11 05:54:00+00:00,64154.333925,2,0.15998725261501257,0.4,-0.24001274738498746,0.03199745052300251,tp,False
sfp,1,2026-07-11 06:01:00+00:00,64121.61152,2026-07-11 06:06:00+00:00,64133.036055,5,0.0890849023377216,0.4,-0.31091509766227843,0.01781698046754432,tp,False
sfp,-1,2026-07-11 06:11:00+00:00,64160.38332,2026-07-11 06:20:00+00:00,64199.15525359799,9,-0.3021485501778498,0.4,-0.7021485501778498,-0.06042971003556996,sl,False
sfp,-1,2026-07-11 06:25:00+00:00,64214.777879999994,2026-07-11 06:45:00+00:00,64184.06776499999,20,0.23912030854789101,0.4,-0.160879691452109,0.0478240617095782,tp,False
sfp,1,2026-07-11 06:47:00+00:00,64197.31909,2026-07-11 06:48:00+00:00,64204.77888,1,0.0581004791613271,0.4,-0.3418995208386729,0.01162009583226542,tp,False
sfp,1,2026-07-11 06:55:00+00:00,64207.020059999995,2026-07-11 07:07:00+00:00,64147.951123344,12,-0.45998814927711296,0.4,-0.859988149277113,-0.09199762985542259,sl,False
sfp,1,2026-07-11 07:10:00+00:00,64177.317090000004,2026-07-11 07:11:00+00:00,64173.48201,1,-0.029878780961112295,0.4,-0.4298787809611123,-0.005975756192222459,tp,False
sfp,-1,2026-07-11 07:30:00+00:00,64181.98116,2026-07-11 07:34:00+00:00,64182.217580000004,4,-0.0018417941899384616,0.4,-0.4018417941899385,-0.0003683588379876923,tp,False
sfp,1,2026-07-11 07:36:00+00:00,64174.11676999999,2026-07-11 07:40:00+00:00,64185.78078,4,0.09087783819305972,0.4,-0.3091221618069403,0.018175567638611945,tp,False
sfp,1,2026-07-11 07:57:00+00:00,64133.31269,2026-07-11 08:10:00+00:00,64159.5834,13,0.2048132935763558,0.4,-0.19518670642364422,0.04096265871527116,tp,False
sfp,1,2026-07-11 09:16:00+00:00,64218.92125,2026-07-11 09:24:00+00:00,64220.627295000006,8,0.013283040004363755,0.4,-0.38671695999563627,0.002656608000872751,tp,False
sfp,-1,2026-07-11 09:33:00+00:00,64227.27663,2026-07-11 09:34:00+00:00,64221.72153,1,0.043245644930578475,0.4,-0.35675435506942155,0.008649128986115695,tp,False
sfp,1,2026-07-11 09:47:00+00:00,64157.51511,2026-07-11 10:38:00+00:00,64116.360602712,51,-0.3207302154505376,0.4,-0.7207302154505376,-0.06414604309010752,sl,False
sfp,-1,2026-07-11 10:52:00+00:00,64154.38392,2026-07-11 11:06:00+00:00,64188.552073386,14,-0.26629632535024594,0.4,-0.666296325350246,-0.05325926507004919,sl,False
sfp,-1,2026-07-11 11:09:00+00:00,64155.5838,2026-07-11 11:09:00+00:00,64172.666625,0,-0.1331359173135649,0.4,-0.5331359173135649,-0.026627183462712978,tp,False
sfp,1,2026-07-11 11:26:00+00:00,64164.4158,2026-07-11 11:35:00+00:00,64165.48281,9,0.008314655301489005,0.4,-0.391685344698511,0.001662931060297801,tp,False
sfp,-1,2026-07-11 11:38:00+00:00,64156.18374,2026-07-11 11:38:00+00:00,64170.31639,0,-0.11014253947272401,0.4,-0.510142539472724,-0.022028507894544802,tp,False
sfp,-1,2026-07-11 12:17:00+00:00,64182.281129999996,2026-07-11 12:19:00+00:00,64172.4166,2,0.07684776722111097,0.4,-0.32315223277888905,0.015369553444222195,tp,False
sfp,1,2026-07-11 12:35:00+00:00,64126.61201999999,2026-07-11 12:53:00+00:00,64157.133645,18,0.2379793976211575,0.4,-0.16202060237884253,0.0475958795242315,tp,False
sfp,-1,2026-07-11 13:10:00+00:00,64157.883570000005,2026-07-11 13:10:00+00:00,64162.165575,0,-0.03337084050880623,0.4,-0.43337084050880625,-0.006674168101761246,tp,False
sfp,-1,2026-07-11 13:11:00+00:00,64139.5854,2026-07-11 13:11:00+00:00,64160.11537,0,-0.16004133696811973,0.4,-0.5600413369681198,-0.032008267393623946,tp,False
sfp,-1,2026-07-11 13:25:00+00:00,64163.28303,2026-07-11 13:32:00+00:00,64213.559573886,7,-0.39178593668975914,0.4,-0.7917859366897592,-0.07835718733795183,sl,False
sfp,-1,2026-07-11 14:17:00+00:00,64243.17504,2026-07-11 14:23:00+00:00,64280.479645224,6,-0.2903390531427963,0.4,-0.6903390531427963,-0.05806781062855926,sl,False
sfp,-1,2026-07-11 14:28:00+00:00,64376.761679999996,2026-07-11 14:35:00+00:00,64450.730708628,7,-0.5745010054690747,0.4,-0.9745010054690747,-0.11490020109381494,sl,False
sfp,1,2026-07-11 14:54:00+00:00,64371.436499999996,2026-07-11 15:11:00+00:00,64417.25763,17,0.35591197347295545,0.4,-0.04408802652704458,0.07118239469459109,tp,False
sfp,-1,2026-07-11 16:04:00+00:00,64092.49011,2026-07-11 16:06:00+00:00,64075.156875,2,0.1352204834782489,0.4,-0.26477951652175113,0.027044096695649777,tp,False
sfp,-1,2026-07-11 16:34:00+00:00,64183.68099,2026-07-11 16:34:00+00:00,64229.2642842,0,-0.3551003424616672,0.4,-0.7551003424616672,-0.07102006849233344,sl,False
sfp,-1,2026-07-11 16:35:00+00:00,64179.78138,2026-07-11 16:35:00+00:00,64169.466305,0,0.08036078324202833,0.4,-0.3196392167579717,0.016072156648405667,tp,False
sfp,1,2026-07-11 16:38:00+00:00,64145.113869999994,2026-07-11 16:40:00+00:00,64083.77038206,2,-0.47816181341819863,0.4,-0.8781618134181987,-0.09563236268363973,sl,False
sfp,1,2026-07-11 16:43:00+00:00,64116.01096,2026-07-11 16:46:00+00:00,64068.77488176,3,-0.3683641381672098,0.4,-0.7683641381672098,-0.07367282763344196,sl,False
sfp,1,2026-07-11 16:47:00+00:00,64090.30839,2026-07-11 17:01:00+00:00,64157.883570000005,14,0.5271871964540598,0.4,0.12718719645405974,0.10543743929081195,tp,False
sfp,-1,2026-07-11 17:03:00+00:00,64139.385420000006,2026-07-11 17:06:00+00:00,64183.850663291996,3,-0.3466297891757675,0.4,-0.7466297891757675,-0.0693259578351535,sl,False
sfp,-1,2026-07-11 17:30:00+00:00,64266.47271,2026-07-11 17:31:00+00:00,64298.48504558399,1,-0.24905937912944598,0.4,-0.649059379129446,-0.049811875825889196,sl,False
sfp,-1,2026-07-11 17:34:00+00:00,64333.566,2026-07-11 17:35:00+00:00,64377.908867171995,1,-0.3446324362930131,0.4,-0.7446324362930131,-0.06892648725860262,sl,False
sfp,-1,2026-07-11 17:36:00+00:00,64351.76418,2026-07-11 18:00:00+00:00,64266.175975,24,0.6650027865638397,0.4,0.2650027865638397,0.13300055731276794,tp,False
sfp,-1,2026-07-11 18:19:00+00:00,64301.66919,2026-07-11 18:21:00+00:00,64344.79893650999,2,-0.3353703492715576,0.4,-0.7353703492715576,-0.06707406985431152,sl,False
sfp,1,2026-07-11 18:53:00+00:00,64274.72683,2026-07-11 18:58:00+00:00,64294.219935,5,0.1516389564093501,0.4,-0.24836104359064992,0.03032779128187002,tp,False
sfp,-1,2026-07-11 19:21:00+00:00,64291.5702,2026-07-11 19:26:00+00:00,64288.32819,5,0.025213336600105052,0.4,-0.37478666339989497,0.00504266732002101,tp,False
sfp,-1,2026-07-11 19:27:00+00:00,64259.07345,2026-07-11 19:27:00+00:00,64293.378695,0,-0.2669291911491234,0.4,-0.6669291911491234,-0.05338583822982468,tp,False
sfp,1,2026-07-11 19:32:00+00:00,64232.22258,2026-07-11 19:45:00+00:00,64255.37382,13,0.18021515580568526,0.4,-0.21978484419431477,0.03604303116113705,tp,False
sfp,-1,2026-07-11 20:02:00+00:00,64256.37372,2026-07-11 20:04:00+00:00,64291.582975446,2,-0.27397480909385763,0.4,-0.6739748090938577,-0.054794961818771526,sl,False
sfp,-1,2026-07-11 20:06:00+00:00,64259.673389999996,2026-07-11 20:13:00+00:00,64302.386215661994,7,-0.33234549297167515,0.4,-0.7323454929716752,-0.06646909859433503,sl,False
sfp,-1,2026-07-11 20:15:00+00:00,64294.369920000005,2026-07-11 20:21:00+00:00,64345.499146523995,6,-0.39761822526307444,0.4,-0.7976182252630745,-0.07952364505261489,sl,False
sfp,-1,2026-07-11 20:23:00+00:00,64318.867470000005,2026-07-11 20:40:00+00:00,64359.503346804,17,-0.3158939079808132,0.4,-0.7158939079808132,-0.06317878159616264,sl,False
sfp,-1,2026-07-11 20:42:00+00:00,64372.06215,2026-07-11 20:42:00+00:00,64408.217957778,0,-0.2808346242951787,0.4,-0.6808346242951787,-0.05616692485903574,sl,False
sfp,-1,2026-07-11 21:06:00+00:00,64393.56,2026-07-11 21:08:00+00:00,64382.787635,2,0.08364473869743039,0.4,-0.31635526130256963,0.016728947739486077,tp,False
sfp,1,2026-07-11 21:17:00+00:00,64353.53471,2026-07-11 21:21:00+00:00,64359.66339,4,0.04761727562918594,0.4,-0.3523827243708141,0.009523455125837188,tp,False
sfp,1,2026-07-11 21:42:00+00:00,64340.73343,2026-07-11 21:48:00+00:00,64340.315325,6,-0.0032491469844075915,0.4,-0.4032491469844076,-0.0006498293968815183,tp,False
sfp,-1,2026-07-11 21:50:00+00:00,64330.46631,2026-07-11 21:52:00+00:00,64338.283185,2,-0.06075562208995855,0.4,-0.46075562208995857,-0.01215112441799171,tp,False
sfp,1,2026-07-11 21:59:00+00:00,64327.93215,2026-07-11 22:02:00+00:00,64330.166339999996,3,0.017365628936949484,0.4,-0.38263437106305054,0.003473125787389897,tp,False
sfp,1,2026-07-11 22:07:00+00:00,64319.031259999996,2026-07-11 22:09:00+00:00,64327.66659,2,0.06712888728921396,0.4,-0.33287111271078607,0.013425777457842791,tp,False
sfp,1,2026-07-11 22:43:00+00:00,64184.61782,2026-07-11 22:49:00+00:00,64134.85505308201,6,-0.3876533709178398,0.4,-0.7876533709178398,-0.07753067418356796,sl,False
sfp,-1,2026-07-11 23:08:00+00:00,64180.48131,2026-07-11 23:08:00+00:00,64171.266485,0,0.0717883756238269,0.4,-0.32821162437617313,0.014357675124765379,tp,False
sfp,-1,2026-07-11 23:09:00+00:00,64123.28703,2026-07-11 23:09:00+00:00,64166.666025,0,-0.33824681335892226,0.4,-0.7382468133589223,-0.06764936267178445,tp,False
sfp,1,2026-07-11 23:12:00+00:00,64087.508109999995,2026-07-11 23:18:00+00:00,64142.73508499999,6,0.4308716053150752,0.4,0.030871605315075157,0.08617432106301504,tp,False
sfp,1,2026-07-11 23:24:00+00:00,63948.49421,2026-07-11 23:25:00+00:00,63860.137487586006,1,-0.6908428689801349,0.4,-1.0908428689801348,-0.13816857379602698,sl,False
sfp,1,2026-07-11 23:28:00+00:00,63848.184180000004,2026-07-12 00:00:00+00:00,63762.36682563,32,-0.67204224734152,0.4,-1.0720422473415199,-0.134408449468304,sl,False
sfp,1,2026-07-12 00:01:00+00:00,63839.58332,2026-07-12 00:15:00+00:00,63739.073815163996,14,-0.7872036408210215,0.4,-1.1872036408210214,-0.1574407281642043,sl,False
sfp,1,2026-07-12 00:16:00+00:00,63812.58061999999,2026-07-12 00:16:00+00:00,63813.51801,0,0.007344868291681017,0.4,-0.392655131708319,0.0014689736583362034,tp,False
sfp,1,2026-07-12 00:33:00+00:00,63756.27499,2026-07-12 00:40:00+00:00,63695.8867743,7,-0.4735864486238306,0.4,-0.8735864486238306,-0.09471728972476612,sl,False
sfp,1,2026-07-12 00:42:00+00:00,63707.17008,2026-07-12 00:45:00+00:00,63771.922170000005,3,0.5082009601014015,0.4,0.10820096010140146,0.1016401920202803,tp,False
sfp,-1,2026-07-12 01:12:00+00:00,63918.50751,2026-07-12 01:19:00+00:00,63974.787959112,7,-0.4402515899106785,0.4,-0.8402515899106785,-0.0880503179821357,sl,False
sfp,-1,2026-07-12 01:21:00+00:00,63930.20634,2026-07-12 01:35:00+00:00,63993.69362949,14,-0.49653593445608823,0.4,-0.8965359344560883,-0.09930718689121765,sl,False
sfp,-1,2026-07-12 01:37:00+00:00,63993.69999,2026-07-12 01:38:00+00:00,64045.309110522,1,-0.4032359476797698,0.4,-0.8032359476797698,-0.08064718953595396,sl,False
sfp,-1,2026-07-12 01:39:00+00:00,64018.89747,2026-07-12 01:40:00+00:00,64075.118051118,1,-0.4390936375023857,0.4,-0.8390936375023857,-0.08781872750047715,sl,False
sfp,-1,2026-07-12 01:45:00+00:00,64121.5872,2026-07-12 02:11:00+00:00,64022.4016,26,0.77341816017934,0.4,0.37341816017933993,0.154683632035868,tp,False
sfp,1,2026-07-12 02:15:00+00:00,64032.4026,2026-07-12 02:17:00+00:00,64058.5935,2,0.2045128633045845,0.4,-0.1954871366954155,0.0409025726609169,tp,False
sfp,-1,2026-07-12 02:22:00+00:00,64093.590000000004,2026-07-12 02:32:00+00:00,64057.70513,10,0.2799411766449822,0.4,-0.12005882335501783,0.05598823532899644,tp,False
sfp,-1,2026-07-12 02:59:00+00:00,64073.39202000001,2026-07-12 02:59:00+00:00,64070.00636,0,0.02642017141024633,0.4,-0.3735798285897537,0.005284034282049266,tp,False
sfp,-1,2026-07-12 03:18:00+00:00,64089.490410000006,2026-07-12 03:24:00+00:00,64134.2357823,6,-0.3490850997077688,0.4,-0.7490850997077688,-0.06981701994155376,sl,False
sfp,-1,2026-07-12 03:25:00+00:00,64090.390320000006,2026-07-12 03:33:00+00:00,64154.241782699995,8,-0.49813601057180357,0.4,-0.8981360105718036,-0.09962720211436071,sl,False
sfp,-1,2026-07-12 04:01:00+00:00,64181.18124,2026-07-12 04:02:00+00:00,64171.666525,1,0.07412386945965244,0.4,-0.3258761305403476,0.014824773891930487,tp,False
sfp,1,2026-07-12 05:19:00+00:00,63906.28999,2026-07-12 05:31:00+00:00,63864.136287666006,12,-0.32980871163534875,0.4,-0.7298087116353488,-0.06596174232706975,sl,False
sfp,1,2026-07-12 05:32:00+00:00,63893.98876,2026-07-12 05:38:00+00:00,63924.056955,6,0.23529752628959066,0.4,-0.16470247371040936,0.04705950525791813,tp,False
sfp,-1,2026-07-12 05:41:00+00:00,63932.50611,2026-07-12 05:58:00+00:00,63978.28900918199,17,-0.35805650339448825,0.4,-0.7580565033944883,-0.07161130067889765,sl,False
sfp,1,2026-07-12 06:04:00+00:00,63870.98646,2026-07-12 06:07:00+00:00,63812.251856628005,3,-0.4597909522564003,0.4,-0.8597909522564003,-0.09195819045128006,sl,False
sfp,1,2026-07-12 06:14:00+00:00,63749.27429,2026-07-12 06:14:00+00:00,63714.28125466801,0,-0.2744583034217096,0.4,-0.6744583034217096,-0.054891660684341925,sl,False
sfp,1,2026-07-12 06:19:00+00:00,63718.3712,2026-07-12 06:28:00+00:00,63660.997243602,9,-0.4502151837647572,0.4,-0.8502151837647572,-0.09004303675295144,sl,False
sfp,1,2026-07-12 06:30:00+00:00,63644.963859999996,2026-07-12 06:35:00+00:00,63702.829079999996,5,0.45459386328894347,0.4,0.054593863288943445,0.0909187726577887,tp,False
sfp,-1,2026-07-12 07:17:00+00:00,63767.322629999995,2026-07-12 07:18:00+00:00,63815.440165926004,1,-0.3772899185778833,0.4,-0.7772899185778833,-0.07545798371557666,sl,False
sfp,-1,2026-07-12 07:26:00+00:00,63832.516110000004,2026-07-12 07:55:00+00:00,63873.15747708,29,-0.31834376550310406,0.4,-0.7183437655031041,-0.06366875310062081,sl,False
sfp,-1,2026-07-12 07:58:00+00:00,63855.01386,2026-07-12 08:02:00+00:00,63898.164977579996,4,-0.3378835503395905,0.4,-0.7378835503395905,-0.0675767100679181,sl,False
sfp,1,2026-07-12 09:17:00+00:00,63825.78194,2026-07-12 09:21:00+00:00,63772.463795832,4,-0.41768500555244836,0.4,-0.8176850055524484,-0.08353700111048967,sl,False
sfp,-1,2026-07-12 09:35:00+00:00,63859.01346,2026-07-12 09:37:00+00:00,63899.965517616,2,-0.32064430216771633,0.4,-0.7206443021677164,-0.06412886043354327,sl,False
sfp,1,2026-07-12 10:02:00+00:00,63935.19288,2026-07-12 10:03:00+00:00,63896.32662831,1,-0.30395037489716614,0.4,-0.7039503748971662,-0.06079007497943323,sl,False
sfp,1,2026-07-12 10:07:00+00:00,63921.29149,2026-07-12 10:08:00+00:00,63866.63553771601,1,-0.42752540671481265,0.4,-0.8275254067148127,-0.08550508134296253,sl,False
sfp,1,2026-07-12 10:31:00+00:00,63859.48531,2026-07-12 10:35:00+00:00,63877.01166,4,0.13722589459430612,0.4,-0.2627741054056939,0.027445178918861224,tp,False
sfp,1,2026-07-12 10:45:00+00:00,63842.98366,2026-07-12 10:51:00+00:00,63800.955246402,6,-0.32915452245951826,0.4,-0.7291545224595183,-0.06583090449190365,sl,False
sfp,1,2026-07-12 10:52:00+00:00,63824.3818,2026-07-12 10:55:00+00:00,63846.21474,3,0.17103918114247385,0.4,-0.22896081885752617,0.03420783622849477,tp,False
sfp,-1,2026-07-12 11:07:00+00:00,63864.71289,2026-07-12 11:11:00+00:00,63845.733935000004,4,0.14858717859334014,0.4,-0.2514128214066599,0.029717435718668028,tp,False
sfp,1,2026-07-12 11:13:00+00:00,63833.082669999996,2026-07-12 11:15:00+00:00,63843.41502,2,0.08093256324015474,0.4,-0.3190674367598453,0.01618651264803095,tp,False
sfp,-1,2026-07-12 11:34:00+00:00,63912.808079999995,2026-07-12 11:34:00+00:00,63951.781058652,0,-0.3048917722658917,0.4,-0.7048917722658917,-0.06097835445317834,sl,False
sfp,-1,2026-07-12 11:37:00+00:00,63982.10115,2026-07-12 12:10:00+00:00,64032.005120256,33,-0.38998383422106375,0.4,-0.7899838342210638,-0.07799676684421275,sl,False
sfp,-1,2026-07-12 12:14:00+00:00,64081.79118,2026-07-12 12:19:00+00:00,64035.902949999996,5,0.35804422094809496,0.4,-0.04195577905190506,0.07160884418961899,tp,False
sfp,1,2026-07-12 12:35:00+00:00,64018.30119,2026-07-12 12:38:00+00:00,63974.003319863994,3,-0.34597817586984325,0.4,-0.7459781758698433,-0.06919563517396865,sl,False
sfp,1,2026-07-12 12:41:00+00:00,63997.199080000006,2026-07-12 12:47:00+00:00,64024.09695,6,0.21014880640612965,0.4,-0.18985119359387037,0.04202976128122593,tp,False
sfp,-1,2026-07-12 13:12:00+00:00,64015.297829999996,2026-07-12 13:15:00+00:00,64003.649724999996,3,0.0909790737124716,0.4,-0.3090209262875284,0.01819581474249432,tp,False
sfp,-1,2026-07-12 14:34:00+00:00,64002.39912,2026-07-12 14:43:00+00:00,64052.911390673995,9,-0.3946123221043596,0.4,-0.7946123221043596,-0.07892246442087192,sl,False
sfp,-1,2026-07-12 14:45:00+00:00,64037.695589999996,2026-07-12 14:46:00+00:00,64078.91919119399,1,-0.3218698050748703,0.4,-0.7218698050748703,-0.06437396101497406,sl,False
sfp,1,2026-07-12 15:22:00+00:00,64141.51351,2026-07-12 15:25:00+00:00,64172.98206,3,0.24530563965485808,0.4,-0.15469436034514195,0.049061127930971615,tp,False
sfp,-1,2026-07-12 15:31:00+00:00,64181.08125,2026-07-12 15:33:00+00:00,64169.466305,2,0.0904857379603885,0.4,-0.3095142620396115,0.0180971475920777,tp,False
sfp,1,2026-07-12 15:36:00+00:00,64115.010859999995,2026-07-12 15:51:00+00:00,64159.283429999996,15,0.3452590072602346,0.4,-0.054740992739765404,0.06905180145204692,tp,False
sfp,1,2026-07-12 16:04:00+00:00,64123.4117,2026-07-12 16:08:00+00:00,64138.835475,4,0.12026633168060741,0.4,-0.2797336683193926,0.02405326633612148,tp,False
sfp,1,2026-07-12 17:24:00+00:00,64112.61062,2026-07-12 17:36:00+00:00,64116.28773,12,0.02867696358355154,0.4,-0.3713230364164485,0.005735392716710308,tp,False
sfp,-1,2026-07-12 17:41:00+00:00,64127.286629999995,2026-07-12 17:50:00+00:00,64117.011060000004,9,0.08011854656564399,0.4,-0.31988145343435603,0.016023709313128798,tp,False
sfp,1,2026-07-12 18:26:00+00:00,64008.20018,2026-07-12 18:28:00+00:00,64015.047855,2,0.05349060730297506,0.4,-0.34650939269702496,0.010698121460595011,tp,False
sfp,-1,2026-07-12 19:04:00+00:00,64123.78698,2026-07-12 19:05:00+00:00,64162.144152858,1,-0.29908692752322885,0.4,-0.6990869275232289,-0.05981738550464577,sl,False
sfp,1,2026-07-12 19:38:00+00:00,64142.61362,2026-07-12 19:50:00+00:00,64151.534204999996,12,0.06953711812285324,0.4,-0.3304628818771468,0.013907423624570647,tp,False
sfp,1,2026-07-12 20:12:00+00:00,64175.51691,2026-07-12 20:15:00+00:00,64137.55424313601,3,-0.2957721939133573,0.4,-0.6957721939133573,-0.05915443878267146,sl,False
sfp,1,2026-07-12 20:16:00+00:00,64160.715430000004,2026-07-12 20:31:00+00:00,64181.78118,15,0.16416392693574533,0.4,-0.2358360730642547,0.032832785387149066,tp,False
sfp,-1,2026-07-12 20:44:00+00:00,64177.38162,2026-07-12 20:55:00+00:00,64172.31659,11,0.039461176758404104,0.4,-0.3605388232415959,0.00789223535168082,tp,False
sfp,-1,2026-07-12 21:04:00+00:00,64192.5801,2026-07-12 21:07:00+00:00,64187.818139999996,3,0.03709120269496102,0.4,-0.362908797305039,0.007418240538992205,tp,False
sfp,1,2026-07-12 21:18:00+00:00,64171.01646,2026-07-12 21:19:00+00:00,64128.556942956006,1,-0.3308309528683995,0.4,-0.7308309528683995,-0.0661661905736799,sl,False
sfp,1,2026-07-12 21:23:00+00:00,64090.108369999994,2026-07-12 21:27:00+00:00,64047.681211338,4,-0.33099615323678444,0.4,-0.7309961532367845,-0.06619923064735689,sl,False
sfp,1,2026-07-12 21:29:00+00:00,64091.30849,2026-07-12 21:31:00+00:00,64031.586041016,2,-0.46591691128694546,0.4,-0.8659169112869455,-0.09318338225738909,sl,False
sfp,1,2026-07-12 21:34:00+00:00,64048.70423,2026-07-12 21:43:00+00:00,63992.497770234,9,-0.43877905448458376,0.4,-0.8387790544845838,-0.08775581089691675,sl,False
sfp,1,2026-07-12 21:45:00+00:00,64021.90155,2026-07-12 21:46:00+00:00,63971.104189806,1,-0.3967186147566526,0.4,-0.7967186147566526,-0.07934372295133052,sl,False
sfp,1,2026-07-12 21:49:00+00:00,63917.3911,2026-07-12 22:00:00+00:00,63839.043817164,11,-0.6128792296405394,0.4,-1.0128792296405393,-0.12257584592810788,sl,False
sfp,1,2026-07-12 22:21:00+00:00,63690.06836999999,2026-07-12 22:22:00+00:00,63763.373025,1,0.5754794811504427,0.4,0.17547948115044265,0.11509589623008853,tp,False
sfp,-1,2026-07-12 22:31:00+00:00,63808.018560000004,2026-07-12 22:45:00+00:00,63735.02286499999,14,0.5719946853652291,0.4,0.1719946853652291,0.11439893707304583,tp,False
sfp,1,2026-07-12 22:47:00+00:00,63727.87215,2026-07-12 22:53:00+00:00,63758.673495,6,0.2416630585710955,0.4,-0.15833694142890453,0.0483326117142191,tp,False
sfp,-1,2026-07-12 23:35:00+00:00,63814.017960000005,2026-07-12 23:35:00+00:00,63795.028865,0,0.14878466837731086,0.4,-0.25121533162268916,0.02975693367546217,tp,False
sfp,1,2026-07-12 23:48:00+00:00,63723.57172,2026-07-12 23:50:00+00:00,63765.12285,2,0.3260263735888058,0.4,-0.0739736264111942,0.06520527471776116,tp,False
sfp,-1,2026-07-13 00:04:00+00:00,63828.31653,2026-07-13 00:05:00+00:00,63892.66332747,1,-0.5040615276118432,0.4,-0.9040615276118432,-0.10081230552236864,sl,False
sfp,-1,2026-07-13 00:12:00+00:00,64169.98236,2026-07-13 00:15:00+00:00,64280.379615222,3,-0.8601939034568185,0.4,-1.2601939034568184,-0.1720387806913637,sl,False
sfp,1,2026-07-13 00:33:00+00:00,64094.4088,2026-07-13 00:36:00+00:00,64019.889550782,3,-0.5813241015337756,0.4,-0.9813241015337756,-0.11626482030675511,sl,False
sfp,1,2026-07-13 01:11:00+00:00,63712.87065,2026-07-13 01:15:00+00:00,63888.760485,4,1.3803320522648432,0.4,0.9803320522648432,0.27606641045296865,tp,False
sfp,1,2026-07-13 01:33:00+00:00,63649.66433,2026-07-13 01:33:00+00:00,63569.92457178,0,-0.6263957481894566,0.4,-1.0263957481894566,-0.12527914963789133,sl,False
sfp,1,2026-07-13 01:36:00+00:00,63638.56322,2026-07-13 01:55:00+00:00,63497.246380326,19,-1.1103082197617686,0.4,-1.5103082197617685,-0.22206164395235373,sl,False
sfp,1,2026-07-13 01:58:00+00:00,63449.3443,2026-07-13 01:59:00+00:00,63391.97796822,1,-0.4520640237726803,0.4,-0.8520640237726803,-0.09041280475453606,sl,False
sfp,1,2026-07-13 02:01:00+00:00,63403.43971,2026-07-13 02:01:00+00:00,63318.00016674,0,-0.6737768774910946,0.4,-1.0737768774910945,-0.13475537549821892,sl,False
sfp,1,2026-07-13 02:02:00+00:00,63369.53632,2026-07-13 02:02:00+00:00,63296.80652631601,0,-0.5738545514734628,0.4,-0.9738545514734628,-0.11477091029469255,sl,False
sfp,1,2026-07-13 02:03:00+00:00,63353.034669999994,2026-07-13 02:08:00+00:00,63238.02416514001,5,-0.9076953097753582,0.4,-1.307695309775358,-0.18153906195507163,sl,False
sfp,1,2026-07-13 02:10:00+00:00,63304.42981,2026-07-13 02:15:00+00:00,63430.206345000006,5,0.993426015979515,0.4,0.5934260159795149,0.198685203195903,tp,False
sfp,-1,2026-07-13 02:18:00+00:00,63463.653,2026-07-13 02:24:00+00:00,63356.885055,6,0.8411739629926585,0.4,0.44117396299265843,0.1682347925985317,tp,False
sfp,1,2026-07-13 02:54:00+00:00,63371.13648,2026-07-13 02:57:00+00:00,63324.598186872,3,-0.36718840558186416,0.4,-0.7671884055818642,-0.07343768111637283,sl,False
sfp,1,2026-07-13 02:59:00+00:00,63351.3345,2026-07-13 03:00:00+00:00,63290.00856618,1,-0.48401453816254714,0.4,-0.8840145381625472,-0.09680290763250943,sl,False
sfp,1,2026-07-13 03:01:00+00:00,63321.23149,2026-07-13 03:04:00+00:00,63241.0232652,3,-0.6333438478108855,0.4,-1.0333438478108854,-0.1266687695621771,sl,False
sfp,1,2026-07-13 03:11:00+00:00,62974.59683,2026-07-13 03:11:00+00:00,62925.118058880005,0,-0.39284706540926306,0.4,-0.7928470654092631,-0.07856941308185261,sl,False
sfp,1,2026-07-13 03:14:00+00:00,62997.699140000004,2026-07-13 03:19:00+00:00,62895.42696828601,5,-0.8117135475592119,0.4,-1.2117135475592118,-0.16234270951184238,sl,False
sfp,1,2026-07-13 03:20:00+00:00,62914.89086,2026-07-13 03:34:00+00:00,62720.279524781996,14,-1.5466238004851474,0.4,-1.9466238004851473,-0.30932476009702947,sl,False
sfp,1,2026-07-13 03:36:00+00:00,62762.775649999996,2026-07-13 04:04:00+00:00,62695.886844294,28,-0.5328700413044785,0.4,-0.9328700413044785,-0.10657400826089569,sl,False
sfp,1,2026-07-13 04:08:00+00:00,62782.67764,2026-07-13 04:08:00+00:00,62756.973675,0,-0.20470586765497512,0.4,-0.6047058676549751,-0.04094117353099502,tp,False
sfp,-1,2026-07-13 04:14:00+00:00,62801.619210000004,2026-07-13 04:17:00+00:00,62864.35490691,3,-0.4994751544559195,0.4,-0.8994751544559195,-0.0998950308911839,sl,False
sfp,-1,2026-07-13 04:19:00+00:00,62847.31464,2026-07-13 04:32:00+00:00,62767.326105,13,0.6363719393436829,0.4,0.23637193934368284,0.12727438786873657,tp,False
sfp,1,2026-07-13 04:35:00+00:00,62715.77095,2026-07-13 04:35:00+00:00,62648.001213336,0,-0.5402926220745008,0.4,-0.9402926220745008,-0.10805852441490016,sl,False
sfp,1,2026-07-13 04:38:00+00:00,62644.96387,2026-07-13 04:50:00+00:00,62747.974575,12,0.8221786607920389,0.4,0.4221786607920389,0.1644357321584078,tp,False
sfp,1,2026-07-13 05:02:00+00:00,62691.2685,2026-07-13 05:02:00+00:00,62703.52902,0,0.09778490923340044,0.4,-0.3022150907665996,0.019556981846680088,tp,False
sfp,-1,2026-07-13 05:06:00+00:00,62724.32694,2026-07-13 05:09:00+00:00,62787.83195538,3,-0.5062231711210341,0.4,-0.9062231711210341,-0.10124463422420682,sl,False
sfp,-1,2026-07-13 05:12:00+00:00,62830.91628,2026-07-13 05:23:00+00:00,62650.614435,11,1.4348178864406202,0.4,1.0348178864406203,0.28696357728812405,tp,False
sfp,1,2026-07-13 05:25:00+00:00,62674.56683,2026-07-13 05:28:00+00:00,62611.2122526,3,-0.5054249323481197,0.4,-0.9054249323481197,-0.10108498646962394,sl,False
sfp,1,2026-07-13 05:31:00+00:00,62591.75855,2026-07-13 05:34:00+00:00,62721.577215,3,1.0370268227588575,0.4,0.6370268227588575,0.2074053645517715,tp,False
sfp,-1,2026-07-13 05:52:00+00:00,62745.02487,2026-07-13 06:01:00+00:00,62818.841256,9,-0.5882250118869337,0.4,-0.9882250118869337,-0.11764500237738673,sl,False
sfp,-1,2026-07-13 06:04:00+00:00,62797.31964,2026-07-13 06:06:00+00:00,62781.07748,2,0.12932208009125423,0.4,-0.2706779199087458,0.025864416018250846,tp,False
sfp,1,2026-07-13 06:19:00+00:00,62720.871459999995,2026-07-13 06:25:00+00:00,62761.173254999994,6,0.32127897828793106,0.4,-0.07872102171206896,0.06425579565758621,tp,False
sfp,-1,2026-07-13 06:31:00+00:00,62784.82089,2026-07-13 06:36:00+00:00,62748.77425,5,0.28706492659391625,0.4,-0.11293507340608377,0.05741298531878325,tp,False
sfp,-1,2026-07-13 06:48:00+00:00,62821.21725,2026-07-13 06:49:00+00:00,62790.17839,1,0.2470412175911707,0.4,-0.15295878240882932,0.04940824351823414,tp,False
sfp,1,2026-07-13 07:04:00+00:00,62763.2757,2026-07-13 07:07:00+00:00,62780.32134,3,0.13579310360944952,0.4,-0.2642068963905505,0.027158620721889903,tp,False
sfp,-1,2026-07-13 07:14:00+00:00,62823.81699,2026-07-13 07:18:00+00:00,62784.127785000004,4,0.31587705826846557,0.4,-0.08412294173153445,0.06317541165369311,tp,False
sfp,-1,2026-07-13 07:27:00+00:00,62924.106960000005,2026-07-13 07:28:00+00:00,62966.785628958,1,-0.3391281260862744,0.4,-0.7391281260862744,-0.06782562521725488,sl,False
sfp,-1,2026-07-13 07:30:00+00:00,62920.7073,2026-07-13 07:33:00+00:00,62993.8937595,3,-0.5815768976582536,0.4,-0.9815768976582536,-0.11631537953165072,sl,False
sfp,1,2026-07-13 08:11:00+00:00,62948.19419,2026-07-13 08:12:00+00:00,62968.002570000004,1,0.1573387470037435,0.4,-0.24266125299625652,0.0314677494007487,tp,False
sfp,1,2026-07-13 09:11:00+00:00,63138.51321999999,2026-07-13 09:19:00+00:00,63084.470242068004,8,-0.4279715753179314,0.4,-0.8279715753179314,-0.08559431506358628,sl,False
sfp,1,2026-07-13 09:30:00+00:00,63096.309,2026-07-13 10:20:00+00:00,63103.689,50,0.058482026262351994,0.4,-0.34151797373764803,0.011696405252470399,tp,False
sfp,1,2026-07-13 10:59:00+00:00,62861.78555,2026-07-13 11:03:00+00:00,62961.25324500001,4,0.7911618651119667,0.4,0.3911618651119667,0.15823237302239335,tp,False
sfp,-1,2026-07-13 11:04:00+00:00,62954.80389,2026-07-13 11:05:00+00:00,62999.595469613996,1,-0.35574393728754483,0.4,-0.7557439372875449,-0.07114878745750897,sl,False
sfp,-1,2026-07-13 11:12:00+00:00,63058.29354,2026-07-13 11:31:00+00:00,62962.19559,19,0.7619770898100731,0.4,0.36197708981007304,0.1523954179620146,tp,False
sfp,1,2026-07-13 11:35:00+00:00,62979.897359999995,2026-07-13 11:52:00+00:00,62915.52093868801,17,-0.5110870611935159,0.4,-0.9110870611935159,-0.10221741223870318,sl,False
sfp,1,2026-07-13 11:56:00+00:00,62904.98987,2026-07-13 12:01:00+00:00,62862.63680763,5,-0.33664310619496707,0.4,-0.7366431061949671,-0.06732862123899341,sl,False
sfp,1,2026-07-13 12:02:00+00:00,62913.2907,2026-07-13 12:02:00+00:00,62909.25844500001,0,-0.03204613011914548,0.4,-0.4320461301191455,-0.0064092260238290955,tp,False
sfp,-1,2026-07-13 12:03:00+00:00,62904.80889,2026-07-13 12:03:00+00:00,62914.19079,0,-0.07457220016682253,0.4,-0.47457220016682256,-0.014914440033364507,tp,False
sfp,1,2026-07-13 12:05:00+00:00,62870.58643,2026-07-13 12:08:00+00:00,62836.1447571,3,-0.2739092702622181,0.4,-0.6739092702622181,-0.054781854052443624,sl,False
sfp,1,2026-07-13 12:23:00+00:00,62794.378809999995,2026-07-13 12:29:00+00:00,62722.778774832,6,-0.5701150049166048,0.4,-0.9701150049166049,-0.11402300098332097,sl,False
sfp,1,2026-07-13 12:35:00+00:00,62700.2694,2026-07-13 12:35:00+00:00,62656.298723502005,0,-0.35064184666799836,0.4,-0.7506418466679984,-0.07012836933359967,sl,False
sfp,1,2026-07-13 12:42:00+00:00,62571.65654,2026-07-13 12:56:00+00:00,62526.437690904,14,-0.36133651877262585,0.4,-0.7613365187726259,-0.07226730375452517,sl,False
sfp,1,2026-07-13 12:57:00+00:00,62577.15709,2026-07-13 13:01:00+00:00,62601.03927,4,0.19082186783947463,0.4,-0.2091781321605254,0.03816437356789493,tp,False
sfp,1,2026-07-13 13:16:00+00:00,62501.849559999995,2026-07-13 13:19:00+00:00,62455.25904948,3,-0.37271305447744707,0.4,-0.7727130544774471,-0.07454261089548941,sl,False
sfp,-1,2026-07-13 13:35:00+00:00,62679.53142000001,2026-07-13 13:35:00+00:00,62747.619894576004,0,-0.5431476036391603,0.4,-0.9431476036391603,-0.10862952072783205,sl,False
sfp,-1,2026-07-13 13:36:00+00:00,62706.7287,2026-07-13 13:40:00+00:00,62545.703944999994,4,1.2839511671098314,0.4,0.8839511671098313,0.2567902334219663,tp,False
sfp,1,2026-07-13 13:43:00+00:00,62285.02788,2026-07-13 13:43:00+00:00,62228.227174938,0,-0.4559739876124902,0.4,-0.8559739876124902,-0.09119479752249804,sl,False
sfp,1,2026-07-13 13:44:00+00:00,62276.32701,2026-07-13 13:51:00+00:00,62207.733324528,7,-0.5507203841756958,0.4,-0.9507203841756958,-0.11014407683513916,sl,False
sfp,1,2026-07-13 13:53:00+00:00,62220.2214,2026-07-13 14:16:00+00:00,62122.558882824,23,-0.7848133209632513,0.4,-1.1848133209632512,-0.15696266419265026,sl,False
sfp,-1,2026-07-13 14:17:00+00:00,62173.682010000004,2026-07-13 14:17:00+00:00,62278.92726999999,0,-0.8463811101219187,0.4,-1.2463811101219187,-0.16927622202438375,tp,False
sfp,-1,2026-07-13 14:21:00+00:00,62395.059870000005,2026-07-13 14:26:00+00:00,62530.354730232,5,-1.0841792644632475,0.4,-1.4841792644632474,-0.2168358528926495,sl,False
sfp,-1,2026-07-13 14:35:00+00:00,62610.63831,2026-07-13 14:48:00+00:00,62685.501263334,13,-0.5978453131505468,0.4,-0.9978453131505468,-0.11956906263010936,sl,False
sfp,-1,2026-07-13 14:51:00+00:00,62626.83669,2026-07-13 14:57:00+00:00,62733.215574288,6,-0.8493075006691386,0.4,-1.2493075006691385,-0.16986150013382773,sl,False
sfp,-1,2026-07-13 15:02:00+00:00,62758.7235,2026-07-13 15:04:00+00:00,62663.86576,2,0.7557335037255974,0.4,0.3557335037255974,0.1511467007451195,tp,False
sfp,-1,2026-07-13 15:19:00+00:00,62873.31204,2026-07-13 15:22:00+00:00,62803.479719999996,3,0.5553415092525715,0.4,0.1553415092525715,0.1110683018505143,tp,False
sfp,1,2026-07-13 15:37:00+00:00,62689.36831,2026-07-13 15:37:00+00:00,62648.401093344,0,-0.3267477226235327,0.4,-0.7267477226235327,-0.06534954452470654,sl,False
sfp,1,2026-07-13 15:44:00+00:00,62606.36001,2026-07-13 16:06:00+00:00,62524.73820087,22,-0.6518651548896859,0.4,-1.0518651548896858,-0.13037303097793718,sl,False
sfp,1,2026-07-13 16:08:00+00:00,62535.85296,2026-07-13 16:15:00+00:00,62487.74930013,7,-0.3846086492236833,0.4,-0.7846086492236833,-0.07692172984473666,sl,False
sfp,1,2026-07-13 16:26:00+00:00,62295.32891,2026-07-13 16:26:00+00:00,62256.718625508,0,-0.30989710759676825,0.4,-0.7098971075967683,-0.06197942151935365,sl,False
sfp,1,2026-07-13 16:27:00+00:00,62298.52923,2026-07-13 16:30:00+00:00,62232.925765032,3,-0.526524990066779,0.4,-0.926524990066779,-0.1053049980133558,sl,False
sfp,1,2026-07-13 16:32:00+00:00,62276.126990000004,2026-07-13 16:35:00+00:00,62219.029934754,3,-0.45841848237587746,0.4,-0.8584184823758775,-0.09168369647517549,sl,False
sfp,1,2026-07-13 16:39:00+00:00,62219.2213,2026-07-13 16:41:00+00:00,62331.016275,2,0.8983958065061914,0.4,0.4983958065061914,0.1796791613012383,tp,False
sfp,-1,2026-07-13 16:45:00+00:00,62338.565520000004,2026-07-13 16:45:00+00:00,62390.112667428,0,-0.41344508810892133,0.4,-0.8134450881089214,-0.08268901762178427,sl,False
sfp,-1,2026-07-13 16:46:00+00:00,62363.763,2026-07-13 16:50:00+00:00,62283.877765,4,0.6404779887961842,0.4,0.2404779887961842,0.12809559775923685,tp,False
sfp,1,2026-07-13 17:18:00+00:00,62252.62464,2026-07-13 17:24:00+00:00,62192.83779423001,6,-0.48019538224880476,0.4,-0.8801953822488048,-0.09603907644976095,sl,False
sfp,1,2026-07-13 17:30:00+00:00,62171.2165,2026-07-13 17:32:00+00:00,62135.954863092,2,-0.2835849038598237,0.4,-0.6835849038598237,-0.05671698077196474,sl,False
sfp,1,2026-07-13 17:34:00+00:00,62169.2163,2026-07-13 17:36:00+00:00,62102.464912422,2,-0.5368524130647256,0.4,-0.9368524130647257,-0.10737048261294513,sl,False
sfp,1,2026-07-13 18:14:00+00:00,61925.09189,2026-07-13 18:19:00+00:00,61837.44443712,5,-0.7076893243508908,0.4,-1.1076893243508907,-0.14153786487017816,sl,False
sfp,1,2026-07-13 18:22:00+00:00,61881.1875,2026-07-13 18:24:00+00:00,61941.10527,2,0.4841355864413366,0.4,0.08413558644133656,0.09682711728826732,tp,False
sfp,-1,2026-07-13 18:46:00+00:00,61956.203760000004,2026-07-13 18:49:00+00:00,62009.398479816,3,-0.4292929245799382,0.4,-0.8292929245799382,-0.08585858491598763,sl,False
sfp,-1,2026-07-13 18:51:00+00:00,61984.600920000004,2026-07-13 18:52:00+00:00,62027.703970181996,1,-0.3476916003510855,0.4,-0.7476916003510855,-0.0695383200702171,sl,False
sfp,-1,2026-07-13 18:55:00+00:00,62019.497429999996,2026-07-13 19:01:00+00:00,61977.84716499999,6,0.3357836384196289,0.4,-0.06421636158037114,0.06715672768392578,tp,False
sfp,-1,2026-07-13 19:19:00+00:00,62034.69591,2026-07-13 19:19:00+00:00,62021.2015,0,0.10876502094553375,0.4,-0.29123497905446627,0.02175300418910675,tp,False
sfp,-1,2026-07-13 19:34:00+00:00,62062.09317,2026-07-13 19:42:00+00:00,62138.537212398,8,-0.6158674199773229,0.4,-1.0158674199773228,-0.12317348399546457,sl,False
sfp,-1,2026-07-13 19:44:00+00:00,62120.587320000006,2026-07-13 19:50:00+00:00,62165.845402943996,6,-0.36427603872168923,0.4,-0.7642760387216893,-0.07285520774433785,sl,False
sfp,-1,2026-07-13 19:54:00+00:00,62210.57832,2026-07-13 19:56:00+00:00,62248.17009459,2,-0.302133299554308,0.4,-0.702133299554308,-0.0604266599108616,sl,False
sfp,-1,2026-07-13 20:01:00+00:00,62225.37684,2026-07-13 20:05:00+00:00,62285.681345339995,4,-0.4845652079782381,0.4,-0.8845652079782381,-0.09691304159564762,sl,False
sfp,-1,2026-07-13 20:06:00+00:00,62233.776,2026-07-13 20:10:00+00:00,62198.469225,4,0.28366248417899254,0.4,-0.11633751582100749,0.05673249683579851,tp,False
sfp,1,2026-07-13 20:20:00+00:00,62093.70875,2026-07-13 20:25:00+00:00,62178.28155,5,0.6810094106353137,0.4,0.2810094106353137,0.13620188212706275,tp,False
sfp,-1,2026-07-13 20:31:00+00:00,62183.28105,2026-07-13 20:35:00+00:00,62224.16289411,4,-0.32872054529520245,0.4,-0.7287205452952025,-0.06574410905904049,sl,False
sfp,-1,2026-07-13 20:37:00+00:00,62195.67981,2026-07-13 20:45:00+00:00,62134.61284,8,0.49092613977813615,0.4,0.09092613977813613,0.09818522795562723,tp,False
sfp,1,2026-07-13 20:53:00+00:00,62095.10889,2026-07-13 20:58:00+00:00,62152.7841,5,0.464410249301328,0.4,0.064410249301328,0.0928820498602656,tp,False
sfp,1,2026-07-13 21:15:00+00:00,62089.408319999995,2026-07-13 21:21:00+00:00,62112.83809500001,6,0.18867771197994543,0.4,-0.2113222880200546,0.037735542395989086,tp,False
sfp,-1,2026-07-13 21:58:00+00:00,62044.59492,2026-07-13 21:58:00+00:00,62085.62134134,0,-0.33062043029608024,0.4,-0.7306204302960803,-0.06612408605921605,sl,False
sfp,-1,2026-07-13 22:00:00+00:00,62027.7966,2026-07-13 22:02:00+00:00,62118.631241999996,2,-0.7322091624966109,0.4,-1.1322091624966109,-0.1464418324993222,sl,False
sfp,-1,2026-07-13 22:04:00+00:00,62116.687710000006,2026-07-13 22:20:00+00:00,62200.255723632,16,-0.6726695893874979,0.4,-1.0726695893874978,-0.13453391787749958,sl,False
sfp,-1,2026-07-13 22:21:00+00:00,62174.7819,2026-07-13 22:24:00+00:00,62108.610239999995,3,0.5321422768031492,0.4,0.13214227680314916,0.10642845536062984,tp,False
sfp,1,2026-07-13 22:41:00+00:00,62042.40362,2026-07-13 22:42:00+00:00,61994.497310262,1,-0.3860771580628808,0.4,-0.7860771580628808,-0.07721543161257616,sl,False
sfp,1,2026-07-13 22:44:00+00:00,62042.303609999995,2026-07-13 22:52:00+00:00,61974.603279864,8,-0.5455981338278737,0.4,-0.9455981338278737,-0.10911962676557474,sl,False
sfp,1,2026-07-13 22:53:00+00:00,62010.50043,2026-07-13 22:55:00+00:00,61954.109429453994,2,-0.4546891264783359,0.4,-0.854689126478336,-0.09093782529566719,sl,False
sfp,1,2026-07-13 23:03:00+00:00,61921.09149,2026-07-13 23:04:00+00:00,61958.253554999996,1,0.30007598465864316,0.4,-0.09992401534135686,0.06001519693172863,tp,False
sfp,-1,2026-07-13 23:15:00+00:00,62021.697210000006,2026-07-13 23:16:00+00:00,62066.915730966,1,-0.36453791979351724,0.4,-0.7645379197935173,-0.07290758395870345,sl,False
sfp,-1,2026-07-13 23:17:00+00:00,62036.09577000001,2026-07-13 23:18:00+00:00,62081.72017126199,1,-0.36772463430922997,0.4,-0.76772463430923,-0.073544926861846,sl,False
sfp,-1,2026-07-13 23:23:00+00:00,62134.68591,2026-07-13 23:23:00+00:00,62168.546212998,0,-0.2724750475687765,0.4,-0.6724750475687765,-0.0544950095137553,sl,False
sfp,-1,2026-07-13 23:24:00+00:00,62143.38504,2026-07-13 23:26:00+00:00,62185.251223331994,2,-0.3368514871296968,0.4,-0.7368514871296968,-0.06737029742593936,sl,False
sfp,-1,2026-07-13 23:29:00+00:00,62177.38164,2026-07-13 23:51:00+00:00,62228.964334206,22,-0.4148027212262928,0.4,-0.8148027212262928,-0.08296054424525856,sl,False
sfp,-1,2026-07-14 00:01:00+00:00,62306.7687,2026-07-14 00:10:00+00:00,62358.90330680399,9,-0.4183703303168862,0.4,-0.8183703303168862,-0.08367406606337724,sl,False
sfp,-1,2026-07-14 00:15:00+00:00,62407.55862,2026-07-14 00:16:00+00:00,62342.483625,1,0.5213711002239885,0.4,0.12137110022398845,0.1042742200447977,tp,False
sfp,1,2026-07-14 00:45:00+00:00,62289.2283,2026-07-14 00:45:00+00:00,62348.214555,0,0.4734868018905214,0.4,0.07348680189052137,0.09469736037810428,tp,False
sfp,-1,2026-07-14 01:19:00+00:00,62502.049170000006,2026-07-14 01:21:00+00:00,62494.748849999996,2,0.058400645234490955,0.4,-0.34159935476550907,0.011680129046898191,tp,False
sfp,-1,2026-07-14 01:27:00+00:00,62555.543820000006,2026-07-14 01:28:00+00:00,62502.2496,1,0.4259751953668012,0.4,0.02597519536680115,0.08519503907336023,tp,False
sfp,1,2026-07-14 01:43:00+00:00,62481.14749,2026-07-14 02:06:00+00:00,62532.14616,23,0.4081124631085675,0.4,0.008112463108567503,0.0816224926217135,tp,False
sfp,-1,2026-07-14 02:07:00+00:00,62524.44693,2026-07-14 02:07:00+00:00,62561.163970848,0,-0.2936214764851508,0.4,-0.6936214764851508,-0.05872429529703016,sl,False
sfp,-1,2026-07-14 02:10:00+00:00,62542.14516,2026-07-14 02:12:00+00:00,62506.04998,2,0.28856685286099415,0.4,-0.11143314713900587,0.05771337057219883,tp,False
sfp,1,2026-07-14 02:29:00+00:00,62336.13299,2026-07-14 02:38:00+00:00,62442.25515,9,0.8512090412876594,0.4,0.4512090412876594,0.17024180825753188,tp,False
sfp,-1,2026-07-14 02:48:00+00:00,62560.443329999995,2026-07-14 03:10:00+00:00,62436.893065000004,22,0.9874471664808593,0.4,0.5874471664808593,0.19748943329617186,tp,False
sfp,1,2026-07-14 03:15:00+00:00,62370.53643,2026-07-14 03:20:00+00:00,62315.700926688005,5,-0.43959461029757785,0.4,-0.8395946102975779,-0.08791892205951557,sl,False
sfp,1,2026-07-14 03:22:00+00:00,62297.32911,2026-07-14 03:28:00+00:00,62425.85679,6,1.0315665361275705,0.4,0.6315665361275705,0.2063133072255141,tp,False
sfp,-1,2026-07-14 03:31:00+00:00,62423.25705,2026-07-14 03:38:00+00:00,62496.74464956,7,-0.5886235598147049,0.4,-0.988623559814705,-0.11772471196294099,sl,False
sfp,-1,2026-07-14 03:39:00+00:00,62466.05277,2026-07-14 03:53:00+00:00,62543.658720497995,14,-0.6211850041473177,0.4,-1.0211850041473176,-0.12423700082946354,sl,False
sfp,-1,2026-07-14 03:56:00+00:00,62508.94848,2026-07-14 04:00:00+00:00,62558.7632508,4,-0.39846111645869264,0.4,-0.7984611164586927,-0.07969222329173853,sl,False
sfp,-1,2026-07-14 04:02:00+00:00,62531.84619,2026-07-14 04:03:00+00:00,62583.170571288,1,-0.41038594264475314,0.4,-0.8103859426447532,-0.08207718852895063,sl,False
sfp,-1,2026-07-14 04:29:00+00:00,62606.238750000004,2026-07-14 04:31:00+00:00,62648.790252599996,2,-0.33983436355211616,0.4,-0.7398343635521162,-0.06796687271042323,sl,False
sfp,-1,2026-07-14 04:37:00+00:00,62711.02827,2026-07-14 05:06:00+00:00,62763.224574888,29,-0.41616527688936866,0.4,-0.8161652768893687,-0.08323305537787373,sl,False
sfp,1,2026-07-14 05:41:00+00:00,62736.17299,2026-07-14 05:42:00+00:00,62682.39089402399,1,-0.42863704791634705,0.4,-0.8286370479163471,-0.08572740958326941,sl,False
sfp,1,2026-07-14 05:44:00+00:00,62716.17099,2026-07-14 05:47:00+00:00,62668.19515374,3,-0.3824837797228309,0.4,-0.7824837797228309,-0.07649675594456617,sl,False
sfp,1,2026-07-14 05:49:00+00:00,62702.76965,2026-07-14 06:04:00+00:00,62652.899743434,15,-0.3976690889762047,0.4,-0.7976690889762047,-0.07953381779524094,sl,False
sfp,1,2026-07-14 06:06:00+00:00,62663.265699999996,2026-07-14 06:13:00+00:00,62684.880885,7,0.17247094257333284,0.4,-0.22752905742666718,0.03449418851466657,tp,False
sfp,-1,2026-07-14 06:33:00+00:00,62680.93128,2026-07-14 06:34:00+00:00,62732.81545428,1,-0.4138752665322487,0.4,-0.8138752665322487,-0.08277505330644974,sl,False
sfp,-1,2026-07-14 06:37:00+00:00,62725.42683,2026-07-14 06:37:00+00:00,62693.96877,0,0.250760031376529,0.4,-0.149239968623471,0.050152006275305805,tp,False
sfp,-1,2026-07-14 06:38:00+00:00,62673.83199,2026-07-14 06:38:00+00:00,62688.618234999994,0,-0.11796187125079349,0.4,-0.5179618712507935,-0.0235923742501587,tp,False
sfp,1,2026-07-14 06:41:00+00:00,62637.86316,2026-07-14 06:55:00+00:00,62581.221252,14,-0.4521379333719544,0.4,-0.8521379333719544,-0.09042758667439088,sl,False
sfp,1,2026-07-14 06:58:00+00:00,62570.65644,2026-07-14 07:46:00+00:00,62518.24015074,48,-0.41885679519970687,0.4,-0.8188567951997069,-0.08377135903994137,sl,False
sfp,1,2026-07-14 07:48:00+00:00,62533.452719999994,2026-07-14 08:03:00+00:00,62470.954339794,15,-0.49971956998628997,0.4,-0.89971956998629,-0.099943913997258,sl,False
sfp,1,2026-07-14 08:04:00+00:00,62522.951669999995,2026-07-14 08:04:00+00:00,62527.946579999996,0,0.03994461127143634,0.4,-0.3600553887285637,0.007988922254287267,tp,False
sfp,-1,2026-07-14 08:30:00+00:00,62624.93688,2026-07-14 08:37:00+00:00,62670.496763033996,7,-0.36375192777671206,0.4,-0.7637519277767121,-0.07275038555534241,sl,False
sfp,1,2026-07-14 09:08:00+00:00,62656.265,2026-07-14 09:16:00+00:00,62685.980775,8,0.23713330981345315,0.4,-0.16286669018654687,0.04742666196269063,tp,False
sfp,1,2026-07-14 09:25:00+00:00,62663.16569,2026-07-14 09:33:00+00:00,62606.113782498,8,-0.45522682164061967,0.4,-0.8552268216406197,-0.09104536432812393,sl,False
sfp,1,2026-07-14 09:47:00+00:00,62528.15219,2026-07-14 09:48:00+00:00,62584.490925,1,0.4505069558813357,0.4,0.05050695588133569,0.09010139117626714,tp,False
sfp,-1,2026-07-14 09:57:00+00:00,62591.94018,2026-07-14 10:01:00+00:00,62640.78785244,4,-0.3902073677499729,0.4,-0.7902073677499729,-0.07804147354999458,sl,False
sfp,-1,2026-07-14 10:08:00+00:00,62674.23195,2026-07-14 10:31:00+00:00,62611.2605,23,0.502371134362245,0.4,0.10237113436224499,0.100474226872449,tp,False
sfp,1,2026-07-14 10:34:00+00:00,62603.15969,2026-07-14 10:37:00+00:00,62644.88488499999,3,0.3332515100404887,0.4,-0.06674848995951133,0.06665030200809774,tp,False
sfp,-1,2026-07-14 10:39:00+00:00,62688.03057,2026-07-14 10:40:00+00:00,62753.521664693995,1,-0.5223572514442276,0.4,-0.9223572514442276,-0.10447145028884552,sl,False
sfp,-1,2026-07-14 10:43:00+00:00,62737.925579999996,2026-07-14 10:44:00+00:00,62787.931985382,1,-0.3985340997466613,0.4,-0.7985340997466613,-0.07970681994933226,sl,False
sfp,-1,2026-07-14 10:46:00+00:00,62757.923579999995,2026-07-14 10:47:00+00:00,62807.137745766,1,-0.39209523641481336,0.4,-0.7920952364148134,-0.07841904728296267,sl,False
sfp,1,2026-07-14 11:06:00+00:00,62722.77165,2026-07-14 11:08:00+00:00,62681.191254,2,-0.33146172359876935,0.4,-0.7314617235987694,-0.06629234471975387,sl,False
sfp,1,2026-07-14 11:10:00+00:00,62722.67164,2026-07-14 11:15:00+00:00,62781.7212,5,0.47071942613441387,0.4,0.07071942613441384,0.09414388522688277,tp,False
sfp,-1,2026-07-14 11:36:00+00:00,62866.11276,2026-07-14 11:38:00+00:00,62815.2809,2,0.40428664799158076,0.4,0.004286647991580739,0.08085732959831615,tp,False
sfp,1,2026-07-14 12:02:00+00:00,62834.382809999996,2026-07-14 12:03:00+00:00,62823.866985,1,-0.0836789073889177,0.4,-0.4836789073889177,-0.01673578147778354,tp,False
sfp,1,2026-07-14 12:06:00+00:00,62790.978469999995,2026-07-14 12:09:00+00:00,62753.069685438,3,-0.3018648975195437,0.4,-0.7018648975195437,-0.06037297950390874,sl,False
sfp,1,2026-07-14 12:10:00+00:00,62773.2767,2026-07-14 12:14:00+00:00,62803.21905,4,0.2384959936303499,0.4,-0.16150400636965012,0.04769919872606998,tp,False
sfp,-1,2026-07-14 12:21:00+00:00,62903.00907,2026-07-14 12:21:00+00:00,62938.777228397994,0,-0.2843119822629747,0.4,-0.6843119822629747,-0.05686239645259494,sl,False
sfp,-1,2026-07-14 12:26:00+00:00,62993.7,2026-07-14 12:28:00+00:00,62916.441015000004,2,0.613227870406019,0.4,0.21322787040601898,0.1226455740812038,tp,False
sfp,-1,2026-07-14 12:38:00+00:00,63543.645000000004,2026-07-14 12:45:00+00:00,63687.501793368,7,-1.1319526395440205,0.4,-1.5319526395440204,-0.2263905279088041,sl,False
sfp,-1,2026-07-14 12:49:00+00:00,63692.73009,2026-07-14 12:53:00+00:00,63830.144576219995,4,-1.0787297547603103,0.4,-1.4787297547603102,-0.21574595095206206,sl,False
sfp,-1,2026-07-14 12:59:00+00:00,63890.510310000005,2026-07-14 13:21:00+00:00,63974.487869106,22,-0.6571990010607598,0.4,-1.0571990010607597,-0.13143980021215196,sl,False
sfp,1,2026-07-14 13:37:00+00:00,63777.577119999994,2026-07-14 13:43:00+00:00,63714.481194672,6,-0.49465602314491264,0.4,-0.8946560231449127,-0.09893120462898253,sl,False
sfp,1,2026-07-14 13:45:00+00:00,63771.276490000004,2026-07-14 13:47:00+00:00,63668.594963753996,2,-0.8050766104870655,0.4,-1.2050766104870654,-0.1610153220974131,sl,False
sfp,1,2026-07-14 13:48:00+00:00,63698.069169999995,2026-07-14 13:53:00+00:00,63828.866475,5,1.0266975648109966,0.4,0.6266975648109966,0.20533951296219932,tp,False
sfp,1,2026-07-14 14:07:00+00:00,63683.56772,2026-07-14 14:12:00+00:00,63774.921870000006,5,0.7172505661245943,0.4,0.31725056612459424,0.14345011322491885,tp,False
sfp,-1,2026-07-14 14:27:00+00:00,63841.91517,2026-07-14 14:34:00+00:00,63907.16767776,7,-0.5110475428740102,0.4,-0.9110475428740102,-0.10220950857480204,sl,False
sfp,-1,2026-07-14 14:37:00+00:00,63968.702489999996,2026-07-14 14:40:00+00:00,64059.213280799995,3,-0.7074615184992084,0.4,-1.1074615184992083,-0.14149230369984167,sl,False
sfp,-1,2026-07-14 14:41:00+00:00,64031.99616,2026-07-14 14:50:00+00:00,63904.839844999995,9,0.99291231435511,0.4,0.5929123143551099,0.198582462871022,tp,False
sfp,-1,2026-07-14 15:06:00+00:00,64208.67849,2026-07-14 15:29:00+00:00,64405.317087719995,23,-1.5312462609756716,0.4,-1.9312462609756715,-0.3062492521951343,sl,False
sfp,-1,2026-07-14 15:31:00+00:00,64487.45061,2026-07-14 15:31:00+00:00,64607.17763175601,0,-0.9282970610831054,0.4,-1.3282970610831053,-0.18565941221662108,sl,False
sfp,1,2026-07-14 15:53:00+00:00,64637.963149999996,2026-07-14 15:53:00+00:00,64589.818532184,0,-0.3724175041242561,0.4,-0.7724175041242561,-0.07448350082485122,sl,False
sfp,1,2026-07-14 15:54:00+00:00,64616.36099,2026-07-14 16:00:00+00:00,64748.774475,6,1.0246126752672113,0.4,0.6246126752672113,0.20492253505344227,tp,False
sfp,-1,2026-07-14 16:11:00+00:00,64829.5164,2026-07-14 16:14:00+00:00,64723.67172,3,0.8163309390350482,0.4,0.41633093903504814,0.16326618780700963,tp,False
sfp,1,2026-07-14 16:49:00+00:00,64746.67402,2026-07-14 16:52:00+00:00,64797.31962,3,0.39110580401668926,0.4,-0.00889419598331076,0.07822116080333785,tp,False
sfp,1,2026-07-14 16:59:00+00:00,64721.671519999996,2026-07-14 17:00:00+00:00,64663.196513652,1,-0.4517420902048763,0.4,-0.8517420902048763,-0.09034841804097526,sl,False
sfp,-1,2026-07-14 17:56:00+00:00,64610.13834,2026-07-14 17:56:00+00:00,64667.395692959995,0,-0.4430988265238245,0.4,-0.8430988265238245,-0.0886197653047649,sl,False
sfp,-1,2026-07-14 17:58:00+00:00,64625.336820000004,2026-07-14 18:05:00+00:00,64530.4524,7,0.7341116090758826,0.4,0.33411160907588255,0.14682232181517652,tp,False
sfp,1,2026-07-14 18:16:00+00:00,64502.34959,2026-07-14 18:38:00+00:00,64572.742079999996,22,0.5456583399475745,0.4,0.1456583399475745,0.1091316679895149,tp,False
sfp,-1,2026-07-14 18:41:00+00:00,64573.542,2026-07-14 18:41:00+00:00,64529.602315,0,0.340229787921531,0.4,-0.059770212078469,0.0680459575843062,tp,False
sfp,-1,2026-07-14 18:49:00+00:00,64592.94006,2026-07-14 18:51:00+00:00,64536.05296000001,2,0.4403507561906439,0.4,0.04035075619064388,0.08807015123812878,tp,False
sfp,-1,2026-07-14 19:15:00+00:00,64584.74088,2026-07-14 19:16:00+00:00,64567.056059999995,1,0.13691175159208369,0.4,-0.26308824840791634,0.027382350318416737,tp,False
sfp,1,2026-07-14 19:34:00+00:00,64511.05046,2026-07-14 19:52:00+00:00,64579.5414,18,0.530846572111443,0.4,0.13084657211144302,0.10616931442228861,tp,False
sfp,-1,2026-07-14 19:56:00+00:00,64587.14064,2026-07-14 19:56:00+00:00,64635.686182326,0,-0.3758143017709159,0.4,-0.7758143017709159,-0.07516286035418318,sl,False
sfp,-1,2026-07-14 19:58:00+00:00,64594.43991,2026-07-14 19:59:00+00:00,64542.75363,1,0.40008304176036846,0.4,8.30417603684408e-05,0.08001660835207369,tp,False
sfp,1,2026-07-14 20:16:00+00:00,64444.143769999995,2026-07-14 20:26:00+00:00,64410.372378593995,10,-0.262020638574445,0.4,-0.662020638574445,-0.052404127714889004,sl,False
sfp,1,2026-07-14 20:28:00+00:00,64448.4442,2026-07-14 20:38:00+00:00,64393.67738826,10,-0.42488854789141106,0.4,-0.8248885478914111,-0.08497770957828221,sl,False
sfp,1,2026-07-14 20:40:00+00:00,64416.04096,2026-07-14 20:44:00+00:00,64434.305925,4,0.141773421090452,0.4,-0.25822657890954803,0.028354684218090398,tp,False
sfp,-1,2026-07-14 20:49:00+00:00,64455.85377,2026-07-14 20:51:00+00:00,64435.94295,2,0.15445315541900984,0.4,-0.2455468445809902,0.030890631083801967,tp,False
sfp,-1,2026-07-14 21:09:00+00:00,64567.5426,2026-07-14 21:15:00+00:00,64607.877841769994,6,-0.31234920941525246,0.4,-0.7123492094152525,-0.06246984188305049,sl,False
sfp,-1,2026-07-14 21:16:00+00:00,64588.74048,2026-07-14 21:17:00+00:00,64621.38189203999,1,-0.25268655029819787,0.4,-0.6526865502981979,-0.05053731005963957,sl,False
sfp,-1,2026-07-14 21:19:00+00:00,64608.03855,2026-07-14 21:27:00+00:00,64650.39059262,8,-0.3277614022226816,0.4,-0.7277614022226816,-0.06555228044453631,sl,False
sfp,-1,2026-07-14 21:30:00+00:00,64637.73558,2026-07-14 21:31:00+00:00,64673.89764309,1,-0.2797287278515359,0.4,-0.6797287278515359,-0.05594574557030718,sl,False
sfp,-1,2026-07-14 21:33:00+00:00,64641.735179999996,2026-07-14 21:39:00+00:00,64691.202833436,6,-0.3826293748013798,0.4,-0.7826293748013798,-0.07652587496027596,sl,False
sfp,-1,2026-07-14 21:43:00+00:00,64751.424210000005,2026-07-14 21:43:00+00:00,64731.022455000006,0,0.15753904449911094,0.4,-0.24246095550088909,0.03150780889982219,tp,False
sfp,1,2026-07-14 21:56:00+00:00,64644.76383,2026-07-14 22:00:00+00:00,64586.019672108,4,-0.4543613002167546,0.4,-0.8543613002167546,-0.09087226004335092,sl,False
sfp,1,2026-07-14 22:04:00+00:00,64583.4577,2026-07-14 22:10:00+00:00,64533.135541050004,6,-0.3895901577750105,0.4,-0.7895901577750105,-0.0779180315550021,sl,False
sfp,1,2026-07-14 22:14:00+00:00,64519.4513,2026-07-14 22:18:00+00:00,64572.04215,4,0.40755810023451744,0.4,0.0075581002345174175,0.08151162004690349,tp,False
sfp,-1,2026-07-14 22:22:00+00:00,65034.195929999994,2026-07-14 23:01:00+00:00,64782.17757,39,1.9375834235826894,0.4,1.5375834235826895,0.3875166847165379,tp,False
sfp,-1,2026-07-14 23:12:00+00:00,64988.70048,2026-07-14 23:12:00+00:00,65043.808590486005,0,-0.42398224675199714,0.4,-0.8239822467519972,-0.08479644935039943,sl,False
sfp,-1,2026-07-14 23:13:00+00:00,65006.09874,2026-07-14 23:21:00+00:00,64893.638715,8,0.8649959556086828,0.4,0.4649959556086828,0.17299919112173656,tp,False
sfp,-1,2026-07-14 23:39:00+00:00,64946.10474,2026-07-14 23:42:00+00:00,64985.391069318,3,-0.30245331475442505,0.4,-0.7024533147544251,-0.06049066295088501,sl,False
sfp,-1,2026-07-14 23:43:00+00:00,64963.503000000004,2026-07-14 23:45:00+00:00,65008.698059783994,2,-0.3478496209170512,0.4,-0.7478496209170512,-0.06956992418341024,sl,False
sfp,-1,2026-07-14 23:47:00+00:00,64968.70248,2026-07-14 23:59:00+00:00,65025.803190126,12,-0.43944782600191523,0.4,-0.8394478260019153,-0.08788956520038305,sl,False
sfp,-1,2026-07-15 00:01:00+00:00,65004.89886,2026-07-15 00:01:00+00:00,64989.848334999995,0,0.11576454439549133,0.4,-0.2842354556045087,0.023152908879098266,tp,False
sfp,-1,2026-07-15 00:03:00+00:00,65007.798570000006,2026-07-15 00:03:00+00:00,65001.44949499999,0,0.048833179554397255,0.4,-0.35116682044560277,0.009766635910879451,tp,False
sfp,1,2026-07-15 00:07:00+00:00,64977.39709,2026-07-15 00:13:00+00:00,64922.118818832,6,-0.42536538583892725,0.4,-0.8253653858389273,-0.08507307716778545,sl,False
sfp,1,2026-07-15 00:16:00+00:00,64916.59101,2026-07-15 00:16:00+00:00,64867.535197740006,0,-0.37783724851198075,0.4,-0.7778372485119808,-0.07556744970239615,sl,False
sfp,1,2026-07-15 00:21:00+00:00,64886.488,2026-07-15 00:22:00+00:00,64826.247586913996,1,-0.4641984405597821,0.4,-0.8641984405597821,-0.09283968811195642,sl,False
sfp,1,2026-07-15 00:24:00+00:00,64854.58481,2026-07-15 00:31:00+00:00,64796.05664631,7,-0.45122610730968793,0.4,-0.851226107309688,-0.09024522146193759,sl,False
sfp,1,2026-07-15 00:33:00+00:00,64811.38049,2026-07-15 00:35:00+00:00,64767.965075748005,2,-0.3349366571407941,0.4,-0.7349366571407941,-0.06698733142815883,sl,False
sfp,1,2026-07-15 00:38:00+00:00,64789.37829,2026-07-15 01:01:00+00:00,64736.67446512201,23,-0.4067319850029061,0.4,-0.8067319850029061,-0.08134639700058122,sl,False
sfp,1,2026-07-15 01:05:00+00:00,64764.67582,2026-07-15 01:09:00+00:00,64705.783734504,4,-0.4546620881703545,0.4,-0.8546620881703545,-0.0909324176340709,sl,False
sfp,1,2026-07-15 01:12:00+00:00,64724.37179,2026-07-15 01:20:00+00:00,64672.09384383,8,-0.4038505490606692,0.4,-0.8038505490606692,-0.08077010981213384,sl,False
sfp,1,2026-07-15 01:22:00+00:00,64704.369790000004,2026-07-15 01:23:00+00:00,64739.825370000006,1,0.2739813409440295,0.4,-0.12601865905597054,0.0547962681888059,tp,False
sfp,-1,2026-07-15 01:24:00+00:00,64764.82287,2026-07-15 01:26:00+00:00,64807.43769576,2,-0.32899669814223653,0.4,-0.7289966981422366,-0.0657993396284473,sl,False
sfp,-1,2026-07-15 01:30:00+00:00,64803.519,2026-07-15 01:33:00+00:00,64750.024355,3,0.41274490818932197,0.4,0.012744908189321946,0.0825489816378644,tp,False
sfp,1,2026-07-15 01:45:00+00:00,64697.96915,2026-07-15 01:51:00+00:00,64613.511422658004,6,-0.6527077159576566,0.4,-1.0527077159576566,-0.13054154319153133,sl,False
sfp,1,2026-07-15 02:22:00+00:00,64583.25768,2026-07-15 02:23:00+00:00,64543.732361262,1,-0.3060028261027137,0.4,-0.7060028261027137,-0.061200565220542735,sl,False
sfp,1,2026-07-15 03:01:00+00:00,64514.15076999999,2026-07-15 03:01:00+00:00,64504.498905,0,-0.07480424747746683,0.4,-0.47480424747746686,-0.014960849495493367,tp,False
sfp,-1,2026-07-15 03:15:00+00:00,64601.439210000004,2026-07-15 03:31:00+00:00,64663.09440287399,16,-0.4771967438184088,0.4,-0.8771967438184088,-0.09543934876368176,sl,False
sfp,-1,2026-07-15 03:35:00+00:00,64713.528,2026-07-15 03:39:00+00:00,64650.914444999995,4,0.4837748530724939,0.4,0.08377485307249388,0.09675497061449878,tp,False
sfp,-1,2026-07-15 03:54:00+00:00,64737.12564,2026-07-15 04:11:00+00:00,64815.44009592,17,-0.604865099784524,0.4,-1.0048650997845239,-0.12097301995690479,sl,False
sfp,-1,2026-07-15 04:13:00+00:00,64808.718479999996,2026-07-15 04:13:00+00:00,64851.350866638,0,-0.32890934767637603,0.4,-0.728909347676376,-0.0657818695352752,sl,False
sfp,-1,2026-07-15 04:15:00+00:00,64787.220629999996,2026-07-15 04:19:00+00:00,64789.128265,4,-0.014722309287673596,0.4,-0.4147223092876736,-0.0029444618575347192,tp,False
sfp,1,2026-07-15 05:08:00+00:00,64659.065259999996,2026-07-15 05:11:00+00:00,64612.811632644,3,-0.3576731829481594,0.4,-0.7576731829481594,-0.07153463658963188,sl,False
sfp,-1,2026-07-15 05:36:00+00:00,64674.73188,2026-07-15 05:38:00+00:00,64725.513124122,2,-0.3925895217952169,0.4,-0.7925895217952169,-0.07851790435904338,sl,False
sfp,-1,2026-07-15 05:40:00+00:00,64680.43131,2026-07-15 05:49:00+00:00,64746.219334536,9,-0.508562042673244,0.4,-0.908562042673244,-0.1017124085346488,sl,False
sfp,-1,2026-07-15 05:52:00+00:00,64734.12594,2026-07-15 05:52:00+00:00,64775.027975111996,0,-0.3159232824886393,0.4,-0.7159232824886393,-0.06318465649772786,sl,False
sfp,-1,2026-07-15 06:09:00+00:00,64920.5073,2026-07-15 06:13:00+00:00,64979.389269198,4,-0.45349283028484066,0.4,-0.8534928302848407,-0.09069856605696813,sl,False
sfp,-1,2026-07-15 06:16:00+00:00,64963.503000000004,2026-07-15 06:32:00+00:00,65049.610330602,16,-0.6627362028337469,0.4,-1.0627362028337468,-0.13254724056674938,sl,False
sfp,-1,2026-07-15 06:36:00+00:00,65189.98035,2026-07-15 06:37:00+00:00,65078.257175,1,0.8569044997418507,0.4,0.45690449974185066,0.17138089994837014,tp,False
sfp,1,2026-07-15 06:51:00+00:00,64956.99505,2026-07-15 06:52:00+00:00,64901.225088413994,1,-0.42928372489425826,0.4,-0.8292837248942583,-0.08585674497885165,sl,False
sfp,1,2026-07-15 06:56:00+00:00,64907.39009,2026-07-15 06:57:00+00:00,64855.738737504,1,-0.3978849898630954,0.4,-0.7978849898630954,-0.07957699797261908,sl,False
sfp,1,2026-07-15 07:24:00+00:00,64634.76283,2026-07-15 07:26:00+00:00,64573.92330186601,2,-0.47064091728787893,0.4,-0.870640917287879,-0.09412818345757579,sl,False
sfp,1,2026-07-15 07:30:00+00:00,64509.85034,2026-07-15 08:39:00+00:00,64667.33262,69,1.220606459091056,0.4,0.8206064590910559,0.24412129181821118,tp,False
sfp,-1,2026-07-15 08:41:00+00:00,64695.529800000004,2026-07-15 08:45:00+00:00,64734.415794299995,4,-0.30053076634661835,0.4,-0.7005307663466184,-0.06010615326932367,sl,False
sfp,-1,2026-07-15 08:48:00+00:00,64698.62949,2026-07-15 08:53:00+00:00,64749.320264598,5,-0.3917453506943058,0.4,-0.7917453506943058,-0.07834907013886117,sl,False
sfp,-1,2026-07-15 08:56:00+00:00,64711.72818,2026-07-15 08:57:00+00:00,64765.525124921995,1,-0.41566611211774074,0.4,-0.8156661121177408,-0.08313322242354815,sl,False
sfp,-1,2026-07-15 09:14:00+00:00,64804.71888,2026-07-15 09:18:00+00:00,64849.4502966,4,-0.3451246866977842,0.4,-0.7451246866977842,-0.06902493733955684,sl,False
sfp,-1,2026-07-15 09:23:00+00:00,64860.113339999996,2026-07-15 09:28:00+00:00,64815.38088999999,5,0.3448378957149889,0.4,-0.055162104285011115,0.06896757914299778,tp,False
sfp,1,2026-07-15 09:33:00+00:00,64777.77713,2026-07-15 09:35:00+00:00,64741.07314521001,2,-0.2833069180216974,0.4,-0.6833069180216974,-0.05666138360433948,sl,False
sfp,1,2026-07-15 09:36:00+00:00,64771.67651999999,2026-07-15 09:40:00+00:00,64722.07884483,4,-0.38286545782612036,0.4,-0.7828654578261204,-0.07657309156522407,sl,False
sfp,1,2026-07-15 09:43:00+00:00,64690.26838,2026-07-15 09:53:00+00:00,64650.300383394,10,-0.30891815420536206,0.4,-0.7089181542053621,-0.06178363084107241,sl,False
sfp,1,2026-07-15 09:55:00+00:00,64664.86584,2026-07-15 09:56:00+00:00,64628.306982954,1,-0.2826794471085248,0.4,-0.6826794471085248,-0.056535889421704955,sl,False
sfp,1,2026-07-15 10:00:00+00:00,64651.06446,2026-07-15 10:00:00+00:00,64606.813432524,0,-0.3422296898404342,0.4,-0.7422296898404342,-0.06844593796808685,sl,False
sfp,1,2026-07-15 10:01:00+00:00,64686.468,2026-07-15 10:02:00+00:00,64686.08074500001,1,-0.0029933231165957253,0.4,-0.40299332311659575,-0.000598664623319145,tp,False
sfp,-1,2026-07-15 10:10:00+00:00,64802.41911,2026-07-15 10:23:00+00:00,64718.27118,13,0.6492653449955421,0.4,0.2492653449955421,0.12985306899910842,tp,False
sfp,1,2026-07-15 10:31:00+00:00,64633.56271,2026-07-15 11:06:00+00:00,64695.979755,35,0.48285319873253574,0.4,0.08285319873253572,0.09657063974650715,tp,False
sfp,-1,2026-07-15 11:11:00+00:00,64688.430510000006,2026-07-15 11:19:00+00:00,64657.815135,8,0.23663717575644894,0.4,-0.16336282424355109,0.04732743515128979,tp,False
sfp,1,2026-07-15 11:26:00+00:00,64618.96125,2026-07-15 11:36:00+00:00,64654.03395,10,0.27138087119893406,0.4,-0.12861912880106596,0.05427617423978681,tp,False
sfp,-1,2026-07-15 11:54:00+00:00,64681.63119,2026-07-15 11:59:00+00:00,64726.61345414399,5,-0.3477205453574772,0.4,-0.7477205453574772,-0.06954410907149544,sl,False
sfp,-1,2026-07-15 12:00:00+00:00,64700.929260000004,2026-07-15 12:05:00+00:00,64688.818235,5,0.09359235747091743,0.4,-0.3064076425290826,0.018718471494183486,tp,False
sfp,1,2026-07-15 12:08:00+00:00,64658.86524,2026-07-15 12:12:00+00:00,64665.632789999996,4,0.052332730978821296,0.4,-0.3476672690211787,0.01046654619576426,tp,False
sfp,-1,2026-07-15 12:16:00+00:00,64710.32832,2026-07-15 12:20:00+00:00,64663.36568999999,4,0.36286811718660994,0.4,-0.03713188281339008,0.07257362343732199,tp,False
sfp,1,2026-07-15 12:25:00+00:00,64606.46,2026-07-15 12:29:00+00:00,64657.483605,4,0.39488005533816484,0.4,-0.005119944661835185,0.07897601106763297,tp,False
sfp,-1,2026-07-15 12:53:00+00:00,65043.09504,2026-07-15 12:53:00+00:00,65143.438472478,0,-0.771361144609517,0.4,-1.171361144609517,-0.1542722289219034,sl,False
sfp,-1,2026-07-15 13:04:00+00:00,65331.76617,2026-07-15 13:07:00+00:00,65397.614707559995,3,-0.503954977955523,0.4,-0.903954977955523,-0.1007909955911046,sl,False
sfp,-1,2026-07-15 13:09:00+00:00,65316.06774,2026-07-15 13:16:00+00:00,65440.62760842,7,-0.95351628420004,0.4,-1.3535162842000399,-0.190703256840008,sl,False
sfp,-1,2026-07-15 13:19:00+00:00,65441.85516,2026-07-15 13:21:00+00:00,65548.35992057399,2,-0.8137357988522442,0.4,-1.2137357988522441,-0.16274715977044885,sl,False
sfp,-1,2026-07-15 13:22:00+00:00,65518.4475,2026-07-15 13:25:00+00:00,65334.882835,3,1.4008624441231299,0.4,1.00086244412313,0.280172488824626,tp,False
sfp,1,2026-07-15 13:44:00+00:00,65339.93334,2026-07-15 13:45:00+00:00,65191.93785423,1,-1.1325041074032316,0.4,-1.5325041074032315,-0.22650082148064632,sl,False
sfp,1,2026-07-15 13:47:00+00:00,65156.21496999999,2026-07-15 13:47:00+00:00,65059.177691574005,0,-0.7446509781965371,0.4,-1.144650978196537,-0.14893019563930743,sl,False
sfp,1,2026-07-15 13:49:00+00:00,64959.19527,2026-07-15 13:49:00+00:00,64900.5252984,0,-0.45159096688418554,0.4,-0.8515909668841856,-0.09031819337683711,sl,False
sfp,1,2026-07-15 13:50:00+00:00,64948.69422,2026-07-15 14:03:00+00:00,65200.67928,13,1.9398777991321836,0.4,1.5398777991321837,0.3879755598264367,tp,False
sfp,-1,2026-07-15 14:11:00+00:00,65282.57109,2026-07-15 14:12:00+00:00,65366.60540694,1,-0.6436198478162458,0.4,-1.0436198478162457,-0.12872396956324916,sl,False
sfp,-1,2026-07-15 14:14:00+00:00,65288.67048,2026-07-15 14:22:00+00:00,65396.314317533994,8,-0.8243684297949416,0.4,-1.2243684297949415,-0.16487368595898833,sl,False
sfp,1,2026-07-15 14:27:00+00:00,65189.31828,2026-07-15 14:28:00+00:00,65278.521495,1,0.6841858248682886,0.4,0.2841858248682886,0.13683716497365772,tp,False
sfp,-1,2026-07-15 14:37:00+00:00,65390.060339999996,2026-07-15 14:52:00+00:00,65483.440449276,15,-0.7140237276924699,0.4,-1.1140237276924698,-0.14280474553849398,sl,False
sfp,1,2026-07-15 15:03:00+00:00,65292.82863,2026-07-15 15:03:00+00:00,65230.526275002005,0,-0.4770995245975129,0.4,-0.877099524597513,-0.09541990491950259,sl,False
sfp,1,2026-07-15 15:04:00+00:00,65266.726019999995,2026-07-15 15:05:00+00:00,65356.713675,1,0.6893838597973323,0.4,0.2893838597973323,0.13787677195946646,tp,False
sfp,-1,2026-07-15 15:40:00+00:00,65485.85076,2026-07-15 15:52:00+00:00,65548.15986057,12,-0.4757447589583963,0.4,-0.8757447589583963,-0.09514895179167926,sl,False
sfp,-1,2026-07-15 15:53:00+00:00,65477.351610000005,2026-07-15 15:53:00+00:00,65429.74232,0,0.36355540373395057,0.4,-0.036444596266049456,0.07271108074679011,tp,False
sfp,1,2026-07-15 15:55:00+00:00,65387.838130000004,2026-07-15 16:01:00+00:00,65312.501676642,6,-0.5760738962513612,0.4,-0.9760738962513612,-0.11521477925027224,sl,False
sfp,1,2026-07-15 16:03:00+00:00,65300.229369999994,2026-07-15 16:03:00+00:00,65246.22156531601,0,-0.4135345710500338,0.4,-0.8135345710500338,-0.08270691421000675,sl,False
sfp,1,2026-07-15 16:05:00+00:00,65275.22687,2026-07-15 16:06:00+00:00,65194.537074282,1,-0.6180736520357,0.4,-1.0180736520356999,-0.12361473040714,sl,False
sfp,1,2026-07-15 16:12:00+00:00,65146.01395,2026-07-15 16:12:00+00:00,65097.666142344,0,-0.37107264684765884,0.4,-0.7710726468476589,-0.07421452936953177,sl,False
sfp,1,2026-07-15 16:13:00+00:00,65141.5135,2026-07-15 16:13:00+00:00,65075.272861896,0,-0.5084364374186578,0.4,-0.9084364374186579,-0.10168728748373157,sl,False
sfp,1,2026-07-15 16:16:00+00:00,65141.5135,2026-07-15 16:20:00+00:00,65060.57727160201,4,-0.6212338649300153,0.4,-1.0212338649300152,-0.12424677298600306,sl,False
sfp,1,2026-07-15 16:22:00+00:00,65072.00655,2026-07-15 16:34:00+00:00,64991.597970222,12,-0.6178430944511759,0.4,-1.0178430944511758,-0.12356861889023518,sl,False
sfp,1,2026-07-15 16:40:00+00:00,64826.481999999996,2026-07-15 16:46:00+00:00,64954.60389,6,0.9881909834317248,0.4,0.5881909834317248,0.19763819668634497,tp,False
sfp,-1,2026-07-15 17:02:00+00:00,65043.39501,2026-07-15 17:03:00+00:00,65111.828991846,1,-0.5260640364442848,0.4,-0.9260640364442848,-0.10521280728885696,sl,False
sfp,1,2026-07-15 17:18:00+00:00,65006.39999,2026-07-15 17:18:00+00:00,64947.51119934,0,-0.4529460996844925,0.4,-0.8529460996844925,-0.0905892199368985,sl,False
sfp,1,2026-07-15 17:20:00+00:00,64985.097859999994,2026-07-15 17:31:00+00:00,65040.895260000005,11,0.4293091942418892,0.4,0.029309194241889158,0.08586183884837784,tp,False
sfp,-1,2026-07-15 17:40:00+00:00,65024.4969,2026-07-15 17:41:00+00:00,65078.11888117199,1,-0.4123213844657858,0.4,-0.8123213844657858,-0.08246427689315716,sl,False
sfp,-1,2026-07-15 17:43:00+00:00,64972.30212,2026-07-15 17:43:00+00:00,65009.550305000004,0,-0.2866466462216888,0.4,-0.6866466462216888,-0.05732932924433776,tp,False
sfp,-1,2026-07-15 17:49:00+00:00,64950.70428,2026-07-15 17:49:00+00:00,65019.101259999996,0,-0.5265299334179518,0.4,-0.9265299334179519,-0.10530598668359037,tp,False
sfp,1,2026-07-15 18:06:00+00:00,64970.29638,2026-07-15 18:11:00+00:00,65042.045145000004,5,0.552165905018831,0.4,0.15216590501883098,0.1104331810037662,tp,False
sfp,-1,2026-07-15 18:16:00+00:00,65037.69558,2026-07-15 18:25:00+00:00,65012.90063999999,9,0.1906197611930005,0.4,-0.20938023880699952,0.0381239522386001,tp,False
sfp,1,2026-07-15 18:44:00+00:00,64978.797230000004,2026-07-15 18:45:00+00:00,64936.914379128,1,-0.3222809028285978,0.4,-0.7222809028285978,-0.06445618056571956,sl,False
sfp,1,2026-07-15 18:46:00+00:00,64984.4978,2026-07-15 18:51:00+00:00,64910.5222986,5,-0.5691780648029998,0.4,-0.9691780648029998,-0.11383561296059996,sl,False
sfp,1,2026-07-15 18:55:00+00:00,64892.08856,2026-07-15 18:56:00+00:00,64850.940177408,1,-0.31705238269491565,0.4,-0.7170523826949157,-0.06341047653898313,sl,False
sfp,-1,2026-07-15 19:46:00+00:00,64923.60699,2026-07-15 20:16:00+00:00,64977.588729162,30,-0.4157327485695417,0.4,-0.8157327485695417,-0.08314654971390834,sl,False
sfp,-1,2026-07-15 20:23:00+00:00,64979.601389999996,2026-07-15 20:31:00+00:00,65015.50009992,8,-0.27623061046910813,0.4,-0.6762306104691082,-0.055246122093821626,sl,False
sfp,-1,2026-07-15 20:34:00+00:00,64976.5017,2026-07-15 20:45:00+00:00,64960.69542,11,0.12163074024040821,0.4,-0.2783692597595918,0.02432614804808164,tp,False
sfp,1,2026-07-15 20:47:00+00:00,64964.99585,2026-07-15 20:55:00+00:00,64928.51689896,8,-0.2807585112775679,0.4,-0.6807585112775679,-0.05615170225551358,sl,False
sfp,-1,2026-07-15 21:05:00+00:00,64869.71238,2026-07-15 21:05:00+00:00,64963.445694999995,0,-0.7224736441786561,0.4,-1.122473644178656,-0.14449472883573122,tp,False
sfp,1,2026-07-15 22:19:00+00:00,64796.27898,2026-07-15 22:23:00+00:00,64797.11964,4,0.006486946574901786,0.4,-0.39351305342509824,0.0012973893149803573,tp,False
sfp,-1,2026-07-15 22:33:00+00:00,64901.00925,2026-07-15 22:42:00+00:00,64829.98235,9,0.5471941100823607,0.4,0.14719411008236072,0.10943882201647215,tp,False
sfp,-1,2026-07-15 22:50:00+00:00,64872.01215,2026-07-15 22:50:00+00:00,64879.4873,0,-0.0576145995188071,0.4,-0.4576145995188071,-0.01152291990376142,tp,False
sfp,-1,2026-07-15 22:55:00+00:00,64847.01465,2026-07-15 22:55:00+00:00,64882.587609999995,0,-0.27428371369131455,0.4,-0.6742837136913146,-0.05485674273826291,tp,False
sfp,1,2026-07-15 23:26:00+00:00,64828.58221,2026-07-15 23:37:00+00:00,64794.757036284,11,-0.2608816401878933,0.4,-0.6608816401878933,-0.052176328037578656,sl,False
sfp,1,2026-07-15 23:48:00+00:00,64701.36949,2026-07-15 23:52:00+00:00,64749.774375,4,0.37406383652738295,0.4,-0.02593616347261707,0.07481276730547659,tp,False
sfp,-1,2026-07-16 00:04:00+00:00,64771.12224,2026-07-16 00:18:00+00:00,64735.422894999996,14,0.275580719967472,0.4,-0.124419280032528,0.055116143993494404,tp,False
sfp,1,2026-07-16 00:26:00+00:00,64644.36379,2026-07-16 00:26:00+00:00,64579.62159198,0,-0.5007567112139677,0.4,-0.9007567112139677,-0.10015134224279354,sl,False
sfp,1,2026-07-16 00:35:00+00:00,64576.056959999994,2026-07-16 00:37:00+00:00,64506.24361051201,2,-0.5405513496374859,0.4,-0.9405513496374859,-0.10811026992749717,sl,False
sfp,1,2026-07-16 00:41:00+00:00,64491.54851,2026-07-16 00:52:00+00:00,64575.991754999995,11,0.6546845823286462,0.4,0.2546845823286462,0.13093691646572925,tp,False
sfp,-1,2026-07-16 00:55:00+00:00,64579.241429999995,2026-07-16 01:02:00+00:00,64545.203875,7,0.26353325191108556,0.4,-0.13646674808891446,0.05270665038221711,tp,False
sfp,-1,2026-07-16 01:09:00+00:00,64604.83887000001,2026-07-16 01:12:00+00:00,64578.407195,3,0.20456420495990058,0.4,-0.19543579504009945,0.040912840991980115,tp,False
sfp,-1,2026-07-16 01:37:00+00:00,64623.63699,2026-07-16 01:41:00+00:00,64682.700283266,4,-0.45697902514474364,0.4,-0.8569790251447437,-0.09139580502894873,sl,False
sfp,-1,2026-07-16 01:43:00+00:00,64612.738079999996,2026-07-16 01:49:00+00:00,64731.815014248,6,-0.9214663995555927,0.4,-1.3214663995555926,-0.18429327991111855,sl,False
sfp,-1,2026-07-16 01:52:00+00:00,64728.12654,2026-07-16 02:05:00+00:00,64652.61461499999,13,0.5833007151330172,0.4,0.18330071513301716,0.11666014302660344,tp,False
sfp,1,2026-07-16 02:15:00+00:00,64629.26228,2026-07-16 02:16:00+00:00,64580.721262002,1,-0.37553436543730223,0.4,-0.7755343654373023,-0.07510687308746045,sl,False
sfp,1,2026-07-16 02:19:00+00:00,64631.86254,2026-07-16 02:22:00+00:00,64559.327681574,3,-0.5611385435558836,0.4,-0.9611385435558836,-0.11222770871117671,sl,False
sfp,1,2026-07-16 02:23:00+00:00,64587.15807,2026-07-16 02:23:00+00:00,64628.336520000004,0,0.3187820244031636,0.4,-0.08121797559683641,0.06375640488063272,tp,False
sfp,1,2026-07-16 02:44:00+00:00,64571.65652,2026-07-16 02:49:00+00:00,64603.439009999995,5,0.24610248298462256,0.4,-0.15389751701537746,0.04922049659692451,tp,False
sfp,-1,2026-07-16 03:00:00+00:00,64609.63839,2026-07-16 03:04:00+00:00,64593.25868,4,0.12675902859204946,0.4,-0.27324097140795056,0.025351805718409892,tp,False
sfp,1,2026-07-16 03:19:00+00:00,64594.85884,2026-07-16 03:26:00+00:00,64625.5368,7,0.23746440932703727,0.4,-0.16253559067296275,0.047492881865407455,tp,False
sfp,-1,2026-07-16 03:37:00+00:00,64694.62989,2026-07-16 03:44:00+00:00,64641.213475,7,0.41283499952643465,0.4,0.012834999526434632,0.08256699990528693,tp,False
sfp,1,2026-07-16 03:51:00+00:00,64562.85564,2026-07-16 04:11:00+00:00,64625.186835,20,0.4827171473607006,0.4,0.08271714736070057,0.09654342947214012,tp,False
sfp,-1,2026-07-16 04:13:00+00:00,64617.83757,2026-07-16 04:16:00+00:00,64598.75923,3,0.14762440772897456,0.4,-0.25237559227102546,0.029524881545794912,tp,False
sfp,1,2026-07-16 04:25:00+00:00,64572.35659,2026-07-16 04:25:00+00:00,64571.592195000005,0,-0.00591890276557816,0.4,-0.4059189027655782,-0.001183780553115632,tp,False
sfp,-1,2026-07-16 04:33:00+00:00,64612.63809,2026-07-16 04:36:00+00:00,64581.4575,3,0.24128863115424615,0.4,-0.15871136884575388,0.04825772623084923,tp,False
sfp,1,2026-07-16 04:50:00+00:00,64607.36009,2026-07-16 04:54:00+00:00,64608.938460000005,4,0.012215094362333367,0.4,-0.38778490563766665,0.0024430188724666735,tp,False
sfp,-1,2026-07-16 04:56:00+00:00,64592.140139999996,2026-07-16 04:56:00+00:00,64586.55801,0,0.04321059797596227,0.4,-0.35678940202403775,0.008642119595192455,tp,False
sfp,-1,2026-07-16 05:04:00+00:00,64616.93766,2026-07-16 05:06:00+00:00,64659.3932928,2,-0.32851783400345,0.4,-0.72851783400345,-0.06570356680069,sl,False
sfp,-1,2026-07-16 05:26:00+00:00,64874.21193,2026-07-16 05:28:00+00:00,64936.376368338,2,-0.47911517141108195,0.4,-0.879115171411082,-0.09582303428221639,sl,False
sfp,-1,2026-07-16 05:29:00+00:00,64896.70968,2026-07-16 05:33:00+00:00,64949.280238596,4,-0.40503254213675177,0.4,-0.8050325421367518,-0.08100650842735035,sl,False
sfp,-1,2026-07-16 05:35:00+00:00,64903.20903,2026-07-16 06:27:00+00:00,64811.530505,52,0.7062711256512477,0.4,0.3062711256512477,0.14125422513024954,tp,False
sfp,1,2026-07-16 06:33:00+00:00,64791.37849,2026-07-16 06:35:00+00:00,64750.07044539,2,-0.31877732479773657,0.4,-0.7187773247977366,-0.06375546495954731,sl,False
sfp,1,2026-07-16 07:10:00+00:00,64663.66572,2026-07-16 07:15:00+00:00,64615.810732704005,5,-0.37002996012636125,0.4,-0.7700299601263613,-0.07400599202527225,sl,False
sfp,1,2026-07-16 07:25:00+00:00,64549.15427,2026-07-16 07:26:00+00:00,64496.846430323996,1,-0.40517835026315785,0.4,-0.8051783502631579,-0.08103567005263157,sl,False
sfp,1,2026-07-16 07:28:00+00:00,64512.25058,2026-07-16 07:29:00+00:00,64470.6542898,1,-0.3223906298883694,0.4,-0.7223906298883694,-0.06447812597767388,sl,False
sfp,1,2026-07-16 07:35:00+00:00,64442.94365,2026-07-16 07:35:00+00:00,64390.678288200004,0,-0.4055165611603351,0.4,-0.8055165611603351,-0.08110331223206702,sl,False
sfp,1,2026-07-16 07:38:00+00:00,64277.927149999996,2026-07-16 07:40:00+00:00,64205.03399448601,2,-0.5670154495172053,0.4,-0.9670154495172053,-0.11340308990344106,sl,False
sfp,1,2026-07-16 07:52:00+00:00,64163.81574,2026-07-16 07:53:00+00:00,64096.76648232,1,-0.5224849621762728,0.4,-0.9224849621762728,-0.10449699243525457,sl,False
sfp,1,2026-07-16 08:17:00+00:00,63913.69073,2026-07-16 08:26:00+00:00,64041.5952,9,1.0006030675049349,0.4,0.6006030675049349,0.20012061350098698,tp,False
sfp,-1,2026-07-16 08:33:00+00:00,64132.98606,2026-07-16 08:36:00+00:00,64208.958193793995,3,-0.5923015476225757,0.4,-0.9923015476225757,-0.11846030952451514,sl,False
sfp,-1,2026-07-16 08:39:00+00:00,64288.17054,2026-07-16 08:44:00+00:00,64112.91065,5,1.3630803966567795,0.4,0.9630803966567795,0.2726160793313559,tp,False
sfp,1,2026-07-16 08:56:00+00:00,64077.70713,2026-07-16 08:56:00+00:00,64030.786281,0,-0.3661245938841873,0.4,-0.7661245938841873,-0.07322491877683746,sl,False
sfp,1,2026-07-16 08:57:00+00:00,64069.30629,2026-07-16 09:29:00+00:00,64011.991920624,32,-0.4472841419304041,0.4,-0.8472841419304041,-0.08945682838608082,sl,False
sfp,1,2026-07-16 09:31:00+00:00,64058.905249999996,2026-07-16 09:32:00+00:00,64082.541105,1,0.1844853179098216,0.4,-0.21551468209017843,0.03689706358196432,tp,False
sfp,-1,2026-07-16 09:49:00+00:00,64081.5912,2026-07-16 09:53:00+00:00,64046.454005,4,0.2741598198641726,0.4,-0.12584018013582743,0.05483196397283452,tp,False
sfp,1,2026-07-16 09:55:00+00:00,64050.50441,2026-07-16 10:00:00+00:00,64066.742685000005,5,0.12676149196311215,0.4,-0.2732385080368879,0.02535229839262243,tp,False
sfp,-1,2026-07-16 10:11:00+00:00,64118.987460000004,2026-07-16 10:18:00+00:00,64180.149553218,7,-0.4769421324388734,0.4,-0.8769421324388734,-0.09538842648777468,sl,False
sfp,-1,2026-07-16 10:22:00+00:00,64157.98356,2026-07-16 10:32:00+00:00,64218.761133989996,10,-0.473655581250898,0.4,-0.873655581250898,-0.0947311162501796,sl,False
sfp,1,2026-07-16 10:50:00+00:00,64156.31499,2026-07-16 10:58:00+00:00,64184.330925,8,0.2183412108719418,0.4,-0.18165878912805822,0.04366824217438836,tp,False
sfp,-1,2026-07-16 11:00:00+00:00,64180.5813,2026-07-16 11:00:00+00:00,64170.466405,0,0.07880027568402115,0.4,-0.3211997243159789,0.01576005513680423,tp,False
sfp,-1,2026-07-16 11:01:00+00:00,64150.68429,2026-07-16 11:01:00+00:00,64163.065664999995,0,-0.09650228315594145,0.4,-0.49650228315594147,-0.01930045663118829,tp,False
sfp,1,2026-07-16 11:08:00+00:00,64111.51051,2026-07-16 11:12:00+00:00,64143.585,4,0.25014611061924263,0.4,-0.1498538893807574,0.05002922212384853,tp,False
sfp,1,2026-07-16 11:18:00+00:00,64106.20998,2026-07-16 11:22:00+00:00,64133.586,4,0.21352081185699312,0.4,-0.1864791881430069,0.042704162371398624,tp,False
sfp,-1,2026-07-16 11:26:00+00:00,64184.98086,2026-07-16 11:29:00+00:00,64145.01386,3,0.3113423067553911,0.4,-0.08865769324460893,0.06226846135107822,tp,False
sfp,-1,2026-07-16 11:46:00+00:00,64223.27703,2026-07-16 11:49:00+00:00,64180.01736,3,0.33679120718016486,0.4,-0.06320879281983516,0.06735824143603297,tp,False
sfp,1,2026-07-16 11:51:00+00:00,64120.611419999994,2026-07-16 11:52:00+00:00,64153.584,1,0.25711373667380855,0.4,-0.14288626332619148,0.05142274733476171,tp,False
sfp,-1,2026-07-16 11:59:00+00:00,64226.47671,2026-07-16 12:04:00+00:00,64157.21508,5,0.5391984236713943,0.4,0.13919842367139423,0.10783968473427885,tp,False
sfp,1,2026-07-16 12:16:00+00:00,64120.31139,2026-07-16 12:21:00+00:00,64075.572841896006,5,-0.34886408950729475,0.4,-0.7488640895072948,-0.06977281790145895,sl,False
sfp,1,2026-07-16 12:22:00+00:00,64122.4116,2026-07-16 12:29:00+00:00,64152.034155,7,0.23098441138480474,0.4,-0.16901558861519528,0.04619688227696095,tp,False
sfp,-1,2026-07-16 12:32:00+00:00,64140.98526,2026-07-16 12:32:00+00:00,64118.461205,0,0.17558239017295696,0.4,-0.22441760982704306,0.03511647803459139,tp,False
sfp,1,2026-07-16 12:39:00+00:00,63976.69703,2026-07-16 12:40:00+00:00,63922.918648842,1,-0.4202966365455252,0.4,-0.8202966365455252,-0.08405932730910504,sl,False
sfp,1,2026-07-16 12:47:00+00:00,63936.49301,2026-07-16 12:54:00+00:00,64013.947965,7,0.6057178878100533,0.4,0.2057178878100533,0.12114357756201066,tp,False
sfp,-1,2026-07-16 13:15:00+00:00,64053.39402000001,2026-07-16 13:20:00+00:00,64093.92369149399,5,-0.3163741134570852,0.4,-0.7163741134570852,-0.06327482269141704,sl,False
sfp,-1,2026-07-16 13:26:00+00:00,64155.28383,2026-07-16 13:29:00+00:00,64231.464944244,3,-0.5937243956855021,0.4,-0.9937243956855021,-0.11874487913710041,sl,False
sfp,-1,2026-07-16 13:38:00+00:00,64330.36632,2026-07-16 13:41:00+00:00,64235.272885,3,0.7391022346039389,0.4,0.33910223460393885,0.14782044692078777,tp,False
sfp,1,2026-07-16 13:44:00+00:00,64206.31999,2026-07-16 13:48:00+00:00,64117.26033273,4,-0.6935427640446523,0.4,-1.0935427640446522,-0.13870855280893046,sl,False
sfp,1,2026-07-16 13:50:00+00:00,64186.31799,2026-07-16 13:51:00+00:00,64286.320725,1,0.7790035176622467,0.4,0.3790035176622467,0.15580070353244935,tp,False
sfp,-1,2026-07-16 14:03:00+00:00,64371.06225,2026-07-16 14:06:00+00:00,64484.3407893,3,-0.8798871367078354,0.4,-1.2798871367078353,-0.17597742734156707,sl,False
sfp,-1,2026-07-16 14:11:00+00:00,64558.34352,2026-07-16 14:11:00+00:00,64633.785612288,0,-0.5842938973846801,0.4,-0.9842938973846801,-0.11685877947693601,sl,False
sfp,-1,2026-07-16 14:13:00+00:00,64573.44201,2026-07-16 14:27:00+00:00,64707.207633756,14,-1.0357634624408307,0.4,-1.4357634624408306,-0.20715269248816615,sl,False
sfp,1,2026-07-16 14:57:00+00:00,64464.145769999996,2026-07-16 15:13:00+00:00,64324.598116878005,16,-1.0823664182247894,0.4,-1.4823664182247893,-0.21647328364495788,sl,False
sfp,1,2026-07-16 15:15:00+00:00,64342.23358,2026-07-16 15:17:00+00:00,64443.405015000004,2,0.7861977224820071,0.4,0.3861977224820071,0.15723954449640143,tp,False
sfp,-1,2026-07-16 15:28:00+00:00,64789.320420000004,2026-07-16 16:02:00+00:00,64572.25658,34,1.6751513875502555,0.4,1.2751513875502556,0.3350302775100511,tp,False
sfp,1,2026-07-16 16:04:00+00:00,64616.26098,2026-07-16 16:05:00+00:00,64533.135541050004,1,-0.6432238393964118,0.4,-1.0432238393964117,-0.12864476787928236,sl,False
sfp,1,2026-07-16 16:07:00+00:00,64579.157269999996,2026-07-16 16:07:00+00:00,64506.443550516,0,-0.5629813283253848,0.4,-0.9629813283253849,-0.11259626566507697,sl,False
sfp,1,2026-07-16 16:09:00+00:00,64553.85474,2026-07-16 16:11:00+00:00,64472.253809832,2,-0.6320376257673566,0.4,-1.0320376257673565,-0.1264075251534713,sl,False
sfp,1,2026-07-16 16:14:00+00:00,64489.048259999996,2026-07-16 16:20:00+00:00,64421.569018818,6,-0.5231837265603501,0.4,-0.9231837265603501,-0.10463674531207001,sl,False
sfp,1,2026-07-16 16:22:00+00:00,64444.84384,2026-07-16 16:30:00+00:00,64556.343720000004,8,0.865079914514455,0.4,0.46507991451445496,0.173015982902891,tp,False
sfp,-1,2026-07-16 16:32:00+00:00,64576.341720000004,2026-07-16 16:32:00+00:00,64641.08780243399,0,-0.501314263935293,0.4,-0.901314263935293,-0.1002628527870586,sl,False
sfp,-1,2026-07-16 16:34:00+00:00,64546.5447,2026-07-16 16:36:00+00:00,64497.899144999996,2,0.37682539960970374,0.4,-0.023174600390296285,0.07536507992194075,tp,False
sfp,1,2026-07-16 16:47:00+00:00,64364.33579,2026-07-16 16:52:00+00:00,64470.10234500001,5,0.8216239140965698,0.4,0.42162391409656974,0.16432478281931395,tp,False
sfp,1,2026-07-16 17:09:00+00:00,64360.035359999994,2026-07-16 17:10:00+00:00,64236.72448512,1,-0.9579770597564763,0.4,-1.3579770597564762,-0.19159541195129526,sl,False
sfp,1,2026-07-16 17:19:00+00:00,64163.51571,2026-07-16 17:51:00+00:00,64039.88355118201,32,-0.9634147805800963,0.4,-1.3634147805800962,-0.19268295611601927,sl,False
sfp,1,2026-07-16 17:53:00+00:00,64078.507209999996,2026-07-16 17:55:00+00:00,63979.80157998,2,-0.7701929579642108,0.4,-1.1701929579642107,-0.15403859159284217,sl,False
sfp,1,2026-07-16 17:57:00+00:00,63990.29839,2026-07-16 18:02:00+00:00,64104.18894,5,0.8899048204610294,0.4,0.48990482046102934,0.17798096409220587,tp,False
sfp,-1,2026-07-16 18:11:00+00:00,64142.08515,2026-07-16 18:12:00+00:00,64192.553273466,1,-0.3934088153509929,0.4,-0.793408815350993,-0.07868176307019858,sl,False
sfp,-1,2026-07-16 18:13:00+00:00,64143.68499,2026-07-16 18:21:00+00:00,64219.161253998,8,-0.5883374490393001,0.4,-0.9883374490393001,-0.11766748980786002,sl,False
sfp,1,2026-07-16 18:39:00+00:00,64128.612219999995,2026-07-16 18:47:00+00:00,64186.780679999996,8,0.45352969592138415,0.4,0.053529695921384124,0.09070593918427683,tp,False
sfp,1,2026-07-16 19:16:00+00:00,64195.11887,2026-07-16 19:16:00+00:00,64225.326825000004,0,0.23528233557112976,0.4,-0.16471766442887026,0.04705646711422595,tp,False
sfp,1,2026-07-16 19:19:00+00:00,64195.71893,2026-07-16 19:27:00+00:00,64141.55304321601,8,-0.42188083323013714,0.4,-0.8218808332301372,-0.08437616664602743,sl,False
sfp,1,2026-07-16 19:28:00+00:00,64176.517009999996,2026-07-16 19:28:00+00:00,64199.17944000001,0,0.17656325908499415,0.4,-0.22343674091500587,0.03531265181699883,tp,False
sfp,1,2026-07-16 19:49:00+00:00,64142.713630000006,2026-07-16 19:51:00+00:00,64192.130145,2,0.3852075489435558,0.4,-0.014792451056444222,0.07704150978871116,tp,False
sfp,-1,2026-07-16 19:56:00+00:00,64243.27503,2026-07-16 20:07:00+00:00,64191.518509999994,11,0.4028166370397268,0.4,0.002816637039726788,0.08056332740794536,tp,False
sfp,-1,2026-07-16 21:08:00+00:00,64145.98476,2026-07-16 21:13:00+00:00,64186.851563352,5,-0.31854529558550393,0.4,-0.718545295585504,-0.06370905911710079,sl,False
sfp,-1,2026-07-16 21:14:00+00:00,64151.28423,2026-07-16 21:38:00+00:00,64200.555673626,24,-0.38402538793569363,0.4,-0.7840253879356937,-0.07680507758713873,sl,False
sfp,1,2026-07-16 22:00:00+00:00,64142.4136,2026-07-16 22:00:00+00:00,64163.28303,0,0.16268042336342603,0.4,-0.237319576636574,0.032536084672685206,tp,False
sfp,-1,2026-07-16 22:03:00+00:00,64156.283729999996,2026-07-16 22:06:00+00:00,64159.765335,3,-0.02713378018159851,0.4,-0.42713378018159853,-0.005426756036319702,tp,False
sfp,1,2026-07-16 22:27:00+00:00,64060.405399999996,2026-07-16 22:28:00+00:00,64006.493570514,1,-0.42078901272452063,0.4,-0.8207890127245207,-0.08415780254490413,sl,False
sfp,1,2026-07-16 22:51:00+00:00,64005.29989,2026-07-16 22:52:00+00:00,63967.105389726006,1,-0.29836982515224486,0.4,-0.6983698251522449,-0.05967396503044897,sl,False
sfp,1,2026-07-16 22:59:00+00:00,63947.3941,2026-07-16 23:00:00+00:00,63903.424498452,1,-0.3437951003855133,0.4,-0.7437951003855133,-0.06875902007710266,sl,False
sfp,1,2026-07-16 23:01:00+00:00,63958.3952,2026-07-16 23:12:00+00:00,63885.929748102,11,-0.5665046134397111,0.4,-0.9665046134397112,-0.11330092268794223,sl,False
sfp,1,2026-07-16 23:15:00+00:00,63907.99016,2026-07-16 23:16:00+00:00,63862.83667764001,1,-0.35326946010150184,0.4,-0.7532694601015019,-0.07065389202030037,sl,False
sfp,1,2026-07-16 23:26:00+00:00,63797.3791,2026-07-16 23:47:00+00:00,63840.665295000006,21,0.3392474393983935,0.4,-0.0607525606016065,0.0678494878796787,tp,False
sfp,-1,2026-07-16 23:49:00+00:00,63798.719489999996,2026-07-16 23:50:00+00:00,63869.256307002,1,-0.5528074667161542,0.4,-0.9528074667161542,-0.11056149334323084,sl,False
sfp,1,2026-07-17 00:09:00+00:00,63770.77644,2026-07-17 00:15:00+00:00,63795.769785,6,0.19596237018937313,0.4,-0.2040376298106269,0.039192474037874625,tp,False
sfp,-1,2026-07-17 00:19:00+00:00,63788.020560000004,2026-07-17 00:21:00+00:00,63773.926755,2,0.11047376040418388,0.4,-0.28952623959581614,0.022094752080836777,tp,False
sfp,1,2026-07-17 00:38:00+00:00,63622.3616,2026-07-17 00:44:00+00:00,63739.32543,6,0.9192037756737825,0.4,0.5192037756737825,0.1838407551347565,tp,False
sfp,-1,2026-07-17 00:56:00+00:00,63821.41722,2026-07-17 00:59:00+00:00,63869.156276999995,3,-0.3740049898565134,0.4,-0.7740049898565134,-0.07480099797130269,sl,False
sfp,-1,2026-07-17 01:11:00+00:00,63966.90267,2026-07-17 01:18:00+00:00,63885.28788999999,7,0.637945379511784,0.4,0.23794537951178396,0.1275890759023568,tp,False
sfp,1,2026-07-17 01:22:00+00:00,63863.88575,2026-07-17 01:28:00+00:00,63934.90587,6,0.5560272379762088,0.4,0.15602723797620877,0.11120544759524176,tp,False
sfp,1,2026-07-17 01:36:00+00:00,63814.48081,2026-07-17 01:41:00+00:00,63769.864575780004,5,-0.34957766367194054,0.4,-0.7495776636719406,-0.06991553273438811,sl,False
sfp,1,2026-07-17 01:43:00+00:00,63803.07967,2026-07-17 01:43:00+00:00,63740.37342519,0,-0.4914045304264536,0.4,-0.8914045304264536,-0.09828090608529072,sl,False
sfp,1,2026-07-17 01:56:00+00:00,63505.449909999996,2026-07-17 02:09:00+00:00,63416.570588712006,13,-0.6997771168769651,0.4,-1.099777116876965,-0.13995542337539302,sl,False
sfp,1,2026-07-17 02:12:00+00:00,63503.249690000004,2026-07-17 02:12:00+00:00,63535.6458,0,0.2550744265698013,0.4,-0.14492557343019874,0.051014885313960256,tp,False
sfp,-1,2026-07-17 02:19:00+00:00,63589.040460000004,2026-07-17 02:21:00+00:00,63505.699935,2,0.6553057287633779,0.4,0.25530572876337787,0.13106114575267558,tp,False
sfp,1,2026-07-17 02:36:00+00:00,63486.24799,2026-07-17 02:37:00+00:00,63425.667858894,1,-0.47711223315283213,0.4,-0.8771122331528322,-0.09542244663056643,sl,False
sfp,1,2026-07-17 02:41:00+00:00,63447.24409,2026-07-17 02:48:00+00:00,63366.985467720006,7,-0.6324831238229134,0.4,-1.0324831238229133,-0.12649662476458268,sl,False
sfp,1,2026-07-17 02:50:00+00:00,63416.24099,2026-07-17 02:52:00+00:00,63353.889397458006,2,-0.4916058691639136,0.4,-0.8916058691639136,-0.09832117383278272,sl,False
sfp,1,2026-07-17 02:53:00+00:00,63387.23809,2026-07-17 02:57:00+00:00,63454.403925,4,0.5298056598130874,0.4,0.12980565981308734,0.10596113196261747,tp,False
sfp,-1,2026-07-17 03:02:00+00:00,63447.354629999994,2026-07-17 03:03:00+00:00,63514.249829903994,1,-0.52717091432819,0.4,-0.92717091432819,-0.105434182865638,sl,False
sfp,-1,2026-07-17 03:08:00+00:00,63602.23914,2026-07-17 03:17:00+00:00,63646.489492548004,9,-0.34786788284768555,0.4,-0.7478678828476856,-0.06957357656953711,sl,False
sfp,-1,2026-07-17 03:21:00+00:00,63651.6342,2026-07-17 03:28:00+00:00,63697.104673559996,7,-0.357182294936198,0.4,-0.757182294936198,-0.0714364589872396,sl,False
sfp,-1,2026-07-17 03:29:00+00:00,63638.43552000001,2026-07-17 03:32:00+00:00,63630.3624,3,0.06342959199140408,0.4,-0.33657040800859594,0.012685918398280815,tp,False
sfp,1,2026-07-17 03:43:00+00:00,63615.86095,2026-07-17 03:44:00+00:00,63568.924871760006,1,-0.3689023267081648,0.4,-0.7689023267081648,-0.07378046534163296,sl,False
sfp,1,2026-07-17 03:48:00+00:00,63552.554619999995,2026-07-17 03:50:00+00:00,63495.147010284,2,-0.45165461923007966,0.4,-0.8516546192300797,-0.09033092384601593,sl,False
sfp,1,2026-07-17 03:53:00+00:00,63532.85265,2026-07-17 04:02:00+00:00,63480.951270000005,9,-0.40846096023672285,0.4,-0.8084609602367229,-0.08169219204734457,sl,False
sfp,1,2026-07-17 04:04:00+00:00,63484.44781,2026-07-17 04:18:00+00:00,63434.765129076004,14,-0.3912980473003702,0.4,-0.7912980473003702,-0.07825960946007404,sl,False
sfp,-1,2026-07-17 04:42:00+00:00,63382.16115,2026-07-17 04:43:00+00:00,63436.52651835,1,-0.4288696327452435,0.4,-0.8288696327452435,-0.0857739265490487,sl,False
sfp,-1,2026-07-17 04:48:00+00:00,63520.647300000004,2026-07-17 05:00:00+00:00,63429.84235,12,0.7147671966498126,0.4,0.31476719664981256,0.14295343932996252,tp,False
sfp,1,2026-07-17 05:05:00+00:00,63401.93956,2026-07-17 05:23:00+00:00,63320.999266800005,18,-0.638310860532898,0.4,-1.038310860532898,-0.1276621721065796,sl,False
sfp,1,2026-07-17 05:24:00+00:00,63352.73464,2026-07-17 05:25:00+00:00,63311.0022666,1,-0.3293652092300481,0.4,-0.7293652092300481,-0.06587304184600962,sl,False
sfp,1,2026-07-17 05:28:00+00:00,63295.128880000004,2026-07-17 05:29:00+00:00,63252.419845428005,1,-0.337380105923879,0.4,-0.737380105923879,-0.0674760211847758,sl,False
sfp,1,2026-07-17 05:36:00+00:00,63126.612030000004,2026-07-17 05:36:00+00:00,63081.071262000005,0,-0.3607097429714212,0.4,-0.7607097429714212,-0.07214194859428424,sl,False
sfp,1,2026-07-17 05:38:00+00:00,63144.91386,2026-07-17 05:40:00+00:00,63037.08446112,2,-0.853824894900268,0.4,-1.253824894900268,-0.1707649789800536,sl,False
sfp,1,2026-07-17 05:46:00+00:00,62880.88746,2026-07-17 05:46:00+00:00,62826.847546913996,0,-0.4297006234237344,0.4,-0.8297006234237344,-0.08594012468474688,sl,False
sfp,-1,2026-07-17 06:09:00+00:00,62886.7107,2026-07-17 06:09:00+00:00,62829.08228,0,0.4581923538258814,0.4,0.05819235382588139,0.09163847076517628,tp,False
sfp,1,2026-07-17 06:14:00+00:00,62777.87716,2026-07-17 06:16:00+00:00,62712.981714636,2,-0.5168655607659112,0.4,-0.9168655607659112,-0.10337311215318223,sl,False
sfp,-1,2026-07-17 06:31:00+00:00,62873.81199,2026-07-17 06:31:00+00:00,62932.775428278,0,-0.46890300120006057,0.4,-0.8689030012000606,-0.09378060024001211,sl,False
sfp,-1,2026-07-17 06:33:00+00:00,62853.81399,2026-07-17 07:21:00+00:00,62790.72844499999,48,0.501843412478109,0.4,0.10184341247810902,0.10036868249562181,tp,False
sfp,1,2026-07-17 07:23:00+00:00,62810.78045,2026-07-17 07:23:00+00:00,62828.766495,0,0.14317641709871154,0.4,-0.2568235829012885,0.028635283419742308,tp,False
sfp,1,2026-07-17 07:24:00+00:00,62846.08398,2026-07-17 07:25:00+00:00,62838.7155,1,-0.05862322306626755,0.4,-0.45862322306626757,-0.01172464461325351,tp,False
sfp,-1,2026-07-17 07:34:00+00:00,62885.010870000006,2026-07-17 07:35:00+00:00,62850.58443,1,0.2737253243954574,0.4,-0.12627467560454264,0.054745064879091476,tp,False
sfp,1,2026-07-17 08:19:00+00:00,62749.474319999994,2026-07-17 08:22:00+00:00,62788.870485,3,0.31391629513177755,0.4,-0.08608370486822248,0.06278325902635551,tp,False
sfp,1,2026-07-17 08:34:00+00:00,62702.86966,2026-07-17 08:36:00+00:00,62652.899743434,2,-0.3984659461118145,0.4,-0.7984659461118145,-0.0796931892223629,sl,False
sfp,-1,2026-07-17 08:53:00+00:00,62844.21495,2026-07-17 08:57:00+00:00,62878.459137192,4,-0.2724529793175501,0.4,-0.6724529793175501,-0.054490595863510016,sl,False
sfp,-1,2026-07-17 08:59:00+00:00,62872.41213,2026-07-17 09:07:00+00:00,62923.8727581,8,-0.40924649108098343,0.4,-0.8092464910809835,-0.08184929821619669,sl,False
sfp,-1,2026-07-17 09:08:00+00:00,62896.10976,2026-07-17 09:14:00+00:00,62938.677198396,6,-0.33839484316622315,0.4,-0.7383948431662232,-0.06767896863324463,sl,False
sfp,-1,2026-07-17 09:16:00+00:00,62886.21075,2026-07-17 09:16:00+00:00,62880.937465,0,0.04192719625739638,0.4,-0.35807280374260364,0.008385439251479276,tp,False
sfp,-1,2026-07-17 09:46:00+00:00,63017.6976,2026-07-17 09:49:00+00:00,62971.996569999996,3,0.36260472645388564,0.4,-0.03739527354611438,0.07252094529077713,tp,False
sfp,-1,2026-07-17 10:36:00+00:00,63092.99007000001,2026-07-17 10:36:00+00:00,63126.833632158,0,-0.2682038220128691,0.4,-0.6682038220128691,-0.053640764402573815,sl,False
sfp,-1,2026-07-17 10:37:00+00:00,63100.58931,2026-07-17 10:42:00+00:00,63142.93846248,5,-0.3355685972435962,0.4,-0.7355685972435962,-0.06711371944871924,sl,False
sfp,-1,2026-07-17 11:03:00+00:00,63151.78419,2026-07-17 11:03:00+00:00,63154.3148,0,-0.02003593431654238,0.4,-0.4200359343165424,-0.004007186863308476,tp,False
sfp,-1,2026-07-17 11:04:00+00:00,63108.088560000004,2026-07-17 11:04:00+00:00,63147.214089999994,0,-0.3099882352068928,0.4,-0.7099882352068928,-0.061997647041378556,tp,False
sfp,1,2026-07-17 11:11:00+00:00,63089.90836,2026-07-17 11:13:00+00:00,63056.178731502005,2,-0.2673139759969967,0.4,-0.6673139759969967,-0.05346279519939934,sl,False
sfp,1,2026-07-17 11:14:00+00:00,63079.80735,2026-07-17 11:16:00+00:00,63038.484041148,2,-0.3275478365264983,0.4,-0.7275478365264983,-0.06550956730529967,sl,False
sfp,-1,2026-07-17 11:31:00+00:00,63075.99177,2026-07-17 11:34:00+00:00,63126.13342214399,3,-0.39747018427249703,0.4,-0.797470184272497,-0.0794940368544994,sl,False
sfp,-1,2026-07-17 11:57:00+00:00,63313.668,2026-07-17 12:13:00+00:00,63229.622330000006,16,0.6637245373304901,0.4,0.26372453733049006,0.13274490746609802,tp,False
sfp,1,2026-07-17 12:21:00+00:00,63197.51912,2026-07-17 12:27:00+00:00,63143.152633241996,6,-0.430131494994046,0.4,-0.830131494994046,-0.0860262989988092,sl,False
sfp,1,2026-07-17 12:29:00+00:00,63169.01626999999,2026-07-17 12:37:00+00:00,63115.36097268601,8,-0.4246963185610686,0.4,-0.8246963185610686,-0.08493926371221372,sl,False
sfp,1,2026-07-17 12:39:00+00:00,63139.61333,2026-07-17 12:40:00+00:00,63097.86622233601,1,-0.33059362785292645,0.4,-0.7305936278529265,-0.06611872557058529,sl,False
sfp,1,2026-07-17 12:41:00+00:00,63130.21239,2026-07-17 12:42:00+00:00,63056.0787615,1,-0.5871485750912897,0.4,-0.9871485750912897,-0.11742971501825794,sl,False
sfp,1,2026-07-17 12:43:00+00:00,63089.20829,2026-07-17 13:00:00+00:00,63024.488240868006,17,-0.512924879596699,0.4,-0.912924879596699,-0.1025849759193398,sl,False
sfp,1,2026-07-17 13:01:00+00:00,63056.80505,2026-07-17 13:02:00+00:00,63010.192530582004,1,-0.3696073673653544,0.4,-0.7696073673653544,-0.07392147347307088,sl,False
sfp,1,2026-07-17 13:04:00+00:00,62983.19769,2026-07-17 13:05:00+00:00,62932.115959020004,1,-0.40551871652672045,0.4,-0.8055187165267205,-0.08110374330534409,sl,False
sfp,1,2026-07-17 13:09:00+00:00,62834.2828,2026-07-17 13:11:00+00:00,62760.567435588004,2,-0.5865855479454951,0.4,-0.9865855479454951,-0.11731710958909902,sl,False
sfp,1,2026-07-17 13:14:00+00:00,62806.38001,2026-07-17 13:34:00+00:00,62722.17895482,20,-0.6703224669738495,0.4,-1.0703224669738494,-0.1340644933947699,sl,False
sfp,1,2026-07-17 13:44:00+00:00,62545.35391,2026-07-17 13:49:00+00:00,62713.57801500001,5,1.3448169566845358,0.4,0.9448169566845358,0.26896339133690716,tp,False
sfp,-1,2026-07-17 13:57:00+00:00,62847.21465,2026-07-17 13:57:00+00:00,62895.86435754,0,-0.38704744363715626,0.4,-0.7870474436371563,-0.07740948872743125,sl,False
sfp,-1,2026-07-17 14:02:00+00:00,63171.28224,2026-07-17 14:08:00+00:00,63318.791205996,6,-1.16753183381324,0.4,-1.56753183381324,-0.23350636676264802,sl,False
sfp,-1,2026-07-17 14:12:00+00:00,63372.6621,2026-07-17 14:33:00+00:00,63062.755645,21,2.4451115412429947,0.4,2.0451115412429948,0.48902230824859894,tp,False
sfp,1,2026-07-17 14:34:00+00:00,63109.11028,2026-07-17 14:36:00+00:00,63271.922175,2,1.2899238658067302,0.4,0.8899238658067302,0.25798477316134605,tp,False
sfp,1,2026-07-17 15:02:00+00:00,63126.312,2026-07-17 15:05:00+00:00,63063.376571646004,3,-0.4984880817526238,0.4,-0.8984880817526238,-0.09969761635052476,sl,False
sfp,1,2026-07-17 15:15:00+00:00,62896.88906,2026-07-17 15:22:00+00:00,63050.29434000001,7,1.2194981523940829,0.4,0.8194981523940829,0.24389963047881658,tp,False
sfp,-1,2026-07-17 15:27:00+00:00,63131.686200000004,2026-07-17 15:27:00+00:00,63178.849233198,0,-0.3735290155928439,0.4,-0.7735290155928439,-0.07470580311856878,sl,False
sfp,-1,2026-07-17 15:31:00+00:00,63233.676,2026-07-17 15:55:00+00:00,63296.684575554,24,-0.49822009046252,0.4,-0.89822009046252,-0.099644018092504,sl,False
sfp,1,2026-07-17 16:26:00+00:00,63373.93676,2026-07-17 16:27:00+00:00,63422.657100000004,1,0.38438782953087447,0.4,-0.015612170469125553,0.0768775659061749,tp,False
sfp,-1,2026-07-17 16:47:00+00:00,63452.05416,2026-07-17 16:47:00+00:00,63549.0602706,0,-0.7644048083564892,0.4,-1.164404808356489,-0.15288096167129783,sl,False
sfp,-1,2026-07-17 16:49:00+00:00,63589.640400000004,2026-07-17 16:51:00+00:00,63642.088172460004,2,-0.4123924284685776,0.4,-0.8123924284685776,-0.08247848569371552,sl,False
sfp,-1,2026-07-17 16:53:00+00:00,63623.73699,2026-07-17 17:06:00+00:00,63700.405663626,13,-0.6025162718598098,0.4,-1.0025162718598097,-0.12050325437196197,sl,False
sfp,-1,2026-07-17 17:50:00+00:00,64121.5872,2026-07-17 17:51:00+00:00,64057.20508,1,0.5020315529556951,0.4,0.1020315529556951,0.10040631059113903,tp,False
sfp,1,2026-07-17 18:07:00+00:00,63967.79614,2026-07-17 18:14:00+00:00,64066.842675,7,0.7741906160345646,0.4,0.3741906160345646,0.15483812320691293,tp,False
sfp,-1,2026-07-17 18:16:00+00:00,64003.599,2026-07-17 18:17:00+00:00,63999.349295,1,0.03319895339010115,0.4,-0.3668010466098989,0.00663979067802023,tp,False
sfp,1,2026-07-17 18:23:00+00:00,63894.68883,2026-07-17 18:27:00+00:00,63852.839677439995,4,-0.32748537731630556,0.4,-0.7274853773163056,-0.06549707546326111,sl,False
sfp,1,2026-07-17 18:29:00+00:00,63898.48921,2026-07-17 18:35:00+00:00,63970.65229500001,6,0.5646697276585622,0.4,0.16466972765856214,0.11293394553171243,tp,False
sfp,-1,2026-07-17 18:43:00+00:00,64013.49801,2026-07-17 18:44:00+00:00,64114.929991913996,1,-0.792270263828998,0.4,-1.192270263828998,-0.1584540527657996,sl,False
sfp,1,2026-07-17 19:14:00+00:00,64047.90415,2026-07-17 19:17:00+00:00,63998.49597035399,3,-0.38571269662701635,0.4,-0.7857126966270164,-0.07714253932540327,sl,False
sfp,1,2026-07-17 19:18:00+00:00,64044.60382,2026-07-17 19:20:00+00:00,63980.80128000001,2,-0.4981101934778964,0.4,-0.8981101934778964,-0.09962203869557928,sl,False
sfp,1,2026-07-17 19:22:00+00:00,64006.90005,2026-07-17 19:25:00+00:00,63953.009619444,3,-0.4209736021733579,0.4,-0.8209736021733579,-0.08419472043467158,sl,False
sfp,1,2026-07-17 19:26:00+00:00,63999.79934,2026-07-17 19:30:00+00:00,64075.841775,4,0.5940833860745842,0.4,0.1940833860745842,0.11881667721491684,tp,False
sfp,-1,2026-07-17 19:31:00+00:00,64064.992860000006,2026-07-17 19:37:00+00:00,64113.429541884,6,-0.37802768502481765,0.4,-0.7780276850248177,-0.07560553700496353,sl,False
sfp,-1,2026-07-17 19:47:00+00:00,64110.288329999996,2026-07-17 20:00:00+00:00,64052.504609999996,13,0.45065871254990064,0.4,0.05065871254990062,0.09013174250998013,tp,False
sfp,1,2026-07-17 20:06:00+00:00,64019.70133,2026-07-17 20:07:00+00:00,63982.100890026006,1,-0.2936630380402927,0.4,-0.6936630380402927,-0.05873260760805854,sl,False
sfp,1,2026-07-17 20:11:00+00:00,63996.399,2026-07-17 20:16:00+00:00,63950.710309398,5,-0.3569629800733165,0.4,-0.7569629800733165,-0.0713925960146633,sl,False
sfp,1,2026-07-17 20:17:00+00:00,63980.3974,2026-07-17 20:40:00+00:00,63933.615439056004,23,-0.3655960485171583,0.4,-0.7655960485171583,-0.07311920970343166,sl,False
sfp,1,2026-07-17 20:43:00+00:00,63999.49931,2026-07-17 20:43:00+00:00,63991.650195,0,-0.0613216906742986,0.4,-0.4613216906742986,-0.01226433813485972,tp,False
sfp,-1,2026-07-17 20:47:00+00:00,64025.39682,2026-07-17 20:53:00+00:00,64100.92579163399,6,-0.5898360290239602,0.4,-0.9898360290239602,-0.11796720580479203,sl,False
sfp,-1,2026-07-17 20:58:00+00:00,64096.08975,2026-07-17 21:13:00+00:00,64164.244782899994,15,-0.5316629545252249,0.4,-0.931662954525225,-0.10633259090504499,sl,False
sfp,1,2026-07-17 21:23:00+00:00,64121.31149,2026-07-17 21:23:00+00:00,64127.136645000006,0,0.04542292464582154,0.4,-0.3545770753541785,0.009084584929164308,tp,False
sfp,-1,2026-07-17 21:29:00+00:00,64163.98296,2026-07-17 21:29:00+00:00,64139.163275,0,0.1934082319630659,0.4,-0.20659176803693413,0.03868164639261318,tp,False
sfp,-1,2026-07-17 21:30:00+00:00,64105.888770000005,2026-07-17 21:30:00+00:00,64133.662725,0,-0.21662561375324074,0.4,-0.6166256137532408,-0.04332512275064815,tp,False
sfp,1,2026-07-17 21:38:00+00:00,64082.4076,2026-07-17 21:46:00+00:00,64038.883851162,8,-0.33959202274103095,0.4,-0.739592022741031,-0.06791840454820619,sl,False
sfp,1,2026-07-17 21:48:00+00:00,64059.00526,2026-07-17 22:00:00+00:00,64110.78828,12,0.4041822050609989,0.4,0.004182205060998867,0.08083644101219978,tp,False
sfp,1,2026-07-17 22:11:00+00:00,64041.00346,2026-07-17 22:16:00+00:00,64004.094290466004,5,-0.28816826361138803,0.4,-0.688168263611388,-0.057633652722277606,sl,False
sfp,1,2026-07-17 22:40:00+00:00,63906.28999,2026-07-17 22:50:00+00:00,63941.95516500001,10,0.27904275937151723,0.4,-0.12095724062848279,0.05580855187430345,tp,False
sfp,-1,2026-07-17 22:52:00+00:00,63947.30463,2026-07-17 23:01:00+00:00,63932.642625,9,0.1146413057190876,0.4,-0.28535869428091243,0.02292826114381752,tp,False
sfp,1,2026-07-17 23:10:00+00:00,63891.3885,2026-07-17 23:24:00+00:00,63915.907770000005,14,0.19188243185541687,0.4,-0.20811756814458315,0.038376486371083374,tp,False
sfp,-1,2026-07-17 23:29:00+00:00,63920.00736,2026-07-17 23:31:00+00:00,63948.480068585995,2,-0.22272141198009798,0.4,-0.622721411980098,-0.0445442823960196,sl,False
sfp,-1,2026-07-17 23:39:00+00:00,63964.40292,2026-07-17 23:48:00+00:00,63931.742535,9,0.25530125748890464,0.4,-0.14469874251109538,0.05106025149778093,tp,False
sfp,1,2026-07-17 23:53:00+00:00,63937.79314,2026-07-17 23:58:00+00:00,63894.927048282,5,-0.33521716666184975,0.4,-0.7352171666618498,-0.06704343333236995,sl,False
sfp,1,2026-07-18 00:00:00+00:00,63916.29099,2026-07-18 00:06:00+00:00,63879.73160797801,6,-0.2859942391503223,0.4,-0.6859942391503223,-0.05719884783006446,sl,False
sfp,1,2026-07-18 00:10:00+00:00,63882.68763,2026-07-18 00:14:00+00:00,63899.40942,4,0.13087888612994814,0.4,-0.2691211138700519,0.026175777225989627,tp,False
sfp,-1,2026-07-18 00:20:00+00:00,63974.6019,2026-07-18 00:34:00+00:00,63926.942055,14,0.37249036011588466,0.4,-0.027509639884115367,0.07449807202317693,tp,False
sfp,1,2026-07-18 00:37:00+00:00,63932.29259,2026-07-18 00:38:00+00:00,63884.530168073994,1,-0.37353909887377634,0.4,-0.7735390988737764,-0.07470781977475527,sl,False
sfp,1,2026-07-18 00:40:00+00:00,63900.089369999994,2026-07-18 01:23:00+00:00,63932.30613,43,0.2520869713770191,0.4,-0.14791302862298095,0.050417394275403815,tp,False
sfp,-1,2026-07-18 01:31:00+00:00,63933.70599,2026-07-18 01:32:00+00:00,63927.942155000004,1,0.04507665331415778,0.4,-0.35492334668584224,0.009015330662831555,tp,False
sfp,1,2026-07-18 01:37:00+00:00,63915.590919999995,2026-07-18 01:46:00+00:00,63931.656195,9,0.1256757136151032,0.4,-0.2743242863848968,0.025135142723020643,tp,False
sfp,-1,2026-07-18 02:16:00+00:00,63947.6046,2026-07-18 02:20:00+00:00,63979.789459212,4,-0.2516502331347814,0.4,-0.6516502331347814,-0.05033004662695628,sl,False
sfp,-1,2026-07-18 02:24:00+00:00,63946.90467,2026-07-18 02:36:00+00:00,63999.69542961,12,-0.41277024965025166,0.4,-0.8127702496502517,-0.08255404993005033,sl,False
sfp,1,2026-07-18 02:39:00+00:00,63968.49621,2026-07-18 02:52:00+00:00,63928.117088946005,13,-0.31561724478745834,0.4,-0.7156172447874584,-0.06312344895749167,sl,False
sfp,1,2026-07-18 02:55:00+00:00,63943.59372,2026-07-18 03:36:00+00:00,63908.22305854801,41,-0.2765770532610068,0.4,-0.6765770532610068,-0.05531541065220136,sl,False
sfp,1,2026-07-18 03:39:00+00:00,63922.69163,2026-07-18 03:56:00+00:00,63936.6057,17,0.10883513854931248,0.4,-0.29116486145068754,0.021767027709862496,tp,False
sfp,-1,2026-07-18 04:00:00+00:00,63983.10105,2026-07-18 04:19:00+00:00,63951.79454,19,0.24464670738238992,0.4,-0.1553532926176101,0.04892934147647798,tp,False
sfp,1,2026-07-18 04:20:00+00:00,63973.89675,2026-07-18 04:24:00+00:00,63923.918348862,4,-0.39061557664143987,0.4,-0.7906155766414399,-0.07812311532828797,sl,False
sfp,1,2026-07-18 04:34:00+00:00,63950.994459999994,2026-07-18 05:00:00+00:00,63945.254835,26,-0.04487518175799732,0.4,-0.44487518175799734,-0.008975036351599464,tp,False
sfp,-1,2026-07-18 05:01:00+00:00,63934.70589,2026-07-18 05:01:00+00:00,63938.3932,0,-0.028836528992104427,0.4,-0.42883652899210445,-0.005767305798420885,tp,False
sfp,1,2026-07-18 05:17:00+00:00,63918.29119,2026-07-18 05:21:00+00:00,63920.20734,4,0.014989058408243494,0.4,-0.38501094159175653,0.002997811681648699,tp,False
sfp,-1,2026-07-18 05:32:00+00:00,63946.404720000006,2026-07-18 05:52:00+00:00,63931.642525,20,0.11542630945898802,0.4,-0.284573690541012,0.023085261891797604,tp,False
sfp,-1,2026-07-18 06:21:00+00:00,63966.20274,2026-07-18 06:31:00+00:00,63955.844945,10,0.08096302857074633,0.4,-0.3190369714292537,0.016192605714149266,tp,False
sfp,-1,2026-07-18 06:59:00+00:00,63947.70459,2026-07-18 07:03:00+00:00,63976.088349137994,4,-0.22192946032995042,0.4,-0.6219294603299504,-0.044385892065990085,sl,False
sfp,-1,2026-07-18 07:05:00+00:00,63946.70469,2026-07-18 07:12:00+00:00,63986.491469346,7,-0.31109327320988367,0.4,-0.7110932732098837,-0.062218654641976734,sl,False
sfp,-1,2026-07-18 07:46:00+00:00,63987.20064,2026-07-18 07:53:00+00:00,63987.29809,7,-0.0007614804133915243,0.4,-0.40076148041339155,-0.00015229608267830486,tp,False
sfp,1,2026-07-18 08:03:00+00:00,63960.29539,2026-07-18 08:28:00+00:00,63963.752985,25,0.02702922945330144,0.4,-0.3729707705466986,0.005405845890660288,tp,False
sfp,1,2026-07-18 09:24:00+00:00,63946.193980000004,2026-07-18 09:52:00+00:00,63946.054755,28,-0.0010886105281660008,0.4,-0.401088610528166,-0.00021772210563320016,tp,False
sfp,-1,2026-07-18 12:01:00+00:00,64065.792779999996,2026-07-18 12:01:00+00:00,64099.92549161399,0,-0.26638795941547055,0.4,-0.6663879594154706,-0.05327759188309411,sl,False
sfp,1,2026-07-18 12:24:00+00:00,64042.50361,2026-07-18 12:34:00+00:00,64093.340025,10,0.39689590611247105,0.4,-0.003104093887528969,0.07937918122249421,tp,False
sfp,1,2026-07-18 13:04:00+00:00,64147.61412,2026-07-18 13:06:00+00:00,64100.665312398,2,-0.3659435214080631,0.4,-0.7659435214080631,-0.07318870428161262,sl,False
sfp,1,2026-07-18 13:16:00+00:00,64006.29999,2026-07-18 13:21:00+00:00,63937.214359128004,5,-0.5396783666825611,0.4,-0.9396783666825611,-0.10793567333651222,sl,False
sfp,1,2026-07-18 13:23:00+00:00,63976.49701,2026-07-18 13:30:00+00:00,64045.744784999995,7,0.541196988240622,0.4,0.141196988240622,0.1082393976481244,tp,False
sfp,-1,2026-07-18 13:32:00+00:00,64028.99646,2026-07-18 14:00:00+00:00,64093.023421476006,28,-0.49998410888729694,0.4,-0.899984108887297,-0.09999682177745939,sl,False
sfp,-1,2026-07-18 14:03:00+00:00,64073.49201,2026-07-18 14:10:00+00:00,64119.231282,7,-0.3569281973335725,0.4,-0.7569281973335725,-0.0713856394667145,sl,False
sfp,-1,2026-07-18 14:34:00+00:00,64140.5853,2026-07-18 14:37:00+00:00,64128.462205,3,0.09450408772615493,0.4,-0.3054959122738451,0.018900817545230986,tp,False
sfp,1,2026-07-18 14:56:00+00:00,64126.11197,2026-07-18 14:56:00+00:00,64092.76768224,0,-0.25998993807385684,0.4,-0.6599899380738569,-0.05199798761477137,sl,False
sfp,1,2026-07-18 14:59:00+00:00,64101.70953,2026-07-18 15:11:00+00:00,64057.378301532,12,-0.3457881918675909,0.4,-0.7457881918675909,-0.06915763837351818,sl,False
sfp,1,2026-07-18 15:31:00+00:00,64062.10557,2026-07-18 15:41:00+00:00,64023.488470854,10,-0.30140360516095477,0.4,-0.7014036051609548,-0.060280721032190954,sl,False
sfp,1,2026-07-18 15:42:00+00:00,64049.004259999994,2026-07-18 15:45:00+00:00,64005.193960488,3,-0.342006093757119,0.4,-0.742006093757119,-0.0684012187514238,sl,False
sfp,1,2026-07-18 15:46:00+00:00,64035.80294,2026-07-18 15:47:00+00:00,64042.045155,1,0.04874003848942543,0.4,-0.3512599615105746,0.009748007697885086,tp,False
sfp,-1,2026-07-18 15:53:00+00:00,64089.99036,2026-07-18 16:07:00+00:00,64063.85574499999,14,0.2038899900999036,0.4,-0.19611000990009642,0.04077799801998072,tp,False
sfp,-1,2026-07-18 16:14:00+00:00,64106.18874,2026-07-18 16:20:00+00:00,64091.858544999996,6,0.11176920108385557,0.4,-0.28823079891614445,0.022353840216771115,tp,False
sfp,-1,2026-07-18 16:35:00+00:00,64107.988560000005,2026-07-18 16:39:00+00:00,64111.01046,4,-0.023568825569753038,0.4,-0.42356882556975306,-0.004713765113950608,tp,False
sfp,1,2026-07-18 16:53:00+00:00,64286.62802,2026-07-18 16:53:00+00:00,64115.18784,0,-1.3334046696823476,0.4,-1.7334046696823475,-0.2666809339364695,tp,False
sfp,-1,2026-07-18 16:57:00+00:00,64258.773479999996,2026-07-18 17:15:00+00:00,64317.890865972,18,-0.4599946650896136,0.4,-0.8599946650896136,-0.09199893301792272,sl,False
sfp,-1,2026-07-18 17:21:00+00:00,64293.470010000005,2026-07-18 17:21:00+00:00,64298.579215,0,-0.039733467482760965,0.4,-0.439733467482761,-0.007946693496552193,tp,False
sfp,-1,2026-07-18 17:42:00+00:00,64387.16064,2026-07-18 17:47:00+00:00,64456.33238874,5,-0.5371548306559726,0.4,-0.9371548306559726,-0.10743096613119452,sl,False
sfp,-1,2026-07-18 17:49:00+00:00,64403.35902,2026-07-18 18:19:00+00:00,64485.34108932,30,-0.636473551748562,0.4,-1.036473551748562,-0.1272947103497124,sl,False
sfp,-1,2026-07-18 18:22:00+00:00,64458.45351,2026-07-18 18:23:00+00:00,64518.35098998,1,-0.46462082720233333,0.4,-0.8646208272023334,-0.09292416544046667,sl,False
sfp,-1,2026-07-18 19:09:00+00:00,64493.64999,2026-07-18 19:15:00+00:00,64542.758310468,6,-0.38072213679651856,0.4,-0.7807221367965186,-0.07614442735930371,sl,False
sfp,-1,2026-07-18 19:19:00+00:00,64513.44801,2026-07-18 19:24:00+00:00,64504.699824999996,5,0.06780125128830194,0.4,-0.3321987487116981,0.013560250257660389,tp,False
sfp,1,2026-07-18 19:26:00+00:00,64488.4482,2026-07-18 19:27:00+00:00,64456.15863951,1,-0.2503515078379204,0.4,-0.6503515078379204,-0.050070301567584075,sl,False
sfp,-1,2026-07-18 19:51:00+00:00,64496.249729999996,2026-07-18 19:58:00+00:00,64543.658580486,7,-0.3675318385524262,0.4,-0.7675318385524262,-0.07350636771048524,sl,False
sfp,-1,2026-07-18 20:00:00+00:00,64519.947360000006,2026-07-18 20:00:00+00:00,64513.55071,0,0.0495711036798685,0.4,-0.3504288963201315,0.0099142207359737,tp,False
sfp,-1,2026-07-18 20:01:00+00:00,64500.44931,2026-07-18 20:01:00+00:00,64517.401094999994,0,-0.1314082706502795,0.4,-0.5314082706502795,-0.026281654130055898,tp,False
sfp,1,2026-07-18 20:39:00+00:00,64570.95645,2026-07-18 20:50:00+00:00,64536.13464111,11,-0.26963987219980057,0.4,-0.6696398721998006,-0.053927974439960114,sl,False
sfp,1,2026-07-18 20:52:00+00:00,64556.55501,2026-07-18 20:53:00+00:00,64572.64209000001,1,0.12459679731613438,0.4,-0.27540320268386564,0.024919359463226876,tp,False
sfp,-1,2026-07-18 21:18:00+00:00,64800.61929,2026-07-18 21:24:00+00:00,64718.121165000004,6,0.6365535229748143,0.4,0.23655352297481425,0.12731070459496285,tp,False
sfp,1,2026-07-18 21:46:00+00:00,64611.960549999996,2026-07-18 21:50:00+00:00,64652.734079999995,4,0.3155261785350305,0.4,-0.08447382146496951,0.0631052357070061,tp,False
sfp,-1,2026-07-18 21:56:00+00:00,64713.827970000006,2026-07-18 22:11:00+00:00,64799.4352956,15,-0.6614299314798844,0.4,-1.0614299314798843,-0.13228598629597688,sl,False
sfp,1,2026-07-18 22:26:00+00:00,64727.17206999999,2026-07-18 22:30:00+00:00,64691.987874228005,4,-0.2717884517953184,0.4,-0.6717884517953184,-0.05435769035906368,sl,False
sfp,1,2026-07-18 22:34:00+00:00,64712.170569999995,2026-07-18 22:51:00+00:00,64758.623490000005,17,0.3589195014697122,0.4,-0.041080498530287834,0.07178390029394244,tp,False
sfp,-1,2026-07-18 22:54:00+00:00,64763.523,2026-07-18 22:54:00+00:00,64735.272880000004,0,0.21810209429151683,0.4,-0.1818979057084832,0.04362041885830337,tp,False
sfp,-1,2026-07-18 22:59:00+00:00,64773.62199,2026-07-18 23:07:00+00:00,64742.27358,8,0.24198438374217757,0.4,-0.15801561625782246,0.04839687674843551,tp,False
sfp,1,2026-07-18 23:12:00+00:00,64703.569709999996,2026-07-18 23:16:00+00:00,64741.825170000004,4,0.29562093846957627,0.4,-0.10437906153042376,0.05912418769391525,tp,False
sfp,-1,2026-07-18 23:22:00+00:00,64783.421010000005,2026-07-19 00:12:00+00:00,64831.244836236,50,-0.36910544002155543,0.4,-0.7691054400215555,-0.07382108800431109,sl,False
sfp,-1,2026-07-19 00:14:00+00:00,64813.71798,2026-07-19 00:23:00+00:00,64805.97995,9,0.05969438446956632,0.4,-0.3403056155304337,0.011938876893913264,tp,False
sfp,1,2026-07-19 00:25:00+00:00,64822.18156999999,2026-07-19 00:25:00+00:00,64798.01955,0,-0.18637154300266134,0.4,-0.5863715430026614,-0.03727430860053227,tp,False
sfp,-1,2026-07-19 00:28:00+00:00,64780.12134,2026-07-19 00:28:00+00:00,64807.180069999995,0,-0.2088505658855988,0.4,-0.6088505658855988,-0.04177011317711976,tp,False
sfp,-1,2026-07-19 00:54:00+00:00,64756.92366,2026-07-19 00:55:00+00:00,64768.826235,1,-0.09190194906794069,0.4,-0.4919019490679407,-0.01838038981358814,tp,False
sfp,-1,2026-07-19 02:34:00+00:00,64890.61029,2026-07-19 02:36:00+00:00,64927.273638156,2,-0.282501181543493,0.4,-0.682501181543493,-0.056500236308698604,sl,False
sfp,-1,2026-07-19 02:38:00+00:00,64888.11054,2026-07-19 02:40:00+00:00,64842.433594999995,2,0.35196698301032114,0.4,-0.04803301698967888,0.07039339660206423,tp,False
sfp,1,2026-07-19 02:49:00+00:00,64801.97955,2026-07-19 03:01:00+00:00,64772.06384583,12,-0.23082399934182263,0.4,-0.6308239993418226,-0.046164799868364526,sl,False
sfp,1,2026-07-19 03:11:00+00:00,64716.37099,2026-07-19 03:15:00+00:00,64667.39525373601,4,-0.3783875356017652,0.4,-0.7783875356017652,-0.07567750712035304,sl,False
sfp,1,2026-07-19 03:20:00+00:00,64655.364890000004,2026-07-19 03:21:00+00:00,64613.511422658004,1,-0.3236658505694767,0.4,-0.7236658505694767,-0.06473317011389534,sl,False
sfp,1,2026-07-19 03:25:00+00:00,64628.66222,2026-07-19 03:59:00+00:00,64676.681685,34,0.3715028545426824,0.4,-0.02849714545731763,0.07430057090853648,tp,False
sfp,-1,2026-07-19 04:01:00+00:00,64661.833170000005,2026-07-19 04:04:00+00:00,64658.36519,3,0.02681628272810377,0.4,-0.37318371727189625,0.005363256545620754,tp,False
sfp,1,2026-07-19 04:10:00+00:00,64621.36149,2026-07-19 04:12:00+00:00,64588.41895215601,2,-0.2548889181875902,0.4,-0.6548889181875902,-0.05097778363751804,sl,False
sfp,-1,2026-07-19 05:17:00+00:00,64766.322720000004,2026-07-19 05:25:00+00:00,64734.222775,8,0.24781355225905743,0.4,-0.1521864477409426,0.04956271045181149,tp,False
sfp,1,2026-07-19 05:34:00+00:00,64680.06736,2026-07-19 05:35:00+00:00,64643.502423258,1,-0.2826600082099784,0.4,-0.6826600082099784,-0.05653200164199568,sl,False
sfp,1,2026-07-19 06:07:00+00:00,64682.56761,2026-07-19 06:13:00+00:00,64692.13014,6,0.07391891164287845,0.4,-0.3260810883571216,0.01478378232857569,tp,False
sfp,-1,2026-07-19 06:26:00+00:00,64707.12864,2026-07-19 06:32:00+00:00,64702.419595,6,0.03638737415007087,0.4,-0.36361262584992915,0.0072774748300141745,tp,False
sfp,-1,2026-07-19 06:35:00+00:00,64709.42841,2026-07-19 06:35:00+00:00,64717.421095,0,-0.06175827229804032,0.4,-0.46175827229804034,-0.012351654459608064,tp,False
sfp,1,2026-07-19 06:45:00+00:00,64711.57051,2026-07-19 06:48:00+00:00,64671.494023818006,3,-0.3096547175887032,0.4,-0.7096547175887032,-0.061930943517740644,sl,False
sfp,1,2026-07-19 07:12:00+00:00,64672.96665,2026-07-19 07:20:00+00:00,64675.23183,8,0.017512572233258084,0.4,-0.38248742776674194,0.0035025144466516167,tp,False
sfp,1,2026-07-19 08:10:00+00:00,64670.56641,2026-07-19 08:12:00+00:00,64675.731779999995,2,0.03993601948104608,0.4,-0.36006398051895394,0.007987203896209216,tp,False
sfp,1,2026-07-19 08:25:00+00:00,64637.963149999996,2026-07-19 08:48:00+00:00,64654.283925,23,0.12624759664947582,0.4,-0.2737524033505242,0.025249519329895165,tp,False
sfp,1,2026-07-19 09:12:00+00:00,64640.96345,2026-07-19 09:15:00+00:00,64601.11514241,3,-0.3082279831799206,0.4,-0.7082279831799206,-0.06164559663598412,sl,False
sfp,1,2026-07-19 09:42:00+00:00,64515.15087,2026-07-19 10:01:00+00:00,64460.6572896,19,-0.42233165128763295,0.4,-0.822331651287633,-0.08446633025752659,sl,False
sfp,1,2026-07-19 10:03:00+00:00,64481.247480000005,2026-07-19 10:03:00+00:00,64490.45031,0,0.0713605145654661,0.4,-0.3286394854345339,0.014272102913093221,tp,False
sfp,-1,2026-07-19 10:14:00+00:00,64556.04375,2026-07-19 10:27:00+00:00,64595.374091519996,13,-0.30462168400768874,0.4,-0.7046216840076888,-0.06092433680153775,sl,False
sfp,-1,2026-07-19 10:32:00+00:00,64589.5404,2026-07-19 10:36:00+00:00,64624.582852103995,4,-0.2712703317516718,0.4,-0.6712703317516718,-0.05425406635033436,sl,False
sfp,-1,2026-07-19 10:39:00+00:00,64599.43941,2026-07-19 10:42:00+00:00,64639.487322402,3,-0.3099710521311527,0.4,-0.7099710521311527,-0.061994210426230545,sl,False
sfp,-1,2026-07-19 10:44:00+00:00,64634.43591,2026-07-19 10:46:00+00:00,64666.39539294,2,-0.24723262831982673,0.4,-0.6472326283198268,-0.049446525663965346,sl,False
sfp,1,2026-07-19 10:53:00+00:00,64607.26008,2026-07-19 10:56:00+00:00,64556.128641510004,3,-0.3957096959898987,0.4,-0.7957096959898987,-0.07914193919797974,sl,False
sfp,1,2026-07-19 11:00:00+00:00,64567.85614,2026-07-19 11:00:00+00:00,64517.64019074001,0,-0.3888618289502599,0.4,-0.7888618289502599,-0.07777236579005198,sl,False
sfp,1,2026-07-19 11:30:00+00:00,64530.4524,2026-07-19 11:39:00+00:00,64480.65129,9,-0.385872934000997,0.4,-0.785872934000997,-0.0771745868001994,sl,False
sfp,1,2026-07-19 11:42:00+00:00,64493.948749999996,2026-07-19 11:49:00+00:00,64460.6572896,7,-0.2580975505860894,0.4,-0.6580975505860894,-0.05161951011721788,sl,False
sfp,1,2026-07-19 12:11:00+00:00,64351.434499999996,2026-07-19 12:14:00+00:00,64316.400576714,3,-0.27220778804859513,0.4,-0.6722077880485952,-0.05444155760971903,sl,False
sfp,1,2026-07-19 12:16:00+00:00,64358.03516,2026-07-19 12:23:00+00:00,64377.611595,7,0.1520900611037268,0.4,-0.24790993889627322,0.03041801222074536,tp,False
sfp,-1,2026-07-19 12:26:00+00:00,64372.86207,2026-07-19 12:26:00+00:00,64368.4362,0,0.03437683099433153,0.4,-0.3656231690056685,0.006875366198866306,tp,False
sfp,-1,2026-07-19 12:27:00+00:00,64305.86877,2026-07-19 12:27:00+00:00,64365.53591,0,-0.46393230618968495,0.4,-0.863932306189685,-0.09278646123793699,tp,False
sfp,1,2026-07-19 12:30:00+00:00,64294.32879,2026-07-19 12:33:00+00:00,64339.715385,3,0.3529595522199225,0.4,-0.04704044778007754,0.0705919104439845,tp,False
sfp,-1,2026-07-19 12:55:00+00:00,64395.5598,2026-07-19 13:02:00+00:00,64374.786835,7,0.16129190478753053,0.4,-0.2387080952124695,0.032258380957506105,tp,False
sfp,1,2026-07-19 13:13:00+00:00,64336.33299,2026-07-19 13:19:00+00:00,64300.7052864,6,-0.27688634045663907,0.4,-0.6768863404566391,-0.055377268091327814,sl,False
sfp,-1,2026-07-19 13:30:00+00:00,64377.16164,2026-07-19 13:30:00+00:00,64413.119427876,0,-0.27927441160791044,0.4,-0.6792744116079105,-0.05585488232158209,sl,False
sfp,-1,2026-07-19 13:34:00+00:00,64399.35942,2026-07-19 13:51:00+00:00,64475.03799911399,17,-0.5875724525490345,0.4,-0.9875724525490345,-0.11751449050980689,sl,False
sfp,-1,2026-07-19 14:04:00+00:00,64460.5533,2026-07-19 14:13:00+00:00,64523.952670091996,9,-0.4917687395339376,0.4,-0.8917687395339376,-0.09835374790678753,sl,False
sfp,-1,2026-07-19 14:15:00+00:00,64511.04825,2026-07-19 14:16:00+00:00,64489.4483,1,0.1674127966135308,0.4,-0.2325872033864692,0.03348255932270616,tp,False
sfp,1,2026-07-19 14:28:00+00:00,64415.84094,2026-07-19 14:34:00+00:00,64462.903065,6,0.3652993139050542,0.4,-0.03470068609494581,0.07305986278101084,tp,False
sfp,-1,2026-07-19 14:38:00+00:00,64475.15184,2026-07-19 14:47:00+00:00,64543.258460478,9,-0.5281617687927787,0.4,-0.9281617687927787,-0.10563235375855573,sl,False
sfp,-1,2026-07-19 14:51:00+00:00,64579.041450000004,2026-07-19 14:51:00+00:00,64611.27886183799,0,-0.24959654954737065,0.4,-0.6495965495473707,-0.04991930990947413,sl,False
sfp,1,2026-07-19 15:11:00+00:00,64529.4523,2026-07-19 15:22:00+00:00,64480.65129,11,-0.3781297396816541,0.4,-0.7781297396816541,-0.07562594793633082,sl,False
sfp,1,2026-07-19 15:23:00+00:00,64511.750530000005,2026-07-19 15:28:00+00:00,64463.65638966,5,-0.3727548853106888,0.4,-0.7727548853106888,-0.07455097706213776,sl,False
sfp,-1,2026-07-19 15:43:00+00:00,64534.24593,2026-07-19 16:01:00+00:00,64510.500405,18,0.18397615605331152,0.4,-0.2160238439466885,0.036795231210662305,tp,False
sfp,1,2026-07-19 16:03:00+00:00,64535.852940000004,2026-07-19 16:03:00+00:00,64527.64659,0,-0.06357977485504929,0.4,-0.4635797748550493,-0.012715954971009857,tp,False
sfp,-1,2026-07-19 16:07:00+00:00,64511.848170000005,2026-07-19 16:07:00+00:00,64529.15227,0,-0.13411567402621394,0.4,-0.534115674026214,-0.026823134805242788,tp,False
sfp,1,2026-07-19 16:08:00+00:00,64492.048559999996,2026-07-19 16:22:00+00:00,64548.644490000006,14,0.43878223179216747,0.4,0.03878223179216744,0.08775644635843349,tp,False
sfp,1,2026-07-19 16:58:00+00:00,64512.35059,2026-07-19 17:01:00+00:00,64472.45374983601,3,-0.30921862092386787,0.4,-0.7092186209238679,-0.061843724184773574,sl,False
sfp,1,2026-07-19 17:03:00+00:00,64468.24618,2026-07-19 17:04:00+00:00,64476.05175,1,0.060538097920392886,0.4,-0.33946190207960714,0.012107619584078577,tp,False
sfp,-1,2026-07-19 17:09:00+00:00,64569.44241,2026-07-19 17:11:00+00:00,64630.38459222,2,-0.47191194429885286,0.4,-0.8719119442988529,-0.09438238885977057,sl,False
sfp,1,2026-07-19 17:46:00+00:00,64584.857840000004,2026-07-19 17:51:00+00:00,64547.93110134601,5,-0.2858776800707119,0.4,-0.6858776800707119,-0.05717553601414238,sl,False
sfp,1,2026-07-19 17:53:00+00:00,64582.157569999996,2026-07-19 17:58:00+00:00,64513.241510652006,5,-0.5335533988106156,0.4,-0.9335533988106156,-0.10671067976212312,sl,False
sfp,1,2026-07-19 18:01:00+00:00,64528.152169999994,2026-07-19 18:02:00+00:00,64480.65129,1,-0.36806322823912385,0.4,-0.7680632282391239,-0.07361264564782477,sl,False
sfp,1,2026-07-19 18:32:00+00:00,64352.4346,2026-07-19 18:33:00+00:00,64399.509405,1,0.3657577626441366,0.4,-0.0342422373558634,0.07315155252882732,tp,False
sfp,1,2026-07-19 18:58:00+00:00,64361.33549,2026-07-19 18:59:00+00:00,64378.06155,1,0.1299387269753094,0.4,-0.27006127302469063,0.02598774539506188,tp,False
sfp,1,2026-07-19 19:05:00+00:00,64367.23608,2026-07-19 19:05:00+00:00,64371.812175,0,0.03554677254058447,0.4,-0.36445322745941555,0.007109354508116894,tp,False
sfp,1,2026-07-19 19:32:00+00:00,64410.640419999996,2026-07-19 19:36:00+00:00,64410.65829,4,0.00013871931625608624,0.4,-0.39986128068374394,2.774386325121725e-05,tp,False
sfp,1,2026-07-19 19:41:00+00:00,64399.4393,2026-07-19 19:50:00+00:00,64362.68668764,9,-0.28534885365061324,0.4,-0.6853488536506133,-0.05706977073012265,sl,False
sfp,-1,2026-07-19 20:37:00+00:00,64462.05315,2026-07-19 20:37:00+00:00,64479.29728500001,0,-0.13375415579675032,0.4,-0.5337541557967503,-0.026750831159350064,tp,False
sfp,1,2026-07-19 20:58:00+00:00,64480.24738,2026-07-19 20:58:00+00:00,64466.202735,0,-0.1089065688383295,0.4,-0.5089065688383295,-0.0217813137676659,tp,False
sfp,-1,2026-07-19 21:01:00+00:00,64504.048950000004,2026-07-19 21:11:00+00:00,64487.4481,10,0.1286806818349695,0.4,-0.2713193181650305,0.0257361363669939,tp,False
sfp,-1,2026-07-19 21:15:00+00:00,64504.44891,2026-07-19 21:17:00+00:00,64496.04896,2,0.06511140039128227,0.4,-0.33488859960871775,0.013022280078256454,tp,False
sfp,1,2026-07-19 21:25:00+00:00,64461.34549,2026-07-19 21:27:00+00:00,64423.868328864,2,-0.2906948408469834,0.4,-0.6906948408469834,-0.058138968169396676,sl,False
sfp,1,2026-07-19 21:28:00+00:00,64451.24448,2026-07-19 21:32:00+00:00,64410.6722886,4,-0.31475103178646435,0.4,-0.7147510317864644,-0.06295020635729287,sl,False
sfp,1,2026-07-19 21:36:00+00:00,64415.540909999996,2026-07-19 21:38:00+00:00,64371.08416780801,2,-0.34507776822134684,0.4,-0.7450777682213469,-0.06901555364426937,sl,False
sfp,1,2026-07-19 21:57:00+00:00,64342.833640000004,2026-07-19 21:57:00+00:00,64359.213435000005,0,0.1272853095936055,0.4,-0.2727146904063945,0.025457061918721102,tp,False
sfp,-1,2026-07-19 22:03:00+00:00,64499.44941,2026-07-19 22:04:00+00:00,64437.54311,1,0.4798978949919763,0.4,0.0798978949919763,0.09597957899839527,tp,False
sfp,-1,2026-07-19 22:22:00+00:00,64827.81657,2026-07-19 23:00:00+00:00,64585.107865,38,1.8719487855798356,0.4,1.4719487855798357,0.3743897571159671,tp,False
sfp,-1,2026-07-19 23:33:00+00:00,64704.92886,2026-07-19 23:35:00+00:00,64749.12020459399,2,-0.3414836038967417,0.4,-0.7414836038967417,-0.06829672077934834,sl,False
sfp,-1,2026-07-19 23:36:00+00:00,64707.22863,2026-07-19 23:36:00+00:00,64674.316784999995,0,0.25431351100041466,0.4,-0.14568648899958536,0.05086270220008293,tp,False
sfp,1,2026-07-20 00:03:00+00:00,64580.55741,2026-07-20 00:05:00+00:00,64638.985454999995,2,0.45236559843431223,0.4,0.05236559843431221,0.09047311968686245,tp,False
sfp,-1,2026-07-20 00:13:00+00:00,64897.5096,2026-07-20 00:13:00+00:00,64974.4877991,0,-0.5930751393579126,0.4,-0.9930751393579126,-0.11861502787158251,sl,False
sfp,-1,2026-07-20 00:17:00+00:00,65021.4972,2026-07-20 00:22:00+00:00,64793.678719999996,5,1.7518704567756616,0.4,1.3518704567756616,0.3503740913551323,tp,False
sfp,1,2026-07-20 00:46:00+00:00,64764.575809999995,2026-07-20 00:47:00+00:00,64725.677764902,1,-0.3003034036084262,0.4,-0.7003034036084262,-0.060060680721685245,sl,False
sfp,-1,2026-07-20 01:11:00+00:00,64901.90916,2026-07-20 01:18:00+00:00,64689.4683,7,1.636630283681495,0.4,1.236630283681495,0.327326056736299,tp,False
sfp,1,2026-07-20 01:45:00+00:00,64743.273680000006,2026-07-20 01:51:00+00:00,64649.400653376004,6,-0.7249635466997084,0.4,-1.1249635466997083,-0.14499270933994168,sl,False
sfp,-1,2026-07-20 02:04:00+00:00,64793.22003,2026-07-20 02:04:00+00:00,64903.666557683995,0,-0.8523000372019363,0.4,-1.2523000372019362,-0.17046000744038725,sl,False
sfp,-1,2026-07-20 02:06:00+00:00,64849.11444,2026-07-20 02:19:00+00:00,64683.567709999996,13,1.276399311151477,0.4,0.8763993111514771,0.2552798622302954,tp,False
sfp,1,2026-07-20 02:21:00+00:00,64605.259880000005,2026-07-20 02:32:00+00:00,64747.92456,11,1.104125889014207,0.4,0.7041258890142069,0.2208251778028414,tp,False
sfp,-1,2026-07-20 02:44:00+00:00,64823.01705,2026-07-20 02:48:00+00:00,64883.660557284,4,-0.4677621471800286,0.4,-0.8677621471800286,-0.09355242943600572,sl,False
sfp,-1,2026-07-20 02:51:00+00:00,64837.815570000006,2026-07-20 03:11:00+00:00,64756.024955,20,0.6307323456301583,0.4,0.23073234563015832,0.12614646912603167,tp,False
sfp,1,2026-07-20 03:13:00+00:00,64785.37789,2026-07-20 03:13:00+00:00,64814.31792,0,0.22335310020982213,0.4,-0.1766468997901779,0.044670620041964426,tp,False
sfp,1,2026-07-20 03:29:00+00:00,64657.06506,2026-07-20 03:37:00+00:00,64740.5253,8,0.6454069630484893,0.4,0.2454069630484893,0.12908139260969786,tp,False
sfp,-1,2026-07-20 03:46:00+00:00,64838.61549,2026-07-20 04:05:00+00:00,64749.77433,19,0.6850945175849721,0.4,0.28509451758497206,0.13701890351699442,tp,False
sfp,1,2026-07-20 04:07:00+00:00,64732.87264,2026-07-20 04:13:00+00:00,64691.587994220004,6,-0.31888470336849384,0.4,-0.7188847033684939,-0.06377694067369877,sl,False
sfp,-1,2026-07-20 04:37:00+00:00,64746.42471,2026-07-20 04:41:00+00:00,64688.418195,4,0.4479514912199001,0.4,0.047951491219900055,0.08959029824398002,tp,False
sfp,1,2026-07-20 04:56:00+00:00,64535.35289,2026-07-20 05:01:00+00:00,64483.65039006,5,-0.40057501527984707,0.4,-0.8005750152798471,-0.08011500305596941,sl,False
sfp,1,2026-07-20 05:06:00+00:00,64417.74113,2026-07-20 05:10:00+00:00,64342.69268724,4,-0.5825137721652274,0.4,-0.9825137721652274,-0.11650275443304547,sl,False
sfp,1,2026-07-20 05:14:00+00:00,64216.421,2026-07-20 05:19:00+00:00,64327.516605,5,0.8650093174765727,0.4,0.4650093174765727,0.17300186349531455,tp,False
sfp,1,2026-07-20 05:54:00+00:00,64112.11057,2026-07-20 05:54:00+00:00,64070.874251802,0,-0.32159538838588686,0.4,-0.7215953883858869,-0.06431907767717737,sl,False
sfp,1,2026-07-20 05:57:00+00:00,64111.710530000004,2026-07-20 06:02:00+00:00,64057.77818154,5,-0.42061230322942844,0.4,-0.8206123032294285,-0.08412246064588569,sl,False
sfp,1,2026-07-20 06:03:00+00:00,64087.4081,2026-07-20 06:08:00+00:00,64143.135045,5,0.43477296595495485,0.4,0.034772965954954826,0.08695459319099097,tp,False
sfp,-1,2026-07-20 06:17:00+00:00,64133.68599,2026-07-20 06:18:00+00:00,64124.561815,1,0.07113402932601431,0.4,-0.3288659706739857,0.014226805865202863,tp,False
sfp,1,2026-07-20 06:38:00+00:00,63843.88375,2026-07-20 06:44:00+00:00,63740.8732752,6,-0.8067372217154811,0.4,-1.206737221715481,-0.16134744434309622,sl,False
sfp,1,2026-07-20 06:45:00+00:00,63800.07937,2026-07-20 07:01:00+00:00,63953.80398,16,1.2047368241384637,0.4,0.8047368241384637,0.24094736482769274,tp,False
sfp,-1,2026-07-20 07:03:00+00:00,63897.6096,2026-07-20 07:08:00+00:00,63982.390239263994,5,-0.663410100899875,0.4,-1.0634101008998749,-0.132682020179975,sl,False
sfp,-1,2026-07-20 07:10:00+00:00,63953.504010000004,2026-07-20 07:22:00+00:00,63994.1937795,12,-0.3181199383042177,0.4,-0.7181199383042177,-0.06362398766084354,sl,False
sfp,-1,2026-07-20 07:27:00+00:00,64053.49401,2026-07-20 07:27:00+00:00,64095.32411152199,0,-0.3265247444227404,0.4,-0.7265247444227404,-0.06530494888454808,sl,False
sfp,-1,2026-07-20 07:31:00+00:00,64103.88897000001,2026-07-20 07:34:00+00:00,64161.94409285399,3,-0.4528205993957757,0.4,-0.8528205993957757,-0.09056411987915514,sl,False
sfp,-1,2026-07-20 07:36:00+00:00,64104.388920000005,2026-07-20 07:44:00+00:00,64181.650003247996,8,-0.6026192944792452,0.4,-1.0026192944792451,-0.12052385889584905,sl,False
sfp,-1,2026-07-20 07:47:00+00:00,64178.08155,2026-07-20 07:53:00+00:00,64253.27148468,6,-0.5857913859689257,0.4,-0.9857913859689257,-0.11715827719378513,sl,False
sfp,-1,2026-07-20 07:56:00+00:00,64211.67819,2026-07-20 08:03:00+00:00,64304.78693571,7,-0.7250141121876164,0.4,-1.1250141121876163,-0.14500282243752327,sl,False
sfp,-1,2026-07-20 08:05:00+00:00,64267.67259,2026-07-20 08:05:00+00:00,64242.873645,0,0.192934830223368,0.4,-0.20706516977663203,0.0385869660446736,tp,False
sfp,-1,2026-07-20 08:06:00+00:00,64228.976460000005,2026-07-20 08:11:00+00:00,64208.670225,5,0.15807690017177745,0.4,-0.24192309982822258,0.03161538003435549,tp,False
sfp,-1,2026-07-20 09:14:00+00:00,64059.99336,2026-07-20 09:15:00+00:00,64106.827561752,1,-0.36554953642287114,0.4,-0.7655495364228712,-0.07310990728457423,sl,False
sfp,-1,2026-07-20 09:19:00+00:00,64099.18944,2026-07-20 09:25:00+00:00,64164.44484290399,6,-0.5090189398188061,0.4,-0.9090189398188061,-0.10180378796376122,sl,False
sfp,-1,2026-07-20 09:46:00+00:00,64209.37842,2026-07-20 09:51:00+00:00,64262.27418486,5,-0.4119006145333337,0.4,-0.8119006145333337,-0.08238012290666674,sl,False
sfp,-1,2026-07-20 09:53:00+00:00,64225.17684,2026-07-20 09:54:00+00:00,64213.32068999999,1,0.09230141965621552,0.4,-0.3076985803437845,0.018460283931243104,tp,False
sfp,1,2026-07-20 10:03:00+00:00,64212.72063,2026-07-20 10:10:00+00:00,64211.87817,7,-0.006559915167403396,0.4,-0.4065599151674034,-0.0013119830334806792,tp,False
sfp,-1,2026-07-20 10:16:00+00:00,64235.175839999996,2026-07-20 10:20:00+00:00,64277.078625156,4,-0.32616696854992355,0.4,-0.7261669685499236,-0.06523339370998471,sl,False
sfp,-1,2026-07-20 10:22:00+00:00,64254.973860000006,2026-07-20 10:22:00+00:00,64303.486545684,0,-0.377501403935665,0.4,-0.777501403935665,-0.075500280787133,sl,False
sfp,-1,2026-07-20 10:26:00+00:00,64322.36712,2026-07-20 10:31:00+00:00,64284.477805,5,0.29452674626628816,0.4,-0.10547325373371186,0.05890534925325763,tp,False
sfp,-1,2026-07-20 10:54:00+00:00,64313.468010000004,2026-07-20 10:58:00+00:00,64278.077165,4,0.275143341628703,0.4,-0.124856658371297,0.055028668325740604,tp,False
sfp,1,2026-07-20 11:05:00+00:00,64311.73053,2026-07-20 11:05:00+00:00,64285.970760000004,0,-0.20027271687222958,0.4,-0.6002727168722296,-0.04005454337444592,tp,False
sfp,-1,2026-07-20 11:08:00+00:00,64357.76358,2026-07-20 11:21:00+00:00,64319.73133,13,0.29547523006079324,0.4,-0.10452476993920679,0.05909504601215865,tp,False
sfp,-1,2026-07-20 11:34:00+00:00,64640.03535,2026-07-20 11:34:00+00:00,64790.432595419996,0,-1.1633443933443122,0.4,-1.563344393344312,-0.23266887866886243,sl,False
sfp,-1,2026-07-20 11:36:00+00:00,64779.721379999995,2026-07-20 11:36:00+00:00,64855.752186726,0,-0.5868411063394419,0.4,-0.9868411063394419,-0.11736822126788837,sl,False
sfp,-1,2026-07-20 11:37:00+00:00,64820.61729,2026-07-20 11:47:00+00:00,64934.875918308,10,-0.8813448026637749,0.4,-1.2813448026637748,-0.17626896053275498,sl,False
sfp,-1,2026-07-20 11:49:00+00:00,64896.909660000005,2026-07-20 11:56:00+00:00,64969.486299,7,-0.5591686829174991,0.4,-0.9591686829174991,-0.11183373658349982,sl,False
sfp,1,2026-07-20 12:21:00+00:00,64686.36799,2026-07-20 12:33:00+00:00,64629.60659298,12,-0.43874311376373987,0.4,-0.8387431137637399,-0.08774862275274797,sl,False
sfp,1,2026-07-20 12:35:00+00:00,64692.86864,2026-07-20 12:35:00+00:00,64696.129740000004,0,0.025204478241280803,0.4,-0.3747955217587192,0.005040895648256161,tp,False
sfp,1,2026-07-20 12:36:00+00:00,64724.97185,2026-07-20 12:36:00+00:00,64703.578995,0,-0.1652596701747222,0.4,-0.5652596701747222,-0.03305193403494444,tp,False
sfp,1,2026-07-20 12:46:00+00:00,64676.26698,2026-07-20 12:46:00+00:00,64649.784375,0,-0.2047320155953436,0.4,-0.6047320155953436,-0.04094640311906872,tp,False
sfp,-1,2026-07-20 13:12:00+00:00,64704.62889,2026-07-20 13:23:00+00:00,64660.115365,11,0.34397481110415296,0.4,-0.05602518889584707,0.06879496222083059,tp,False
sfp,1,2026-07-20 13:29:00+00:00,64543.15367,2026-07-20 13:31:00+00:00,64482.050870028,2,-0.4733484227034679,0.4,-0.8733484227034679,-0.09466968454069358,sl,False
sfp,1,2026-07-20 13:33:00+00:00,64538.853240000004,2026-07-20 13:33:00+00:00,64597.289625,0,0.45272252345951447,0.4,0.05272252345951445,0.0905445046919029,tp,False
sfp,1,2026-07-20 13:34:00+00:00,64658.16516999999,2026-07-20 13:34:00+00:00,64607.288625,0,-0.39342707039574654,0.4,-0.7934270703957466,-0.07868541407914931,tp,False
sfp,-1,2026-07-20 13:36:00+00:00,64637.03565,2026-07-20 13:41:00+00:00,64591.05846,5,0.3556567031396396,0.4,-0.044343296860360426,0.07113134062792792,tp,False
sfp,1,2026-07-20 13:57:00+00:00,64301.629519999995,2026-07-20 13:57:00+00:00,64227.327304932,0,-0.5777630802100142,0.4,-0.9777630802100142,-0.11555261604200284,sl,False
sfp,1,2026-07-20 14:00:00+00:00,64321.4315,2026-07-20 14:18:00+00:00,64155.24893349,18,-1.2918133399285048,0.4,-1.6918133399285047,-0.25836266798570096,sl,False
sfp,1,2026-07-20 14:19:00+00:00,64206.42,2026-07-20 14:21:00+00:00,64115.7607827,2,-0.7059980707536107,0.4,-1.1059980707536106,-0.14119961415072213,sl,False
sfp,1,2026-07-20 14:23:00+00:00,64166.71603,2026-07-20 14:24:00+00:00,64274.521905,1,0.8400451329750869,0.4,0.44004513297508685,0.16800902659501737,tp,False
sfp,-1,2026-07-20 14:47:00+00:00,64482.05115,2026-07-20 14:48:00+00:00,64420.54141,1,0.47695241468759253,0.4,0.07695241468759251,0.0953904829375185,tp,False
sfp,1,2026-07-20 14:51:00+00:00,64339.63331999999,2026-07-20 14:53:00+00:00,64273.813355862,2,-0.5115040352392519,0.4,-0.9115040352392519,-0.10230080704785038,sl,False
sfp,1,2026-07-20 14:55:00+00:00,64323.63172,2026-07-20 15:00:00+00:00,64415.107845000006,5,0.7110615690839595,0.4,0.31106156908395943,0.1422123138167919,tp,False
sfp,-1,2026-07-20 15:04:00+00:00,64508.848470000004,2026-07-20 15:05:00+00:00,64607.37769176,1,-0.76368764980983,0.4,-1.1636876498098299,-0.152737529961966,sl,False
sfp,-1,2026-07-20 15:06:00+00:00,64516.74768,2026-07-20 15:07:00+00:00,64633.185432276005,1,-0.9023839271434797,0.4,-1.3023839271434796,-0.18047678542869594,sl,False
sfp,-1,2026-07-20 15:16:00+00:00,64916.10774,2026-07-20 15:20:00+00:00,64991.69295944399,4,-0.5821761506922263,0.4,-0.9821761506922263,-0.11643523013844526,sl,False
sfp,-1,2026-07-20 15:21:00+00:00,64918.10754,2026-07-20 15:43:00+00:00,65017.500699959994,22,-0.7655272444498928,0.4,-1.1655272444498928,-0.15310544888997857,sl,False
sfp,-1,2026-07-20 15:49:00+00:00,65297.06964,2026-07-20 15:52:00+00:00,65397.614707559995,3,-0.7699048985989609,0.4,-1.1699048985989609,-0.1539809797197922,sl,False
sfp,-1,2026-07-20 15:54:00+00:00,65421.55719,2026-07-20 15:54:00+00:00,65508.648009779994,0,-0.6656125558663906,0.4,-1.0656125558663905,-0.1331225111732781,sl,False
sfp,1,2026-07-20 16:27:00+00:00,65397.5391,2026-07-20 16:40:00+00:00,65474.701875,13,0.5899516714383823,0.4,0.18995167143838232,0.11799033428767647,tp,False
sfp,-1,2026-07-20 16:43:00+00:00,65375.06184,2026-07-20 16:43:00+00:00,65415.990945,0,-0.31303301173291054,0.4,-0.7130330117329106,-0.06260660234658211,tp,False
sfp,-1,2026-07-20 17:10:00+00:00,65496.34971,2026-07-20 17:13:00+00:00,65547.459650556,3,-0.3901739622307332,0.4,-0.7901739622307332,-0.07803479244614664,sl,False
sfp,-1,2026-07-20 17:14:00+00:00,65506.24872,2026-07-20 17:15:00+00:00,65440.04335,1,0.5053362945799944,0.4,0.10533629457999438,0.10106725891599888,tp,False
sfp,1,2026-07-20 17:38:00+00:00,65421.741519999996,2026-07-20 17:40:00+00:00,65356.988327532,2,-0.49489046732420494,0.4,-0.894890467324205,-0.09897809346484099,sl,False
sfp,1,2026-07-20 17:46:00+00:00,65403.83973,2026-07-20 17:48:00+00:00,65414.107935,2,0.07849848756880107,0.4,-0.32150151243119895,0.015699697513760213,tp,False
sfp,-1,2026-07-20 17:53:00+00:00,65473.55199,2026-07-20 17:54:00+00:00,65548.15986057,1,-0.5697557891879423,0.4,-0.9697557891879424,-0.11395115783758847,sl,False
sfp,-1,2026-07-20 18:04:00+00:00,65595.43980000001,2026-07-20 18:12:00+00:00,65696.10423352799,8,-0.7673127418225123,0.4,-1.1673127418225122,-0.15346254836450246,sl,False
sfp,1,2026-07-20 18:40:00+00:00,65462.94564,2026-07-20 18:41:00+00:00,65405.77368850801,1,-0.4366741439225663,0.4,-0.8366741439225663,-0.08733482878451326,sl,False
sfp,1,2026-07-20 18:47:00+00:00,65298.82923,2026-07-20 18:54:00+00:00,65191.737914226,7,-0.820009462932314,0.4,-1.220009462932314,-0.1640018925864628,sl,False
sfp,1,2026-07-20 18:56:00+00:00,65208.820230000005,2026-07-20 18:56:00+00:00,65165.44580370001,0,-0.33258097713628754,0.4,-0.7325809771362876,-0.06651619542725751,sl,False
sfp,1,2026-07-20 18:57:00+00:00,65216.521,2026-07-20 19:03:00+00:00,65148.450903360004,6,-0.521877705190632,0.4,-0.9218777051906321,-0.10437554103812641,sl,False
sfp,1,2026-07-20 19:05:00+00:00,65166.916040000004,2026-07-20 19:13:00+00:00,65112.46170264001,8,-0.417806616217431,0.4,-0.817806616217431,-0.0835613232434862,sl,False
sfp,1,2026-07-20 19:16:00+00:00,65154.5148,2026-07-20 19:16:00+00:00,65155.58379,0,0.008203499045955631,0.4,-0.3917965009540444,0.0016406998091911262,tp,False
sfp,1,2026-07-20 19:17:00+00:00,65154.81483,2026-07-20 19:27:00+00:00,65048.580871362,10,-0.8152425796557616,0.4,-1.2152425796557615,-0.16304851593115233,sl,False
sfp,1,2026-07-20 19:35:00+00:00,65058.10516,2026-07-20 19:36:00+00:00,65010.4923006,1,-0.36592565432780333,0.4,-0.7659256543278034,-0.07318513086556067,sl,False
sfp,1,2026-07-20 19:39:00+00:00,65090.20836999999,2026-07-20 19:39:00+00:00,65097.139635,0,0.053243530583002574,0.4,-0.34675646941699745,0.010648706116600515,tp,False
sfp,1,2026-07-20 20:05:00+00:00,65054.90484,2026-07-20 20:06:00+00:00,65096.18973,1,0.3173080500350478,0.4,-0.08269194996495222,0.06346161000700956,tp,False
sfp,-1,2026-07-20 20:18:00+00:00,65193.38001,2026-07-20 20:20:00+00:00,65256.172284732,2,-0.48158474619941494,0.4,-0.881584746199415,-0.09631694923988299,sl,False
sfp,-1,2026-07-20 20:35:00+00:00,65376.26172,2026-07-20 20:41:00+00:00,65289.62831000001,6,0.6625754342687862,0.4,0.26257543426878616,0.13251508685375724,tp,False
sfp,1,2026-07-20 21:10:00+00:00,65308.93024,2026-07-20 21:10:00+00:00,65314.86786,0,0.045457948692262384,0.4,-0.35454205130773764,0.009091589738452477,tp,False
sfp,1,2026-07-20 21:52:00+00:00,65290.128359999995,2026-07-20 21:56:00+00:00,65246.821385328,4,-0.33165024912495955,0.4,-0.7316502491249596,-0.06633004982499191,sl,False
sfp,1,2026-07-20 21:57:00+00:00,65274.42679,2026-07-20 22:00:00+00:00,65222.028824832,3,-0.4013667200523652,0.4,-0.8013667200523652,-0.08027334401047304,sl,False
sfp,1,2026-07-20 22:03:00+00:00,65170.91644,2026-07-20 22:05:00+00:00,65123.758312866004,2,-0.36180346778930117,0.4,-0.7618034677893012,-0.07236069355786023,sl,False
sfp,1,2026-07-20 22:07:00+00:00,65158.81523,2026-07-20 22:34:00+00:00,65090.4683022,27,-0.524464169266603,0.4,-0.924464169266603,-0.1048928338533206,sl,False
sfp,1,2026-07-20 22:36:00+00:00,65103.20967,2026-07-20 23:04:00+00:00,65147.834565,28,0.3427242314641976,0.4,-0.05727576853580241,0.06854484629283952,tp,False
sfp,-1,2026-07-20 23:05:00+00:00,65131.4862,2026-07-20 23:06:00+00:00,65175.548103119996,1,-0.33825347532145944,0.4,-0.7382534753214595,-0.06765069506429189,sl,False
sfp,-1,2026-07-20 23:09:00+00:00,65175.68178,2026-07-20 23:12:00+00:00,65147.614109999995,3,0.21532317908651288,0.4,-0.18467682091348714,0.04306463581730258,tp,False
sfp,-1,2026-07-20 23:19:00+00:00,65218.07754,2026-07-20 23:51:00+00:00,65168.966244999996,32,0.37651596652693575,0.4,-0.02348403347306427,0.07530319330538715,tp,False
sfp,1,2026-07-20 23:53:00+00:00,65159.11526,2026-07-20 23:55:00+00:00,65185.230825,2,0.20039840086683025,0.4,-0.19960159913316977,0.04007968017336605,tp,False
sfp,-1,2026-07-20 23:57:00+00:00,65200.27932,2026-07-21 00:00:00+00:00,65190.868435,3,0.072169054321225,0.4,-0.327830945678775,0.014433810864245,tp,False
sfp,1,2026-07-21 00:12:00+00:00,65145.11386,2026-07-21 00:12:00+00:00,65180.931254999996,0,0.2749046925988319,0.4,-0.12509530740116814,0.054980938519766376,tp,False
sfp,-1,2026-07-21 00:22:00+00:00,65319.06744,2026-07-21 00:24:00+00:00,65363.60450688,2,-0.340919341208501,0.4,-0.740919341208501,-0.0681838682417002,sl,False
sfp,-1,2026-07-21 00:27:00+00:00,65327.26662,2026-07-21 00:32:00+00:00,65416.12025792999,5,-0.6800654805201312,0.4,-1.080065480520131,-0.13601309610402623,sl,False
sfp,-1,2026-07-21 00:33:00+00:00,65365.26282,2026-07-21 00:40:00+00:00,65444.6288085,7,-0.6070960711850315,0.4,-1.0070960711850314,-0.1214192142370063,sl,False
sfp,-1,2026-07-21 00:44:00+00:00,65446.65468,2026-07-21 00:57:00+00:00,65539.15716039001,13,-0.7067013649688647,0.4,-1.1067013649688646,-0.14134027299377294,sl,False
sfp,-1,2026-07-21 01:07:00+00:00,65544.04494,2026-07-21 01:09:00+00:00,65607.67771176,2,-0.48541993264406,0.4,-0.88541993264406,-0.097083986528812,sl,False
sfp,-1,2026-07-21 01:11:00+00:00,65583.94095,2026-07-21 01:12:00+00:00,65535.102855000005,1,0.3723327257600384,0.4,-0.027667274239961626,0.07446654515200768,tp,False
sfp,1,2026-07-21 01:21:00+00:00,65451.64451,2026-07-21 01:30:00+00:00,65377.182267936005,9,-0.5688340042595552,0.4,-0.9688340042595552,-0.11376680085191104,sl,False
sfp,1,2026-07-21 01:33:00+00:00,65387.738119999995,2026-07-21 01:45:00+00:00,65280.81118600801,12,-0.8176375041124007,0.4,-1.2176375041124006,-0.16352750082248013,sl,False
sfp,1,2026-07-21 01:46:00+00:00,65297.729119999996,2026-07-21 01:49:00+00:00,65258.018025551995,3,-0.30407714772917593,0.4,-0.704077147729176,-0.06081542954583519,sl,False
sfp,1,2026-07-21 01:51:00+00:00,65284.82783,2026-07-21 01:51:00+00:00,65239.823485188004,0,-0.34467690509337734,0.4,-0.7446769050933774,-0.06893538101867547,sl,False
sfp,-1,2026-07-21 02:08:00+00:00,65340.66528,2026-07-21 02:09:00+00:00,65286.528,1,0.4142694275304226,0.4,0.014269427530422596,0.08285388550608452,tp,False
sfp,1,2026-07-21 02:22:00+00:00,65205.21986999999,2026-07-21 02:24:00+00:00,65272.422105,2,0.5153133072320903,0.4,0.11531330723209032,0.10306266144641807,tp,False
sfp,-1,2026-07-21 02:33:00+00:00,65288.37051,2026-07-21 02:34:00+00:00,65338.797066383995,1,-0.3861832971943091,0.4,-0.7861832971943091,-0.07723665943886182,sl,False
sfp,-1,2026-07-21 02:35:00+00:00,65311.4682,2026-07-21 02:52:00+00:00,65356.402346736,17,-0.34399890229386276,0.4,-0.7439989022938628,-0.06879978045877255,sl,False
sfp,-1,2026-07-21 02:53:00+00:00,65312.96805,2026-07-21 02:54:00+00:00,65371.806967043995,1,-0.4504382422105824,0.4,-0.8504382422105824,-0.09008764844211647,sl,False
sfp,-1,2026-07-21 03:09:00+00:00,65430.95625,2026-07-21 03:54:00+00:00,65534.855870303996,45,-0.7939637922071974,0.4,-1.1939637922071973,-0.15879275844143947,sl,False
sfp,-1,2026-07-21 03:55:00+00:00,65505.24882,2026-07-21 03:58:00+00:00,65549.6603106,3,-0.33899184721852826,0.4,-0.7389918472185283,-0.06779836944370565,sl,False
sfp,-1,2026-07-21 04:01:00+00:00,65496.54969,2026-07-21 04:02:00+00:00,65591.872971444,1,-0.7276969694981483,0.4,-1.1276969694981482,-0.14553939389962967,sl,False
sfp,-1,2026-07-21 04:10:00+00:00,65621.4372,2026-07-21 04:13:00+00:00,65574.706815,3,0.35606035919005796,0.4,-0.04393964080994206,0.07121207183801159,tp,False
sfp,1,2026-07-21 04:33:00+00:00,65516.15096,2026-07-21 04:54:00+00:00,65458.657819566004,21,-0.43877074272186123,0.4,-0.8387707427218613,-0.08775414854437225,sl,False
sfp,1,2026-07-21 04:55:00+00:00,65485.24787,2026-07-21 04:57:00+00:00,65501.099235,2,0.12103004505281678,0.4,-0.27896995494718324,0.024206009010563356,tp,False
sfp,-1,2026-07-21 05:09:00+00:00,65519.24742000001,2026-07-21 05:11:00+00:00,65496.849030000005,2,0.170929847960688,0.4,-0.22907015203931202,0.0341859695921376,tp,False
sfp,-1,2026-07-21 05:44:00+00:00,65600.23932000001,2026-07-21 05:45:00+00:00,65596.809025,1,0.02614544577556055,0.4,-0.3738545542244395,0.00522908915511211,tp,False
sfp,1,2026-07-21 06:12:00+00:00,65676.567,2026-07-21 06:23:00+00:00,65728.32651,11,0.3940485348450373,0.4,-0.0059514651549626985,0.07880970696900746,tp,False
sfp,-1,2026-07-21 06:26:00+00:00,65749.92435,2026-07-21 06:29:00+00:00,65819.64128599799,3,-0.5301674236678489,0.4,-0.9301674236678489,-0.10603348473356977,sl,False
sfp,-1,2026-07-21 06:30:00+00:00,65792.02014000001,2026-07-21 06:31:00+00:00,65844.848846502,1,-0.40148262957717673,0.4,-0.8014826295771768,-0.08029652591543535,sl,False
sfp,1,2026-07-21 07:10:00+00:00,65856.38498,2026-07-21 07:12:00+00:00,65875.261815,2,0.1433181839979314,0.4,-0.25668181600206863,0.02866363679958628,tp,False
sfp,-1,2026-07-21 07:18:00+00:00,65914.00794000001,2026-07-21 07:18:00+00:00,65949.68028859799,0,-0.27059762949366295,0.4,-0.670597629493663,-0.05411952589873259,sl,False
sfp,-1,2026-07-21 07:21:00+00:00,65903.90895,2026-07-21 07:21:00+00:00,65900.5894,0,0.025184773201514243,0.4,-0.3748152267984858,0.005036954640302849,tp,False
sfp,-1,2026-07-21 07:22:00+00:00,65883.01104000001,2026-07-21 07:22:00+00:00,65895.68891000001,0,-0.09621501658674259,0.4,-0.4962150165867426,-0.019243003317348517,tp,False
sfp,-1,2026-07-21 07:41:00+00:00,66016.09773,2026-07-21 07:43:00+00:00,66086.421301332,2,-0.5326244185139828,0.4,-0.9326244185139828,-0.10652488370279656,sl,False
sfp,-1,2026-07-21 07:47:00+00:00,66098.08953,2026-07-21 07:47:00+00:00,66195.554033514,0,-0.7372717139559892,0.4,-1.1372717139559891,-0.14745434279119785,sl,False
sfp,-1,2026-07-21 07:48:00+00:00,66168.48249000001,2026-07-21 07:54:00+00:00,66237.46660435201,6,-0.5212762311908037,0.4,-0.9212762311908037,-0.10425524623816074,sl,False
sfp,-1,2026-07-21 07:55:00+00:00,66182.3811,2026-07-21 08:14:00+00:00,66259.87332479999,19,-0.5854445209738657,0.4,-0.9854445209738657,-0.11708890419477314,sl,False
sfp,-1,2026-07-21 08:16:00+00:00,66203.67897000001,2026-07-21 08:21:00+00:00,66289.38217539,5,-0.6472692056043172,0.4,-1.0472692056043171,-0.12945384112086344,sl,False
sfp,-1,2026-07-21 08:23:00+00:00,66255.3738,2026-07-21 08:23:00+00:00,66302.085985644,0,-0.3525162033271023,0.4,-0.7525162033271023,-0.07050324066542046,sl,False
sfp,1,2026-07-21 09:04:00+00:00,66171.6165,2026-07-21 09:11:00+00:00,66127.05725293799,7,-0.3366945634614704,0.4,-0.7366945634614704,-0.06733891269229408,sl,False
sfp,1,2026-07-21 09:12:00+00:00,66154.41478,2026-07-21 09:15:00+00:00,66190.03033499999,3,0.26918502051920257,0.4,-0.13081497948079746,0.05383700410384051,tp,False
sfp,-1,2026-07-21 09:33:00+00:00,66267.17262,2026-07-21 09:36:00+00:00,66314.98985590201,3,-0.36079127878452244,0.4,-0.7607912787845225,-0.07215825575690449,sl,False
sfp,1,2026-07-21 10:00:00+00:00,66267.92613,2026-07-21 10:00:00+00:00,66273.47199,0,0.04184422483000105,0.4,-0.35815577516999897,0.00836884496600021,tp,False
sfp,-1,2026-07-21 10:12:00+00:00,66324.46689000001,2026-07-21 10:22:00+00:00,66298.479185,10,0.1959134103792226,0.4,-0.20408658962077741,0.03918268207584452,tp,False
sfp,-1,2026-07-21 10:37:00+00:00,66352.26410999999,2026-07-21 10:40:00+00:00,66337.983135,3,0.10761482815652146,0.4,-0.29238517184347856,0.02152296563130429,tp,False
sfp,1,2026-07-21 10:52:00+00:00,66200.11935,2026-07-21 11:05:00+00:00,66131.45593302601,13,-0.5186049334062193,0.4,-0.9186049334062193,-0.10372098668124385,sl,False
sfp,1,2026-07-21 11:06:00+00:00,66183.41768,2026-07-21 11:11:00+00:00,66112.561602648,5,-0.5353008339233356,0.4,-0.9353008339233356,-0.10706016678466712,sl,False
sfp,1,2026-07-21 11:12:00+00:00,66166.616,2026-07-21 11:12:00+00:00,66169.88235,0,0.024682764492633957,0.4,-0.37531723550736606,0.0049365528985267915,tp,False
sfp,-1,2026-07-21 11:15:00+00:00,66198.07953,2026-07-21 11:15:00+00:00,66175.166855,0,0.1730614782383122,0.4,-0.22693852176168783,0.03461229564766244,tp,False
sfp,-1,2026-07-21 11:33:00+00:00,66215.77776,2026-07-21 11:36:00+00:00,66266.37527492999,3,-0.3820653977166799,0.4,-0.7820653977166799,-0.07641307954333598,sl,False
sfp,-1,2026-07-21 11:40:00+00:00,66252.87405,2026-07-21 11:42:00+00:00,66305.88712572,2,-0.4000813283963067,0.4,-0.8000813283963067,-0.08001626567926134,sl,False
sfp,-1,2026-07-21 11:44:00+00:00,66282.27111,2026-07-21 12:00:00+00:00,66342.39807645,16,-0.4535674882821805,0.4,-0.8535674882821805,-0.0907134976564361,sl,False
sfp,1,2026-07-21 12:05:00+00:00,66256.72501000001,2026-07-21 12:06:00+00:00,66284.820855,1,0.21202259088226594,0.4,-0.18797740911773408,0.04240451817645319,tp,False
sfp,-1,2026-07-21 12:09:00+00:00,66328.06653,2026-07-21 12:11:00+00:00,66389.31214738799,2,-0.4616870398317374,0.4,-0.8616870398317374,-0.09233740796634748,sl,False
sfp,-1,2026-07-21 12:13:00+00:00,66378.56148,2026-07-21 12:21:00+00:00,66447.92972856,8,-0.5225199749236964,0.4,-0.9225199749236964,-0.10450399498473928,sl,False
sfp,-1,2026-07-21 12:23:00+00:00,66424.15692000001,2026-07-21 12:32:00+00:00,66503.046259662,9,-0.5938301916048605,0.4,-0.9938301916048605,-0.1187660383209721,sl,False
sfp,-1,2026-07-21 12:34:00+00:00,66483.85095000001,2026-07-21 12:37:00+00:00,66552.96123065999,3,-0.5197523885308586,0.4,-0.9197523885308586,-0.10395047770617172,sl,False
sfp,-1,2026-07-21 12:42:00+00:00,66565.84275,2026-07-21 12:43:00+00:00,66493.498685,1,0.5434023067333316,0.4,0.14340230673333154,0.10868046134666631,tp,False
sfp,-1,2026-07-21 13:09:00+00:00,66540.44529,2026-07-21 13:13:00+00:00,66593.773471476,4,-0.4007200526204846,0.4,-0.8007200526204846,-0.08014401052409692,sl,False
sfp,-1,2026-07-21 13:17:00+00:00,66545.94474,2026-07-21 13:19:00+00:00,66547.75411000001,2,-0.013594893025214994,0.4,-0.413594893025215,-0.0027189786050429987,tp,False
sfp,1,2026-07-21 13:24:00+00:00,66495.24886,2026-07-21 13:24:00+00:00,66440.0633292,0,-0.41495845001043863,0.4,-0.8149584500104387,-0.08299169000208773,sl,False
sfp,1,2026-07-21 13:31:00+00:00,66432.34257,2026-07-21 13:31:00+00:00,66350.0903274,0,-0.6190677568935765,0.4,-1.0190677568935764,-0.1238135513787153,sl,False
sfp,1,2026-07-21 13:32:00+00:00,66383.63769999999,2026-07-21 13:34:00+00:00,66496.799655,2,0.8523331872185569,0.4,0.45233318721855686,0.17046663744371138,tp,False
sfp,1,2026-07-21 13:43:00+00:00,66326.632,2026-07-21 13:46:00+00:00,66418.55748,3,0.6929756360913863,0.4,0.2929756360913863,0.13859512721827727,tp,False
sfp,-1,2026-07-21 13:52:00+00:00,66606.13872,2026-07-21 13:54:00+00:00,66708.00773376,2,-0.764711899816195,0.4,-1.164711899816195,-0.152942379963239,sl,False
sfp,-1,2026-07-21 13:58:00+00:00,66697.42959,2026-07-21 14:01:00+00:00,66779.52918519,3,-0.6154629623260632,0.4,-1.0154629623260631,-0.12309259246521265,sl,False
sfp,-1,2026-07-21 14:08:00+00:00,66761.3232,2026-07-21 14:10:00+00:00,66890.0623374,2,-0.9641745491947296,0.4,-1.3641745491947295,-0.1928349098389459,sl,False
sfp,-1,2026-07-21 14:47:00+00:00,66808.51848,2026-07-21 15:00:00+00:00,66735.622895,13,0.5455560657420255,0.4,0.1455560657420255,0.1091112131484051,tp,False
sfp,1,2026-07-21 15:04:00+00:00,66673.16665,2026-07-21 15:04:00+00:00,66613.411312668,0,-0.44812133827154543,0.4,-0.8481213382715455,-0.08962426765430909,sl,False
sfp,1,2026-07-21 15:06:00+00:00,66663.16565,2026-07-21 15:10:00+00:00,66755.173815,4,0.690097478141638,0.4,0.290097478141638,0.1380194956283276,tp,False
sfp,1,2026-07-21 15:29:00+00:00,66642.46358,2026-07-21 15:29:00+00:00,66594.716922294,0,-0.3582299868662431,0.4,-0.7582299868662431,-0.07164599737324862,sl,False
sfp,1,2026-07-21 15:35:00+00:00,66543.75371,2026-07-21 15:36:00+00:00,66487.64905015202,1,-0.42156218067057605,0.4,-0.8215621806705761,-0.08431243613411521,sl,False
sfp,1,2026-07-21 15:37:00+00:00,66534.85282,2026-07-21 15:39:00+00:00,66600.83925,2,0.49587868014466796,0.4,0.09587868014466794,0.09917573602893359,tp,False
sfp,-1,2026-07-21 15:57:00+00:00,66675.03182999999,2026-07-21 16:04:00+00:00,66711.50878383,7,-0.27354283026825854,0.4,-0.6735428302682586,-0.05470856605365171,sl,False
sfp,-1,2026-07-21 16:06:00+00:00,66690.83025,2026-07-21 16:07:00+00:00,66634.86282000001,1,0.41960363808779544,0.4,0.019603638087795416,0.08392072761755909,tp,False
sfp,1,2026-07-21 16:11:00+00:00,66628.96223,2026-07-21 16:19:00+00:00,66530.63615101202,8,-0.7378629029863304,0.4,-1.1378629029863303,-0.14757258059726608,sl,False
sfp,1,2026-07-21 16:21:00+00:00,66556.45498,2026-07-21 16:29:00+00:00,66493.247370264,8,-0.4748420702018197,0.4,-0.8748420702018197,-0.09496841404036394,sl,False
sfp,1,2026-07-21 16:31:00+00:00,66496.649,2026-07-21 16:36:00+00:00,66556.3437,5,0.4488549490666571,0.4,0.048854949066657105,0.08977098981333143,tp,False
sfp,-1,2026-07-21 16:40:00+00:00,66587.94054000001,2026-07-21 16:44:00+00:00,66537.6531,4,0.3776017067970705,0.4,-0.02239829320292952,0.0755203413594141,tp,False
sfp,1,2026-07-21 16:48:00+00:00,66462.84562,2026-07-21 16:55:00+00:00,66523.297005,7,0.45477578063413127,0.4,0.054775780634131244,0.09095515612682625,tp,False
sfp,1,2026-07-21 17:11:00+00:00,66462.04553999999,2026-07-21 17:14:00+00:00,66413.37133866601,3,-0.3661804337987684,0.4,-0.7661804337987684,-0.07323608675975368,sl,False
sfp,1,2026-07-21 17:15:00+00:00,66442.24356,2026-07-21 17:18:00+00:00,66389.478508188,3,-0.39707457924986755,0.4,-0.7970745792498676,-0.07941491584997351,sl,False
sfp,1,2026-07-21 17:19:00+00:00,66423.84172,2026-07-21 17:43:00+00:00,66474.70186500001,24,0.3828455542695952,0.4,-0.01715444573040481,0.07656911085391904,tp,False
sfp,-1,2026-07-21 17:46:00+00:00,66450.15432,2026-07-21 17:46:00+00:00,66426.14195,0,0.1806795653502835,0.4,-0.2193204346497165,0.0361359130700567,tp,False
sfp,1,2026-07-21 18:29:00+00:00,66215.52089,2026-07-21 18:31:00+00:00,66160.247293602,2,-0.4173764372390476,0.4,-0.8173764372390476,-0.08347528744780952,sl,False
sfp,1,2026-07-21 18:34:00+00:00,66179.51728999999,2026-07-21 18:34:00+00:00,66209.528385,0,0.2267400566591249,0.4,-0.17325994334087513,0.04534801133182498,tp,False
sfp,1,2026-07-21 18:35:00+00:00,66191.41848000001,2026-07-21 18:35:00+00:00,66196.67967,0,0.03974223638658625,0.4,-0.3602577636134138,0.00794844727731725,tp,False
sfp,-1,2026-07-21 18:48:00+00:00,66256.77365999999,2026-07-21 18:48:00+00:00,66313.589435874,0,-0.42875447094337105,0.4,-0.8287544709433711,-0.08575089418867421,sl,False
sfp,-1,2026-07-21 18:50:00+00:00,66295.76976,2026-07-21 19:26:00+00:00,66352.90122666,36,-0.4308831986327144,0.4,-0.8308831986327144,-0.08617663972654288,sl,False
sfp,-1,2026-07-21 19:35:00+00:00,66373.96194000001,2026-07-21 19:36:00+00:00,66429.524208192,1,-0.41855470555018925,0.4,-0.8185547055501893,-0.08371094111003785,sl,False
sfp,-1,2026-07-21 19:41:00+00:00,66424.85685,2026-07-21 20:00:00+00:00,66372.13655,19,0.3968416531107688,0.4,-0.0031583468892312228,0.07936833062215376,tp,False
sfp,1,2026-07-21 20:03:00+00:00,66388.23816000001,2026-07-21 20:05:00+00:00,66412.55808,2,0.18316437274157327,0.4,-0.21683562725842676,0.03663287454831465,tp,False
sfp,1,2026-07-21 20:26:00+00:00,66370.83641999999,2026-07-21 20:30:00+00:00,66377.41159499998,4,0.049533615625874106,0.4,-0.3504663843741259,0.009906723125174821,tp,False
sfp,1,2026-07-21 21:05:00+00:00,66313.13065,2026-07-21 21:13:00+00:00,66353.06403,8,0.3010970799339763,0.4,-0.09890292006602375,0.060219415986795255,tp,False
sfp,1,2026-07-21 21:35:00+00:00,66287.22806000001,2026-07-21 21:37:00+00:00,66322.91704500001,2,0.26919955807847007,0.4,-0.13080044192152995,0.053839911615694014,tp,False
sfp,-1,2026-07-21 21:47:00+00:00,66310.46829,2026-07-21 21:51:00+00:00,66367.90572696,4,-0.43309479212849666,0.4,-0.8330947921284967,-0.08661895842569933,sl,False
sfp,-1,2026-07-21 21:54:00+00:00,66333.366,2026-07-21 22:01:00+00:00,66311.48048500001,7,0.16496611222766022,0.4,-0.2350338877723398,0.032993222445532044,tp,False
sfp,1,2026-07-21 22:02:00+00:00,66309.53029,2026-07-21 22:02:00+00:00,66327.86655,0,0.13826262921645682,0.4,-0.2617373707835432,0.027652525843291365,tp,False
sfp,1,2026-07-21 22:14:00+00:00,66297.02904,2026-07-21 22:18:00+00:00,66255.1188255,4,-0.3160791298408294,0.4,-0.7160791298408294,-0.06321582596816588,sl,False
sfp,1,2026-07-21 22:21:00+00:00,66202.01954,2026-07-21 22:31:00+00:00,66263.123025,10,0.4614926056982771,0.4,0.06149260569827708,0.09229852113965542,tp,False
sfp,-1,2026-07-21 22:36:00+00:00,66278.47149000001,2026-07-21 22:46:00+00:00,66245.92393,10,0.24553644093100457,0.4,-0.15446355906899545,0.049107288186200915,tp,False
sfp,1,2026-07-21 22:48:00+00:00,66238.12315,2026-07-21 22:59:00+00:00,66263.922945,11,0.19475034748173137,0.4,-0.20524965251826865,0.03895006949634627,tp,False
sfp,1,2026-07-21 23:03:00+00:00,66219.02123999999,2026-07-21 23:04:00+00:00,66252.77406,1,0.2548574364884537,0.4,-0.1451425635115463,0.05097148729769074,tp,False
sfp,-1,2026-07-21 23:19:00+00:00,66276.3717,2026-07-21 23:19:00+00:00,66318.29084596799,0,-0.3162450273962447,0.4,-0.7162450273962447,-0.06324900547924894,sl,False
sfp,-1,2026-07-21 23:22:00+00:00,66288.67047,2026-07-21 23:27:00+00:00,66336.296246328,5,-0.3592301368418038,0.4,-0.7592301368418038,-0.07184602736836077,sl,False
sfp,-1,2026-07-21 23:35:00+00:00,66382.26110999999,2026-07-21 23:45:00+00:00,66436.12618832401,10,-0.40571891815166516,0.4,-0.8057189181516652,-0.08114378363033303,sl,False
sfp,-1,2026-07-21 23:46:00+00:00,66410.85825,2026-07-21 23:49:00+00:00,66453.031258662,3,-0.3175159136118433,0.4,-0.7175159136118433,-0.06350318272236866,sl,False
sfp,-1,2026-07-21 23:50:00+00:00,66424.65687,2026-07-21 23:50:00+00:00,66467.93572896,0,-0.32577404987355063,0.4,-0.7257740498735507,-0.06515480997471013,sl,False
sfp,-1,2026-07-21 23:52:00+00:00,66436.3557,2026-07-21 23:53:00+00:00,66486.241219326,1,-0.37543840868736744,0.4,-0.7754384086873675,-0.07508768173747349,sl,False
sfp,-1,2026-07-21 23:57:00+00:00,66523.347,2026-07-22 00:02:00+00:00,66564.764770896,5,-0.3113025183174578,0.4,-0.7113025183174578,-0.06226050366349156,sl,False
sfp,-1,2026-07-22 00:06:00+00:00,66540.04533,2026-07-22 00:08:00+00:00,66631.88490223799,2,-0.6901075268473944,0.4,-1.0901075268473943,-0.13802150536947888,sl,False
sfp,-1,2026-07-22 00:10:00+00:00,66587.74055999999,2026-07-22 00:14:00+00:00,66649.9903326,4,-0.46742667701660245,0.4,-0.8674266770166025,-0.09348533540332049,sl,False
sfp,-1,2026-07-22 00:16:00+00:00,66603.93894000001,2026-07-22 00:18:00+00:00,66571.6565,2,0.2423463275129656,0.4,-0.15765367248703444,0.04846926550259312,tp,False
sfp,-1,2026-07-22 00:23:00+00:00,66638.43549,2026-07-22 00:44:00+00:00,66711.708843834,21,-0.5497829690568334,0.4,-0.9497829690568335,-0.10995659381136669,sl,False
sfp,-1,2026-07-22 00:45:00+00:00,66674.3319,2026-07-22 00:47:00+00:00,66644.913825,2,0.22061019707053653,0.4,-0.1793898029294635,0.044122039414107306,tp,False
sfp,1,2026-07-22 00:49:00+00:00,66598.35917,2026-07-22 00:49:00+00:00,66641.085225,0,0.32077408161768073,0.4,-0.0792259183823193,0.06415481632353615,tp,False
sfp,1,2026-07-22 01:05:00+00:00,66613.6607,2026-07-22 01:10:00+00:00,66535.13480110202,5,-0.5894128777250707,0.4,-0.9894128777250707,-0.11788257554501413,sl,False
sfp,1,2026-07-22 01:14:00+00:00,66494.6488,2026-07-22 01:14:00+00:00,66454.25906948399,0,-0.30370662335166276,0.4,-0.7037066233516628,-0.06074132467033255,sl,False
sfp,1,2026-07-22 01:16:00+00:00,66459.74531,2026-07-22 01:19:00+00:00,66418.06992876,3,-0.31353852655924275,0.4,-0.7135385265592428,-0.06270770531184855,sl,False
sfp,1,2026-07-22 01:25:00+00:00,66336.633,2026-07-22 01:42:00+00:00,66274.413035886,17,-0.46897137599677396,0.4,-0.868971375996774,-0.09379427519935479,sl,False
sfp,1,2026-07-22 01:44:00+00:00,66341.43348,2026-07-22 01:46:00+00:00,66351.614175,2,0.07672953737924981,0.4,-0.3232704626207502,0.015345907475849963,tp,False
sfp,-1,2026-07-22 01:50:00+00:00,66438.95544,2026-07-22 01:58:00+00:00,66363.83572,8,0.5653288759773223,0.4,0.16532887597732226,0.11306577519546446,tp,False
sfp,-1,2026-07-22 02:18:00+00:00,66460.85325,2026-07-22 02:21:00+00:00,66410.14035,3,0.3815245932010103,0.4,-0.018475406798989735,0.07630491864020206,tp,False
sfp,1,2026-07-22 02:33:00+00:00,66356.635,2026-07-22 02:35:00+00:00,66286.10952612001,2,-0.5314123740601251,0.4,-0.9314123740601251,-0.10628247481202502,sl,False
sfp,1,2026-07-22 02:40:00+00:00,66303.42968,2026-07-22 03:00:00+00:00,66250.1203254,20,-0.4020105359352488,0.4,-0.8020105359352488,-0.08040210718704977,sl,False
sfp,1,2026-07-22 03:02:00+00:00,66300.6294,2026-07-22 03:02:00+00:00,66309.618375,0,0.06778951483077389,0.4,-0.33221048516922613,0.013557902966154778,tp,False
sfp,-1,2026-07-22 03:30:00+00:00,66245.57478,2026-07-22 03:35:00+00:00,66216.02093999999,5,0.2230627487055381,0.4,-0.17693725129446192,0.04461254974110762,tp,False
sfp,-1,2026-07-22 03:51:00+00:00,66285.67077,2026-07-22 03:55:00+00:00,66252.22456,4,0.2522883876067694,0.4,-0.1477116123932306,0.05045767752135388,tp,False
sfp,1,2026-07-22 04:01:00+00:00,66206.62,2026-07-22 04:03:00+00:00,66253.47399000001,2,0.35384671502647347,0.4,-0.046153284973526554,0.0707693430052947,tp,False
sfp,-1,2026-07-22 04:19:00+00:00,66336.26570999999,2026-07-22 04:24:00+00:00,66375.30794710798,5,-0.29427521047586946,0.4,-0.6942752104758695,-0.05885504209517389,sl,False
sfp,1,2026-07-22 04:35:00+00:00,66345.53388999999,2026-07-22 04:35:00+00:00,66328.26651,0,-0.13013219570001677,0.4,-0.5301321957000168,-0.026026439140003355,tp,False
sfp,-1,2026-07-22 04:40:00+00:00,66349.56438,2026-07-22 04:47:00+00:00,66333.48268500001,7,0.12118915286229992,0.4,-0.2788108471377001,0.024237830572459984,tp,False
sfp,1,2026-07-22 05:08:00+00:00,66259.52528999999,2026-07-22 05:12:00+00:00,66222.22869484201,4,-0.28144327170126493,0.4,-0.681443271701265,-0.056288654340252986,sl,False
sfp,1,2026-07-22 05:14:00+00:00,66253.12465,2026-07-22 05:16:00+00:00,66197.23619434201,2,-0.4217797722992911,0.4,-0.8217797722992911,-0.08435595445985822,sl,False
sfp,1,2026-07-22 05:42:00+00:00,65985.79792,2026-07-22 05:46:00+00:00,65938.81373917201,4,-0.3560173727454874,0.4,-0.7560173727454874,-0.07120347454909748,sl,False
sfp,1,2026-07-22 05:47:00+00:00,66011.00043999999,2026-07-22 05:49:00+00:00,65903.824238472,2,-0.8118056143187613,0.4,-1.2118056143187612,-0.16236112286375226,sl,False
sfp,1,2026-07-22 05:50:00+00:00,65968.89623,2026-07-22 06:07:00+00:00,65889.328588182,17,-0.6030693733345416,0.4,-1.0030693733345415,-0.12061387466690832,sl,False
sfp,1,2026-07-22 06:12:00+00:00,65936.69301,2026-07-22 06:12:00+00:00,65942.255115,0,0.04217761572578027,0.4,-0.35782238427421975,0.008435523145156054,tp,False
sfp,1,2026-07-22 06:21:00+00:00,65861.98554,2026-07-22 06:30:00+00:00,65797.456156344,9,-0.48988337602434706,0.4,-0.8898833760243471,-0.09797667520486941,sl,False
sfp,1,2026-07-22 06:31:00+00:00,65823.68171,2026-07-22 06:32:00+00:00,65881.261215,1,0.43737681867817013,0.4,0.03737681867817011,0.08747536373563403,tp,False
sfp,-1,2026-07-22 06:38:00+00:00,65934.10592999999,2026-07-22 06:47:00+00:00,65888.88823,9,0.3429006836613291,0.4,-0.057099316338670936,0.06858013673226582,tp,False
sfp,1,2026-07-22 07:10:00+00:00,65906.48998999999,2026-07-22 07:10:00+00:00,65897.159625,0,-0.07078487263850741,0.4,-0.47078487263850743,-0.014156974527701482,tp,False
sfp,1,2026-07-22 07:20:00+00:00,65893.38868,2026-07-22 07:21:00+00:00,65894.159925,1,0.005852218374569063,0.4,-0.39414778162543096,0.0011704436749138125,tp,False
sfp,1,2026-07-22 07:27:00+00:00,65840.98344,2026-07-22 07:27:00+00:00,65867.71257,0,0.2029824632280297,0.4,-0.19701753677197031,0.04059649264560594,tp,False
sfp,1,2026-07-22 07:39:00+00:00,65742.37358,2026-07-22 07:43:00+00:00,65689.78846419,4,-0.3999332009667067,0.4,-0.7999332009667067,-0.07998664019334134,sl,False
sfp,1,2026-07-22 07:44:00+00:00,65723.37168,2026-07-22 07:52:00+00:00,65801.06923499999,8,0.5910953212983072,0.4,0.1910953212983072,0.11821906425966144,tp,False
sfp,-1,2026-07-22 08:20:00+00:00,66035.79576,2026-07-22 08:20:00+00:00,66073.017281064,0,-0.2818283677483713,0.4,-0.6818283677483713,-0.056365673549674256,sl,False
sfp,-1,2026-07-22 08:21:00+00:00,66037.79556,2026-07-22 08:22:00+00:00,66092.523131454,1,-0.4143655234848387,0.4,-0.8143655234848387,-0.08287310469696774,sl,False
sfp,-1,2026-07-22 08:25:00+00:00,66042.49509000001,2026-07-22 08:37:00+00:00,65982.79762,12,0.45196255773394256,0.4,0.05196255773394254,0.09039251154678851,tp,False
sfp,1,2026-07-22 08:42:00+00:00,65943.69371,2026-07-22 08:44:00+00:00,65908.82273857201,2,-0.2643995920318942,0.4,-0.6643995920318942,-0.052879918406378845,sl,False
sfp,1,2026-07-22 08:46:00+00:00,65956.595,2026-07-22 09:08:00+00:00,66002.59908,22,0.34874511032600974,0.4,-0.05125488967399028,0.06974902206520195,tp,False
sfp,-1,2026-07-22 09:11:00+00:00,66011.89815,2026-07-22 09:13:00+00:00,65981.047445,2,0.2336753362998656,0.4,-0.16632466370013443,0.04673506725997312,tp,False
sfp,-1,2026-07-22 09:24:00+00:00,65995.69977,2026-07-22 09:30:00+00:00,65993.948735,6,0.013266281031265592,0.4,-0.38673371896873443,0.0026532562062531184,tp,False
sfp,1,2026-07-22 09:36:00+00:00,65878.28717,2026-07-22 09:36:00+00:00,65830.846137012,0,-0.36006577452118993,0.4,-0.76006577452119,-0.07201315490423799,sl,False
sfp,1,2026-07-22 09:40:00+00:00,65855.28487,2026-07-22 10:28:00+00:00,65937.4056,48,0.6234938483836716,0.4,0.2234938483836716,0.12469876967673432,tp,False
sfp,-1,2026-07-22 10:45:00+00:00,65950.50429000001,2026-07-22 10:46:00+00:00,65988.29186937,1,-0.2864843853492838,0.4,-0.6864843853492838,-0.057296877069856755,sl,False
sfp,1,2026-07-22 11:18:00+00:00,65971.89653,2026-07-22 11:21:00+00:00,65997.29961,3,0.19252955679738282,0.4,-0.2074704432026172,0.03850591135947656,tp,False
sfp,-1,2026-07-22 11:26:00+00:00,66032.19612000001,2026-07-22 11:30:00+00:00,66004.349775,4,0.21085430014633477,0.4,-0.18914569985366525,0.042170860029266954,tp,False
sfp,1,2026-07-22 11:42:00+00:00,65954.89483,2026-07-22 11:43:00+00:00,65889.22861818,1,-0.4978115118616788,0.4,-0.8978115118616788,-0.09956230237233576,sl,False
sfp,1,2026-07-22 12:21:00+00:00,65854.98483999999,2026-07-22 12:34:00+00:00,65802.154746438,13,-0.40110929863812483,0.4,-0.8011092986381249,-0.08022185972762497,sl,False
sfp,1,2026-07-22 12:36:00+00:00,65779.5773,2026-07-22 12:49:00+00:00,65712.28171464,13,-0.5115233946630937,0.4,-0.9115233946630937,-0.10230467893261874,sl,False
sfp,1,2026-07-22 13:21:00+00:00,65576.85703,2026-07-22 13:28:00+00:00,65595.73977,7,0.14397411568045637,0.4,-0.25602588431954365,0.028794823136091274,tp,False
sfp,-1,2026-07-22 13:32:00+00:00,65613.438,2026-07-22 13:32:00+00:00,65607.66011000001,0,0.04402977633927163,0.4,-0.3559702236607284,0.008805955267854326,tp,False
sfp,-1,2026-07-22 13:33:00+00:00,65633.83596,2026-07-22 13:33:00+00:00,65690.20246341,0,-0.42940125764057147,0.4,-0.8294012576405715,-0.0858802515281143,sl,False
sfp,-1,2026-07-22 13:39:00+00:00,65737.22562,2026-07-22 13:39:00+00:00,65815.94017592398,0,-0.5987060997904026,0.4,-0.9987060997904026,-0.11974121995808051,sl,False
sfp,-1,2026-07-22 13:43:00+00:00,65848.11452999999,2026-07-22 13:43:00+00:00,65898.965077584,0,-0.3861199971096907,0.4,-0.7861199971096907,-0.07722399942193814,sl,False
sfp,-1,2026-07-22 13:44:00+00:00,65846.81465999999,2026-07-22 13:45:00+00:00,65914.469727894,1,-0.5137307570863836,0.4,-0.9137307570863836,-0.10274615141727672,sl,False
sfp,-1,2026-07-22 13:48:00+00:00,65828.51649000001,2026-07-22 13:58:00+00:00,65936.376298332,10,-0.8192483598531419,0.4,-1.2192483598531418,-0.16384967197062839,sl,False
sfp,1,2026-07-22 14:18:00+00:00,65745.67391000001,2026-07-22 14:22:00+00:00,65656.998303534,4,-0.674383584442384,0.4,-1.074383584442384,-0.1348767168884768,sl,False
sfp,1,2026-07-22 14:24:00+00:00,65659.76531999999,2026-07-22 14:24:00+00:00,65600.31531240001,0,-0.45271261106588634,0.4,-0.8527126110658864,-0.09054252221317727,sl,False
sfp,1,2026-07-22 14:26:00+00:00,65693.96874,2026-07-22 14:28:00+00:00,65572.52365184399,2,-0.9243244888785251,0.4,-1.324324488878525,-0.18486489777570503,sl,False
sfp,1,2026-07-22 14:31:00+00:00,65648.36418,2026-07-22 14:36:00+00:00,65793.51999,5,1.105555422538762,0.4,0.705555422538762,0.2211110845077524,tp,False
sfp,-1,2026-07-22 14:38:00+00:00,65768.82246,2026-07-22 14:39:00+00:00,65688.918235,1,0.6074627917246889,0.4,0.20746279172468884,0.12149255834493777,tp,False
sfp,-1,2026-07-22 15:02:00+00:00,65771.92215,2026-07-22 15:03:00+00:00,65861.05370682599,1,-0.6775805990792971,0.4,-1.077580599079297,-0.13551611981585943,sl,False
sfp,-1,2026-07-22 15:05:00+00:00,65853.414,2026-07-22 15:19:00+00:00,65954.881848702,14,-0.770406897218745,0.4,-1.170406897218745,-0.154081379443749,sl,False
sfp,-1,2026-07-22 15:24:00+00:00,65994.69987,2026-07-22 15:26:00+00:00,66079.8193212,2,-0.6448961156553246,0.4,-1.0448961156553245,-0.1289792231310649,sl,False
sfp,1,2026-07-22 15:48:00+00:00,65968.79621999999,2026-07-22 15:49:00+00:00,66003.04903499999,1,0.2596137641027729,0.4,-0.1403862358972271,0.051922752820554585,tp,False
sfp,-1,2026-07-22 16:07:00+00:00,66036.29570999999,2026-07-22 16:08:00+00:00,66090.022381404,1,-0.4067965262614104,0.4,-0.8067965262614104,-0.08135930525228208,sl,False
sfp,-1,2026-07-22 16:11:00+00:00,66034.09593,2026-07-22 16:16:00+00:00,66023.70171000001,5,0.07870343232235788,0.4,-0.32129656767764214,0.015740686464471576,tp,False
sfp,1,2026-07-22 16:19:00+00:00,66007.70011,2026-07-22 16:25:00+00:00,65916.22051872,6,-0.6929463617695863,0.4,-1.0929463617695863,-0.13858927235391727,sl,False
sfp,1,2026-07-22 16:28:00+00:00,65934.99283999999,2026-07-22 16:30:00+00:00,66013.747965,2,0.5972179688493728,0.4,0.19721796884937282,0.11944359376987457,tp,False
sfp,-1,2026-07-22 16:40:00+00:00,66319.16742,2026-07-22 17:15:00+00:00,66120.11135,35,1.5007431316150788,0.4,1.1007431316150789,0.30014862632301575,tp,False
sfp,1,2026-07-22 17:21:00+00:00,66038.6032,2026-07-22 17:23:00+00:00,65972.70356985,2,-0.49894778929848727,0.4,-0.8989477892984873,-0.09978955785969745,sl,False
sfp,1,2026-07-22 17:24:00+00:00,66006.49999,2026-07-22 17:26:00+00:00,65950.2103194,2,-0.42639490511187095,0.4,-0.826394905111871,-0.08527898102237419,sl,False
sfp,1,2026-07-22 17:29:00+00:00,65979.89733,2026-07-22 17:37:00+00:00,66099.78936,8,0.9085496859774223,0.4,0.5085496859774222,0.18170993719548445,tp,False
sfp,-1,2026-07-22 17:46:00+00:00,66121.08723,2026-07-22 17:46:00+00:00,66173.74749307799,0,-0.3982108075053503,0.4,-0.7982108075053503,-0.07964216150107006,sl,False
sfp,1,2026-07-22 17:56:00+00:00,66039.90333,2026-07-22 18:09:00+00:00,65967.505129746,13,-0.548139810958137,0.4,-0.948139810958137,-0.1096279621916274,sl,False
sfp,1,2026-07-22 18:11:00+00:00,65994.69881,2026-07-22 18:15:00+00:00,65933.21541906,4,-0.46582067990807996,0.4,-0.86582067990808,-0.09316413598161599,sl,False
sfp,1,2026-07-22 18:17:00+00:00,65956.49498999999,2026-07-22 18:20:00+00:00,65986.85065500002,3,0.23011884579848818,0.4,-0.16988115420151184,0.046023769159697636,tp,False
sfp,1,2026-07-22 18:26:00+00:00,65848.18416,2026-07-22 18:31:00+00:00,65790.458256204,5,-0.43832570732504905,0.4,-0.8383257073250491,-0.08766514146500981,sl,False
sfp,-1,2026-07-22 19:30:00+00:00,65857.21362000001,2026-07-22 19:33:00+00:00,65913.369397872,3,-0.4263449270417441,0.4,-0.8263449270417441,-0.08526898540834882,sl,False
sfp,-1,2026-07-22 19:35:00+00:00,65876.31171,2026-07-22 20:06:00+00:00,65792.37858,31,0.6370509202873742,0.4,0.23705092028737418,0.12741018405747484,tp,False
sfp,1,2026-07-22 20:07:00+00:00,65806.47998999999,2026-07-22 20:14:00+00:00,65855.01384,7,0.3687619365705386,0.4,-0.03123806342946145,0.07375238731410771,tp,False
sfp,-1,2026-07-22 20:27:00+00:00,65878.31151,2026-07-22 21:35:00+00:00,65974.08760908601,68,-0.7269167719293756,0.4,-1.1269167719293756,-0.14538335438587513,sl,False
sfp,-1,2026-07-22 21:42:00+00:00,66030.09633,2026-07-22 21:43:00+00:00,66084.52073129399,1,-0.4121181424754372,0.4,-0.8121181424754372,-0.08242362849508744,sl,False
sfp,1,2026-07-22 22:03:00+00:00,65979.29727,2026-07-22 22:20:00+00:00,65914.021178676,17,-0.49467101064193386,0.4,-0.8946710106419339,-0.09893420212838677,sl,False
sfp,1,2026-07-22 22:23:00+00:00,65934.99283999999,2026-07-22 22:24:00+00:00,65948.70447,1,0.10397839909737083,0.4,-0.2960216009026292,0.020795679819474167,tp,False
sfp,-1,2026-07-22 22:58:00+00:00,65977.50159,2026-07-22 23:09:00+00:00,66039.407200392,11,-0.46914182031854157,0.4,-0.8691418203185416,-0.09382836406370831,sl,False
sfp,-1,2026-07-22 23:11:00+00:00,66024.29690999999,2026-07-22 23:11:00+00:00,66010.20036,0,0.10675274603227924,0.4,-0.2932472539677208,0.02135054920645585,tp,False
sfp,-1,2026-07-22 23:12:00+00:00,65951.60418,2026-07-22 23:12:00+00:00,65995.49888999999,0,-0.3327796991881016,0.4,-0.7327796991881016,-0.06655593983762031,tp,False
sfp,1,2026-07-22 23:19:00+00:00,65835.78292,2026-07-22 23:22:00+00:00,65931.656175,3,0.7281242110882546,0.4,0.3281242110882546,0.14562484221765093,tp,False
sfp,-1,2026-07-23 00:00:00+00:00,66075.3918,2026-07-23 00:05:00+00:00,66136.33627233,5,-0.4611737491808654,0.4,-0.8611737491808654,-0.09223474983617308,sl,False
sfp,-1,2026-07-23 00:27:00+00:00,66241.47519000001,2026-07-23 00:27:00+00:00,66276.57833513399,0,-0.264963491779846,0.4,-0.664963491779846,-0.0529926983559692,sl,False
sfp,-1,2026-07-23 00:29:00+00:00,66225.3768,2026-07-23 00:30:00+00:00,66193.768715,1,0.2386402805638621,0.4,-0.16135971943613792,0.04772805611277242,tp,False
sfp,1,2026-07-23 00:46:00+00:00,66153.6147,2026-07-23 00:50:00+00:00,66090.1683222,4,-0.4795382541659121,0.4,-0.8795382541659121,-0.09590765083318242,sl,False
sfp,1,2026-07-23 00:52:00+00:00,66148.31417,2026-07-23 00:55:00+00:00,66055.1788215,3,-0.7039888292590946,0.4,-1.1039888292590945,-0.1407977658518189,sl,False
sfp,1,2026-07-23 01:02:00+00:00,66053.30467,2026-07-23 01:04:00+00:00,66095.88975,2,0.32235389442480944,0.4,-0.07764610557519058,0.06447077888496189,tp,False
sfp,1,2026-07-23 01:11:00+00:00,66030.6024,2026-07-23 01:16:00+00:00,65966.905309734,5,-0.4823300708370337,0.4,-0.8823300708370337,-0.09646601416740674,sl,False
sfp,1,2026-07-23 01:20:00+00:00,65894.08875,2026-07-23 01:30:00+00:00,65850.2403174,10,-0.33271901495102174,0.4,-0.7327190149510218,-0.06654380299020435,sl,False
sfp,1,2026-07-23 01:33:00+00:00,65863.08565,2026-07-23 01:36:00+00:00,65778.561825966,3,-0.6416631046042842,0.4,-1.0416631046042841,-0.12833262092085684,sl,False
sfp,1,2026-07-23 01:41:00+00:00,65753.77472,2026-07-23 02:14:00+00:00,65697.986004354,33,-0.42422443337719606,0.4,-0.8242244333771961,-0.08484488667543921,sl,False
sfp,1,2026-07-23 02:16:00+00:00,65736.97304,2026-07-23 02:23:00+00:00,65670.29431380001,7,-0.5071630401921046,0.4,-0.9071630401921046,-0.10143260803842091,sl,False
sfp,1,2026-07-23 02:24:00+00:00,65694.46879,2026-07-23 02:26:00+00:00,65648.30091336,2,-0.35138328606920677,0.4,-0.7513832860692068,-0.07027665721384135,sl,False
sfp,-1,2026-07-23 02:37:00+00:00,65759.12342999999,2026-07-23 02:40:00+00:00,65703.36968,3,0.4239240662882171,0.4,0.023924066288217083,0.08478481325764342,tp,False
sfp,-1,2026-07-23 02:46:00+00:00,65782.52109000001,2026-07-23 03:05:00+00:00,65712.020545,19,0.5358607714620045,0.4,0.13586077146200448,0.1071721542924009,tp,False
sfp,1,2026-07-23 03:27:00+00:00,65576.15696000001,2026-07-23 03:30:00+00:00,65630.13633,3,0.41157771743860483,0.4,0.011577717438604807,0.08231554348772097,tp,False
sfp,-1,2026-07-23 03:41:00+00:00,65653.23402,2026-07-23 04:00:00+00:00,65613.26067,19,0.30442788231743734,0.4,-0.09557211768256269,0.06088557646348747,tp,False
sfp,1,2026-07-23 04:03:00+00:00,65606.35998000001,2026-07-23 04:05:00+00:00,65615.587785,2,0.0703270613001683,0.4,-0.3296729386998317,0.01406541226003366,tp,False
sfp,1,2026-07-23 04:09:00+00:00,65625.16186000001,2026-07-23 04:09:00+00:00,65607.03864000001,0,-0.13808133562137614,0.4,-0.5380813356213762,-0.02761626712427523,tp,False
sfp,-1,2026-07-23 04:17:00+00:00,65619.4374,2026-07-23 04:25:00+00:00,65703.306393672,8,-0.6390560251283706,0.4,-1.0390560251283705,-0.1278112050256741,sl,False
sfp,-1,2026-07-23 04:28:00+00:00,65686.63068,2026-07-23 04:31:00+00:00,65636.66301,3,0.3803488585327197,0.4,-0.01965114146728031,0.07606977170654394,tp,False
sfp,1,2026-07-23 04:41:00+00:00,65616.26097,2026-07-23 04:43:00+00:00,65580.421282002,2,-0.2731006572775363,0.4,-0.6731006572775363,-0.05462013145550726,sl,False
sfp,1,2026-07-23 04:45:00+00:00,65607.16006000001,2026-07-23 04:51:00+00:00,65568.32491176,6,-0.295967301468969,0.4,-0.695967301468969,-0.0591934602937938,sl,False
sfp,1,2026-07-23 04:54:00+00:00,65583.45769,2026-07-23 05:02:00+00:00,65548.130971356,8,-0.2693264421264052,0.4,-0.6693264421264052,-0.053865288425281044,sl,False
sfp,1,2026-07-23 05:04:00+00:00,65570.35638,2026-07-23 05:09:00+00:00,65593.44,5,0.1760217671094022,0.4,-0.22397823289059782,0.03520435342188044,tp,False
sfp,-1,2026-07-23 05:15:00+00:00,65605.63878,2026-07-23 05:16:00+00:00,65585.25787000002,1,0.15532895021663773,0.4,-0.2446710497833623,0.031065790043327546,tp,False
sfp,-1,2026-07-23 05:23:00+00:00,65622.63708,2026-07-23 05:23:00+00:00,65605.5599,0,0.13011653264705103,0.4,-0.269883467352949,0.026023306529410206,tp,False
sfp,-1,2026-07-23 05:24:00+00:00,65585.54079000001,2026-07-23 05:24:00+00:00,65600.409385,0,-0.11335269040169127,0.4,-0.5133526904016913,-0.022670538080338254,tp,False
sfp,-1,2026-07-23 05:34:00+00:00,65741.82516,2026-07-23 05:50:00+00:00,65662.815625,16,0.60090767793336,0.4,0.20090767793335995,0.120181535586672,tp,False
sfp,1,2026-07-23 06:13:00+00:00,65633.5627,2026-07-23 06:16:00+00:00,65645.93475,3,0.09425094030435233,0.4,-0.3057490596956477,0.018850188060870465,tp,False
sfp,1,2026-07-23 06:25:00+00:00,65613.66071000001,2026-07-23 06:26:00+00:00,65641.885155,1,0.21508055406882498,0.4,-0.18491944593117504,0.043016110813764996,tp,False
sfp,-1,2026-07-23 06:49:00+00:00,65762.02314,2026-07-23 06:53:00+00:00,65796.73441554,4,-0.2639158125207208,0.4,-0.6639158125207208,-0.052783162504144165,sl,False
sfp,-1,2026-07-23 06:55:00+00:00,65766.72267,2026-07-23 07:00:00+00:00,65735.17286,5,0.23986150380567173,0.4,-0.1601384961943283,0.047972300761134345,tp,False
sfp,1,2026-07-23 07:03:00+00:00,65706.26997,2026-07-23 07:10:00+00:00,65633.905233072,7,-0.5506684290634278,0.4,-0.9506684290634279,-0.11013368581268557,sl,False
sfp,1,2026-07-23 07:42:00+00:00,65393.13866,2026-07-23 07:42:00+00:00,65353.589347463996,0,-0.3023965002018625,0.4,-0.7023965002018625,-0.0604793000403725,sl,False
sfp,1,2026-07-23 07:44:00+00:00,65400.13936,2026-07-23 07:48:00+00:00,65397.409605,4,-0.020869642073484407,0.4,-0.42086964207348443,-0.004173928414696881,tp,False
sfp,1,2026-07-23 07:53:00+00:00,65372.93664,2026-07-23 07:54:00+00:00,65379.06144,1,0.046845073166323914,0.4,-0.3531549268336761,0.009369014633264783,tp,False
sfp,-1,2026-07-23 08:05:00+00:00,65396.55969,2026-07-23 08:07:00+00:00,65464.434748896005,2,-0.5189497675240906,0.4,-0.9189497675240906,-0.10378995350481812,sl,False
sfp,-1,2026-07-23 08:18:00+00:00,65524.64688,2026-07-23 08:20:00+00:00,65567.265590952,2,-0.3252112982008448,0.4,-0.7252112982008448,-0.06504225964016896,sl,False
sfp,-1,2026-07-23 08:22:00+00:00,65502.649079999996,2026-07-23 08:30:00+00:00,65601.475851636,8,-0.7543723271047353,0.4,-1.1543723271047353,-0.15087446542094707,sl,False
sfp,-1,2026-07-23 08:32:00+00:00,65598.93945,2026-07-23 09:03:00+00:00,65656.89247274399,31,-0.4417222536665655,0.4,-0.8417222536665655,-0.0883444507333131,sl,False
sfp,-1,2026-07-23 09:06:00+00:00,65681.53119000001,2026-07-23 09:21:00+00:00,65729.7143142,15,-0.3667935516044052,0.4,-0.7667935516044052,-0.07335871032088104,sl,False
sfp,-1,2026-07-23 09:22:00+00:00,65687.03064000001,2026-07-23 09:51:00+00:00,65650.06435,29,0.2813819534833728,0.4,-0.11861804651662722,0.05627639069667456,tp,False
sfp,1,2026-07-23 09:52:00+00:00,65655.5649,2026-07-23 09:58:00+00:00,65617.510152744,6,-0.2898059541027731,0.4,-0.6898059541027731,-0.05796119082055462,sl,False
sfp,1,2026-07-23 10:03:00+00:00,65610.66041000001,2026-07-23 10:05:00+00:00,65635.385805,2,0.18842513431105434,0.4,-0.21157486568894568,0.03768502686221087,tp,False
sfp,-1,2026-07-23 10:18:00+00:00,65671.83215999999,2026-07-23 10:26:00+00:00,65715.71011392001,8,-0.33406981712580386,0.4,-0.7340698171258039,-0.06681396342516077,sl,False
sfp,-1,2026-07-23 10:31:00+00:00,65725.22682000001,2026-07-23 10:54:00+00:00,65698.76922000002,23,0.20127431490235548,0.4,-0.19872568509764454,0.040254862980471096,tp,False
sfp,1,2026-07-23 10:57:00+00:00,65717.37108,2026-07-23 11:02:00+00:00,65669.394583782,5,-0.3650214199803492,0.4,-0.7650214199803492,-0.07300428399606984,sl,False
sfp,1,2026-07-23 11:25:00+00:00,65617.06105,2026-07-23 11:31:00+00:00,65571.22404181799,6,-0.3492766016073845,0.4,-0.7492766016073845,-0.0698553203214769,sl,False
sfp,1,2026-07-23 11:32:00+00:00,65600.75942,2026-07-23 11:35:00+00:00,65555.228841498,3,-0.3470278309622987,0.4,-0.7470278309622987,-0.06940556619245974,sl,False
sfp,1,2026-07-23 11:37:00+00:00,65579.5573,2026-07-23 11:40:00+00:00,65535.334811099994,3,-0.3371667232953679,0.4,-0.7371667232953679,-0.06743334465907358,sl,False
sfp,1,2026-07-23 11:49:00+00:00,65548.25417,2026-07-23 11:52:00+00:00,65562.74307,3,0.11052086881235823,0.4,-0.2894791311876418,0.022104173762471646,tp,False
sfp,1,2026-07-23 12:03:00+00:00,65509.150259999995,2026-07-23 12:04:00+00:00,65543.79496500001,1,0.2644264569339194,0.4,-0.1355735430660806,0.052885291386783884,tp,False
sfp,1,2026-07-23 12:12:00+00:00,65488.34818,2026-07-23 12:16:00+00:00,65440.3633092,4,-0.3663618959215964,0.4,-0.7663618959215964,-0.07327237918431928,sl,False
sfp,1,2026-07-23 12:21:00+00:00,65426.14196,2026-07-23 12:22:00+00:00,65460.603285000005,1,0.2633605159010344,0.4,-0.13663948409896565,0.052672103180206875,tp,False
sfp,1,2026-07-23 12:35:00+00:00,65261.82553,2026-07-23 12:36:00+00:00,65183.640344064,1,-0.5990116373626453,0.4,-0.9990116373626453,-0.11980232747252906,sl,False
sfp,1,2026-07-23 12:40:00+00:00,65146.21397,2026-07-23 12:42:00+00:00,65094.46710228,2,-0.39715944002383097,0.4,-0.797159440023831,-0.0794318880047662,sl,False
sfp,1,2026-07-23 12:44:00+00:00,65115.11086,2026-07-23 12:45:00+00:00,65045.78171130601,1,-0.5323583710319935,0.4,-0.9323583710319935,-0.10647167420639869,sl,False
sfp,1,2026-07-23 12:46:00+00:00,65082.10756,2026-07-23 12:46:00+00:00,65013.391430658005,0,-0.527918746935474,0.4,-0.927918746935474,-0.1055837493870948,sl,False
sfp,1,2026-07-23 12:49:00+00:00,65092.10856,2026-07-23 12:51:00+00:00,65227.526595,2,1.0402031674483503,0.4,0.6402031674483503,0.20804063348967006,tp,False
sfp,1,2026-07-23 13:11:00+00:00,65027.802130000004,2026-07-23 13:19:00+00:00,64960.5072996,8,-0.5174312232287259,0.4,-0.917431223228726,-0.10348624464574518,sl,False
sfp,1,2026-07-23 13:20:00+00:00,65015.90094,2026-07-23 13:26:00+00:00,64946.711439324004,6,-0.5320967615279892,0.4,-0.9320967615279893,-0.10641935230559785,sl,False
sfp,1,2026-07-23 13:27:00+00:00,64975.89694,2026-07-23 13:30:00+00:00,65028.346515,3,0.40360793363447556,0.4,0.0036079336344755353,0.08072158672689511,tp,False
sfp,-1,2026-07-23 13:31:00+00:00,65042.89506,2026-07-23 13:32:00+00:00,65113.929621888,1,-0.5460593491607435,0.4,-0.9460593491607435,-0.1092118698321487,sl,False
sfp,-1,2026-07-23 13:36:00+00:00,65127.486600000004,2026-07-23 13:37:00+00:00,65038.35318500001,1,0.6842995150990183,0.4,0.2842995150990183,0.13685990301980366,tp,False
sfp,1,2026-07-23 13:49:00+00:00,64881.28748,2026-07-23 13:54:00+00:00,65017.447605,5,1.0493019658555092,0.4,0.6493019658555091,0.20986039317110183,tp,False
sfp,-1,2026-07-23 13:55:00+00:00,65061.09324,2026-07-23 13:56:00+00:00,65013.350685,1,0.366905569999354,0.4,-0.03309443000064605,0.0733811139998708,tp,False
sfp,1,2026-07-23 14:03:00+00:00,64920.99145,2026-07-23 14:09:00+00:00,64803.254486453996,6,-0.9067711453288885,0.4,-1.3067711453288884,-0.1813542290657777,sl,False
sfp,1,2026-07-23 14:10:00+00:00,64893.88874,2026-07-23 14:12:00+00:00,65012.498100000004,2,0.9138715702122768,0.4,0.5138715702122768,0.18277431404245537,tp,False
sfp,-1,2026-07-23 14:24:00+00:00,65120.68728,2026-07-23 14:45:00+00:00,64980.447394999996,21,1.076769079517037,0.4,0.676769079517037,0.2153538159034074,tp,False
sfp,1,2026-07-23 14:51:00+00:00,64907.4901,2026-07-23 15:06:00+00:00,64813.55139666,15,-0.7236353092322512,0.4,-1.123635309232251,-0.14472706184645023,sl,False
sfp,1,2026-07-23 15:07:00+00:00,64842.88364,2026-07-23 15:11:00+00:00,64750.5702954,4,-0.711823251974053,0.4,-1.111823251974053,-0.1423646503948106,sl,False
sfp,1,2026-07-23 15:15:00+00:00,64752.37459,2026-07-23 15:16:00+00:00,64799.969355,1,0.36751366495335613,0.4,-0.03248633504664389,0.07350273299067123,tp,False
sfp,-1,2026-07-23 15:23:00+00:00,64817.01765,2026-07-23 15:40:00+00:00,64965.18500891399,17,-1.1429664946486229,0.4,-1.5429664946486228,-0.22859329892972458,sl,False
sfp,-1,2026-07-23 15:41:00+00:00,64912.5081,2026-07-23 15:45:00+00:00,64878.18717,4,0.2643629941638248,0.4,-0.13563700583617522,0.05287259883276496,tp,False
sfp,-1,2026-07-23 15:53:00+00:00,64927.10664,2026-07-23 16:02:00+00:00,64885.337885,9,0.32165883528118,0.4,-0.07834116471882002,0.064331767056236,tp,False
sfp,1,2026-07-23 16:34:00+00:00,64737.4731,2026-07-23 16:35:00+00:00,64698.685864362,1,-0.299573290249433,0.4,-0.699573290249433,-0.059914658049886604,sl,False
sfp,1,2026-07-23 16:36:00+00:00,64736.473,2026-07-23 16:42:00+00:00,64681.59099402,6,-0.42388782889052345,0.4,-0.8238878288905235,-0.08477756577810469,sl,False
sfp,1,2026-07-23 16:43:00+00:00,64730.57241,2026-07-23 16:56:00+00:00,64758.973455,13,0.2193789112515665,0.4,-0.18062108874843352,0.0438757822503133,tp,False
sfp,-1,2026-07-23 17:00:00+00:00,64725.02685,2026-07-23 17:00:00+00:00,64739.673319999994,0,-0.11314379238447358,0.4,-0.5131437923844736,-0.022628758476894717,tp,False
sfp,-1,2026-07-23 17:01:00+00:00,64757.62359,2026-07-23 17:02:00+00:00,64743.4737,1,0.10925269655959191,0.4,-0.2907473034404081,0.021850539311918382,tp,False
sfp,-1,2026-07-23 17:25:00+00:00,64830.5163,2026-07-23 17:33:00+00:00,64872.357167058,8,-0.3226942298621971,0.4,-0.7226942298621971,-0.06453884597243942,sl,False
sfp,-1,2026-07-23 17:36:00+00:00,64804.81887,2026-07-23 17:37:00+00:00,64791.27848,1,0.10447054891987717,0.4,-0.29552945108012285,0.020894109783975434,tp,False
sfp,1,2026-07-23 17:56:00+00:00,64780.477399999996,2026-07-23 17:57:00+00:00,64741.173115212,1,-0.30336519863310984,0.4,-0.7033651986331099,-0.06067303972662197,sl,False
sfp,-1,2026-07-23 18:36:00+00:00,64833.61599,2026-07-23 18:42:00+00:00,64768.97625,6,0.4985048189350416,0.4,0.0985048189350416,0.09970096378700832,tp,False
sfp,-1,2026-07-23 18:50:00+00:00,64851.21423,2026-07-23 18:52:00+00:00,64906.467397739994,2,-0.42599948509858265,0.4,-0.8259994850985827,-0.08519989701971653,sl,False
sfp,-1,2026-07-23 19:32:00+00:00,64868.61249,2026-07-23 19:38:00+00:00,64810.63041499999,6,0.44691934029683633,0.4,0.04691934029683631,0.08938386805936727,tp,False
sfp,1,2026-07-23 19:51:00+00:00,64706.47,2026-07-23 19:58:00+00:00,64796.61969,7,0.6966049144698783,0.4,0.29660491446987824,0.13932098289397565,tp,False
sfp,-1,2026-07-23 20:05:00+00:00,64912.408110000004,2026-07-23 20:05:00+00:00,64954.281738696,0,-0.32253947985594333,0.4,-0.7225394798559434,-0.06450789597118867,sl,False
sfp,-1,2026-07-23 20:25:00+00:00,65098.78947,2026-07-23 20:28:00+00:00,65149.840392606,3,-0.3921034709064575,0.4,-0.7921034709064575,-0.0784206941812915,sl,False
sfp,-1,2026-07-23 20:58:00+00:00,65115.4878,2026-07-23 21:02:00+00:00,65163.344442876005,4,-0.36747511608137273,0.4,-0.7674751160813728,-0.07349502321627455,sl,False
sfp,1,2026-07-23 21:08:00+00:00,65087.60811,2026-07-23 21:09:00+00:00,65048.580871362,1,-0.2998054450860099,0.4,-0.69980544508601,-0.059961089017201985,sl,False
sfp,-1,2026-07-23 21:47:00+00:00,65070.99225,2026-07-23 21:47:00+00:00,65083.357685,0,-0.09501495653008174,0.4,-0.49501495653008176,-0.019002991306016348,tp,False
sfp,-1,2026-07-23 21:48:00+00:00,65098.68948,2026-07-23 21:59:00+00:00,65140.837692426,11,-0.32372550632486785,0.4,-0.7237255063248679,-0.06474510126497357,sl,False
sfp,-1,2026-07-23 22:02:00+00:00,65105.28882,2026-07-23 22:06:00+00:00,65156.942522747995,4,-0.3966935995844967,0.4,-0.7966935995844967,-0.07933871991689934,sl,False
sfp,1,2026-07-23 22:15:00+00:00,65071.30648,2026-07-23 22:17:00+00:00,65030.486301,2,-0.31365728773669055,0.4,-0.7136572877366906,-0.06273145754733811,sl,False
sfp,-1,2026-07-23 22:41:00+00:00,65141.08524,2026-07-23 23:51:00+00:00,65084.5078,70,0.43426847888355935,0.4,0.03426847888355933,0.08685369577671187,tp,False
sfp,1,2026-07-23 23:58:00+00:00,65048.30418,2026-07-24 00:03:00+00:00,65013.291460656,5,-0.26912860977212905,0.4,-0.6691286097721291,-0.05382572195442581,sl,False
sfp,1,2026-07-24 00:12:00+00:00,64892.58861,2026-07-24 00:29:00+00:00,64845.841707306005,17,-0.3601867616573329,0.4,-0.7601867616573329,-0.07203735233146658,sl,False
sfp,1,2026-07-24 00:41:00+00:00,64758.275180000004,2026-07-24 00:45:00+00:00,64846.71468,4,0.6828432331943413,0.4,0.28284323319434124,0.13656864663886825,tp,False
sfp,-1,2026-07-24 00:53:00+00:00,64903.00905,2026-07-24 00:59:00+00:00,64946.879518548,6,-0.3379694500311725,0.4,-0.7379694500311725,-0.0675938900062345,sl,False
sfp,-1,2026-07-24 01:01:00+00:00,64920.707279999995,2026-07-24 01:02:00+00:00,64955.582128721995,1,-0.268595723792564,0.4,-0.668595723792564,-0.053719144758512805,sl,False
sfp,-1,2026-07-24 01:06:00+00:00,65047.29462,2026-07-24 01:37:00+00:00,65119.531301999996,31,-0.5552627701274071,0.4,-0.9552627701274071,-0.11105255402548142,sl,False
sfp,-1,2026-07-24 01:40:00+00:00,65089.190429999995,2026-07-24 01:52:00+00:00,65056.30498,12,0.2526183670648052,0.4,-0.1473816329351948,0.050523673412961045,tp,False
sfp,1,2026-07-24 01:59:00+00:00,65068.106159999996,2026-07-24 02:03:00+00:00,65085.540795,4,0.13397220258060116,0.4,-0.26602779741939886,0.026794440516120233,tp,False
sfp,-1,2026-07-24 02:14:00+00:00,65148.084539999996,2026-07-24 02:16:00+00:00,65101.80953,2,0.3551524985480059,0.4,-0.04484750145199412,0.07103049970960118,tp,False
sfp,1,2026-07-24 02:36:00+00:00,64936.092959999994,2026-07-24 02:40:00+00:00,65021.797170000005,4,0.659911969548288,0.4,0.259911969548288,0.1319823939096576,tp,False
sfp,-1,2026-07-24 03:01:00+00:00,65063.892960000005,2026-07-24 03:01:00+00:00,65111.428871838005,0,-0.36530178010729664,0.4,-0.7653017801072967,-0.07306035602145933,sl,False
sfp,-1,2026-07-24 03:09:00+00:00,65263.57299,2026-07-24 03:15:00+00:00,65309.488275798,6,-0.3517680973813553,0.4,-0.7517680973813553,-0.07035361947627106,sl,False
sfp,1,2026-07-24 03:35:00+00:00,65298.02915,2026-07-24 03:42:00+00:00,65317.117635,7,0.14616432722758255,0.4,-0.2538356727724175,0.02923286544551651,tp,False
sfp,-1,2026-07-24 03:47:00+00:00,65366.262720000006,2026-07-24 03:48:00+00:00,65415.420047916006,1,-0.3760145208742127,0.4,-0.7760145208742127,-0.07520290417484254,sl,False
sfp,1,2026-07-24 04:10:00+00:00,65389.43829,2026-07-24 04:15:00+00:00,65342.69261724601,5,-0.3574405437363759,0.4,-0.7574405437363759,-0.07148810874727518,sl,False
sfp,1,2026-07-24 04:19:00+00:00,65349.43429,2026-07-24 04:20:00+00:00,65313.701316666,1,-0.2733992552668707,0.4,-0.6733992552668707,-0.05467985105337414,sl,False
sfp,1,2026-07-24 04:23:00+00:00,65333.532699999996,2026-07-24 04:23:00+00:00,65365.412805,0,0.2439796508968417,0.4,-0.15602034910315832,0.04879593017936834,tp,False
sfp,1,2026-07-24 04:43:00+00:00,65288.5282,2026-07-24 04:57:00+00:00,65248.42090536,14,-0.30715422560256833,0.4,-0.7071542256025684,-0.061430845120513666,sl,False
sfp,1,2026-07-24 05:00:00+00:00,65288.5282,2026-07-24 05:02:00+00:00,65215.830684708,2,-0.5567403439490914,0.4,-0.9567403439490915,-0.11134806878981829,sl,False
sfp,1,2026-07-24 05:03:00+00:00,65254.02475,2026-07-24 05:05:00+00:00,65271.07224000001,2,0.13062405012809197,0.4,-0.26937594987190805,0.026124810025618395,tp,False
sfp,1,2026-07-24 05:38:00+00:00,65273.126659999994,2026-07-24 05:40:00+00:00,65228.626844964,2,-0.3408739347495193,0.4,-0.7408739347495193,-0.06817478694990387,sl,False
sfp,1,2026-07-24 05:43:00+00:00,65256.324980000005,2026-07-24 05:44:00+00:00,65274.221925,1,0.13712804854915106,0.4,-0.26287195145084896,0.027425609709830212,tp,False
sfp,-1,2026-07-24 06:39:00+00:00,65464.652879999994,2026-07-24 06:45:00+00:00,65424.091755,6,0.3097940889898454,0.4,-0.09020591101015463,0.06195881779796908,tp,False
sfp,-1,2026-07-24 07:14:00+00:00,65716.52769,2026-07-24 07:16:00+00:00,65761.22376483,2,-0.3400672281472783,0.4,-0.7400672281472783,-0.06801344562945566,sl,False
sfp,-1,2026-07-24 07:18:00+00:00,65720.12733,2026-07-24 07:34:00+00:00,65575.306875,16,1.1017968230099817,0.4,0.7017968230099817,0.22035936460199634,tp,False
sfp,1,2026-07-24 07:45:00+00:00,65354.83483,2026-07-24 08:25:00+00:00,65318.39990676,40,-0.27874696137458743,0.4,-0.6787469613745875,-0.055749392274917486,sl,False
sfp,-1,2026-07-24 08:42:00+00:00,65406.05874,2026-07-24 08:52:00+00:00,65353.88473500001,10,0.39884688058788864,0.4,-0.0011531194121113808,0.07976937611757773,tp,False
sfp,1,2026-07-24 09:02:00+00:00,65289.32828,2026-07-24 09:04:00+00:00,65246.621445323995,2,-0.32705830953605464,0.4,-0.7270583095360547,-0.06541166190721093,sl,False
sfp,1,2026-07-24 09:08:00+00:00,65125.01185,2026-07-24 09:10:00+00:00,65061.477001620005,2,-0.4877914535074135,0.4,-0.8877914535074135,-0.0975582907014827,sl,False
sfp,1,2026-07-24 09:11:00+00:00,65090.60841,2026-07-24 09:11:00+00:00,65048.380931358006,0,-0.32437458854284174,0.4,-0.7243745885428418,-0.06487491770856835,sl,False
sfp,1,2026-07-24 09:12:00+00:00,65077.80713,2026-07-24 09:14:00+00:00,65018.889780768004,2,-0.45266851965602983,0.4,-0.8526685196560299,-0.09053370393120597,sl,False
sfp,1,2026-07-24 09:20:00+00:00,64977.89714,2026-07-24 10:00:00+00:00,65121.88716,40,1.1079923045967943,0.4,0.7079923045967943,0.22159846091935886,tp,False
sfp,-1,2026-07-24 10:02:00+00:00,65075.291820000006,2026-07-24 10:02:00+00:00,65070.30638,0,0.03830516821801133,0.4,-0.3616948317819887,0.007661033643602266,tp,False
sfp,1,2026-07-24 10:08:00+00:00,65059.705319999994,2026-07-24 10:09:00+00:00,65024.48810088001,1,-0.2706530789431394,0.4,-0.6706530789431394,-0.05413061578862788,sl,False
sfp,1,2026-07-24 10:11:00+00:00,65053.5047,2026-07-24 10:12:00+00:00,64997.396230338,1,-0.4312486308058472,0.4,-0.8312486308058472,-0.08624972616116944,sl,False
sfp,1,2026-07-24 10:16:00+00:00,64995.798930000004,2026-07-24 10:17:00+00:00,64943.612369262,1,-0.40146102976751363,0.4,-0.8014610297675137,-0.08029220595350273,sl,False
sfp,1,2026-07-24 10:21:00+00:00,64973.096659999996,2026-07-24 10:53:00+00:00,64920.919178808006,32,-0.40153143281002057,0.4,-0.8015314328100206,-0.08030628656200411,sl,False
sfp,-1,2026-07-24 11:29:00+00:00,65013.79797000001,2026-07-24 11:32:00+00:00,64981.747525,3,0.24648956068368255,0.4,-0.15351043931631747,0.04929791213673651,tp,False
sfp,-1,2026-07-24 11:56:00+00:00,65002.89906,2026-07-24 11:59:00+00:00,65069.516301,3,-0.5124174610928733,0.4,-0.9124174610928734,-0.10248349221857467,sl,False
sfp,-1,2026-07-24 12:00:00+00:00,65039.19543,2026-07-24 12:24:00+00:00,65093.123381471996,24,-0.41458040121389317,0.4,-0.8145804012138932,-0.08291608024277863,sl,False
sfp,-1,2026-07-24 12:26:00+00:00,65066.59269,2026-07-24 12:27:00+00:00,65108.52800178,1,-0.32224917616174853,0.4,-0.7222491761617486,-0.0644498352323497,sl,False
sfp,-1,2026-07-24 12:28:00+00:00,65065.4928,2026-07-24 12:28:00+00:00,65044.953845,0,0.1578329319900651,0.4,-0.24216706800993493,0.03156658639801302,tp,False
sfp,1,2026-07-24 12:31:00+00:00,65015.30088,2026-07-24 12:34:00+00:00,64961.007149610006,3,-0.41754579041486384,0.4,-0.8175457904148639,-0.08350915808297277,sl,False
sfp,1,2026-07-24 12:36:00+00:00,64991.79853,2026-07-24 12:42:00+00:00,64944.51209928,6,-0.3637876762109804,0.4,-0.7637876762109804,-0.07275753524219608,sl,False
sfp,1,2026-07-24 12:46:00+00:00,64922.89164,2026-07-24 12:46:00+00:00,64873.733337863996,0,-0.37858990022032746,0.4,-0.7785899002203275,-0.07571798004406549,sl,False
sfp,1,2026-07-24 13:03:00+00:00,64697.069059999994,2026-07-24 13:05:00+00:00,64650.6002934,2,-0.35912574769730865,0.4,-0.7591257476973087,-0.07182514953946173,sl,False
sfp,1,2026-07-24 13:10:00+00:00,64383.33769,2026-07-24 13:30:00+00:00,64310.7022866,20,-0.5640854140688822,0.4,-0.9640854140688823,-0.11281708281377645,sl,False
sfp,1,2026-07-24 13:32:00+00:00,64298.629219999995,2026-07-24 13:33:00+00:00,64256.21863551,1,-0.3297938463422412,0.4,-0.7297938463422412,-0.06595876926844824,sl,False
sfp,1,2026-07-24 13:34:00+00:00,64283.82774,2026-07-24 13:36:00+00:00,64244.72208528,2,-0.30416401834504336,0.4,-0.7041640183450434,-0.06083280366900867,sl,False
sfp,1,2026-07-24 13:37:00+00:00,64266.52601,2026-07-24 13:40:00+00:00,64225.927724903995,3,-0.31585871850059455,0.4,-0.7158587185005946,-0.06317174370011891,sl,False
sfp,1,2026-07-24 13:41:00+00:00,64252.724630000004,2026-07-24 13:42:00+00:00,64182.24083403,1,-0.548488771300204,0.4,-0.948488771300204,-0.1096977542600408,sl,False
sfp,1,2026-07-24 13:43:00+00:00,64263.125669999994,2026-07-24 13:43:00+00:00,64319.36742,0,0.43758959289352806,0.4,0.037589592893528034,0.08751791857870561,tp,False
sfp,1,2026-07-24 13:57:00+00:00,63961.3955,2026-07-24 14:17:00+00:00,63863.136587646004,20,-0.7681110737647323,0.4,-1.1681110737647322,-0.15362221475294646,sl,False
sfp,1,2026-07-24 14:21:00+00:00,63776.87705,2026-07-24 14:22:00+00:00,63728.17708494601,1,-0.3817995432405241,0.4,-0.7817995432405241,-0.07635990864810482,sl,False
sfp,1,2026-07-24 14:24:00+00:00,63773.076669999995,2026-07-24 14:56:00+00:00,63952.254135,32,1.4048049298858167,0.4,1.0048049298858168,0.28096098597716335,tp,False
sfp,-1,2026-07-24 15:11:00+00:00,64024.596900000004,2026-07-24 15:11:00+00:00,64074.917991113995,0,-0.3929824907182855,0.4,-0.7929824907182855,-0.0785964981436571,sl,False
sfp,-1,2026-07-24 15:12:00+00:00,63976.70169,2026-07-24 15:14:00+00:00,64103.72663169,2,-0.9927437515104831,0.4,-1.392743751510483,-0.19854875030209662,sl,False
sfp,-1,2026-07-24 15:17:00+00:00,64120.5873,2026-07-24 15:18:00+00:00,63992.24858500001,1,1.0007606012678583,0.4,0.6007606012678582,0.20015212025357165,tp,False
sfp,-1,2026-07-24 15:35:00+00:00,64160.783279999996,2026-07-24 15:36:00+00:00,64205.457143723994,1,-0.3481399496717552,0.4,-0.7481399496717552,-0.06962798993435104,sl,False
sfp,-1,2026-07-24 15:42:00+00:00,64206.07875,2026-07-24 15:49:00+00:00,64100.70943,7,0.8205556393676705,0.4,0.4205556393676705,0.1641111278735341,tp,False
sfp,1,2026-07-24 15:54:00+00:00,64091.608519999994,2026-07-24 16:01:00+00:00,63982.20086002801,7,-0.8535256213599851,0.4,-1.253525621359985,-0.17070512427199702,sl,False
sfp,1,2026-07-24 16:02:00+00:00,64026.30199,2026-07-24 16:09:00+00:00,64144.284929999994,7,0.9213630674658191,0.4,0.5213630674658191,0.18427261349316382,tp,False
sfp,1,2026-07-24 16:33:00+00:00,64011.000459999996,2026-07-24 16:39:00+00:00,63942.61273923601,6,-0.5341872511954171,0.4,-0.9341872511954171,-0.10683745023908342,sl,False
sfp,1,2026-07-24 16:40:00+00:00,63971.09647,2026-07-24 16:42:00+00:00,63928.61693895601,2,-0.3320212829547864,0.4,-0.7320212829547864,-0.06640425659095728,sl,False
sfp,1,2026-07-24 16:46:00+00:00,63948.79424,2026-07-24 16:46:00+00:00,63900.8252784,0,-0.37505759232908664,0.4,-0.7750575923290867,-0.07501151846581733,sl,False
sfp,1,2026-07-24 16:49:00+00:00,63881.78754,2026-07-24 16:58:00+00:00,63973.10205,9,0.7147147373015583,0.4,0.3147147373015583,0.14294294746031166,tp,False
sfp,-1,2026-07-24 17:23:00+00:00,64013.29803,2026-07-24 17:25:00+00:00,64080.419641224,2,-0.5242786521680864,0.4,-0.9242786521680865,-0.10485573043361729,sl,False
sfp,-1,2026-07-24 17:58:00+00:00,64135.685789999996,2026-07-24 18:06:00+00:00,64142.61362,8,-0.05400916755360363,0.4,-0.45400916755360365,-0.010801833510720726,tp,False
sfp,-1,2026-07-24 18:07:00+00:00,64128.886470000005,2026-07-24 18:07:00+00:00,64150.364395,0,-0.16745905146853257,0.4,-0.5674590514685326,-0.033491810293706514,tp,False
sfp,1,2026-07-24 18:22:00+00:00,64116.511009999995,2026-07-24 18:32:00+00:00,64145.18484,10,0.22360722338377048,0.4,-0.17639277661622954,0.044721444676754096,tp,False
sfp,-1,2026-07-24 19:02:00+00:00,64219.977360000004,2026-07-24 19:03:00+00:00,64190.71843,1,0.22780240045855438,0.4,-0.17219759954144565,0.045560480091710875,tp,False
sfp,-1,2026-07-24 19:36:00+00:00,64197.879570000005,2026-07-24 19:37:00+00:00,64244.268784500004,1,-0.3612986504438753,0.4,-0.7612986504438753,-0.07225973008877506,sl,False
sfp,1,2026-07-24 19:56:00+00:00,64183.617719999995,2026-07-24 19:56:00+00:00,64146.651513318,0,-0.2879722894653658,0.4,-0.6879722894653658,-0.05759445789307316,sl,False
sfp,-1,2026-07-24 20:03:00+00:00,64207.97856,2026-07-24 20:05:00+00:00,64191.618519999996,2,0.1273988090492173,0.4,-0.2726011909507827,0.02547976180984346,tp,False
sfp,-1,2026-07-24 20:28:00+00:00,64223.37702000001,2026-07-24 20:30:00+00:00,64204.51981,2,0.14680954875773145,0.4,-0.2531904512422686,0.02936190975154629,tp,False
sfp,1,2026-07-24 20:40:00+00:00,64187.31809,2026-07-24 20:40:00+00:00,64171.632195000006,0,-0.12218842807859565,0.4,-0.5221884280785957,-0.02443768561571913,tp,False
sfp,1,2026-07-24 21:15:00+00:00,64131.312490000004,2026-07-24 21:31:00+00:00,64153.48400999999,16,0.17286033248931076,0.4,-0.22713966751068926,0.03457206649786215,tp,False
sfp,1,2026-07-24 21:44:00+00:00,64142.31359,2026-07-24 21:48:00+00:00,64142.48511,4,0.0013370269202894747,0.4,-0.39866297307971055,0.00026740538405789493,tp,False
sfp,1,2026-07-24 22:00:00+00:00,64118.61122,2026-07-24 22:07:00+00:00,64120.987259999994,7,0.01852847367389554,0.4,-0.3814715263261045,0.003705694734779108,tp,False
sfp,-1,2026-07-24 22:25:00+00:00,64136.78568,2026-07-24 22:25:00+00:00,64134.062764999995,0,0.021227404609802658,0.4,-0.37877259539019736,0.004245480921960532,tp,False
sfp,1,2026-07-24 23:03:00+00:00,64146.71403,2026-07-24 23:38:00+00:00,64100.7652824,35,-0.3581535570045813,0.4,-0.7581535570045813,-0.07163071140091626,sl,False
sfp,1,2026-07-24 23:41:00+00:00,64132.812640000004,2026-07-24 23:42:00+00:00,64122.337125,1,-0.08167047856461052,0.4,-0.48167047856461054,-0.016334095712922103,tp,False
sfp,-1,2026-07-25 00:04:00+00:00,64139.18544,2026-07-25 00:08:00+00:00,64130.962455,4,0.06410266160689071,0.4,-0.3358973383931093,0.012820532321378142,tp,False
sfp,-1,2026-07-25 00:30:00+00:00,64123.18704,2026-07-25 00:40:00+00:00,64126.361995,10,-0.024756684333437917,0.4,-0.42475668433343794,-0.0049513368666875834,tp,False
sfp,1,2026-07-25 00:45:00+00:00,64085.50791,2026-07-25 00:56:00+00:00,64049.880551382004,11,-0.27796735783097715,0.4,-0.6779673578309772,-0.05559347156619543,sl,False
sfp,-1,2026-07-25 01:49:00+00:00,64105.888770000005,2026-07-25 01:58:00+00:00,64061.555515,9,0.3457814551098837,0.4,-0.05421854489011635,0.06915629102197673,tp,False
sfp,1,2026-07-25 02:01:00+00:00,64051.10447,2026-07-25 02:15:00+00:00,64016.390600712,14,-0.2709857197252252,0.4,-0.6709857197252252,-0.054197143945045045,sl,False
sfp,1,2026-07-25 02:21:00+00:00,64017.50111,2026-07-25 03:12:00+00:00,64032.246135,51,0.11516401565458967,0.4,-0.28483598434541035,0.023032803130917934,tp,False
sfp,-1,2026-07-25 03:15:00+00:00,64010.19834,2026-07-25 03:26:00+00:00,64069.116250998,11,-0.4602228435931499,0.4,-0.8602228435931499,-0.09204456871862998,sl,False
sfp,-1,2026-07-25 03:29:00+00:00,64044.19494,2026-07-25 03:31:00+00:00,64042.90365,2,0.010081241564596777,0.4,-0.38991875843540325,0.0020162483129193554,tp,False
sfp,1,2026-07-25 03:53:00+00:00,64034.70283,2026-07-25 03:57:00+00:00,64040.345325,4,0.04405810248686581,0.4,-0.3559418975131342,0.008811620497373163,tp,False
sfp,-1,2026-07-25 04:17:00+00:00,64091.49021,2026-07-25 04:34:00+00:00,64070.60642,17,0.16292170716875054,0.4,-0.23707829283124948,0.03258434143375011,tp,False
sfp,1,2026-07-25 04:36:00+00:00,64079.607319999996,2026-07-25 04:36:00+00:00,64079.29143,0,-0.0024648247173297833,0.4,-0.4024648247173298,-0.0004929649434659567,tp,False
sfp,-1,2026-07-25 04:48:00+00:00,64150.984260000005,2026-07-25 05:33:00+00:00,64113.71073,45,0.29051409288544106,0.4,-0.10948590711455897,0.05810281857708821,tp,False
sfp,1,2026-07-25 05:42:00+00:00,64014.30079,2026-07-25 05:53:00+00:00,63971.504069814,11,-0.3342746828274845,0.4,-0.7342746828274845,-0.0668549365654969,sl,False
sfp,-1,2026-07-25 06:07:00+00:00,63995.5998,2026-07-25 06:15:00+00:00,64037.806860371995,8,-0.3297653315532667,0.4,-0.7297653315532667,-0.06595306631065334,sl,False
sfp,-1,2026-07-25 06:16:00+00:00,64010.798279999995,2026-07-25 06:16:00+00:00,64005.349895,0,0.042558327238484406,0.4,-0.3574416727615156,0.008511665447696881,tp,False
sfp,1,2026-07-25 06:28:00+00:00,63976.09697,2026-07-25 06:33:00+00:00,63940.713309198,5,-0.2765381328169725,0.4,-0.6765381328169725,-0.055307626563394496,sl,False
sfp,-1,2026-07-25 07:25:00+00:00,63983.70099,2026-07-25 07:30:00+00:00,63988.848244999994,5,-0.04022317340479642,0.4,-0.44022317340479644,-0.008044634680959284,tp,False
sfp,-1,2026-07-25 08:31:00+00:00,63957.10365,2026-07-25 08:36:00+00:00,63939.19328,5,0.14001861386664372,0.4,-0.2599813861333563,0.028003722773328743,tp,False
sfp,1,2026-07-25 08:45:00+00:00,63933.89275,2026-07-25 08:45:00+00:00,63897.82617834,0,-0.282061439626613,0.4,-0.682061439626613,-0.0564122879253226,sl,False
sfp,-1,2026-07-25 09:19:00+00:00,63868.312529999996,2026-07-25 09:28:00+00:00,63912.869387874,9,-0.3488181862725259,0.4,-0.7488181862725259,-0.06976363725450518,sl,False
sfp,-1,2026-07-25 09:35:00+00:00,63903.10905,2026-07-25 09:47:00+00:00,63937.476768366,12,-0.2689049005355493,0.4,-0.6689049005355493,-0.053780980107109855,sl,False
sfp,-1,2026-07-25 09:54:00+00:00,63973.10205,2026-07-25 10:19:00+00:00,64019.201279999994,25,-0.36030166212641657,0.4,-0.7603016621264166,-0.07206033242528331,sl,False
sfp,-1,2026-07-25 10:21:00+00:00,63993.799979999996,2026-07-25 10:34:00+00:00,63991.348495,13,0.019154082120165228,0.4,-0.3808459178798348,0.0038308164240330456,tp,False
sfp,-1,2026-07-25 10:51:00+00:00,63990.10035,2026-07-25 10:55:00+00:00,64024.902990113995,4,-0.2719376897648562,0.4,-0.6719376897648562,-0.05438753795297124,sl,False
sfp,-1,2026-07-25 11:01:00+00:00,64008.99846,2026-07-25 11:02:00+00:00,64053.211480679995,1,-0.3453656653260584,0.4,-0.7453656653260584,-0.06907313306521168,sl,False
sfp,-1,2026-07-25 11:04:00+00:00,64032.396120000005,2026-07-25 11:42:00+00:00,64026.30199,38,0.0475863029441026,0.4,-0.3524136970558974,0.00951726058882052,tp,False
sfp,1,2026-07-25 11:44:00+00:00,64027.4021,2026-07-25 12:04:00+00:00,64042.745085,20,0.1198157702544389,0.4,-0.2801842297455611,0.02396315405088778,tp,False
sfp,-1,2026-07-25 12:06:00+00:00,64040.19534,2026-07-25 12:09:00+00:00,64040.253384999996,3,-0.0004531919343131463,0.4,-0.40045319193431317,-9.063838686262926e-05,tp,False
sfp,-1,2026-07-25 12:10:00+00:00,64017.697589999996,2026-07-25 12:10:00+00:00,64043.4037,0,-0.20077346552382913,0.4,-0.6007734655238292,-0.040154693104765826,tp,False
sfp,1,2026-07-25 12:14:00+00:00,64025.30189,2026-07-25 12:14:00+00:00,64026.69669,0,0.010892568709675032,0.4,-0.389107431290325,0.0021785137419350065,tp,False
sfp,1,2026-07-25 12:34:00+00:00,64021.60152,2026-07-25 12:34:00+00:00,64018.547504999995,0,-0.023851441759425995,0.4,-0.423851441759426,-0.004770288351885199,tp,False
sfp,-1,2026-07-25 12:41:00+00:00,64048.5945,2026-07-25 12:47:00+00:00,64083.22048128,6,-0.2703102351450104,0.4,-0.6703102351450104,-0.05406204702900208,sl,False
sfp,-1,2026-07-25 13:15:00+00:00,64087.89057,2026-07-25 13:19:00+00:00,64090.958455,4,-0.023934981887463458,0.4,-0.4239349818874635,-0.004786996377492692,tp,False
sfp,1,2026-07-25 13:21:00+00:00,64093.708730000006,2026-07-25 13:22:00+00:00,64087.440615,1,-0.04889805196334196,0.4,-0.448898051963342,-0.009779610392668392,tp,False
sfp,-1,2026-07-25 14:35:00+00:00,64135.78578,2026-07-25 14:36:00+00:00,64174.2477831,1,-0.29984822538808853,0.4,-0.6998482253880886,-0.059969645077617706,sl,False
sfp,-1,2026-07-25 15:08:00+00:00,64179.48141,2026-07-25 15:12:00+00:00,64211.25888384,4,-0.24756723754892906,0.4,-0.6475672375489291,-0.04951344750978581,sl,False
sfp,-1,2026-07-25 15:15:00+00:00,64213.578,2026-07-25 15:16:00+00:00,64249.370314602,1,-0.2786974010543508,0.4,-0.6786974010543508,-0.05573948021087016,sl,False
sfp,-1,2026-07-25 15:17:00+00:00,64221.97716,2026-07-25 15:23:00+00:00,64198.319189999995,6,0.1841890505883126,0.4,-0.21581094941168744,0.03683781011766252,tp,False
sfp,1,2026-07-25 16:12:00+00:00,64152.014559999996,2026-07-25 16:13:00+00:00,64151.234235,1,-0.00608184330097572,0.4,-0.40608184330097574,-0.001216368660195144,tp,False
sfp,-1,2026-07-25 16:16:00+00:00,64163.48301,2026-07-25 16:17:00+00:00,64158.71523,1,0.03715337584819789,0.4,-0.36284662415180213,0.007430675169639578,tp,False
sfp,1,2026-07-25 16:28:00+00:00,64119.31129,2026-07-25 16:33:00+00:00,64140.28533,5,0.16355478231155907,0.4,-0.23644521768844096,0.03271095646231181,tp,False
sfp,-1,2026-07-25 16:39:00+00:00,64147.384620000004,2026-07-25 16:47:00+00:00,64194.95399351399,8,-0.37078186270400604,0.4,-0.7707818627040061,-0.07415637254080121,sl,False
sfp,-1,2026-07-25 16:49:00+00:00,64195.17984,2026-07-25 16:55:00+00:00,64164.565814999994,6,0.23844488851271217,0.4,-0.16155511148728785,0.047688977702542434,tp,False
sfp,-1,2026-07-25 17:30:00+00:00,64234.47591,2026-07-25 17:34:00+00:00,64272.977395074,4,-0.2996948642340902,0.4,-0.6996948642340902,-0.05993897284681804,sl,False
sfp,-1,2026-07-25 17:36:00+00:00,64262.87307,2026-07-25 17:48:00+00:00,64309.088225796004,12,-0.3595789729604615,0.4,-0.7595789729604615,-0.0719157945920923,sl,False
sfp,1,2026-07-25 17:54:00+00:00,64245.123869999996,2026-07-25 18:01:00+00:00,64273.87197,7,0.22373760270255616,0.4,-0.17626239729744386,0.04474752054051123,tp,False
sfp,-1,2026-07-25 18:32:00+00:00,64350.764279999996,2026-07-25 18:33:00+00:00,64409.31828779999,1,-0.45495969204978337,0.4,-0.8549596920497834,-0.09099193840995667,sl,False
sfp,-1,2026-07-25 18:36:00+00:00,64372.46211,2026-07-25 18:41:00+00:00,64359.685325,5,0.09924107748254807,0.4,-0.30075892251745195,0.019848215496509614,tp,False
sfp,1,2026-07-25 19:17:00+00:00,64381.03746,2026-07-25 19:22:00+00:00,64383.810975,5,0.021539843946483117,0.4,-0.3784601560535169,0.004307968789296623,tp,False
sfp,1,2026-07-25 19:47:00+00:00,64374.73683,2026-07-25 19:52:00+00:00,64374.76188,5,0.00019456390221161968,0.4,-0.3998054360977884,3.8912780442323935e-05,tp,False
sfp,1,2026-07-25 20:11:00+00:00,64345.433899999996,2026-07-25 20:38:00+00:00,64291.308106212,27,-0.4205876820421173,0.4,-0.8205876820421173,-0.08411753640842345,sl,False
sfp,1,2026-07-25 20:47:00+00:00,64299.52931,2026-07-25 20:51:00+00:00,64313.617995,4,0.10955511767496429,0.4,-0.29044488232503574,0.021911023534992857,tp,False
sfp,-1,2026-07-25 20:54:00+00:00,64309.16844,2026-07-25 20:58:00+00:00,64309.28028500001,4,-0.0008695882929288246,0.4,-0.40086958829292885,-0.0001739176585857649,tp,False
sfp,1,2026-07-25 21:06:00+00:00,64309.4303,2026-07-25 21:12:00+00:00,64259.017795566004,6,-0.39195265918873234,0.4,-0.7919526591887324,-0.07839053183774647,sl,False
sfp,-1,2026-07-25 21:49:00+00:00,64371.16224,2026-07-25 21:55:00+00:00,64325.53191,6,0.3544314597728748,0.4,-0.0455685402271252,0.07088629195457496,tp,False
sfp,-1,2026-07-25 22:12:00+00:00,64356.46371,2026-07-25 22:13:00+00:00,64347.084065,1,0.07287259475807772,0.4,-0.3271274052419223,0.014574518951615545,tp,False
sfp,-1,2026-07-25 22:20:00+00:00,64361.06325,2026-07-25 22:27:00+00:00,64355.534909999995,7,0.04294786102687631,0.4,-0.3570521389731237,0.008589572205375262,tp,False
sfp,1,2026-07-25 22:32:00+00:00,64354.4348,2026-07-25 22:38:00+00:00,64358.413515,6,0.030912516071013307,0.4,-0.3690874839289867,0.0061825032142026615,tp,False
sfp,-1,2026-07-25 22:45:00+00:00,64365.16284,2026-07-25 22:45:00+00:00,64357.585115,0,0.058865111697392614,0.4,-0.3411348883026074,0.011773022339478523,tp,False
sfp,1,2026-07-25 23:25:00+00:00,64376.13697,2026-07-25 23:35:00+00:00,64370.412315,10,-0.044462554522839426,0.4,-0.44446255452283945,-0.008892510904567885,tp,False
sfp,1,2026-07-25 23:49:00+00:00,64373.83674,2026-07-25 23:53:00+00:00,64334.895027084,4,-0.30246537171058074,0.4,-0.7024653717105808,-0.06049307434211615,sl,False
sfp,1,2026-07-25 23:56:00+00:00,64343.03366,2026-07-26 00:02:00+00:00,64312.601716638004,6,-0.2364820372225962,0.4,-0.6364820372225962,-0.04729640744451924,sl,False
sfp,1,2026-07-26 00:03:00+00:00,64348.33419,2026-07-26 00:04:00+00:00,64339.66539000001,1,-0.06735838704385877,0.4,-0.4673583870438588,-0.013471677408771754,tp,False
sfp,-1,2026-07-26 00:26:00+00:00,64423.15704,2026-07-26 00:27:00+00:00,64458.33298878,1,-0.2730070241525606,0.4,-0.6730070241525606,-0.054601404830512124,sl,False
sfp,1,2026-07-26 00:43:00+00:00,64396.53901,2026-07-26 00:45:00+00:00,64366.585517718006,2,-0.2325706687228979,0.4,-0.6325706687228979,-0.04651413374457958,sl,False
sfp,1,2026-07-26 00:46:00+00:00,64386.438,2026-07-26 00:53:00+00:00,64416.007755,7,0.2296272003741162,0.4,-0.1703727996258838,0.04592544007482324,tp,False
sfp,1,2026-07-26 01:47:00+00:00,64443.043659999996,2026-07-26 01:52:00+00:00,64446.604695,5,0.027629320387134726,0.4,-0.3723706796128653,0.005525864077426945,tp,False
sfp,-1,2026-07-26 02:24:00+00:00,64418.65749,2026-07-26 02:24:00+00:00,64428.692225,0,-0.07788686842435943,0.4,-0.47788686842435946,-0.015577373684871887,tp,False
sfp,-1,2026-07-26 02:32:00+00:00,64421.05725,2026-07-26 02:32:00+00:00,64439.04326,0,-0.1395972898287079,0.4,-0.5395972898287079,-0.02791945796574158,tp,False
sfp,1,2026-07-26 02:35:00+00:00,64421.541509999995,2026-07-26 02:48:00+00:00,64429.45640999999,13,0.06143053871787707,0.4,-0.33856946128212295,0.012286107743575414,tp,False
sfp,-1,2026-07-26 02:56:00+00:00,64481.251229999994,2026-07-26 03:13:00+00:00,64517.750809968,17,-0.28302474961139357,0.4,-0.6830247496113936,-0.05660494992227871,sl,False
sfp,-1,2026-07-26 03:16:00+00:00,64508.44851,2026-07-26 03:58:00+00:00,64506.45,42,0.015490296590314756,0.4,-0.38450970340968527,0.003098059318062951,tp,False
sfp,1,2026-07-26 04:00:00+00:00,64525.35189,2026-07-26 04:08:00+00:00,64480.65129,8,-0.34638013347221275,0.4,-0.7463801334722128,-0.06927602669444255,sl,False
sfp,1,2026-07-26 04:14:00+00:00,64495.54891,2026-07-26 04:15:00+00:00,64454.45914947601,1,-0.31854725805441353,0.4,-0.7185472580544136,-0.0637094516108827,sl,False
sfp,-1,2026-07-26 04:32:00+00:00,64505.548800000004,2026-07-26 04:41:00+00:00,64544.458820502,9,-0.30160211970786666,0.4,-0.7016021197078667,-0.06032042394157333,sl,False
sfp,-1,2026-07-26 04:47:00+00:00,64522.74708,2026-07-26 04:53:00+00:00,64526.702025,6,-0.030647679918893722,0.4,-0.43064767991889374,-0.006129535983778744,tp,False
sfp,1,2026-07-26 04:55:00+00:00,64525.751930000006,2026-07-26 04:59:00+00:00,64486.449550116005,4,-0.3045480192671035,0.4,-0.7045480192671035,-0.0609096038534207,sl,False
sfp,1,2026-07-26 05:04:00+00:00,64483.84774,2026-07-26 05:31:00+00:00,64441.563019218,27,-0.327870639423411,0.4,-0.727870639423411,-0.0655741278846822,sl,False
sfp,1,2026-07-26 06:22:00+00:00,64293.32869,2026-07-26 06:22:00+00:00,64251.71998542,0,-0.32358493041029224,0.4,-0.7235849304102923,-0.06471698608205845,sl,False
sfp,-1,2026-07-26 07:04:00+00:00,64409.058450000004,2026-07-26 07:10:00+00:00,64388.788235,6,0.15735531218591392,0.4,-0.2426446878140861,0.031471062437182784,tp,False
sfp,1,2026-07-26 07:13:00+00:00,64386.037959999994,2026-07-26 07:15:00+00:00,64400.309325,2,0.11082655069472036,0.4,-0.28917344930527966,0.022165310138944072,tp,False
sfp,1,2026-07-26 07:33:00+00:00,64338.83324,2026-07-26 08:15:00+00:00,64364.112945,42,0.19645759587916256,0.4,-0.20354240412083746,0.03929151917583251,tp,False
sfp,-1,2026-07-26 08:19:00+00:00,64368.76248,2026-07-26 08:26:00+00:00,64359.73533,7,0.07012058063721183,0.4,-0.3298794193627882,0.014024116127442365,tp,False
sfp,-1,2026-07-26 09:06:00+00:00,64465.752779999995,2026-07-26 09:17:00+00:00,64507.34768976,11,-0.32261245674081174,0.4,-0.7226124567408118,-0.06452249134816235,sl,False
sfp,-1,2026-07-26 09:19:00+00:00,64505.04885,2026-07-26 09:31:00+00:00,64488.698225,12,0.12673911028282525,0.4,-0.27326088971717477,0.02534782205656505,tp,False
sfp,-1,2026-07-26 09:44:00+00:00,64512.74808,2026-07-26 10:00:00+00:00,64504.549810000004,16,0.06353992229435335,0.4,-0.3364600777056467,0.01270798445887067,tp,False
sfp,1,2026-07-26 10:17:00+00:00,64480.84744,2026-07-26 10:22:00+00:00,64486.800675,5,0.046162816063621825,0.4,-0.3538371839363782,0.009232563212724365,tp,False
sfp,1,2026-07-26 10:53:00+00:00,64504.149769999996,2026-07-26 11:30:00+00:00,64468.15503975,37,-0.2790109657931916,0.4,-0.6790109657931916,-0.055802193158638325,sl,False
sfp,-1,2026-07-26 12:08:00+00:00,64611.238229999995,2026-07-26 12:11:00+00:00,64559.605315,3,0.39956605394403377,0.4,-0.00043394605596625,0.07991321078880675,tp,False
sfp,1,2026-07-26 12:48:00+00:00,64450.94445,2026-07-26 12:50:00+00:00,64412.971598646,2,-0.29458723745673376,0.4,-0.6945872374567338,-0.05891744749134675,sl,False
sfp,1,2026-07-26 12:51:00+00:00,64426.54201,2026-07-26 13:07:00+00:00,64386.57951811801,16,-0.31013997209244915,0.4,-0.7101399720924492,-0.06202799441848983,sl,False
sfp,1,2026-07-26 13:08:00+00:00,64415.64092,2026-07-26 13:16:00+00:00,64416.807675000004,8,0.009056457277667462,0.4,-0.39094354272233256,0.0018112914555334925,tp,False
sfp,-1,2026-07-26 13:47:00+00:00,64514.44791,2026-07-26 14:04:00+00:00,64553.761610687994,17,-0.30468911973668966,0.4,-0.7046891197366897,-0.06093782394733793,sl,False
sfp,-1,2026-07-26 14:08:00+00:00,64704.5289,2026-07-26 14:27:00+00:00,64618.211175,19,0.6670145542161388,0.4,0.26701455421613873,0.13340291084322775,tp,False
sfp,1,2026-07-26 14:28:00+00:00,64620.66142,2026-07-26 14:41:00+00:00,64669.332420000006,13,0.3765900791673493,0.4,-0.0234099208326507,0.07531801583346986,tp,False
sfp,-1,2026-07-26 14:43:00+00:00,64663.63299,2026-07-26 14:46:00+00:00,64721.611954044,3,-0.4483119905509536,0.4,-0.8483119905509536,-0.08966239811019072,sl,False
sfp,-1,2026-07-26 14:48:00+00:00,64705.72878,2026-07-26 14:58:00+00:00,64661.065460000005,10,0.34512647366857774,0.4,-0.054873526331422284,0.06902529473371555,tp,False
sfp,-1,2026-07-26 15:03:00+00:00,64667.43261,2026-07-26 15:03:00+00:00,64699.419295,0,-0.24731680004141943,0.4,-0.6473168000414194,-0.049463360008283885,tp,False
sfp,1,2026-07-26 15:07:00+00:00,64695.96895,2026-07-26 15:16:00+00:00,64692.630090000006,9,-0.025804235211146498,0.4,-0.4258042352111465,-0.0051608470422293,tp,False
sfp,-1,2026-07-26 15:20:00+00:00,64715.12784,2026-07-26 15:36:00+00:00,64776.42839514,16,-0.4736184350245809,0.4,-0.8736184350245809,-0.09472368700491618,sl,False
sfp,1,2026-07-26 16:09:00+00:00,64695.26888,2026-07-26 16:16:00+00:00,64722.177135,7,0.20796153618207747,0.4,-0.19203846381792256,0.04159230723641549,tp,False
sfp,1,2026-07-26 16:52:00+00:00,64763.77573,2026-07-26 16:54:00+00:00,64722.378754836005,2,-0.3195997662071015,0.4,-0.7195997662071015,-0.0639199532414203,sl,False
sfp,1,2026-07-26 17:03:00+00:00,64685.66792,2026-07-26 17:14:00+00:00,64727.12664,11,0.3204629505508816,0.4,-0.07953704944911844,0.06409259011017632,tp,False
sfp,-1,2026-07-26 17:18:00+00:00,64734.12594,2026-07-26 17:23:00+00:00,64698.819235,5,0.27270550491959034,0.4,-0.1272944950804097,0.05454110098391807,tp,False
sfp,1,2026-07-26 17:43:00+00:00,64656.26498,2026-07-26 18:39:00+00:00,64680.68128499999,56,0.1888162346490585,0.4,-0.21118376535094152,0.0377632469298117,tp,False
sfp,-1,2026-07-26 19:35:00+00:00,64701.5292,2026-07-26 19:48:00+00:00,64683.167669999995,13,0.14189409606724102,0.4,-0.258105903932759,0.028378819213448203,tp,False
sfp,1,2026-07-26 19:53:00+00:00,64681.4675,2026-07-26 20:02:00+00:00,64652.89960344601,9,-0.22083525357546874,0.4,-0.6208352535754688,-0.04416705071509375,sl,False
sfp,1,2026-07-26 20:24:00+00:00,64630.26238,2026-07-26 20:31:00+00:00,64639.43541,7,0.0709654398899362,0.4,-0.3290345601100638,0.01419308797798724,tp,False
sfp,-1,2026-07-26 22:13:00+00:00,65188.4805,2026-07-26 22:30:00+00:00,65242.56820446,17,-0.41485630624571446,0.4,-0.8148563062457145,-0.08297126124914289,sl,False
sfp,-1,2026-07-26 22:34:00+00:00,65364.56289,2026-07-26 22:36:00+00:00,65415.62010792,2,-0.3905573269564755,0.4,-0.7905573269564755,-0.0781114653912951,sl,False
sfp,-1,2026-07-26 22:37:00+00:00,65381.06124,2026-07-26 22:37:00+00:00,65431.624908239995,0,-0.38668436456223976,0.4,-0.7866843645622398,-0.07733687291244795,sl,False
sfp,-1,2026-07-26 22:39:00+00:00,65400.65928,2026-07-26 22:40:00+00:00,65465.835168924,1,-0.49828158952469614,0.4,-0.8982815895246962,-0.09965631790493923,sl,False
sfp,-1,2026-07-26 22:42:00+00:00,65444.55489,2026-07-26 23:07:00+00:00,65499.6453096,25,-0.4208938367187276,0.4,-0.8208938367187276,-0.08417876734374552,sl,False
sfp,-1,2026-07-26 23:09:00+00:00,65463.15303,2026-07-26 23:09:00+00:00,65539.45725039601,0,-0.5828028200920432,0.4,-0.9828028200920432,-0.11656056401840864,sl,False
sfp,-1,2026-07-26 23:10:00+00:00,65502.14913,2026-07-26 23:13:00+00:00,65442.44359,3,0.45575252715374104,0.4,0.055752527153741016,0.09115050543074821,tp,False
sfp,1,2026-07-26 23:23:00+00:00,65356.43499,2026-07-26 23:26:00+00:00,65282.610646044,3,-0.5647825188697664,0.4,-0.9647825188697664,-0.11295650377395328,sl,False
sfp,1,2026-07-26 23:29:00+00:00,65312.43059,2026-07-26 23:31:00+00:00,65261.117095614,2,-0.39283099650760933,0.4,-0.7928309965076094,-0.07856619930152187,sl,False
sfp,1,2026-07-26 23:32:00+00:00,65301.82953,2026-07-26 23:46:00+00:00,65382.911055,14,0.6208212356649812,0.4,0.22082123566498113,0.12416424713299623,tp,False
sfp,1,2026-07-27 00:09:00+00:00,65188.718219999995,2026-07-27 00:11:00+00:00,65148.450903360004,2,-0.3088518821929842,0.4,-0.7088518821929842,-0.06177037643859684,sl,False
sfp,1,2026-07-27 00:20:00+00:00,65118.01115,2026-07-27 00:55:00+00:00,65044.382131278006,35,-0.5653506412564568,0.4,-0.9653506412564569,-0.11307012825129137,sl,False
sfp,1,2026-07-27 00:58:00+00:00,65101.90954,2026-07-27 01:01:00+00:00,65107.338615,3,0.04169674160370285,0.4,-0.3583032583962972,0.00833934832074057,tp,False
sfp,-1,2026-07-27 01:04:00+00:00,65150.68428,2026-07-27 01:12:00+00:00,65104.30978,8,0.3559018643664036,0.4,-0.044098135633596436,0.07118037287328072,tp,False
sfp,1,2026-07-27 01:15:00+00:00,65034.202769999996,2026-07-27 01:15:00+00:00,64995.99665031,0,-0.2937386641388984,0.4,-0.6937386641388984,-0.058747732827779675,sl,False
sfp,1,2026-07-27 01:17:00+00:00,64993.898740000004,2026-07-27 01:35:00+00:00,64935.814709106,18,-0.4468421807280465,0.4,-0.8468421807280465,-0.0893684361456093,sl,False
sfp,-1,2026-07-27 01:51:00+00:00,65114.387910000005,2026-07-27 01:56:00+00:00,65196.954523547996,5,-0.6340120532355442,0.4,-1.0340120532355441,-0.12680241064710884,sl,False
sfp,1,2026-07-27 02:18:00+00:00,65156.61501,2026-07-27 02:18:00+00:00,65157.18363,0,0.004363486346803391,0.4,-0.39563651365319663,0.0008726972693606783,tp,False
sfp,-1,2026-07-27 02:21:00+00:00,65187.58059,2026-07-27 02:21:00+00:00,65163.965744999994,0,0.18112993906410635,0.4,-0.21887006093589367,0.03622598781282127,tp,False
sfp,-1,2026-07-27 02:41:00+00:00,65200.979250000004,2026-07-27 02:43:00+00:00,65254.5718047,2,-0.4109796763519524,0.4,-0.8109796763519524,-0.08219593527039049,sl,False
sfp,-1,2026-07-27 02:45:00+00:00,65206.57869,2026-07-27 02:50:00+00:00,65168.016149999996,5,0.2956951643126038,0.4,-0.10430483568739624,0.05913903286252076,tp,False
sfp,-1,2026-07-27 03:03:00+00:00,65216.77767,2026-07-27 03:04:00+00:00,65183.21767,1,0.2572957542445464,0.4,-0.1427042457554536,0.051459150848909285,tp,False
sfp,-1,2026-07-27 03:47:00+00:00,65327.06664,2026-07-27 03:50:00+00:00,65288.12816,3,0.29802715782861755,0.4,-0.10197284217138247,0.05960543156572351,tp,False
sfp,1,2026-07-27 03:58:00+00:00,65263.425690000004,2026-07-27 04:03:00+00:00,65292.57009,5,0.2232827934778303,0.4,-0.1767172065221697,0.04465655869556606,tp,False
sfp,-1,2026-07-27 04:09:00+00:00,65312.96805,2026-07-27 04:09:00+00:00,65292.92863999999,0,0.15341065180707325,0.4,-0.24658934819292677,0.03068213036141465,tp,False
sfp,1,2026-07-27 04:13:00+00:00,65252.5246,2026-07-27 04:15:00+00:00,65286.87066,2,0.2631780165637254,0.4,-0.1368219834362746,0.05263560331274508,tp,False
sfp,1,2026-07-27 04:34:00+00:00,65280.92744,2026-07-27 04:37:00+00:00,65348.514495,3,0.5176631035314072,0.4,0.11766310353140719,0.10353262070628144,tp,False
sfp,1,2026-07-27 04:58:00+00:00,65287.82813,2026-07-27 04:59:00+00:00,65252.919555450004,1,-0.26734366534975074,0.4,-0.6673436653497508,-0.05346873306995015,sl,False
sfp,1,2026-07-27 05:02:00+00:00,65289.828330000004,2026-07-27 05:12:00+00:00,65332.016145,10,0.32308106851475227,0.4,-0.07691893148524775,0.06461621370295045,tp,False
sfp,-1,2026-07-27 05:15:00+00:00,65333.66598,2026-07-27 05:20:00+00:00,65387.211587351994,5,-0.4097857249307779,0.4,-0.8097857249307779,-0.08195714498615558,sl,False
sfp,-1,2026-07-27 05:23:00+00:00,65390.060339999996,2026-07-27 05:45:00+00:00,65336.63301,22,0.4085279148099974,0.4,0.008527914809997372,0.08170558296199948,tp,False
sfp,-1,2026-07-27 06:06:00+00:00,65476.55169,2026-07-27 06:06:00+00:00,65551.26079063199,0,-0.5705027120678219,0.4,-0.9705027120678219,-0.11410054241356438,sl,False
sfp,1,2026-07-27 06:29:00+00:00,65458.74522,2026-07-27 06:37:00+00:00,65532.4461,8,0.5629567122948931,0.4,0.16295671229489306,0.11259134245897862,tp,False
sfp,1,2026-07-27 06:56:00+00:00,65403.73972,2026-07-27 07:00:00+00:00,65357.88805755,4,-0.3505278340832918,0.4,-0.7505278340832918,-0.07010556681665836,sl,False
sfp,1,2026-07-27 07:01:00+00:00,65386.73802,2026-07-27 07:08:00+00:00,65326.39750692,7,-0.4614124737460923,0.4,-0.8614124737460923,-0.09228249474921846,sl,False
sfp,1,2026-07-27 07:10:00+00:00,65401.33948,2026-07-27 07:20:00+00:00,65404.25892,10,0.022319420544092416,0.4,-0.3776805794559076,0.004463884108818483,tp,False
sfp,1,2026-07-27 07:33:00+00:00,65305.02985,2026-07-27 07:38:00+00:00,65240.32333519801,5,-0.4954175424972118,0.4,-0.8954175424972118,-0.09908350849944236,sl,False
sfp,1,2026-07-27 07:41:00+00:00,65234.62281,2026-07-27 08:03:00+00:00,65170.4443038,22,-0.4919052447572292,0.4,-0.8919052447572292,-0.09838104895144584,sl,False
sfp,1,2026-07-27 08:04:00+00:00,65188.818230000004,2026-07-27 08:10:00+00:00,65136.054623112,6,-0.40469829274891733,0.4,-0.8046982927489174,-0.08093965854978347,sl,False
sfp,1,2026-07-27 08:13:00+00:00,65178.217169999996,2026-07-27 08:16:00+00:00,65118.45990276,3,-0.45841440464794436,0.4,-0.8584144046479444,-0.09168288092958887,sl,False
sfp,1,2026-07-27 08:17:00+00:00,65170.91644,2026-07-27 08:17:00+00:00,65197.87956,0,0.2068646681132602,0.4,-0.19313533188673981,0.04137293362265204,tp,False
sfp,-1,2026-07-27 09:39:00+00:00,65272.4721,2026-07-27 10:11:00+00:00,65210.320380000005,32,0.47609442388496515,0.4,0.07609442388496512,0.09521888477699303,tp,False
sfp,-1,2026-07-27 10:26:00+00:00,65325.76677,2026-07-27 10:40:00+00:00,65389.012127388,14,-0.48407665546945644,0.4,-0.8840766554694565,-0.09681533109389129,sl,False
sfp,-1,2026-07-27 10:42:00+00:00,65365.16283,2026-07-27 10:45:00+00:00,65406.61740774,3,-0.3170999347757997,0.4,-0.7170999347757997,-0.06341998695515993,sl,False
sfp,-1,2026-07-27 10:46:00+00:00,65373.56199,2026-07-27 10:46:00+00:00,65359.03525,0,0.11110561791188855,0.4,-0.28889438208811147,0.02222112358237771,tp,False
sfp,1,2026-07-27 11:00:00+00:00,65321.23147,2026-07-27 11:00:00+00:00,65280.411306,0,-0.31245709152577517,0.4,-0.7124570915257752,-0.06249141830515503,sl,False
sfp,1,2026-07-27 11:17:00+00:00,65247.92414,2026-07-27 11:22:00+00:00,65196.236564316,5,-0.3960859779469361,0.4,-0.7960859779469361,-0.07921719558938722,sl,False
sfp,1,2026-07-27 11:26:00+00:00,65190.71842,2026-07-27 11:26:00+00:00,65142.152793234,0,-0.37248881392210054,0.4,-0.7724888139221006,-0.07449776278442011,sl,False
sfp,1,2026-07-27 11:31:00+00:00,65161.11546,2026-07-27 11:53:00+00:00,65072.47370184,22,-0.6801737319430678,0.4,-1.0801737319430678,-0.13603474638861357,sl,False
sfp,1,2026-07-27 11:55:00+00:00,65098.5092,2026-07-27 12:02:00+00:00,65129.236425,7,0.23600559657677156,0.4,-0.16399440342322846,0.04720111931535431,tp,False
sfp,1,2026-07-27 12:14:00+00:00,65085.10786,2026-07-27 12:20:00+00:00,65022.388730838,6,-0.48182396268670047,0.4,-0.8818239626867005,-0.0963647925373401,sl,False
sfp,1,2026-07-27 12:22:00+00:00,65034.5028,2026-07-27 12:31:00+00:00,64957.108319531995,9,-0.5950263101573983,0.4,-0.9950263101573983,-0.11900526203147965,sl,False
sfp,1,2026-07-27 13:17:00+00:00,64951.79453,2026-07-27 13:20:00+00:00,65012.29812000001,3,0.4657576471737146,0.4,0.06575764717371457,0.09315152943474292,tp,False
sfp,1,2026-07-27 13:23:00+00:00,64966.496,2026-07-27 13:25:00+00:00,64902.924578448,2,-0.489263123810757,0.4,-0.889263123810757,-0.0978526247621514,sl,False
sfp,1,2026-07-27 13:28:00+00:00,64939.99335,2026-07-27 13:31:00+00:00,64986.550695000005,3,0.3584643499198181,0.4,-0.041535650080181896,0.07169286998396363,tp,False
sfp,-1,2026-07-27 13:43:00+00:00,65586.64068,2026-07-27 13:43:00+00:00,65646.989502546,0,-0.4600694739074207,0.4,-0.8600694739074207,-0.09201389478148414,sl,False
sfp,-1,2026-07-27 13:44:00+00:00,65602.63908,2026-07-27 13:49:00+00:00,65686.301293332,5,-0.6376436566064569,0.4,-1.0376436566064569,-0.1275287313212914,sl,False
sfp,-1,2026-07-27 13:50:00+00:00,65578.4415,2026-07-27 13:56:00+00:00,65299.579305,6,2.126172783474878,0.4,1.726172783474878,0.42523455669497556,tp,False
sfp,1,2026-07-27 13:59:00+00:00,65214.92084,2026-07-27 14:06:00+00:00,65102.36473243801,7,-0.862962847399118,0.4,-1.262962847399118,-0.1725925694798236,sl,False
sfp,1,2026-07-27 14:22:00+00:00,65089.40829,2026-07-27 14:28:00+00:00,64905.323858496005,6,-1.4140889918972666,0.4,-1.8140889918972665,-0.2828177983794533,sl,False
sfp,1,2026-07-27 14:29:00+00:00,64924.891840000004,2026-07-27 14:29:00+00:00,64845.641767302004,0,-0.6103211761468996,0.4,-1.0103211761468995,-0.12206423522937992,sl,False
sfp,1,2026-07-27 14:39:00+00:00,64600.05936,2026-07-27 14:44:00+00:00,64425.16793889,5,-1.3536475263541958,0.4,-1.7536475263541957,-0.27072950527083917,sl,False
sfp,1,2026-07-27 14:45:00+00:00,64451.54451,2026-07-27 15:20:00+00:00,64743.22503,35,2.2627892179895026,0.4,1.8627892179895027,0.4525578435979005,tp,False
sfp,1,2026-07-27 15:30:00+00:00,64630.76243,2026-07-27 15:30:00+00:00,64641.23523,0,0.08102024180312029,0.4,-0.31897975819687974,0.016204048360624057,tp,False
sfp,1,2026-07-27 15:39:00+00:00,64492.14857,2026-07-27 15:48:00+00:00,64574.04195,9,0.6349096891314909,0.4,0.2349096891314909,0.12698193782629819,tp,False
sfp,-1,2026-07-27 16:06:00+00:00,64598.5395,2026-07-27 16:06:00+00:00,64566.355990000004,0,0.24910400644578834,0.4,-0.15089599355421168,0.04982080128915767,tp,False
sfp,-1,2026-07-27 16:07:00+00:00,64580.44131,2026-07-27 16:10:00+00:00,64639.187232396005,3,-0.454827508177047,0.4,-0.854827508177047,-0.0909655016354094,sl,False
sfp,-1,2026-07-27 16:14:00+00:00,64583.740979999995,2026-07-27 16:14:00+00:00,64580.407394999995,0,0.02580823709974478,0.4,-0.37419176290025524,0.005161647419948956,tp,False
sfp,1,2026-07-27 16:17:00+00:00,64535.95295,2026-07-27 16:20:00+00:00,64572.792075,3,0.28541551891658745,0.4,-0.11458448108341257,0.05708310378331749,tp,False
sfp,-1,2026-07-27 16:27:00+00:00,64670.432310000004,2026-07-27 16:28:00+00:00,64763.924644889994,1,-0.7228367860743212,0.4,-1.1228367860743211,-0.14456735721486424,sl,False
sfp,-1,2026-07-27 16:29:00+00:00,64716.92766,2026-07-27 16:30:00+00:00,64786.631455343995,1,-0.5385283098588989,0.4,-0.9385283098588989,-0.10770566197177978,sl,False
sfp,-1,2026-07-27 16:33:00+00:00,64735.72578,2026-07-27 16:34:00+00:00,64819.441296,1,-0.6465944035639604,0.4,-1.0465944035639603,-0.12931888071279207,sl,False
sfp,-1,2026-07-27 16:38:00+00:00,64874.21193,2026-07-27 17:20:00+00:00,64961.183808833994,42,-0.6703116403775633,0.4,-1.0703116403775632,-0.13406232807551266,sl,False
sfp,-1,2026-07-27 17:36:00+00:00,65028.19653,2026-07-27 17:45:00+00:00,64955.794930000004,9,0.5566938948290967,0.4,0.15669389482909668,0.11133877896581934,tp,False
sfp,1,2026-07-27 18:17:00+00:00,64862.185569999994,2026-07-27 18:34:00+00:00,64792.55769624,17,-0.5367370305834895,0.4,-0.9367370305834896,-0.10734740611669791,sl,False
sfp,1,2026-07-27 18:37:00+00:00,64822.18156999999,2026-07-27 18:39:00+00:00,64764.166215672,2,-0.44749615735584225,0.4,-0.8474961573558423,-0.08949923147116845,sl,False
sfp,1,2026-07-27 18:42:00+00:00,64840.58341,2026-07-27 18:42:00+00:00,64839.315420000006,0,-0.009777749777284406,0.4,-0.40977774977728443,-0.001955549955456881,tp,False
sfp,-1,2026-07-27 19:01:00+00:00,64847.01465,2026-07-27 19:05:00+00:00,64797.87914,4,0.3788571475896174,0.4,-0.021142852410382607,0.07577142951792348,tp,False
sfp,-1,2026-07-27 19:14:00+00:00,64938.00555,2026-07-27 19:33:00+00:00,65019.501299999996,19,-0.6274888588720939,0.4,-1.0274888588720938,-0.1254977717744188,sl,False
sfp,-1,2026-07-27 19:35:00+00:00,65001.29922,2026-07-27 19:35:00+00:00,65053.811590686004,0,-0.4039332391516659,0.4,-0.8039332391516659,-0.08078664783033318,sl,False
sfp,-1,2026-07-27 19:37:00+00:00,64999.09944,2026-07-27 19:39:00+00:00,64974.346785,2,0.1904076765159579,0.4,-0.2095923234840421,0.03808153530319158,tp,False
sfp,1,2026-07-27 19:49:00+00:00,64940.793430000005,2026-07-27 19:50:00+00:00,64898.026048349995,1,-0.3292797900298905,0.4,-0.7292797900298905,-0.0658559580059781,sl,False
sfp,1,2026-07-27 19:53:00+00:00,64927.19207,2026-07-27 20:00:00+00:00,64980.651285,7,0.4116858691683989,0.4,0.011685869168398866,0.08233717383367978,tp,False
sfp,1,2026-07-27 20:18:00+00:00,64917.791130000005,2026-07-27 20:18:00+00:00,64875.132917892,0,-0.328555634483807,0.4,-0.728555634483807,-0.0657111268967614,sl,False
sfp,1,2026-07-27 20:21:00+00:00,64915.79093,2026-07-27 20:25:00+00:00,64956.20373,4,0.3112709513435341,0.4,-0.08872904865646591,0.06225419026870682,tp,False
sfp,-1,2026-07-27 20:31:00+00:00,64955.703779999996,2026-07-27 20:40:00+00:00,64939.743324999996,9,0.12285645502402298,0.4,-0.27714354497597704,0.024571291004804596,tp,False
sfp,1,2026-07-27 20:50:00+00:00,64908.4902,2026-07-27 21:17:00+00:00,64857.638167542005,27,-0.3917209620906692,0.4,-0.7917209620906692,-0.07834419241813384,sl,False
sfp,1,2026-07-27 21:31:00+00:00,64836.68302,2026-07-27 21:39:00+00:00,64801.255086414,8,-0.273209022545684,0.4,-0.673209022545684,-0.054641804509136804,sl,False
sfp,1,2026-07-27 21:44:00+00:00,64791.07846,2026-07-27 21:51:00+00:00,64810.81827,7,0.15233432186345652,0.4,-0.2476656781365435,0.030466864372691305,tp,False
sfp,1,2026-07-27 22:27:00+00:00,64601.95955,2026-07-27 22:34:00+00:00,64514.741060682005,7,-0.6750452302494714,0.4,-1.0750452302494713,-0.13500904604989428,sl,False
sfp,1,2026-07-27 22:37:00+00:00,64548.4542,2026-07-27 22:40:00+00:00,64470.6542898,3,-0.6026473535597487,0.4,-1.0026473535597487,-0.12052947071194975,sl,False
sfp,1,2026-07-27 22:47:00+00:00,64113.81074,2026-07-27 22:50:00+00:00,64015.990720704,3,-0.7628623081903929,0.4,-1.1628623081903928,-0.15257246163807858,sl,False
sfp,1,2026-07-27 22:51:00+00:00,64040.30339,2026-07-27 22:51:00+00:00,63963.806379659996,0,-0.5972567765188952,0.4,-0.9972567765188952,-0.11945135530377904,sl,False
sfp,1,2026-07-27 22:52:00+00:00,64032.102569999995,2026-07-27 22:57:00+00:00,63930.916249001995,5,-0.7901218056004522,0.4,-1.190121805600452,-0.15802436112009044,sl,False
sfp,1,2026-07-27 22:59:00+00:00,63862.185580000005,2026-07-27 23:00:00+00:00,63744.67213527601,1,-0.920054987601282,0.4,-1.320054987601282,-0.1840109975202564,sl,False
sfp,1,2026-07-27 23:03:00+00:00,63657.66513,2026-07-27 23:03:00+00:00,63595.017042282,0,-0.49207026043179836,0.4,-0.8920702604317984,-0.09841405208635967,sl,False
sfp,1,2026-07-27 23:04:00+00:00,63648.06417,2026-07-28 00:10:00+00:00,63547.93117134,66,-0.7866146438684218,0.4,-1.1866146438684217,-0.15732292877368437,sl,False
sfp,1,2026-07-28 00:12:00+00:00,63592.458609999994,2026-07-28 00:14:00+00:00,63638.385525,2,0.3611034704733562,0.4,-0.0388965295266438,0.07222069409467125,tp,False
sfp,-1,2026-07-28 00:21:00+00:00,63752.42412,2026-07-28 00:22:00+00:00,63617.161080000005,1,1.06084624911984,0.4,0.66084624911984,0.212169249823968,tp,False
sfp,1,2026-07-28 00:47:00+00:00,63597.3591,2026-07-28 00:48:00+00:00,63496.146710304,1,-0.7957279290234376,0.4,-1.1957279290234375,-0.15914558580468752,sl,False
sfp,1,2026-07-28 00:56:00+00:00,63542.45361,2026-07-28 01:00:00+00:00,63420.069538782,4,-0.9630102731721935,0.4,-1.3630102731721934,-0.1926020546344387,sl,False
sfp,1,2026-07-28 01:01:00+00:00,63456.845049999996,2026-07-28 01:05:00+00:00,63401.97496842001,4,-0.43234170826450535,0.4,-0.8323417082645054,-0.08646834165290107,sl,False
sfp,1,2026-07-28 01:09:00+00:00,63109.21029,2026-07-28 01:28:00+00:00,63292.97007,19,1.4558871768128867,0.4,1.0558871768128868,0.29117743536257734,tp,False
sfp,-1,2026-07-28 01:36:00+00:00,63278.77149,2026-07-28 01:40:00+00:00,63230.62243,4,0.38045191828356417,0.4,-0.01954808171643585,0.07609038365671283,tp,False
sfp,1,2026-07-28 01:45:00+00:00,63171.3165,2026-07-28 01:49:00+00:00,63258.223545,4,0.687867926577046,0.4,0.28786792657704596,0.1375735853154092,tp,False
sfp,1,2026-07-28 02:04:00+00:00,63156.315,2026-07-28 02:08:00+00:00,63204.128955,4,0.3785366118970179,0.4,-0.021463388102982095,0.07570732237940359,tp,False
sfp,-1,2026-07-28 02:13:00+00:00,63235.875779999995,2026-07-28 02:16:00+00:00,63188.368205,3,0.3756378354375922,0.4,-0.024362164562407806,0.07512756708751844,tp,False
sfp,-1,2026-07-28 02:24:00+00:00,63229.77639,2026-07-28 02:31:00+00:00,63197.869155,7,0.2523117811076281,0.4,-0.14768821889237194,0.05046235622152562,tp,False
sfp,1,2026-07-28 02:35:00+00:00,63192.918659999996,2026-07-28 02:40:00+00:00,63143.752453254,5,-0.3890167426078839,0.4,-0.7890167426078839,-0.07780334852157678,sl,False
sfp,1,2026-07-28 02:48:00+00:00,63099.50932,2026-07-28 02:48:00+00:00,63064.776151674,0,-0.275225344066099,0.4,-0.675225344066099,-0.0550450688132198,sl,False
sfp,1,2026-07-28 02:50:00+00:00,63099.90936,2026-07-28 02:53:00+00:00,63147.33463499999,3,0.3757951119186531,0.4,-0.02420488808134691,0.07515902238373062,tp,False
sfp,-1,2026-07-28 03:02:00+00:00,63144.98487,2026-07-28 03:11:00+00:00,63207.45781377,9,-0.4946785868950032,0.4,-0.8946785868950032,-0.09893571737900064,sl,False
sfp,-1,2026-07-28 03:18:00+00:00,63250.47432,2026-07-28 03:19:00+00:00,63287.881935378,1,-0.29571015696061576,0.4,-0.6957101569606158,-0.05914203139212315,sl,False
sfp,-1,2026-07-28 03:22:00+00:00,63273.672,2026-07-28 03:30:00+00:00,63217.121080000004,8,0.4468755977999339,0.4,0.04687559779993389,0.08937511955998678,tp,False
sfp,1,2026-07-28 03:59:00+00:00,63276.12698,2026-07-28 03:59:00+00:00,63297.819585000005,0,0.1714122374055771,0.4,-0.22858776259442293,0.03428244748111542,tp,False
sfp,-1,2026-07-28 04:21:00+00:00,63289.470420000005,2026-07-28 04:21:00+00:00,63293.3287,0,-0.030481215709254883,0.4,-0.4304812157092549,-0.006096243141850977,tp,False
sfp,1,2026-07-28 04:38:00+00:00,63226.322,2026-07-28 04:46:00+00:00,63265.6728,8,0.311190013551621,0.4,-0.08880998644837901,0.0622380027103242,tp,False
sfp,-1,2026-07-28 05:04:00+00:00,63385.960770000005,2026-07-28 05:04:00+00:00,63430.824808236,0,-0.353895702541962,0.4,-0.753895702541962,-0.0707791405083924,sl,False
sfp,-1,2026-07-28 05:06:00+00:00,63401.25924,2026-07-28 05:07:00+00:00,63461.233928844,1,-0.47297711088800654,0.4,-0.8729771108880066,-0.09459542217760131,sl,False
sfp,-1,2026-07-28 05:08:00+00:00,63427.356629999995,2026-07-28 05:17:00+00:00,63483.840709296004,9,-0.44526590967286506,0.4,-0.8452659096728651,-0.08905318193457301,sl,False
sfp,1,2026-07-28 05:37:00+00:00,63454.84485,2026-07-28 05:41:00+00:00,63496.699695,4,0.32980023116391255,0.4,-0.07019976883608747,0.06596004623278251,tp,False
sfp,-1,2026-07-28 05:47:00+00:00,63494.14995,2026-07-28 05:56:00+00:00,63467.94616,9,0.20634806529917782,0.4,-0.1936519347008222,0.041269613059835564,tp,False
sfp,1,2026-07-28 06:02:00+00:00,63433.442709999996,2026-07-28 06:03:00+00:00,63389.878598178,1,-0.34338441964404387,0.4,-0.7433844196440439,-0.06867688392880877,sl,False
sfp,1,2026-07-28 06:07:00+00:00,63389.13828,2026-07-28 06:21:00+00:00,63453.803985,14,0.5100692859584255,0.4,0.11006928595842547,0.1020138571916851,tp,False
sfp,-1,2026-07-28 06:31:00+00:00,63487.35063,2026-07-28 06:31:00+00:00,63526.65355015199,0,-0.30953347211670756,0.4,-0.7095334721167076,-0.06190669442334151,sl,False
sfp,-1,2026-07-28 06:33:00+00:00,63483.75099,2026-07-28 06:36:00+00:00,63546.659550551994,3,-0.4954697821959453,0.4,-0.8954697821959453,-0.09909395643918906,sl,False
sfp,-1,2026-07-28 06:37:00+00:00,63520.44732000001,2026-07-28 06:50:00+00:00,63560.363660826,13,-0.31420072205179395,0.4,-0.714200722051794,-0.06284014441035879,sl,False
sfp,1,2026-07-28 07:40:00+00:00,63517.3511,2026-07-28 07:44:00+00:00,63442.96266924,4,-0.5855756692599301,0.4,-0.9855756692599301,-0.11711513385198602,sl,False
sfp,1,2026-07-28 07:47:00+00:00,63461.04547,2026-07-28 07:47:00+00:00,63421.569088812,0,-0.31102844978070365,0.4,-0.7110284497807037,-0.06220568995614073,sl,False
sfp,1,2026-07-28 07:50:00+00:00,63457.245090000004,2026-07-28 08:02:00+00:00,63492.6501,12,0.27896743665578594,0.4,-0.12103256334421408,0.05579348733115719,tp,False
sfp,-1,2026-07-28 08:04:00+00:00,63487.750589999996,2026-07-28 08:09:00+00:00,63465.64593,5,0.1740860228514607,0.4,-0.22591397714853934,0.03481720457029214,tp,False
sfp,1,2026-07-28 08:16:00+00:00,63457.645130000004,2026-07-28 08:33:00+00:00,63385.679858094,17,-0.5670338992139756,0.4,-0.9670338992139756,-0.11340677984279512,sl,False
sfp,1,2026-07-28 08:35:00+00:00,63419.041269999994,2026-07-28 08:38:00+00:00,63427.406625,3,0.06595302319689633,0.4,-0.3340469768031037,0.013190604639379266,tp,False
sfp,-1,2026-07-28 08:43:00+00:00,63445.75479,2026-07-28 08:51:00+00:00,63429.24229,8,0.13013085000446178,0.4,-0.26986914999553824,0.026026170000892357,tp,False
sfp,1,2026-07-28 08:56:00+00:00,63398.3392,2026-07-28 09:01:00+00:00,63428.856479999995,5,0.2406788599281784,0.4,-0.15932114007182163,0.04813577198563568,tp,False
sfp,1,2026-07-28 09:07:00+00:00,63405.539919999996,2026-07-28 09:08:00+00:00,63421.107254999995,1,0.12276005392941602,0.4,-0.277239946070584,0.024552010785883205,tp,False
sfp,-1,2026-07-28 09:21:00+00:00,63429.556410000005,2026-07-28 09:29:00+00:00,63466.735578953994,8,-0.2930744833975485,0.4,-0.6930744833975485,-0.0586148966795097,sl,False
sfp,-1,2026-07-28 09:41:00+00:00,63517.647600000004,2026-07-28 09:44:00+00:00,63487.598125,3,0.23654430017028272,0.4,-0.1634556998297173,0.047308860034056543,tp,False
sfp,1,2026-07-28 09:59:00+00:00,63374.13678,2026-07-28 10:04:00+00:00,63321.199206804,5,-0.41765912630709057,0.4,-0.8176591263070906,-0.08353182526141811,sl,False
sfp,1,2026-07-28 10:05:00+00:00,63350.534419999996,2026-07-28 10:05:00+00:00,63306.0037665,0,-0.3514623349881174,0.4,-0.7514623349881174,-0.07029246699762348,sl,False
sfp,1,2026-07-28 10:12:00+00:00,63349.134280000006,2026-07-28 10:26:00+00:00,63282.910696038,14,-0.5226873635660323,0.4,-0.9226873635660323,-0.10453747271320646,sl,False
sfp,1,2026-07-28 10:28:00+00:00,63304.12978,2026-07-28 10:29:00+00:00,63343.96497,1,0.31463342232518343,0.4,-0.08536657767481659,0.06292668446503669,tp,False
sfp,-1,2026-07-28 10:35:00+00:00,63393.56001,2026-07-28 10:36:00+00:00,63451.430988648,1,-0.4564420947401615,0.4,-0.8564420947401615,-0.0912884189480323,sl,False
sfp,-1,2026-07-28 10:50:00+00:00,63493.65,2026-07-28 11:05:00+00:00,63401.589524999996,15,0.7249581257338655,0.4,0.3249581257338655,0.1449916251467731,tp,False
sfp,1,2026-07-28 11:06:00+00:00,63407.54012,2026-07-28 11:10:00+00:00,63352.589787432,4,-0.43331071087132633,0.4,-0.8333107108713264,-0.08666214217426527,sl,False
sfp,1,2026-07-28 11:16:00+00:00,63399.93936,2026-07-28 11:17:00+00:00,63403.708995,1,0.02972901108466708,0.4,-0.37027098891533294,0.005945802216933416,tp,False
sfp,-1,2026-07-28 11:21:00+00:00,63525.24684,2026-07-28 11:24:00+00:00,63442.64363,3,0.6501604803524352,0.4,0.2501604803524352,0.13003209607048705,tp,False
sfp,1,2026-07-28 11:45:00+00:00,63382.3376,2026-07-28 11:48:00+00:00,63460.75329000001,3,0.6185925998413166,0.4,0.21859259984131663,0.12371851996826333,tp,False
sfp,-1,2026-07-28 12:06:00+00:00,63473.85198,2026-07-28 12:13:00+00:00,63432.792644999994,7,0.3234350344212822,0.4,-0.07656496557871784,0.06468700688425644,tp,False
sfp,1,2026-07-28 12:31:00+00:00,63435.342899999996,2026-07-28 12:33:00+00:00,63371.98396782,2,-0.4993977275402628,0.4,-0.8993977275402628,-0.09987954550805256,sl,False
sfp,1,2026-07-28 12:35:00+00:00,63407.64013,2026-07-28 12:42:00+00:00,63425.656800000004,7,0.1420701824186299,0.4,-0.2579298175813701,0.02841403648372598,tp,False
sfp,-1,2026-07-28 12:49:00+00:00,63513.94797,2026-07-28 12:57:00+00:00,63548.760180594,8,-0.2740516981438734,0.4,-0.6740516981438734,-0.054810339628774685,sl,False
sfp,-1,2026-07-28 12:58:00+00:00,63527.34663,2026-07-28 13:08:00+00:00,63567.865910976,10,-0.31891211521861695,0.4,-0.718912115218617,-0.06378242304372339,sl,False
sfp,-1,2026-07-28 13:10:00+00:00,63468.85248,2026-07-28 13:10:00+00:00,63522.201584999995,0,-0.42027784429221615,0.4,-0.8202778442922162,-0.08405556885844323,tp,False
sfp,1,2026-07-28 13:25:00+00:00,63386.93806,2026-07-28 13:25:00+00:00,63341.593087212,0,-0.35768388705792464,0.4,-0.7576838870579247,-0.07153677741158493,sl,False
sfp,1,2026-07-28 13:31:00+00:00,63307.03006999999,2026-07-28 13:31:00+00:00,63247.92119533801,0,-0.4668428971997818,0.4,-0.8668428971997818,-0.09336857943995636,sl,False
sfp,1,2026-07-28 13:32:00+00:00,63308.63023,2026-07-28 13:32:00+00:00,63231.226205004,0,-0.6113228537309445,0.4,-1.0113228537309444,-0.1222645707461889,sl,False
sfp,-1,2026-07-28 14:08:00+00:00,63223.677,2026-07-28 14:18:00+00:00,62953.69473999999,10,2.1351357024047557,0.4,1.7351357024047558,0.42702714048095114,tp,False
sfp,1,2026-07-28 14:19:00+00:00,62985.79795,2026-07-28 14:23:00+00:00,63123.037065,4,1.0894449182730082,0.4,0.6894449182730081,0.21788898365460163,tp,False
sfp,-1,2026-07-28 14:43:00+00:00,63347.56461,2026-07-28 14:47:00+00:00,63403.316557686005,4,-0.44004807469111284,0.4,-0.8400480746911129,-0.08800961493822257,sl,False
sfp,-1,2026-07-28 14:48:00+00:00,63371.562210000004,2026-07-28 14:48:00+00:00,63448.230028583996,0,-0.6049071216670532,0.4,-1.004907121667053,-0.12098142433341064,sl,False
sfp,-1,2026-07-28 14:51:00+00:00,63443.655,2026-07-28 14:53:00+00:00,63507.047669759995,2,-0.4995981848775477,0.4,-0.8995981848775477,-0.09991963697550954,sl,False
sfp,-1,2026-07-28 14:54:00+00:00,63448.954470000004,2026-07-28 15:03:00+00:00,63313.03066999999,9,1.0711271851160387,0.4,0.6711271851160386,0.21422543702320773,tp,False
sfp,1,2026-07-28 15:04:00+00:00,63301.429509999994,2026-07-28 15:05:00+00:00,63253.719455454004,1,-0.37684816058108916,0.4,-0.7768481605810892,-0.07536963211621783,sl,False
sfp,1,2026-07-28 15:06:00+00:00,63286.22799,2026-07-28 15:10:00+00:00,63387.21064500001,4,0.7978248839223268,0.4,0.39782488392232673,0.15956497678446535,tp,False
sfp,-1,2026-07-28 15:24:00+00:00,63756.72369,2026-07-28 15:24:00+00:00,63807.137675759994,0,-0.39536211117996434,0.4,-0.7953621111799644,-0.07907242223599287,sl,False
sfp,-1,2026-07-28 15:28:00+00:00,63793.52001,2026-07-28 15:47:00+00:00,63969.086248998,19,-1.3760507256103116,0.4,-1.7760507256103115,-0.2752101451220623,sl,False
sfp,-1,2026-07-28 15:49:00+00:00,63898.70949,2026-07-28 15:50:00+00:00,63815.18088,1,0.6536016976451675,0.4,0.2536016976451675,0.1307203395290335,tp,False
sfp,-1,2026-07-28 16:20:00+00:00,63897.309629999996,2026-07-28 16:22:00+00:00,63852.534615000004,2,0.350366981483774,0.4,-0.049633018516226035,0.0700733962967548,tp,False
sfp,1,2026-07-28 16:25:00+00:00,63822.58162,2026-07-28 16:30:00+00:00,63748.87087536001,5,-0.5774660219706185,0.4,-0.9774660219706185,-0.1154932043941237,sl,False
sfp,1,2026-07-28 16:32:00+00:00,63781.27749,2026-07-28 16:33:00+00:00,63835.865775,1,0.42793345593117316,0.4,0.027933455931173135,0.08558669118623463,tp,False
sfp,-1,2026-07-28 16:45:00+00:00,63883.41102000001,2026-07-28 16:50:00+00:00,63939.1772784,5,-0.43646901057403653,0.4,-0.8364690105740366,-0.0872938021148073,sl,False
sfp,-1,2026-07-28 16:54:00+00:00,64048.5945,2026-07-28 17:07:00+00:00,63921.34149499999,13,0.9934098163544292,0.4,0.5934098163544291,0.19868196327088583,tp,False
sfp,1,2026-07-28 17:12:00+00:00,63792.47861,2026-07-28 17:16:00+00:00,63750.270455388,4,-0.3308239116247558,0.4,-0.7308239116247558,-0.06616478232495115,sl,False
sfp,1,2026-07-28 17:17:00+00:00,63776.076969999995,2026-07-28 17:17:00+00:00,63717.88017474,0,-0.4562588201165729,0.4,-0.856258820116573,-0.09125176402331459,sl,False
sfp,1,2026-07-28 17:21:00+00:00,63796.479009999995,2026-07-28 17:31:00+00:00,63655.8987735,10,-1.1017867967130224,0.4,-1.5017867967130223,-0.22035735934260448,sl,False
sfp,1,2026-07-28 17:34:00+00:00,63632.76264,2026-07-28 17:37:00+00:00,63558.627961554,3,-0.5825197223120471,0.4,-0.9825197223120471,-0.11650394446240941,sl,False
sfp,-1,2026-07-28 18:02:00+00:00,63729.02646,2026-07-28 18:03:00+00:00,63802.536295668,1,-0.5767374754589438,0.4,-0.9767374754589438,-0.11534749509178877,sl,False
sfp,-1,2026-07-28 18:05:00+00:00,63762.52311,2026-07-28 18:17:00+00:00,63659.16528,12,0.8104904335552443,0.4,0.4104904335552443,0.16209808671104886,tp,False
sfp,-1,2026-07-28 18:35:00+00:00,63715.92777,2026-07-28 18:36:00+00:00,63690.96846,1,0.1958639768230297,0.4,-0.20413602317697033,0.03917279536460594,tp,False
sfp,-1,2026-07-28 18:45:00+00:00,63724.6269,2026-07-28 18:47:00+00:00,63772.427265066,2,-0.37505409910842946,0.4,-0.7750540991084295,-0.07501081982168589,sl,False
sfp,-1,2026-07-28 18:48:00+00:00,63736.025760000004,2026-07-28 18:48:00+00:00,63786.13137534,0,-0.3930713810794684,0.4,-0.7930713810794684,-0.07861427621589367,sl,False
sfp,-1,2026-07-28 18:49:00+00:00,63756.32373,2026-07-28 18:52:00+00:00,63713.17068,3,0.338421724115856,0.4,-0.061578275884143996,0.0676843448231712,tp,False
sfp,1,2026-07-28 18:56:00+00:00,63685.76794,2026-07-28 19:00:00+00:00,63721.327229999995,4,0.2791776809026869,0.4,-0.12082231909731311,0.05583553618053738,tp,False
sfp,-1,2026-07-28 19:05:00+00:00,63792.72009,2026-07-28 19:06:00+00:00,63843.748656492,1,-0.3999560327573315,0.4,-0.7999560327573315,-0.0799912065514663,sl,False
sfp,-1,2026-07-28 19:07:00+00:00,63772.42212,2026-07-28 19:08:00+00:00,63750.67443,1,0.17051014589880564,0.4,-0.22948985410119438,0.03410202917976113,tp,False
sfp,1,2026-07-28 19:47:00+00:00,63693.968759999996,2026-07-28 19:53:00+00:00,63754.173945,6,0.4726129190257833,0.4,0.07261291902578326,0.09452258380515666,tp,False
sfp,-1,2026-07-28 20:06:00+00:00,63895.909770000006,2026-07-28 20:15:00+00:00,63981.589999248,9,-0.6704672455279947,0.4,-1.0704672455279947,-0.13409344910559895,sl,False
sfp,-1,2026-07-28 20:18:00+00:00,63953.90397000001,2026-07-28 20:21:00+00:00,63900.439405000005,3,0.4179929736977672,0.4,0.0179929736977672,0.08359859473955344,tp,False
sfp,1,2026-07-28 20:32:00+00:00,63894.488809999995,2026-07-28 20:39:00+00:00,63850.740307398,7,-0.3423495783187458,0.4,-0.7423495783187458,-0.06846991566374916,sl,False
sfp,1,2026-07-28 20:40:00+00:00,63866.686030000004,2026-07-28 20:48:00+00:00,63910.508310000005,8,0.34307620078655177,0.4,-0.056923799213448256,0.06861524015731035,tp,False
sfp,-1,2026-07-28 21:02:00+00:00,63898.50951,2026-07-28 21:02:00+00:00,63896.539014999995,0,0.015418943376921401,0.4,-0.3845810566230786,0.0030837886753842803,tp,False
sfp,-1,2026-07-28 21:07:00+00:00,63908.6085,2026-07-28 21:07:00+00:00,63912.09056999999,0,-0.027242574057839697,0.4,-0.4272425740578397,-0.005448514811567939,tp,False
sfp,-1,2026-07-28 21:08:00+00:00,63904.00896,2026-07-28 21:08:00+00:00,63919.59132,0,-0.12192005050692956,0.4,-0.5219200505069296,-0.02438401010138591,tp,False
sfp,1,2026-07-28 21:25:00+00:00,63896.58902,2026-07-28 21:35:00+00:00,63922.20714,10,0.20046547392360559,0.4,-0.19953452607639444,0.04009309478472112,tp,False
sfp,-1,2026-07-28 21:46:00+00:00,64016.5977,2026-07-28 21:59:00+00:00,63966.746035,13,0.38936515521820203,0.4,-0.010634844781797992,0.0778730310436404,tp,False
sfp,1,2026-07-28 22:25:00+00:00,63936.09297,2026-07-28 22:28:00+00:00,63898.72590835801,3,-0.2922219665465464,0.4,-0.6922219665465464,-0.058444393309309284,sl,False
sfp,1,2026-07-28 22:33:00+00:00,63863.585719999995,2026-07-28 22:46:00+00:00,63821.549066814,13,-0.32911284820663633,0.4,-0.7291128482066364,-0.06582256964132727,sl,False
sfp,1,2026-07-28 22:49:00+00:00,63802.87965,2026-07-28 22:51:00+00:00,63760.8672756,2,-0.3292357228268372,0.4,-0.7292357228268372,-0.06584714456536744,sl,False
sfp,1,2026-07-28 22:53:00+00:00,63775.57692,2026-07-28 22:56:00+00:00,63808.868475,3,0.26100551816066186,0.4,-0.13899448183933816,0.05220110363213237,tp,False
sfp,1,2026-07-28 23:01:00+00:00,63748.17418,2026-07-28 23:02:00+00:00,63703.984344462,1,-0.34659687203925094,0.4,-0.746596872039251,-0.06931937440785019,sl,False
sfp,1,2026-07-28 23:05:00+00:00,63696.369,2026-07-28 23:05:00+00:00,63653.39952345,0,-0.3372992623016935,0.4,-0.7372992623016935,-0.0674598524603387,sl,False
sfp,1,2026-07-28 23:11:00+00:00,63634.76284,2026-07-28 23:23:00+00:00,63565.325951688,12,-0.5455892755237834,0.4,-0.9455892755237835,-0.10911785510475669,sl,False
sfp,1,2026-07-28 23:27:00+00:00,63590.45841,2026-07-28 23:30:00+00:00,63614.587905,3,0.189725751341685,0.4,-0.210274248658315,0.037945150268337,tp,False
sfp,-1,2026-07-28 23:34:00+00:00,63724.426920000005,2026-07-28 23:34:00+00:00,63767.925914976004,0,-0.341305501504241,0.4,-0.741305501504241,-0.0682611003008482,sl,False
sfp,-1,2026-07-28 23:42:00+00:00,63765.42282000001,2026-07-28 23:44:00+00:00,63832.345236263995,2,-0.5247547440632161,0.4,-0.9247547440632161,-0.10495094881264322,sl,False
sfp,-1,2026-07-28 23:47:00+00:00,63857.41362000001,2026-07-28 23:47:00+00:00,63901.16587763999,0,-0.34257774594770307,0.4,-0.7425777459477031,-0.06851554918954061,sl,False
sfp,-1,2026-07-28 23:50:00+00:00,63871.21224,2026-07-28 23:57:00+00:00,63917.17067796,7,-0.359774273480995,0.4,-0.759774273480995,-0.071954854696199,sl,False
sfp,-1,2026-07-29 00:00:00+00:00,63897.20964,2026-07-29 00:00:00+00:00,63953.481568686,0,-0.4403316592621609,0.4,-0.8403316592621609,-0.08806633185243218,sl,False
sfp,-1,2026-07-29 00:03:00+00:00,63995.5998,2026-07-29 00:05:00+00:00,64047.20968056,2,-0.40322991519170515,0.4,-0.8032299151917052,-0.08064598303834103,sl,False
sfp,1,2026-07-29 00:26:00+00:00,63980.29739,2026-07-29 00:28:00+00:00,63924.418198872,2,-0.43669061732692915,0.4,-0.8366906173269292,-0.08733812346538583,sl,False
sfp,1,2026-07-29 00:30:00+00:00,63992.89865,2026-07-29 00:31:00+00:00,63907.223358528005,1,-0.6694124916937216,0.4,-1.0694124916937215,-0.13388249833874433,sl,False
sfp,1,2026-07-29 00:37:00+00:00,63921.29149,2026-07-29 00:37:00+00:00,63955.50381,0,0.2676128657800314,0.4,-0.13238713421996862,0.05352257315600628,tp,False
sfp,-1,2026-07-29 00:40:00+00:00,64030.19634,2026-07-29 00:45:00+00:00,64097.124651558,5,-0.5226308475035912,0.4,-0.9226308475035913,-0.10452616950071825,sl,False
sfp,1,2026-07-29 01:00:00+00:00,63933.89275,2026-07-29 01:00:00+00:00,63886.429598112,0,-0.37118928510732063,0.4,-0.7711892851073207,-0.07423785702146413,sl,False
sfp,1,2026-07-29 01:02:00+00:00,63950.09437,2026-07-29 01:09:00+00:00,63871.83397782,7,-0.6118864479480179,0.4,-1.0118864479480179,-0.12237728958960359,sl,False
sfp,1,2026-07-29 01:10:00+00:00,63897.88915,2026-07-29 01:10:00+00:00,63857.238357528004,0,-0.31809182598013797,0.4,-0.718091825980138,-0.0636183651960276,sl,False
sfp,1,2026-07-29 01:13:00+00:00,63837.3831,2026-07-29 01:17:00+00:00,63751.470095412,4,-0.6729051256175178,0.4,-1.0729051256175177,-0.13458102512350356,sl,False
sfp,1,2026-07-29 01:18:00+00:00,63795.778940000004,2026-07-29 01:22:00+00:00,63867.962565,4,0.5657398200896724,0.4,0.16573982008967236,0.11314796401793448,tp,False
sfp,1,2026-07-29 01:46:00+00:00,63786.27799,2026-07-29 01:49:00+00:00,63719.979544782,3,-0.5196920662810522,0.4,-0.9196920662810523,-0.10393841325621045,sl,False
sfp,1,2026-07-29 01:51:00+00:00,63770.476409999996,2026-07-29 01:51:00+00:00,63705.883774500006,0,-0.5064462360662159,0.4,-0.9064462360662159,-0.10128924721324317,sl,False
sfp,1,2026-07-29 01:53:00+00:00,63729.17228,2026-07-29 01:57:00+00:00,63672.69373383601,4,-0.44311375892225335,0.4,-0.8431137589222534,-0.08862275178445067,sl,False
sfp,1,2026-07-29 01:59:00+00:00,63700.96946,2026-07-29 02:00:00+00:00,63646.001743302,1,-0.43145117856108195,0.4,-0.831451178561082,-0.08629023571221639,sl,False
sfp,1,2026-07-29 02:02:00+00:00,63734.67283,2026-07-29 02:07:00+00:00,63759.373425,5,0.19377674586862348,0.4,-0.20622325413137654,0.038755349173724696,tp,False
sfp,-1,2026-07-29 02:24:00+00:00,63839.6154,2026-07-29 02:28:00+00:00,63883.86068729399,4,-0.34653472625700843,0.4,-0.7465347262570085,-0.06930694525140169,sl,False
sfp,-1,2026-07-29 02:31:00+00:00,63982.10115,2026-07-29 02:39:00+00:00,64058.913190793995,8,-0.6002619436794587,0.4,-1.0002619436794586,-0.12005238873589175,sl,False
sfp,-1,2026-07-29 02:41:00+00:00,64061.69319,2026-07-29 02:47:00+00:00,63904.48981000001,6,1.2269686623310183,0.4,0.8269686623310183,0.24539373246620366,tp,False
sfp,-1,2026-07-29 03:11:00+00:00,63964.10295,2026-07-29 03:15:00+00:00,63902.189580000006,4,0.4839696575467678,0.4,0.08396965754676777,0.09679393150935356,tp,False
sfp,1,2026-07-29 04:03:00+00:00,63692.76864,2026-07-29 04:04:00+00:00,63634.105313064,1,-0.46051795351820246,0.4,-0.8605179535182025,-0.09210359070364049,sl,False
sfp,-1,2026-07-29 04:11:00+00:00,63688.13055,2026-07-29 04:18:00+00:00,63659.615325,7,0.22386608582908307,0.4,-0.17613391417091695,0.044773217165816614,tp,False
sfp,-1,2026-07-29 04:26:00+00:00,63731.72619,2026-07-29 04:27:00+00:00,63782.13017526,1,-0.395438726308206,0.4,-0.795438726308206,-0.0790877452616412,sl,False
sfp,-1,2026-07-29 04:29:00+00:00,63773.72199,2026-07-29 04:36:00+00:00,63832.545296268,7,-0.4611876524724945,0.4,-0.8611876524724945,-0.0922375304944989,sl,False
sfp,-1,2026-07-29 05:04:00+00:00,63956.10375,2026-07-29 05:11:00+00:00,63998.595099588,7,-0.3321915118069674,0.4,-0.7321915118069674,-0.06643830236139348,sl,False
sfp,-1,2026-07-29 05:13:00+00:00,63964.40292,2026-07-29 05:17:00+00:00,63912.840645,4,0.4030544540882808,0.4,0.003054454088280756,0.08061089081765616,tp,False
sfp,1,2026-07-29 05:23:00+00:00,63971.49651,2026-07-29 05:23:00+00:00,63944.154945,0,-0.21370115201008177,0.4,-0.6137011520100818,-0.042740230402016355,tp,False
sfp,-1,2026-07-29 05:37:00+00:00,63983.601,2026-07-29 05:51:00+00:00,64041.107850438006,14,-0.44938741755096157,0.4,-0.8493874175509616,-0.08987748351019231,sl,False
sfp,-1,2026-07-29 05:57:00+00:00,64036.5957,2026-07-29 06:14:00+00:00,64090.122551418004,17,-0.4179395456058721,0.4,-0.8179395456058721,-0.08358790912117442,sl,False
sfp,-1,2026-07-29 06:22:00+00:00,64104.88887,2026-07-29 06:24:00+00:00,64159.543372806,2,-0.4262896619073864,0.4,-0.8262896619073864,-0.08525793238147727,sl,False
sfp,-1,2026-07-29 06:27:00+00:00,64222.87707,2026-07-29 06:27:00+00:00,64300.685705628,0,-0.6057703981650064,0.4,-1.0057703981650064,-0.12115407963300129,sl,False
sfp,-1,2026-07-29 06:31:00+00:00,64373.46201,2026-07-29 06:32:00+00:00,64439.127228396,1,-0.5100332990153333,0.4,-0.9100332990153334,-0.10200665980306667,sl,False
sfp,-1,2026-07-29 06:34:00+00:00,64387.16064,2026-07-29 07:07:00+00:00,64463.33448888,33,-0.5915298028584814,0.4,-0.9915298028584815,-0.11830596057169629,sl,False
sfp,-1,2026-07-29 07:14:00+00:00,64423.557,2026-07-29 07:18:00+00:00,64424.09176499999,4,-0.00415038399692591,0.4,-0.40415038399692593,-0.0008300767993851821,tp,False
sfp,-1,2026-07-29 07:22:00+00:00,64420.95726,2026-07-29 07:22:00+00:00,64427.092065,0,-0.047614978579413325,0.4,-0.44761497857941335,-0.009522995715882665,tp,False
sfp,-1,2026-07-29 07:31:00+00:00,64454.15394,2026-07-29 07:31:00+00:00,64450.394394999996,0,0.029164489564970086,0.4,-0.37083551043502994,0.005832897912994017,tp,False
sfp,-1,2026-07-29 08:01:00+00:00,64517.24763,2026-07-29 08:01:00+00:00,64492.74863,0,0.18986395808834322,0.4,-0.2101360419116568,0.037972791617668644,tp,False
sfp,-1,2026-07-29 08:02:00+00:00,64483.35102,2026-07-29 08:05:00+00:00,64482.4476,3,0.007005063987153282,0.4,-0.39299493601284674,0.0014010127974306563,tp,False
sfp,1,2026-07-29 08:14:00+00:00,64371.93655,2026-07-29 08:23:00+00:00,64311.102166608005,9,-0.47252255138185983,0.4,-0.8725225513818599,-0.09450451027637197,sl,False
sfp,1,2026-07-29 08:25:00+00:00,64316.33099,2026-07-29 08:25:00+00:00,64283.910326064,0,-0.2520406826459487,0.4,-0.6520406826459487,-0.05040813652918974,sl,False
sfp,1,2026-07-29 08:29:00+00:00,64276.026959999996,2026-07-29 08:43:00+00:00,64353.96396,14,0.6062680262464148,0.4,0.20626802624641483,0.12125360524928297,tp,False
sfp,-1,2026-07-29 08:49:00+00:00,64415.65779,2026-07-29 09:07:00+00:00,64366.135969999996,18,0.3843927214206566,0.4,-0.015607278579343409,0.07687854428413132,tp,False
sfp,1,2026-07-29 09:08:00+00:00,64376.437,2026-07-29 09:10:00+00:00,64418.357520000005,2,0.3255890039395304,0.4,-0.07441099606046964,0.06511780078790608,tp,False
sfp,-1,2026-07-29 09:14:00+00:00,64408.75848,2026-07-29 09:25:00+00:00,64456.33238874,11,-0.3693124185492058,0.4,-0.7693124185492058,-0.07386248370984116,sl,False
sfp,-1,2026-07-29 09:27:00+00:00,64420.35732,2026-07-29 09:31:00+00:00,64469.336289,4,-0.38015132977842203,0.4,-0.780151329778422,-0.0760302659556844,sl,False
sfp,-1,2026-07-29 10:00:00+00:00,64654.333920000005,2026-07-29 10:37:00+00:00,64570.65642,37,0.6471143922350264,0.4,0.2471143922350264,0.12942287844700529,tp,False
sfp,1,2026-07-29 10:41:00+00:00,64555.55491,2026-07-29 10:42:00+00:00,64603.63899000001,1,0.37242403126303003,0.4,-0.02757596873696999,0.074484806252606,tp,False
sfp,1,2026-07-29 10:55:00+00:00,64418.04116,2026-07-29 11:21:00+00:00,64523.097045,26,0.8154228466763502,0.4,0.4154228466763502,0.16308456933527005,tp,False
sfp,-1,2026-07-29 11:23:00+00:00,64490.15034,2026-07-29 11:25:00+00:00,64486.598015,2,0.027541608922210248,0.4,-0.3724583910777898,0.0055083217844420496,tp,False
sfp,1,2026-07-29 11:34:00+00:00,64425.04186,2026-07-29 12:15:00+00:00,64380.681288,41,-0.3442805058349596,0.4,-0.7442805058349596,-0.06885610116699192,sl,False
sfp,1,2026-07-29 12:19:00+00:00,64308.83024,2026-07-29 12:57:00+00:00,64224.628114878,38,-0.6546700103839398,0.4,-1.0546700103839397,-0.13093400207678796,sl,False
sfp,-1,2026-07-29 13:13:00+00:00,64280.87127,2026-07-29 13:17:00+00:00,64238.77323500001,4,0.3274538301073493,0.4,-0.07254616989265072,0.06549076602146986,tp,False
sfp,1,2026-07-29 13:19:00+00:00,64185.01786,2026-07-29 13:23:00+00:00,64141.253133210004,4,-0.3409263426977227,0.4,-0.7409263426977227,-0.06818526853954454,sl,False
sfp,1,2026-07-29 13:24:00+00:00,64160.81544,2026-07-29 13:31:00+00:00,64221.927165,7,0.4762386869688884,0.4,0.07623868696888836,0.09524773739377768,tp,False
sfp,-1,2026-07-29 13:34:00+00:00,64274.77188,2026-07-29 13:38:00+00:00,64216.07096499999,4,0.4566403993592205,0.4,0.056640399359220495,0.0913280798718441,tp,False
sfp,-1,2026-07-29 13:46:00+00:00,64439.25543,2026-07-29 13:48:00+00:00,64529.154230196,2,-0.6975468570835641,0.4,-1.097546857083564,-0.13950937141671282,sl,False
sfp,-1,2026-07-29 14:01:00+00:00,64549.5444,2026-07-29 14:08:00+00:00,64437.293085000005,7,0.8694973453600152,0.4,0.4694973453600152,0.17389946907200304,tp,False
sfp,1,2026-07-29 14:27:00+00:00,64193.51871,2026-07-29 14:40:00+00:00,64071.973921824,13,-0.9467060742150979,0.4,-1.3467060742150978,-0.18934121484301958,sl,False
sfp,1,2026-07-29 14:41:00+00:00,64097.30909,2026-07-29 14:43:00+00:00,64018.489970753995,2,-0.6148395335546231,0.4,-1.014839533554623,-0.12296790671092461,sl,False
sfp,1,2026-07-29 14:44:00+00:00,64051.60451999999,2026-07-29 14:53:00+00:00,64192.430115,9,1.0993135617394234,0.4,0.6993135617394234,0.21986271234788468,tp,False
sfp,-1,2026-07-29 15:38:00+00:00,64093.68999,2026-07-29 15:38:00+00:00,64039.90335,0,0.4195938789636755,0.4,0.019593878963675482,0.0839187757927351,tp,False
sfp,1,2026-07-29 15:47:00+00:00,63967.19608,2026-07-29 15:55:00+00:00,63904.024318464,8,-0.49378248076559217,0.4,-0.8937824807655922,-0.09875649615311843,sl,False
sfp,-1,2026-07-29 16:24:00+00:00,64045.5948,2026-07-29 16:31:00+00:00,63975.946955,7,0.5437364210411078,0.4,0.14373642104110773,0.10874728420822155,tp,False
sfp,1,2026-07-29 16:45:00+00:00,63675.56692,2026-07-29 17:41:00+00:00,63866.912670000005,56,1.50250527208029,0.4,1.1025052720802901,0.300501054416058,tp,False
sfp,-1,2026-07-29 17:46:00+00:00,63900.909270000004,2026-07-29 17:48:00+00:00,63974.38783910399,2,-0.5749414988253099,0.4,-0.9749414988253099,-0.11498829976506197,sl,False
sfp,-1,2026-07-29 18:40:00+00:00,64158.483510000005,2026-07-29 18:41:00+00:00,64287.581775366,1,-1.006088815564632,0.4,-1.4060888155646318,-0.20121776311292638,sl,False
sfp,-1,2026-07-29 18:46:00+00:00,64342.06515,2026-07-29 18:47:00+00:00,64452.73130866799,1,-0.8599829552408123,0.4,-1.2599829552408122,-0.17199659104816245,sl,False
sfp,-1,2026-07-29 18:48:00+00:00,64393.46001,2026-07-29 18:49:00+00:00,64483.04039927399,1,-0.6955705537493584,0.4,-1.0955705537493583,-0.13911411074987168,sl,False
sfp,-1,2026-07-29 18:51:00+00:00,64442.5551,2026-07-29 18:52:00+00:00,64510.248559818,1,-0.5252232760863951,0.4,-0.9252232760863951,-0.10504465521727901,sl,False
sfp,-1,2026-07-29 18:56:00+00:00,64485.25083,2026-07-29 19:10:00+00:00,64201.71953,14,2.1984197653774906,0.4,1.7984197653774907,0.4396839530754981,tp,False
sfp,1,2026-07-29 19:11:00+00:00,64205.119869999995,2026-07-29 19:21:00+00:00,64131.755983020004,10,-0.5713242738938362,0.4,-0.9713242738938362,-0.11426485477876724,sl,False
sfp,1,2026-07-29 19:30:00+00:00,64019.50131,2026-07-29 19:33:00+00:00,63912.62173863601,3,-0.8347422986509367,0.4,-1.2347422986509367,-0.16694845973018735,sl,False
sfp,1,2026-07-29 19:35:00+00:00,63944.79384,2026-07-29 19:40:00+00:00,63829.946546982,5,-0.8980191046151775,0.4,-1.2980191046151774,-0.1796038209230355,sl,False
sfp,1,2026-07-29 19:41:00+00:00,63892.988659999995,2026-07-29 19:45:00+00:00,63801.055216404,4,-0.7194329575441749,0.4,-1.1194329575441748,-0.14388659150883498,sl,False
sfp,1,2026-07-29 19:47:00+00:00,63721.171480000005,2026-07-29 19:47:00+00:00,63653.299553448,0,-0.5325696701394267,0.4,-0.9325696701394267,-0.10651393402788534,sl,False
sfp,1,2026-07-29 20:01:00+00:00,63544.25379,2026-07-29 20:02:00+00:00,63442.96266924,1,-0.7970124340018758,0.4,-1.1970124340018757,-0.15940248680037516,sl,False
sfp,1,2026-07-29 20:03:00+00:00,63506.35,2026-07-29 20:09:00+00:00,63353.689457454,6,-1.2019313229779671,0.4,-1.601931322977967,-0.24038626459559342,sl,False
sfp,1,2026-07-29 20:11:00+00:00,63443.04367,2026-07-29 20:13:00+00:00,63531.496215,2,0.6971019979754578,0.4,0.2971019979754578,0.13942039959509156,tp,False
sfp,-1,2026-07-29 20:17:00+00:00,63640.93527,2026-07-29 20:26:00+00:00,63500.399405000004,9,1.1041310471300303,0.4,0.7041310471300303,0.22082620942600606,tp,False
sfp,-1,2026-07-29 20:42:00+00:00,63636.33573,2026-07-29 20:47:00+00:00,63533.102675,5,0.8111172164123603,0.4,0.4111172164123603,0.16222344328247207,tp,False
sfp,1,2026-07-29 20:53:00+00:00,63534.65283,2026-07-29 20:56:00+00:00,63448.46101935,3,-0.6783055136905247,0.4,-1.0783055136905246,-0.13566110273810494,sl,False
sfp,1,2026-07-29 20:57:00+00:00,63498.84925,2026-07-29 21:00:00+00:00,63425.9677689,3,-0.5738803298077078,0.4,-0.9738803298077078,-0.11477606596154155,sl,False
sfp,1,2026-07-29 21:01:00+00:00,63506.45001,2026-07-29 21:03:00+00:00,63407.77322853601,2,-0.7769036172581845,0.4,-1.1769036172581844,-0.1553807234516369,sl,False
sfp,1,2026-07-29 21:06:00+00:00,63348.23419,2026-07-29 21:10:00+00:00,63415.407825,4,0.5301934289007049,0.4,0.13019342890070484,0.10603868578014097,tp,False
sfp,-1,2026-07-29 21:29:00+00:00,63493.74999,2026-07-29 21:29:00+00:00,63545.759280533995,0,-0.4095622840215585,0.4,-0.8095622840215585,-0.0819124568043117,sl,False
sfp,-1,2026-07-29 21:32:00+00:00,63510.14835,2026-07-29 21:32:00+00:00,63568.666150992,0,-0.46069645963908723,0.4,-0.8606964596390873,-0.09213929192781745,sl,False
sfp,-1,2026-07-29 21:34:00+00:00,63553.44402,2026-07-29 21:38:00+00:00,63594.573921510004,4,-0.32358515061003956,0.4,-0.7235851506100396,-0.06471703012200791,sl,False
sfp,-1,2026-07-29 21:50:00+00:00,63583.341029999996,2026-07-29 21:52:00+00:00,63662.994442878,2,-0.6263701434029434,0.4,-1.0263701434029433,-0.12527402868058868,sl,False
sfp,-1,2026-07-29 21:54:00+00:00,63716.12775,2026-07-29 21:58:00+00:00,63794.63392551,4,-0.6160620417646756,0.4,-1.0160620417646755,-0.12321240835293512,sl,False
sfp,-1,2026-07-29 22:07:00+00:00,64003.399020000004,2026-07-29 22:19:00+00:00,64097.624801568,12,-0.736099824468317,0.4,-1.136099824468317,-0.1472199648936634,sl,False
sfp,-1,2026-07-29 22:20:00+00:00,64073.69199,2026-07-29 22:31:00+00:00,63946.59402,11,0.9918108825369143,0.4,0.5918108825369143,0.19836217650738286,tp,False
sfp,1,2026-07-29 22:32:00+00:00,63957.095069999996,2026-07-29 22:35:00+00:00,63913.32152865,3,-0.3422102059363885,0.4,-0.7422102059363885,-0.0684420411872777,sl,False
sfp,1,2026-07-29 22:36:00+00:00,63936.29299,2026-07-29 22:52:00+00:00,63881.031218004,16,-0.43216277806917835,0.4,-0.8321627780691784,-0.08643255561383567,sl,False
sfp,1,2026-07-29 22:53:00+00:00,63904.589819999994,2026-07-29 23:09:00+00:00,63945.754785000005,16,0.322081442944544,0.4,-0.07791855705545603,0.0644162885889088,tp,False
sfp,-1,2026-07-29 23:10:00+00:00,63936.00576,2026-07-29 23:10:00+00:00,63918.691230000004,0,0.13540515859711277,0.4,-0.26459484140288725,0.027081031719422555,tp,False
sfp,-1,2026-07-29 23:11:00+00:00,63896.709689999996,2026-07-29 23:11:00+00:00,63908.640225,0,-0.09335797616094599,0.4,-0.493357976160946,-0.018671595232189198,tp,False
sfp,1,2026-07-29 23:42:00+00:00,63956.49501,2026-07-29 23:44:00+00:00,63968.10255,2,0.0907455919698652,0.4,-0.3092544080301348,0.01814911839397304,tp,False
sfp,-1,2026-07-29 23:48:00+00:00,63976.90167000001,2026-07-29 23:51:00+00:00,63956.89505,3,0.15635815018993915,0.4,-0.24364184981006087,0.03127163003798783,tp,False
sfp,-1,2026-07-30 00:15:00+00:00,64001.19924,2026-07-30 00:15:00+00:00,64093.223481479996,0,-0.7189259152388106,0.4,-1.1189259152388105,-0.1437851830477621,sl,False
sfp,-1,2026-07-30 00:17:00+00:00,64056.39372,2026-07-30 00:20:00+00:00,64020.451405,3,0.280552126904865,0.4,-0.11944787309513505,0.056110425380972995,tp,False
sfp,1,2026-07-30 00:29:00+00:00,63988.89825,2026-07-30 00:31:00+00:00,63913.82137866,2,-0.5866398187281963,0.4,-0.9866398187281963,-0.11732796374563925,sl,False
sfp,1,2026-07-30 00:36:00+00:00,63837.08306999999,2026-07-30 00:37:00+00:00,63791.558066214,1,-0.35657177299341924,0.4,-0.7565717729934193,-0.07131435459868385,sl,False
sfp,1,2026-07-30 00:41:00+00:00,63794.578819999995,2026-07-30 00:42:00+00:00,63744.572165274,1,-0.3919349860987964,0.4,-0.7919349860987964,-0.07838699721975928,sl,False
sfp,1,2026-07-30 00:44:00+00:00,63700.26939,2026-07-30 00:44:00+00:00,63665.595863694005,0,-0.27216153587755754,0.4,-0.6721615358775576,-0.05443230717551151,sl,False
sfp,1,2026-07-30 00:46:00+00:00,63704.96986,2026-07-30 00:53:00+00:00,63650.500393392,7,-0.42751347915004345,0.4,-0.8275134791500435,-0.08550269583000869,sl,False
sfp,1,2026-07-30 00:58:00+00:00,63600.459409999996,2026-07-30 01:00:00+00:00,63695.52981,2,0.7474034062170398,0.4,0.3474034062170398,0.14948068124340796,tp,False
sfp,-1,2026-07-30 01:06:00+00:00,63730.02636,2026-07-30 01:14:00+00:00,63695.56892,8,0.27033913186669256,0.4,-0.12966086813330746,0.05406782637333851,tp,False
sfp,-1,2026-07-30 01:37:00+00:00,63993.69999,2026-07-30 01:45:00+00:00,64058.71313079,8,-0.507965165322144,0.4,-0.907965165322144,-0.1015930330644288,sl,False
sfp,-1,2026-07-30 01:56:00+00:00,64283.77098,2026-07-30 02:13:00+00:00,64375.208057118005,17,-0.7111987654431218,0.4,-1.1111987654431217,-0.14223975308862435,sl,False
sfp,-1,2026-07-30 02:14:00+00:00,64321.06725,2026-07-30 02:22:00+00:00,64392.913367472,8,-0.5584959993959471,0.4,-0.9584959993959471,-0.11169919987918941,sl,False
sfp,-1,2026-07-30 02:23:00+00:00,64343.565,2026-07-30 02:31:00+00:00,64299.429299999996,8,0.34296902883768077,0.4,-0.057030971162319255,0.06859380576753615,tp,False
sfp,-1,2026-07-30 03:18:00+00:00,64245.07485,2026-07-30 03:20:00+00:00,64190.91845,2,0.4214828928633674,0.4,0.021482892863367353,0.08429657857267348,tp,False
sfp,1,2026-07-30 03:38:00+00:00,64136.413,2026-07-30 04:03:00+00:00,64100.065492386006,25,-0.28336093268882534,0.4,-0.6833609326888254,-0.05667218653776507,sl,False
sfp,1,2026-07-30 04:05:00+00:00,64125.11186999999,2026-07-30 04:11:00+00:00,64073.07359184601,6,-0.4057558469408584,0.4,-0.8057558469408584,-0.08115116938817168,sl,False
sfp,1,2026-07-30 04:13:00+00:00,64094.90885,2026-07-30 04:38:00+00:00,64055.778781500005,25,-0.3052509879651333,0.4,-0.7052509879651333,-0.061050197593026656,sl,False
sfp,1,2026-07-30 04:40:00+00:00,64077.90715,2026-07-30 04:40:00+00:00,64089.440415,0,0.08999408308540957,0.4,-0.31000591691459045,0.017998816617081914,tp,False
sfp,1,2026-07-30 04:41:00+00:00,64088.00816,2026-07-30 04:43:00+00:00,64036.884451122,2,-0.39885549844492774,0.4,-0.7988554984449278,-0.07977109968898555,sl,False
sfp,1,2026-07-30 04:45:00+00:00,64076.30699,2026-07-30 04:46:00+00:00,64086.5907,1,0.08024580756194055,0.4,-0.31975419243805947,0.01604916151238811,tp,False
sfp,1,2026-07-30 05:00:00+00:00,64004.999859999996,2026-07-30 05:02:00+00:00,63960.8072796,2,-0.3452275642267244,0.4,-0.7452275642267244,-0.06904551284534488,sl,False
sfp,1,2026-07-30 05:57:00+00:00,64019.90135,2026-07-30 06:10:00+00:00,63950.910249402,13,-0.5388254210266785,0.4,-0.9388254210266785,-0.1077650842053357,sl,False
sfp,1,2026-07-30 06:12:00+00:00,63989.79834,2026-07-30 06:20:00+00:00,63935.714809098004,8,-0.4225949472025925,0.4,-0.8225949472025925,-0.0845189894405185,sl,False
sfp,1,2026-07-30 06:22:00+00:00,63982.99766,2026-07-30 06:24:00+00:00,63996.899670000006,2,0.10863831414931191,0.4,-0.2913616858506881,0.021727662829862382,tp,False
sfp,1,2026-07-30 06:49:00+00:00,63970.29639,2026-07-30 07:00:00+00:00,63994.549905,11,0.18956856829399626,0.4,-0.21043143170600376,0.03791371365879925,tp,False
sfp,-1,2026-07-30 07:05:00+00:00,64063.692989999996,2026-07-30 07:08:00+00:00,64021.4015,3,0.3300737752239824,0.4,-0.06992622477601762,0.06601475504479648,tp,False
sfp,1,2026-07-30 07:35:00+00:00,63965.09587,2026-07-30 07:36:00+00:00,63921.519068814,1,-0.3406295307878948,0.4,-0.7406295307878948,-0.06812590615757896,sl,False
sfp,1,2026-07-30 07:38:00+00:00,63982.09757,2026-07-30 08:08:00+00:00,64023.946965,30,0.3270398798211893,0.4,-0.0729601201788107,0.06540797596423786,tp,False
sfp,-1,2026-07-30 08:09:00+00:00,64014.99786,2026-07-30 08:09:00+00:00,63993.148675,0,0.17065676583938316,0.4,-0.22934323416061686,0.03413135316787663,tp,False
sfp,-1,2026-07-30 08:27:00+00:00,64212.27813,2026-07-30 08:27:00+00:00,64261.173854837994,0,-0.380735010981903,0.4,-0.780735010981903,-0.0761470021963806,sl,False
sfp,-1,2026-07-30 08:30:00+00:00,64233.675989999996,2026-07-30 08:30:00+00:00,64279.2792852,0,-0.3549796465571742,0.4,-0.7549796465571742,-0.07099592931143484,sl,False
sfp,-1,2026-07-30 08:46:00+00:00,64314.967860000004,2026-07-30 09:13:00+00:00,64353.901666692,27,-0.3026807599184611,0.4,-0.7026807599184611,-0.06053615198369222,sl,False
sfp,-1,2026-07-30 09:16:00+00:00,64358.563500000004,2026-07-30 09:18:00+00:00,64414.219757898005,2,-0.43239201491807044,0.4,-0.8323920149180705,-0.08647840298361409,sl,False
sfp,-1,2026-07-30 09:20:00+00:00,64369.262429999995,2026-07-30 09:21:00+00:00,64453.131428676,1,-0.6514677620177434,0.4,-1.0514677620177433,-0.13029355240354867,sl,False
sfp,-1,2026-07-30 09:24:00+00:00,64455.75378,2026-07-30 09:27:00+00:00,64496.34438954,3,-0.31487188621315276,0.4,-0.7148718862131528,-0.06297437724263055,sl,False
sfp,-1,2026-07-30 09:29:00+00:00,64481.051250000004,2026-07-30 09:33:00+00:00,64528.053900173996,4,-0.36446870253215025,0.4,-0.7644687025321503,-0.07289374050643005,sl,False
sfp,-1,2026-07-30 09:36:00+00:00,64541.14524,2026-07-30 11:17:00+00:00,64637.486722362,101,-0.7463570874343128,0.4,-1.1463570874343127,-0.14927141748686257,sl,False
sfp,1,2026-07-30 11:37:00+00:00,64614.06076,2026-07-30 11:37:00+00:00,64585.390815000006,0,-0.22185531030533,0.4,-0.62185531030533,-0.044371062061066,tp,False
sfp,-1,2026-07-30 11:39:00+00:00,64672.63209,2026-07-30 11:50:00+00:00,64715.210033916,11,-0.3291805400524872,0.4,-0.7291805400524872,-0.06583610801049744,sl,False
sfp,-1,2026-07-30 11:56:00+00:00,64800.31932,2026-07-30 12:09:00+00:00,64889.4622974,13,-0.6878282262761104,0.4,-1.0878282262761103,-0.13756564525522208,sl,False
sfp,-1,2026-07-30 12:10:00+00:00,64868.41251,2026-07-30 12:11:00+00:00,64904.266737696,1,-0.27636122350360726,0.4,-0.6763612235036073,-0.05527224470072145,sl,False
sfp,-1,2026-07-30 12:14:00+00:00,64928.306520000006,2026-07-30 12:14:00+00:00,64976.088279132,0,-0.36795784221843597,0.4,-0.767957842218436,-0.0735915684436872,sl,False
sfp,1,2026-07-30 12:32:00+00:00,64847.4841,2026-07-30 12:40:00+00:00,64807.15331653201,8,-0.3109664471007134,0.4,-0.7109664471007134,-0.06219328942014268,sl,False
sfp,1,2026-07-30 12:42:00+00:00,64872.38659,2026-07-30 12:54:00+00:00,64877.811570000005,12,0.04181270556835592,0.4,-0.3581872944316441,0.008362541113671185,tp,False
sfp,-1,2026-07-30 12:59:00+00:00,64896.00975,2026-07-30 13:00:00+00:00,64936.876518348,1,-0.31486349087894716,0.4,-0.7148634908789472,-0.06297269817578943,sl,False
sfp,-1,2026-07-30 13:01:00+00:00,64873.61199,2026-07-30 13:02:00+00:00,64870.436395,1,0.024475244267962992,0.4,-0.37552475573203703,0.0048950488535925984,tp,False
sfp,1,2026-07-30 13:12:00+00:00,64826.98205,2026-07-30 13:15:00+00:00,64780.161415992,3,-0.3611199575193069,0.4,-0.7611199575193069,-0.07222399150386138,sl,False
sfp,1,2026-07-30 13:17:00+00:00,64814.08076,2026-07-30 13:31:00+00:00,64765.76573570399,14,-0.37272012292288714,0.4,-0.7727201229228872,-0.07454402458457743,sl,False
sfp,1,2026-07-30 13:32:00+00:00,64789.57831,2026-07-30 13:33:00+00:00,64735.5747951,1,-0.416760814845929,0.4,-0.816760814845929,-0.0833521629691858,sl,False
sfp,1,2026-07-30 13:34:00+00:00,64765.07586,2026-07-30 13:35:00+00:00,64701.984874428,1,-0.48707567106365257,0.4,-0.8870756710636526,-0.09741513421273051,sl,False
sfp,1,2026-07-30 13:37:00+00:00,64733.27268,2026-07-30 13:40:00+00:00,64658.39795355601,3,-0.5783326204912287,0.4,-0.9783326204912287,-0.11566652409824574,sl,False
sfp,1,2026-07-30 13:41:00+00:00,64710.4704,2026-07-30 13:41:00+00:00,64760.273325,0,0.38481349843499935,0.4,-0.015186501565000676,0.07696269968699987,tp,False
sfp,-1,2026-07-30 13:46:00+00:00,64978.60149,2026-07-30 13:49:00+00:00,65060.813690826,3,-0.6326098049267426,0.4,-1.0326098049267425,-0.1265219609853485,sl,False
sfp,1,2026-07-30 14:12:00+00:00,64750.37439,2026-07-30 14:18:00+00:00,64668.195013751996,6,-0.6345861087460603,0.4,-1.0345861087460602,-0.12691722174921205,sl,False
sfp,1,2026-07-30 14:21:00+00:00,64632.362590000004,2026-07-30 14:28:00+00:00,64802.069145,7,1.312860525280013,0.4,0.9128605252800129,0.2625721050560026,tp,False
sfp,-1,2026-07-30 14:30:00+00:00,64744.524900000004,2026-07-30 14:55:00+00:00,64691.818535000006,25,0.4070333752653754,0.4,0.007033375265375397,0.08140667505307508,tp,False
sfp,1,2026-07-30 15:02:00+00:00,64613.56071,2026-07-30 15:04:00+00:00,64704.42891,2,0.7031666340742149,0.4,0.30316663407421485,0.14063332681484297,tp,False
sfp,-1,2026-07-30 15:24:00+00:00,64768.12254,2026-07-30 15:26:00+00:00,64691.418495,2,0.5921434958426341,0.4,0.19214349584263413,0.11842869916852683,tp,False
sfp,-1,2026-07-30 15:48:00+00:00,64705.428810000005,2026-07-30 15:52:00+00:00,64681.717525,4,0.18322485018706924,0.4,-0.21677514981293078,0.03664497003741385,tp,False
sfp,1,2026-07-30 16:32:00+00:00,64824.98185,2026-07-30 16:40:00+00:00,64782.660666042,8,-0.32642650063463563,0.4,-0.7264265006346357,-0.06528530012692713,sl,False
sfp,1,2026-07-30 16:42:00+00:00,64771.97655,2026-07-30 16:43:00+00:00,64733.375455056004,1,-0.29797681806265075,0.4,-0.6979768180626508,-0.05959536361253015,sl,False
sfp,1,2026-07-30 16:46:00+00:00,64766.77603,2026-07-30 16:55:00+00:00,64808.61849,9,0.3230241071487949,0.4,-0.0769758928512051,0.06460482142975899,tp,False
sfp,-1,2026-07-30 17:03:00+00:00,64803.71898,2026-07-30 17:11:00+00:00,64781.67752,8,0.17006323361473674,0.4,-0.22993676638526328,0.03401264672294735,tp,False
sfp,1,2026-07-30 17:15:00+00:00,64777.17707,2026-07-30 17:17:00+00:00,64795.61979,2,0.14235507654236645,0.4,-0.25764492345763357,0.02847101530847329,tp,False
sfp,-1,2026-07-30 17:26:00+00:00,64878.5115,2026-07-30 17:34:00+00:00,64828.28218,8,0.38710290078092235,0.4,-0.012897099219077668,0.07742058015618447,tp,False
sfp,1,2026-07-30 17:39:00+00:00,64843.38369,2026-07-30 17:41:00+00:00,64860.91326,2,0.1351685322577012,0.4,-0.2648314677422988,0.02703370645154024,tp,False
sfp,-1,2026-07-30 17:44:00+00:00,64923.90696,2026-07-30 17:50:00+00:00,64867.536105,6,0.4341301813115539,0.4,0.034130181311553875,0.08682603626231078,tp,False
sfp,1,2026-07-30 18:19:00+00:00,64757.475099999996,2026-07-30 18:37:00+00:00,64698.985774368004,18,-0.4516028886369372,0.4,-0.8516028886369372,-0.09032057772738744,sl,False
sfp,1,2026-07-30 18:54:00+00:00,64675.56691,2026-07-30 19:03:00+00:00,64705.428810000005,9,0.23085920562215811,0.4,-0.1691407943778419,0.04617184112443162,tp,False
sfp,-1,2026-07-30 19:08:00+00:00,64778.02155,2026-07-30 19:11:00+00:00,64835.746186325996,3,-0.4455572657574569,0.4,-0.8455572657574569,-0.08911145315149138,sl,False
sfp,-1,2026-07-30 19:13:00+00:00,64822.11714,2026-07-30 19:26:00+00:00,64854.851916708,13,-0.2524969728873172,0.4,-0.6524969728873172,-0.05049939457746344,sl,False
sfp,-1,2026-07-30 19:29:00+00:00,64848.91446,2026-07-30 19:31:00+00:00,64828.682219999995,2,0.15599520954573398,0.4,-0.24400479045426604,0.031199041909146796,tp,False
sfp,1,2026-07-30 19:51:00+00:00,64815.58091,2026-07-30 19:51:00+00:00,64809.91836,0,-0.04368201226073731,0.4,-0.44368201226073734,-0.008736402452147463,tp,False
sfp,1,2026-07-30 20:01:00+00:00,64767.67612,2026-07-30 20:01:00+00:00,64785.970754999995,0,0.1412327575726069,0.4,-0.25876724242739313,0.02824655151452138,tp,False
sfp,-1,2026-07-30 20:03:00+00:00,64882.211129999996,2026-07-30 20:08:00+00:00,64821.231475,5,0.4699258389777583,0.4,0.06992583897775828,0.09398516779555166,tp,False
sfp,1,2026-07-30 20:32:00+00:00,64745.4739,2026-07-30 20:40:00+00:00,64786.970655,8,0.3204606631198592,0.4,-0.07953933688014081,0.06409213262397184,tp,False
sfp,-1,2026-07-30 20:43:00+00:00,64842.11514,2026-07-30 20:56:00+00:00,64793.128665000004,13,0.3777365597515958,0.4,-0.02226344024840421,0.07554731195031916,tp,False
sfp,1,2026-07-30 21:01:00+00:00,64774.97685,2026-07-30 21:06:00+00:00,64734.57509508,5,-0.31186236479524565,0.4,-0.7118623647952457,-0.06237247295904913,sl,False
sfp,1,2026-07-30 21:09:00+00:00,64757.17507,2026-07-30 21:13:00+00:00,64717.58019474,4,-0.3057180553134864,0.4,-0.7057180553134864,-0.06114361106269728,sl,False
sfp,-1,2026-07-30 21:42:00+00:00,64759.92336,2026-07-30 21:43:00+00:00,64753.124664999996,1,0.05249153062003575,0.4,-0.34750846937996427,0.01049830612400715,tp,False
sfp,1,2026-07-30 21:45:00+00:00,64746.77403,2026-07-30 21:52:00+00:00,64700.485324398,7,-0.3574595514252987,0.4,-0.7574595514252987,-0.07149191028505975,sl,False
sfp,1,2026-07-30 21:56:00+00:00,64715.4709,2026-07-30 21:56:00+00:00,64683.190514052,0,-0.24940238786086422,0.4,-0.6494023878608642,-0.04988047757217284,sl,False
sfp,-1,2026-07-30 22:13:00+00:00,64898.10954,2026-07-30 22:28:00+00:00,64973.087379072,15,-0.5776581136449632,0.4,-0.9776581136449632,-0.11553162272899264,sl,False
sfp,-1,2026-07-30 22:31:00+00:00,64957.00365,2026-07-30 22:31:00+00:00,64934.242775,0,0.1751995452456412,0.4,-0.22480045475435884,0.03503990904912824,tp,False
sfp,1,2026-07-30 22:40:00+00:00,64887.98815,2026-07-30 22:40:00+00:00,64842.642667242,0,-0.3494135359319306,0.4,-0.7494135359319306,-0.06988270718638612,sl,False
sfp,1,2026-07-30 22:41:00+00:00,64873.08666,2026-07-30 22:57:00+00:00,64825.147916892,16,-0.3694809787551101,0.4,-0.7694809787551101,-0.07389619575102202,sl,False
sfp,1,2026-07-30 23:02:00+00:00,64856.38499,2026-07-30 23:05:00+00:00,64855.11384,3,-0.009799729049020378,0.4,-0.4097997290490204,-0.0019599458098040756,tp,False
sfp,-1,2026-07-30 23:09:00+00:00,64871.61219,2026-07-30 23:13:00+00:00,64919.471298,4,-0.3688755865957072,0.4,-0.7688755865957072,-0.07377511731914144,sl,False
sfp,-1,2026-07-30 23:14:00+00:00,64890.71028,2026-07-30 23:32:00+00:00,64932.775288266006,18,-0.32412195894060414,0.4,-0.7241219589406042,-0.06482439178812083,sl,False
sfp,1,2026-07-30 23:52:00+00:00,64786.478,2026-07-30 23:53:00+00:00,64701.285084414,1,-0.657489944012768,0.4,-1.0574899440127679,-0.1314979888025536,sl,False
sfp,1,2026-07-30 23:54:00+00:00,64753.4747,2026-07-31 00:51:00+00:00,64679.091743970006,57,-0.5743549390562208,0.4,-0.9743549390562208,-0.11487098781124416,sl,False
sfp,1,2026-07-31 00:54:00+00:00,64692.36859,2026-07-31 01:00:00+00:00,64724.676885,6,0.24970715792427267,0.4,-0.15029284207572735,0.049941431584854534,tp,False
sfp,-1,2026-07-31 01:04:00+00:00,64888.710479999994,2026-07-31 01:05:00+00:00,64944.4787985,1,-0.42972281377973154,0.4,-0.8297228137797316,-0.08594456275594631,sl,False
sfp,-1,2026-07-31 01:12:00+00:00,65256.37371,2026-07-31 01:35:00+00:00,65003.199669999995,23,1.9398414714638657,0.4,1.5398414714638657,0.38796829429277313,tp,False
sfp,1,2026-07-31 01:39:00+00:00,64931.4925,2026-07-31 01:43:00+00:00,64856.638467521996,4,-0.576407761441855,0.4,-0.976407761441855,-0.115281552288371,sl,False
sfp,1,2026-07-31 01:46:00+00:00,64826.882040000004,2026-07-31 01:46:00+00:00,64780.561296,0,-0.35726493811183424,0.4,-0.7572649381118343,-0.07145298762236685,sl,False
sfp,1,2026-07-31 01:52:00+00:00,64574.556809999995,2026-07-31 01:55:00+00:00,64485.549820098,3,-0.6891800292480599,0.4,-1.0891800292480598,-0.13783600584961198,sl,False
sfp,1,2026-07-31 01:56:00+00:00,64535.25288,2026-07-31 02:15:00+00:00,64424.66808888,19,-0.8567781653047168,0.4,-1.2567781653047168,-0.17135563306094337,sl,False
sfp,1,2026-07-31 02:18:00+00:00,64391.838540000004,2026-07-31 02:29:00+00:00,64340.6932872,11,-0.3971408019995404,0.4,-0.7971408019995404,-0.07942816039990808,sl,False
sfp,1,2026-07-31 02:31:00+00:00,64366.03596,2026-07-31 02:40:00+00:00,64256.518545516,9,-0.8507391580868662,0.4,-1.250739158086866,-0.17014783161737324,sl,False
sfp,1,2026-07-31 03:07:00+00:00,64210.92045,2026-07-31 03:12:00+00:00,64149.050793366005,5,-0.48176895923934815,0.4,-0.8817689592393482,-0.09635379184786963,sl,False
sfp,1,2026-07-31 03:13:00+00:00,64241.92355,2026-07-31 03:16:00+00:00,64240.875270000004,3,-0.008158846607209114,0.4,-0.40815884660720914,-0.0016317693214418227,tp,False
sfp,-1,2026-07-31 03:23:00+00:00,64340.66529,2026-07-31 03:24:00+00:00,64386.411417341995,1,-0.35549933417544644,0.4,-0.7554993341754465,-0.07109986683508929,sl,False
sfp,-1,2026-07-31 03:27:00+00:00,64368.06255,2026-07-31 04:04:00+00:00,64419.321288,37,-0.39816902955702727,0.4,-0.7981690295570273,-0.07963380591140545,sl,False
sfp,-1,2026-07-31 04:05:00+00:00,64394.65989,2026-07-31 04:07:00+00:00,64368.586215,2,0.202452152434196,0.4,-0.197547847565804,0.0404904304868392,tp,False
sfp,1,2026-07-31 04:20:00+00:00,64285.12787,2026-07-31 04:21:00+00:00,64238.72388516,1,-0.3609231744380881,0.4,-0.7609231744380881,-0.07218463488761762,sl,False
sfp,1,2026-07-31 04:25:00+00:00,64224.021759999996,2026-07-31 04:30:00+00:00,64314.117945000005,5,0.7014212325155977,0.4,0.3014212325155977,0.14028424650311955,tp,False
sfp,-1,2026-07-31 05:06:00+00:00,64375.961760000006,2026-07-31 05:26:00+00:00,64334.832839999995,20,0.319443149861931,0.4,-0.08055685013806901,0.0638886299723862,tp,False
sfp,1,2026-07-31 05:29:00+00:00,64337.4331,2026-07-31 05:34:00+00:00,64292.70768624,5,-0.3475846921844328,0.4,-0.7475846921844328,-0.06951693843688656,sl,False
sfp,1,2026-07-31 05:37:00+00:00,64289.728330000005,2026-07-31 05:46:00+00:00,64247.321305332,9,-0.3298118204071998,0.4,-0.7298118204071998,-0.06596236408143996,sl,False
sfp,1,2026-07-31 05:47:00+00:00,64264.12577,2026-07-31 05:52:00+00:00,64292.820075,5,0.22325290086966376,0.4,-0.17674709913033626,0.04465058017393275,tp,False
sfp,-1,2026-07-31 06:01:00+00:00,64303.86897,2026-07-31 06:07:00+00:00,64368.005896974,6,-0.498701928836609,0.4,-0.898701928836609,-0.0997403857673218,sl,False
sfp,-1,2026-07-31 06:08:00+00:00,64345.86477,2026-07-31 06:29:00+00:00,64384.110727296,21,-0.2971904832789196,0.4,-0.6971904832789196,-0.05943809665578392,sl,False
sfp,-1,2026-07-31 06:31:00+00:00,64407.05865,2026-07-31 06:32:00+00:00,64455.332088719995,1,-0.37475270359976776,0.4,-0.7747527035997678,-0.07495054071995355,sl,False
sfp,1,2026-07-31 06:44:00+00:00,64277.02706,2026-07-31 06:45:00+00:00,64223.628414858,1,-0.4153789276233333,0.4,-0.8153789276233333,-0.08307578552466666,sl,False
sfp,1,2026-07-31 06:48:00+00:00,64198.91925,2026-07-31 07:02:00+00:00,64160.647313598005,14,-0.2980730583092561,0.4,-0.6980730583092561,-0.059614611661851225,sl,False
sfp,1,2026-07-31 07:08:00+00:00,64119.31129,2026-07-31 07:11:00+00:00,64040.883251202,3,-0.6115789238851921,0.4,-1.011578923885192,-0.12231578477703842,sl,False
sfp,1,2026-07-31 07:32:00+00:00,63976.49701,2026-07-31 07:37:00+00:00,63904.224258468006,5,-0.5648382992952672,0.4,-0.9648382992952672,-0.11296765985905344,sl,False
sfp,1,2026-07-31 07:39:00+00:00,63954.59482,2026-07-31 07:43:00+00:00,63887.429298131996,4,-0.5251031771605907,0.4,-0.9251031771605908,-0.10502063543211815,sl,False
sfp,1,2026-07-31 08:11:00+00:00,63874.78684,2026-07-31 08:13:00+00:00,63910.058355,2,0.2760988861564284,0.4,-0.12390111384357161,0.05521977723128568,tp,False
sfp,1,2026-07-31 09:10:00+00:00,63770.176380000004,2026-07-31 09:12:00+00:00,63720.8792748,2,-0.38652163125790784,0.4,-0.7865216312579079,-0.07730432625158157,sl,False
sfp,1,2026-07-31 09:13:00+00:00,63772.376599999996,2026-07-31 09:16:00+00:00,63702.88467444001,3,-0.5448434672261082,0.4,-0.9448434672261082,-0.10896869344522164,sl,False
sfp,1,2026-07-31 09:18:00+00:00,63756.375,2026-07-31 09:20:00+00:00,63685.989744102,2,-0.5519860241269825,0.4,-0.9519860241269825,-0.1103972048253965,sl,False
sfp,1,2026-07-31 09:21:00+00:00,63711.07047,2026-07-31 09:22:00+00:00,63668.29505374801,1,-0.335698458183431,0.4,-0.735698458183431,-0.0671396916366862,sl,False
sfp,1,2026-07-31 09:33:00+00:00,63628.56222,2026-07-31 09:38:00+00:00,63695.779785,5,0.5282027650380661,0.4,0.12820276503806605,0.10564055300761321,tp,False
sfp,-1,2026-07-31 09:52:00+00:00,63693.72999,2026-07-31 10:00:00+00:00,63659.015264999995,8,0.2725128910290864,0.4,-0.12748710897091364,0.054502578205817276,tp,False
sfp,1,2026-07-31 10:07:00+00:00,63606.25999,2026-07-31 10:08:00+00:00,63651.33423,1,0.3543223576349952,0.4,-0.04567764236500482,0.07086447152699904,tp,False
sfp,-1,2026-07-31 10:23:00+00:00,63743.12505,2026-07-31 10:25:00+00:00,63780.929815236,2,-0.29653994220035784,0.4,-0.6965399422003579,-0.05930798844007157,sl,False
sfp,-1,2026-07-31 10:32:00+00:00,63793.62,2026-07-31 10:35:00+00:00,63844.648926509995,3,-0.39995321248420534,0.4,-0.7999532124842054,-0.07999064249684107,sl,False
sfp,-1,2026-07-31 10:38:00+00:00,63828.616500000004,2026-07-31 10:41:00+00:00,63862.45426686601,3,-0.26506736885012483,0.4,-0.6650673688501249,-0.053013473770024966,sl,False
sfp,-1,2026-07-31 10:45:00+00:00,63863.812979999995,2026-07-31 10:45:00+00:00,63894.763957512,0,-0.24232015023673004,0.4,-0.6423201502367301,-0.04846403004734601,sl,False
sfp,-1,2026-07-31 10:47:00+00:00,63857.51361,2026-07-31 10:53:00+00:00,63909.168277799996,6,-0.4044525450479508,0.4,-0.8044525450479508,-0.08089050900959016,sl,False
sfp,-1,2026-07-31 10:56:00+00:00,63903.609000000004,2026-07-31 11:03:00+00:00,63942.578298468,7,-0.30490686737261186,0.4,-0.7049068673726119,-0.06098137347452237,sl,False
sfp,-1,2026-07-31 11:07:00+00:00,63927.10665,2026-07-31 11:09:00+00:00,63906.79003999999,2,0.1589045012723722,0.4,-0.2410954987276278,0.03178090025447444,tp,False
sfp,1,2026-07-31 11:15:00+00:00,63888.088169999995,2026-07-31 11:15:00+00:00,63852.039917424,0,-0.28212029510160663,0.4,-0.6821202951016067,-0.05642405902032133,sl,False
sfp,1,2026-07-31 11:17:00+00:00,63866.08596999999,2026-07-31 11:23:00+00:00,63912.358125,6,0.36225920453103466,0.4,-0.03774079546896536,0.07245184090620693,tp,False
sfp,1,2026-07-31 11:34:00+00:00,63840.78344,2026-07-31 11:44:00+00:00,63805.253956488006,10,-0.2782663494831916,0.4,-0.6782663494831916,-0.055653269896638324,sl,False
sfp,1,2026-07-31 11:46:00+00:00,63837.583119999996,2026-07-31 11:47:00+00:00,63797.456296332,1,-0.3142883996138379,0.4,-0.7142883996138379,-0.06285767992276758,sl,False
sfp,1,2026-07-31 12:00:00+00:00,63785.77794,2026-07-31 12:00:00+00:00,63750.070515384,0,-0.2799011454370226,0.4,-0.6799011454370226,-0.05598022908740452,sl,False
sfp,-1,2026-07-31 12:30:00+00:00,63716.22774,2026-07-31 12:30:00+00:00,63709.67033,0,0.051457927066567155,0.4,-0.34854207293343287,0.010291585413313431,tp,False
sfp,1,2026-07-31 12:35:00+00:00,63637.06307,2026-07-31 12:36:00+00:00,63682.581105,1,0.35763777273889463,0.4,-0.04236222726110539,0.07152755454777893,tp,False
sfp,-1,2026-07-31 13:08:00+00:00,63723.627,2026-07-31 13:15:00+00:00,63774.127775099994,7,-0.3962484362354246,0.4,-0.7962484362354246,-0.07924968724708492,sl,False
sfp,-1,2026-07-31 13:20:00+00:00,63768.22254,2026-07-31 13:20:00+00:00,63741.47351,0,0.2097363618941972,0.4,-0.19026363810580282,0.04194727237883944,tp,False
sfp,-1,2026-07-31 13:23:00+00:00,63779.921370000004,2026-07-31 13:30:00+00:00,63748.574219999995,7,0.24574465855919936,0.4,-0.15425534144080066,0.04914893171183987,tp,False
sfp,1,2026-07-31 13:46:00+00:00,63509.75034,2026-07-31 13:46:00+00:00,63411.27217860601,0,-0.7752995474457625,0.4,-1.1752995474457624,-0.1550599094891525,sl,False
sfp,1,2026-07-31 13:49:00+00:00,63345.933959999995,2026-07-31 13:52:00+00:00,63248.720955354,3,-0.7673184257365184,0.4,-1.1673184257365183,-0.15346368514730369,sl,False
sfp,1,2026-07-31 13:54:00+00:00,63261.3255,2026-07-31 14:02:00+00:00,63202.634784432,8,-0.46387516467705225,0.4,-0.8638751646770523,-0.09277503293541045,sl,False
sfp,1,2026-07-31 14:10:00+00:00,62644.063780000004,2026-07-31 14:10:00+00:00,62497.646330328,0,-1.1686458447699444,0.4,-1.5686458447699443,-0.23372916895398888,sl,False
sfp,1,2026-07-31 14:11:00+00:00,62581.357509999994,2026-07-31 17:19:00+00:00,62954.20395,188,2.978893833842089,0.4,2.578893833842089,0.5957787667684178,tp,False
sfp,-1,2026-07-31 17:28:00+00:00,62948.50452,2026-07-31 17:31:00+00:00,63003.8967597,3,-0.43998058510186233,0.4,-0.8399805851018624,-0.08799611702037247,sl,False
sfp,-1,2026-07-31 17:35:00+00:00,63031.6962,2026-07-31 17:37:00+00:00,63078.9192612,2,-0.3745977345283036,0.4,-0.7745977345283036,-0.07491954690566072,sl,False
sfp,-1,2026-07-31 17:39:00+00:00,63033.496020000006,2026-07-31 17:47:00+00:00,63097.724901576,8,-0.5094821454582066,0.4,-0.9094821454582066,-0.10189642909164132,sl,False
sfp,-1,2026-07-31 17:50:00+00:00,63091.29024,2026-07-31 17:51:00+00:00,63141.93816245999,1,-0.4013860096007127,0.4,-0.8013860096007127,-0.08027720192014254,sl,False
sfp,-1,2026-07-31 17:58:00+00:00,63230.17635,2026-07-31 18:13:00+00:00,63133.662735,15,0.7631926761185182,0.4,0.36319267611851813,0.15263853522370363,tp,False
sfp,1,2026-07-31 18:19:00+00:00,63124.311799999996,2026-07-31 18:27:00+00:00,63060.97729159801,8,-0.5016649417315944,0.4,-0.9016649417315944,-0.10033298834631887,sl,False
sfp,1,2026-07-31 18:31:00+00:00,63074.206790000004,2026-07-31 18:38:00+00:00,62998.795950354004,7,-0.5977945937320484,0.4,-0.9977945937320484,-0.11955891874640967,sl,False
sfp,1,2026-07-31 18:42:00+00:00,62952.794649999996,2026-07-31 18:48:00+00:00,63043.744995,6,0.7223694000056957,0.4,0.3223694000056957,0.14447388000113914,tp,False
sfp,-1,2026-07-31 18:50:00+00:00,63050.59431,2026-07-31 18:52:00+00:00,63108.9282618,2,-0.4625963675551903,0.4,-0.8625963675551903,-0.09251927351103806,sl,False
sfp,-1,2026-07-31 18:55:00+00:00,63100.58931,2026-07-31 19:04:00+00:00,63028.852255000005,9,0.5684341127748516,0.4,0.16843411277485154,0.11368682255497031,tp,False
sfp,1,2026-07-31 19:25:00+00:00,63013.400709999994,2026-07-31 19:30:00+00:00,62976.60260991,5,-0.29198630509841283,0.4,-0.6919863050984129,-0.05839726101968257,sl,False
sfp,1,2026-07-31 19:31:00+00:00,62999.2993,2026-07-31 19:31:00+00:00,62961.607109610006,0,-0.29914769536171226,0.4,-0.6991476953617123,-0.05982953907234245,sl,False
sfp,1,2026-07-31 19:33:00+00:00,63001.19949,2026-07-31 19:34:00+00:00,62947.811249334,1,-0.4237081285609068,0.4,-0.8237081285609068,-0.08474162571218136,sl,False
sfp,1,2026-07-31 19:35:00+00:00,62985.69794,2026-07-31 19:36:00+00:00,62925.717878892,1,-0.47614032288040287,0.4,-0.8761403228804029,-0.09522806457608057,sl,False
sfp,1,2026-07-31 19:37:00+00:00,62957.39511,2026-07-31 19:40:00+00:00,62912.721778631996,3,-0.3547901822331667,0.4,-0.7547901822331667,-0.07095803644663334,sl,False
sfp,1,2026-07-31 19:43:00+00:00,62934.49282,2026-07-31 19:45:00+00:00,62975.85178499999,2,0.3285874180180004,0.4,-0.07141258198199962,0.06571748360360008,tp,False
sfp,-1,2026-07-31 19:48:00+00:00,63007.398629999996,2026-07-31 19:59:00+00:00,62966.946065000004,11,0.3210144037015805,0.4,-0.0789855962984195,0.0642028807403161,tp,False
sfp,1,2026-07-31 20:07:00+00:00,62935.79295,2026-07-31 20:15:00+00:00,62970.752295000006,8,0.27773817855747396,0.4,-0.12226182144252606,0.05554763571149479,tp,False
sfp,-1,2026-07-31 20:17:00+00:00,62968.602510000004,2026-07-31 20:24:00+00:00,62960.19539,7,0.06675644420300886,0.4,-0.33324355579699116,0.013351288840601772,tp,False
sfp,1,2026-07-31 20:37:00+00:00,62959.19529,2026-07-31 20:41:00+00:00,62965.652805,4,0.05128333494619497,0.4,-0.34871666505380505,0.010256666989238994,tp,False
sfp,1,2026-07-31 20:42:00+00:00,62974.2968,2026-07-31 20:42:00+00:00,62957.053665,0,-0.13690613374184313,0.4,-0.5369061337418432,-0.027381226748368626,tp,False
sfp,1,2026-07-31 20:55:00+00:00,62933.2927,2026-07-31 21:01:00+00:00,62882.730778032,6,-0.4017104444942188,0.4,-0.8017104444942188,-0.08034208889884376,sl,False
sfp,-1,2026-07-31 21:20:00+00:00,62975.60181,2026-07-31 21:46:00+00:00,63025.10312012399,26,-0.3930197465467078,0.4,-0.7930197465467078,-0.07860394930934156,sl,False
sfp,-1,2026-07-31 21:49:00+00:00,63014.6979,2026-07-31 21:50:00+00:00,62999.19929,1,0.12297615093387337,0.4,-0.27702384906612665,0.024595230186774675,tp,False
sfp,1,2026-07-31 22:00:00+00:00,62931.09248,2026-07-31 22:00:00+00:00,62877.13245792,0,-0.4287230679901888,0.4,-0.8287230679901888,-0.08574461359803776,sl,False
sfp,1,2026-07-31 22:04:00+00:00,62893.488719999994,2026-07-31 22:05:00+00:00,62943.705,1,0.3992168428084142,0.4,-0.0007831571915858371,0.07984336856168284,tp,False
sfp,1,2026-07-31 22:32:00+00:00,62973.39671,2026-07-31 22:35:00+00:00,62940.213529182,3,-0.2634698344985975,0.4,-0.6634698344985975,-0.0526939668997195,sl,False
sfp,1,2026-07-31 22:37:00+00:00,62909.2903,2026-07-31 23:04:00+00:00,62939.255445,27,0.23816152476929808,0.4,-0.16183847523070194,0.04763230495385962,tp,False
sfp,-1,2026-07-31 23:10:00+00:00,62954.50392,2026-07-31 23:11:00+00:00,62985.491239332,1,-0.24610883576636766,0.4,-0.6461088357663677,-0.04922176715327353,sl,False
sfp,-1,2026-07-31 23:20:00+00:00,62974.20195,2026-07-31 23:31:00+00:00,62949.644335,11,0.19498154990121863,0.4,-0.2050184500987814,0.038996309980243726,tp,False
sfp,1,2026-07-31 23:37:00+00:00,62949.2943,2026-07-31 23:44:00+00:00,62917.12045872,7,-0.255553629613936,0.4,-0.655553629613936,-0.051110725922787204,sl,False
sfp,1,2026-07-31 23:49:00+00:00,62874.2868,2026-07-31 23:50:00+00:00,62839.743677172,1,-0.2746999177730691,0.4,-0.6746999177730691,-0.054939983554613825,sl,False
sfp,1,2026-07-31 23:55:00+00:00,62846.484019999996,2026-08-01 00:01:00+00:00,62889.26044500001,6,0.3403247267292908,0.4,-0.059675273270709206,0.06806494534585816,tp,False
sfp,-1,2026-08-01 00:04:00+00:00,62927.50662,2026-08-01 00:25:00+00:00,62962.184248866004,21,-0.2755363332239691,0.4,-0.6755363332239691,-0.05510726664479382,sl,False
sfp,-1,2026-08-01 00:29:00+00:00,62964.502920000006,2026-08-01 00:32:00+00:00,62944.79385,3,0.15650937501282547,0.4,-0.24349062498717455,0.031301875002565094,tp,False
sfp,-1,2026-08-01 00:48:00+00:00,62974.10196,2026-08-01 00:52:00+00:00,62953.894759999996,4,0.16044055707886695,0.4,-0.23955944292113307,0.03208811141577339,tp,False
sfp,1,2026-08-01 00:59:00+00:00,62912.390609999995,2026-08-01 01:15:00+00:00,62943.80499,16,0.249667670354059,0.4,-0.150332329645941,0.0499335340708118,tp,False
sfp,-1,2026-08-01 01:17:00+00:00,62941.50522000001,2026-08-01 01:19:00+00:00,62932.642635,2,0.07040334489166744,0.4,-0.3295966551083326,0.014080668978333488,tp,False
sfp,-1,2026-08-01 01:25:00+00:00,62905.608810000005,2026-08-01 01:25:00+00:00,62940.443415,0,-0.27687996077752075,0.4,-0.6768799607775208,-0.05537599215550415,tp,False
sfp,1,2026-08-01 01:26:00+00:00,62937.89316,2026-08-01 01:27:00+00:00,62887.729278132,1,-0.3985189156274771,0.4,-0.7985189156274771,-0.07970378312549542,sl,False
sfp,1,2026-08-01 01:30:00+00:00,62930.2924,2026-08-01 01:40:00+00:00,62922.357135,10,-0.06304805442158834,0.4,-0.46304805442158836,-0.012609610884317668,tp,False
sfp,-1,2026-08-01 02:15:00+00:00,62985.80079,2026-08-01 02:15:00+00:00,63023.702700096,0,-0.30087662314848274,0.4,-0.7008766231484828,-0.06017532462969655,sl,False
sfp,-1,2026-08-01 02:17:00+00:00,62998.79949,2026-08-01 02:20:00+00:00,63038.907260399996,3,-0.3183217039426367,0.4,-0.7183217039426367,-0.06366434078852734,sl,False
sfp,-1,2026-08-01 02:30:00+00:00,63031.096260000006,2026-08-01 02:48:00+00:00,63078.819231198,18,-0.3785668822984256,0.4,-0.7785668822984256,-0.07571337645968512,sl,False
sfp,1,2026-08-01 02:51:00+00:00,63045.70394,2026-08-01 03:04:00+00:00,63014.09136066,13,-0.2507116057430814,0.4,-0.6507116057430814,-0.050142321148616276,sl,False
sfp,1,2026-08-01 03:08:00+00:00,63032.40261,2026-08-01 03:10:00+00:00,62989.798650174,2,-0.33795284696347405,0.4,-0.7379528469634741,-0.06759056939269481,sl,False
sfp,-1,2026-08-01 04:21:00+00:00,62993.7,2026-08-01 04:24:00+00:00,63028.604170194,3,-0.2770449282547549,0.4,-0.6770449282547549,-0.05540898565095098,sl,False
sfp,-1,2026-08-01 04:25:00+00:00,63013.997970000004,2026-08-01 04:42:00+00:00,63042.108220464,17,-0.22304766694358769,0.4,-0.6230476669435877,-0.04460953338871754,sl,False
sfp,-1,2026-08-01 04:49:00+00:00,63029.39643,2026-08-01 04:49:00+00:00,63060.513740832,0,-0.24684760282100981,0.4,-0.6468476028210098,-0.04936952056420196,sl,False
sfp,-1,2026-08-01 04:56:00+00:00,63057.59361,2026-08-01 05:02:00+00:00,63051.80455,6,0.04590295687312285,0.4,-0.3540970431268772,0.00918059137462457,tp,False
sfp,-1,2026-08-01 05:06:00+00:00,63068.79249,2026-08-01 05:10:00+00:00,63100.92586164,4,-0.25474858778284926,0.4,-0.6547485877828493,-0.05094971755656985,sl,False
sfp,-1,2026-08-01 05:13:00+00:00,63093.69,2026-08-01 05:16:00+00:00,63074.606830000004,3,0.15122883128249054,0.4,-0.24877116871750948,0.030245766256498108,tp,False
sfp,-1,2026-08-01 06:02:00+00:00,62996.19975,2026-08-01 06:04:00+00:00,62996.599030000005,2,-0.0031690800523787033,0.4,-0.4031690800523787,-0.0006338160104757407,tp,False
sfp,1,2026-08-01 06:07:00+00:00,62980.09738,2026-08-01 06:12:00+00:00,62985.650805,5,0.04408872986083612,0.4,-0.3559112701391639,0.008817745972167224,tp,False
sfp,1,2026-08-01 07:30:00+00:00,63046.20399,2026-08-01 07:32:00+00:00,63017.790250734004,2,-0.22534060314327586,0.4,-0.6253406031432759,-0.04506812062865517,sl,False
sfp,1,2026-08-01 07:34:00+00:00,63019.70134,2026-08-01 08:01:00+00:00,63036.59571,27,0.13404038452080602,0.4,-0.265959615479194,0.026808076904161204,tp,False
sfp,1,2026-08-01 08:47:00+00:00,63076.106980000004,2026-08-01 08:47:00+00:00,63064.6929,0,-0.09047863403827128,0.4,-0.4904786340382713,-0.018095726807654255,tp,False
sfp,1,2026-08-01 09:20:00+00:00,63083.3077,2026-08-01 09:48:00+00:00,63051.480141408,28,-0.2522660887041561,0.4,-0.6522660887041561,-0.050453217740831224,sl,False
sfp,1,2026-08-01 09:58:00+00:00,63045.10388,2026-08-01 10:00:00+00:00,63045.444825,2,0.0027039768277781207,0.4,-0.3972960231722219,0.0005407953655556241,tp,False
sfp,-1,2026-08-01 10:01:00+00:00,63038.09556,2026-08-01 10:01:00+00:00,63053.60473,0,-0.12301426512195679,0.4,-0.5230142651219568,-0.024602853024391358,tp,False
sfp,-1,2026-08-01 10:45:00+00:00,63031.59621,2026-08-01 10:47:00+00:00,63020.10138,2,0.09118307873490217,0.4,-0.30881692126509785,0.018236615746980434,tp,False
sfp,-1,2026-08-01 11:16:00+00:00,63020.79729,2026-08-01 11:16:00+00:00,63027.652135,0,-0.054385578212023944,0.4,-0.45438557821202397,-0.010877115642404789,tp,False
sfp,1,2026-08-01 11:20:00+00:00,63028.3022,2026-08-01 11:20:00+00:00,63016.947675,0,-0.09007481245459914,0.4,-0.49007481245459916,-0.018014962490919828,tp,False
sfp,-1,2026-08-01 12:09:00+00:00,63076.59171,2026-08-01 12:34:00+00:00,63072.10658,25,0.03555304652969049,0.4,-0.36444695347030953,0.007110609305938098,tp,False
sfp,-1,2026-08-01 12:42:00+00:00,63065.59281,2026-08-01 13:15:00+00:00,63070.006369999996,33,-0.0349918220327039,0.4,-0.4349918220327039,-0.00699836440654078,tp,False
sfp,1,2026-08-01 15:39:00+00:00,63033.402709999995,2026-08-01 15:49:00+00:00,63004.59421047001,10,-0.22851772466203624,0.4,-0.6285177246620363,-0.04570354493240725,sl,False
sfp,-1,2026-08-01 16:39:00+00:00,62963.703,2026-08-01 16:42:00+00:00,62952.944665,3,0.08543283262740786,0.4,-0.31456716737259216,0.017086566525481572,tp,False
sfp,1,2026-08-01 17:15:00+00:00,62873.986769999996,2026-08-01 17:17:00+00:00,62814.65120667,2,-0.47186099035717577,0.4,-0.8718609903571758,-0.09437219807143515,sl,False
sfp,1,2026-08-01 17:19:00+00:00,62850.08438,2026-08-01 17:25:00+00:00,62798.556036348,6,-0.4099305845036705,0.4,-0.8099305845036705,-0.0819861169007341,sl,False
sfp,1,2026-08-01 17:34:00+00:00,62779.47732,2026-08-01 17:34:00+00:00,62740.17355518,0,-0.3130303603808282,0.4,-0.7130303603808282,-0.06260607207616564,sl,False
sfp,1,2026-08-01 17:38:00+00:00,62726.272,2026-08-01 17:42:00+00:00,62783.371035000004,4,0.4551444967111351,0.4,0.05514449671113508,0.09102889934222702,tp,False
sfp,1,2026-08-01 17:53:00+00:00,62663.76575,2026-08-01 18:01:00+00:00,62614.511262666005,8,-0.39300612359061127,0.4,-0.7930061235906113,-0.07860122471812225,sl,False
sfp,1,2026-08-01 18:03:00+00:00,62642.563630000004,2026-08-01 18:03:00+00:00,62583.020712036,0,-0.47525926872737934,0.4,-0.8752592687273794,-0.09505185374547587,sl,False
sfp,1,2026-08-01 18:04:00+00:00,62619.96137,2026-08-01 18:06:00+00:00,62695.029870000006,2,0.5993975272233776,0.4,0.19939752722337756,0.11987950544467552,tp,False
sfp,1,2026-08-01 18:19:00+00:00,62583.35771,2026-08-01 18:20:00+00:00,62549.730701370005,1,-0.2686577539177115,0.4,-0.6686577539177115,-0.0537315507835423,sl,False
sfp,1,2026-08-01 18:22:00+00:00,62562.15559,2026-08-01 18:30:00+00:00,62445.162079278,8,-0.9350182200300039,0.4,-1.3350182200300038,-0.18700364400600078,sl,False
sfp,-1,2026-08-01 19:01:00+00:00,62536.94568,2026-08-01 20:21:00+00:00,62611.679121858,80,-0.5975143256948812,0.4,-0.9975143256948812,-0.11950286513897623,sl,False
sfp,1,2026-08-01 20:41:00+00:00,62576.457019999994,2026-08-01 20:48:00+00:00,62572.94208,7,-0.028085163073954256,0.4,-0.4280851630739543,-0.005617032614790851,tp,False
sfp,-1,2026-08-01 20:54:00+00:00,62598.93948,2026-08-01 21:00:00+00:00,62652.491362673994,6,-0.42773793868422505,0.4,-0.8277379386842251,-0.08554758773684501,sl,False
sfp,-1,2026-08-01 21:33:00+00:00,62759.423429999995,2026-08-01 21:34:00+00:00,62793.733725498,1,-0.27334775897258634,0.4,-0.6733477589725864,-0.05466955179451727,sl,False
sfp,-1,2026-08-01 22:01:00+00:00,62783.42103,2026-08-01 22:02:00+00:00,62774.726845,1,0.06923949712650534,0.4,-0.3307605028734947,0.013847899425301069,tp,False
sfp,-1,2026-08-01 22:06:00+00:00,62793.72,2026-08-01 22:11:00+00:00,62838.8472564,5,-0.3593293756126714,0.4,-0.7593293756126714,-0.07186587512253428,sl,False
sfp,-1,2026-08-01 22:12:00+00:00,62805.91878,2026-08-01 23:11:00+00:00,62797.17909,59,0.06957696161263849,0.4,-0.33042303838736153,0.013915392322527698,tp,False
sfp,1,2026-08-01 23:14:00+00:00,62784.17779,2026-08-01 23:16:00+00:00,62753.269625442,2,-0.24614612826007187,0.4,-0.6461461282600719,-0.049229225652014375,sl,False
sfp,1,2026-08-01 23:22:00+00:00,62759.17529,2026-08-01 23:36:00+00:00,62782.771095000004,14,0.1879868950712682,0.4,-0.21201310492873182,0.03759737901425364,tp,False
sfp,-1,2026-08-02 00:07:00+00:00,62864.312939999996,2026-08-02 00:10:00+00:00,62902.56636767399,3,-0.30425392313204735,0.4,-0.7042539231320474,-0.06085078462640947,sl,False
sfp,1,2026-08-02 00:31:00+00:00,62864.18579,2026-08-02 00:35:00+00:00,62831.546137008,4,-0.2596045155268123,0.4,-0.6596045155268123,-0.05192090310536246,sl,False
sfp,1,2026-08-02 00:41:00+00:00,62841.2835,2026-08-02 00:52:00+00:00,62802.554836428004,11,-0.3081466626313478,0.4,-0.7081466626313478,-0.061629332526269565,sl,False
sfp,1,2026-08-02 00:57:00+00:00,62813.88076,2026-08-02 01:04:00+00:00,62833.81599,7,0.15868490975878835,0.4,-0.24131509024121167,0.03173698195175767,tp,False
sfp,1,2026-08-02 02:40:00+00:00,63354.3348,2026-08-02 02:41:00+00:00,63298.905896358,1,-0.43745154784574636,0.4,-0.8374515478457464,-0.08749030956914927,sl,False
sfp,1,2026-08-02 02:43:00+00:00,63345.73394,2026-08-02 02:48:00+00:00,63407.55861,5,0.4879939512466569,0.4,0.08799395124665688,0.09759879024933138,tp,False
sfp,-1,2026-08-02 02:56:00+00:00,63418.95747,2026-08-02 03:09:00+00:00,63375.186885,13,0.3450907011575133,0.4,-0.05490929884248674,0.06901814023150266,tp,False
sfp,1,2026-08-02 03:14:00+00:00,63384.63783,2026-08-02 03:19:00+00:00,63405.6588,5,0.16582069977566505,0.4,-0.23417930022433497,0.03316413995513301,tp,False
sfp,1,2026-08-02 03:55:00+00:00,63423.74174,2026-08-02 04:00:00+00:00,63444.85488,5,0.16644508366092658,0.4,-0.23355491633907344,0.03328901673218532,tp,False
sfp,-1,2026-08-02 04:03:00+00:00,63476.95167,2026-08-02 04:04:00+00:00,63519.051269999996,1,-0.33161327767328164,0.4,-0.7316132776732817,-0.06632265553465633,sl,False
sfp,-1,2026-08-02 04:06:00+00:00,63492.550110000004,2026-08-02 04:55:00+00:00,63542.658350472,49,-0.3945993694156602,0.4,-0.7945993694156602,-0.07891987388313204,sl,False
sfp,-1,2026-08-02 05:02:00+00:00,63591.140250000004,2026-08-02 05:02:00+00:00,63556.354999999996,0,0.2735070472337231,0.4,-0.12649295276627692,0.05470140944674462,tp,False
sfp,1,2026-08-02 05:10:00+00:00,63468.84625,2026-08-02 05:11:00+00:00,63436.664559114004,1,-0.2535235220696985,0.4,-0.6535235220696985,-0.050704704413939705,sl,False
sfp,1,2026-08-02 05:14:00+00:00,63467.74614,2026-08-02 05:35:00+00:00,63415.670858694,21,-0.4102499653220182,0.4,-0.8102499653220182,-0.08204999306440364,sl,False
sfp,1,2026-08-02 05:40:00+00:00,63424.64183,2026-08-02 05:42:00+00:00,63378.681957954,2,-0.36231873543085547,0.4,-0.7623187354308555,-0.07246374708617109,sl,False
sfp,1,2026-08-02 05:43:00+00:00,63399.93936,2026-08-02 06:00:00+00:00,63425.606804999996,17,0.2024248387230143,0.4,-0.1975751612769857,0.04048496774460286,tp,False
sfp,1,2026-08-02 06:17:00+00:00,63426.342,2026-08-02 06:25:00+00:00,63431.856179999995,8,0.043469163017451073,0.4,-0.35653083698254895,0.008693832603490215,tp,False
sfp,-1,2026-08-02 06:31:00+00:00,63457.75359,2026-08-02 06:39:00+00:00,63442.443609999995,8,0.12063127934630602,0.4,-0.279368720653694,0.024126255869261204,tp,False
sfp,1,2026-08-02 07:10:00+00:00,63464.24579,2026-08-02 07:23:00+00:00,63458.25354,13,-0.0472096526588639,0.4,-0.4472096526588639,-0.00944193053177278,tp,False
sfp,-1,2026-08-02 07:25:00+00:00,63453.55401,2026-08-02 07:38:00+00:00,63488.04196938,13,-0.27175750766117446,0.4,-0.6717575076611745,-0.05435150153223489,sl,False
sfp,-1,2026-08-02 07:44:00+00:00,63498.34953,2026-08-02 07:45:00+00:00,63491.898555,1,0.05079639902255684,0.4,-0.3492036009774432,0.010159279804511367,tp,False
sfp,1,2026-08-02 07:48:00+00:00,63476.24699,2026-08-02 08:04:00+00:00,63480.25134,16,0.031542113703042496,0.4,-0.3684578862969575,0.006308422740608499,tp,False
sfp,-1,2026-08-02 08:13:00+00:00,63479.451420000005,2026-08-02 08:13:00+00:00,63481.347499999996,0,-0.014934596610172157,0.4,-0.4149345966101722,-0.0029869193220344314,tp,False
sfp,-1,2026-08-02 08:14:00+00:00,63463.75299,2026-08-02 08:14:00+00:00,63487.04807,0,-0.18353058952935708,0.4,-0.5835305895293571,-0.036706117905871416,tp,False
sfp,1,2026-08-02 08:20:00+00:00,63466.84605,2026-08-02 08:20:00+00:00,63433.365549048,0,-0.26376370527081416,0.4,-0.6637637052708142,-0.05275274105416283,sl,False
sfp,1,2026-08-02 08:38:00+00:00,63326.23199,2026-08-02 08:38:00+00:00,63294.607186272,0,-0.24969750081604847,0.4,-0.6496975008160485,-0.049939500163209694,sl,False
sfp,1,2026-08-02 08:42:00+00:00,63231.122480000005,2026-08-02 08:57:00+00:00,63168.34507374601,15,-0.4964122396676762,0.4,-0.8964122396676762,-0.09928244793353524,sl,False
sfp,1,2026-08-02 09:06:00+00:00,63127.3121,2026-08-02 09:07:00+00:00,63138.335535000006,1,0.08731113866011775,0.4,-0.3126888613398823,0.01746222773202355,tp,False
sfp,-1,2026-08-02 09:13:00+00:00,63238.47552000001,2026-08-02 09:25:00+00:00,63283.280555286,12,-0.35425454928794675,0.4,-0.7542545492879468,-0.07085090985758935,sl,False
sfp,-1,2026-08-02 09:27:00+00:00,63240.17535,2026-08-02 09:35:00+00:00,63307.387785768,8,-0.5314061464568587,0.4,-0.9314061464568587,-0.10628122929137174,sl,False
sfp,-1,2026-08-02 09:36:00+00:00,63264.872879999995,2026-08-02 09:39:00+00:00,63257.42511,3,0.05886181115172251,0.4,-0.3411381888482775,0.011772362230344502,tp,False
sfp,1,2026-08-02 09:54:00+00:00,63255.72494,2026-08-02 10:03:00+00:00,63211.0322646,9,-0.3532698063486994,0.4,-0.7532698063486994,-0.07065396126973988,sl,False
sfp,1,2026-08-02 10:16:00+00:00,63188.418209999996,2026-08-02 10:16:00+00:00,63207.47862,0,0.15082202197769234,0.4,-0.24917797802230768,0.03016440439553847,tp,False
sfp,1,2026-08-02 10:25:00+00:00,63135.3129,2026-08-02 10:37:00+00:00,63177.631604999995,12,0.33514291017311404,0.4,-0.06485708982688598,0.06702858203462281,tp,False
sfp,1,2026-08-02 11:03:00+00:00,63166.01596999999,2026-08-02 11:09:00+00:00,63132.155933022,6,-0.26802416186955114,0.4,-0.6680241618695512,-0.05360483237391023,sl,False
sfp,-1,2026-08-02 11:18:00+00:00,63169.78239,2026-08-02 11:19:00+00:00,63149.71433999999,1,0.1588421650411398,0.4,-0.24115783495886023,0.03176843300822796,tp,False
sfp,1,2026-08-02 11:24:00+00:00,63117.511119999996,2026-08-02 11:26:00+00:00,63141.78519,2,0.19229267416653872,0.4,-0.2077073258334613,0.038458534833307745,tp,False
sfp,1,2026-08-02 11:45:00+00:00,63100.909459999995,2026-08-02 11:45:00+00:00,63114.037964999996,0,0.10402785880858634,0.4,-0.2959721411914137,0.020805571761717268,tp,False
sfp,1,2026-08-02 11:46:00+00:00,63133.01267,2026-08-02 11:46:00+00:00,63116.83768499999,0,-0.12810243259381293,0.4,-0.528102432593813,-0.025620486518762586,tp,False
sfp,1,2026-08-02 11:57:00+00:00,62990.2984,2026-08-02 12:00:00+00:00,63064.29294,3,0.5873487019391055,0.4,0.18734870193910547,0.1174697403878211,tp,False
sfp,-1,2026-08-02 12:19:00+00:00,63144.6849,2026-08-02 12:23:00+00:00,63212.659373874,4,-0.5382438282940383,0.4,-0.9382438282940383,-0.10764876565880765,sl,False
sfp,-1,2026-08-02 12:24:00+00:00,63183.78099,2026-08-02 12:37:00+00:00,63136.012969999996,13,0.37800855893355134,0.4,-0.02199144106644868,0.07560171178671027,tp,False
sfp,1,2026-08-02 13:18:00+00:00,63058.70524,2026-08-02 13:18:00+00:00,63023.488540848004,0,-0.27923741074259434,0.4,-0.6792374107425944,-0.05584748214851887,sl,False
sfp,1,2026-08-02 13:41:00+00:00,63040.60343,2026-08-02 13:41:00+00:00,63036.59571,0,-0.031786815020362624,0.4,-0.43178681502036265,-0.006357363004072525,tp,False
sfp,-1,2026-08-02 13:49:00+00:00,63087.99057,2026-08-02 14:06:00+00:00,63041.3035,17,0.37001550991072607,0.4,-0.029984490089273952,0.07400310198214521,tp,False
sfp,1,2026-08-02 14:07:00+00:00,63044.90386,2026-08-02 14:15:00+00:00,63068.442525,8,0.18668174236791124,0.4,-0.21331825763208878,0.03733634847358225,tp,False
sfp,-1,2026-08-02 14:18:00+00:00,63090.6903,2026-08-02 14:18:00+00:00,63122.132222064,0,-0.24918036174981228,0.4,-0.6491803617498123,-0.04983607234996246,sl,False
sfp,-1,2026-08-02 15:17:00+00:00,63089.19045,2026-08-02 15:33:00+00:00,63127.733902176005,16,-0.30546795656338777,0.4,-0.7054679565633878,-0.06109359131267755,sl,False
sfp,-1,2026-08-02 16:12:00+00:00,63082.09116,2026-08-02 16:15:00+00:00,63078.90726,3,0.025236164032105268,0.4,-0.37476383596789475,0.005047232806421054,tp,False
sfp,-1,2026-08-02 16:36:00+00:00,63139.88538,2026-08-02 16:39:00+00:00,63184.550943311995,3,-0.35370323404282367,0.4,-0.7537032340428237,-0.07074064680856473,sl,False
sfp,-1,2026-08-02 16:41:00+00:00,63166.18275,2026-08-02 16:42:00+00:00,63216.160423944,1,-0.39560467142518707,0.4,-0.7956046714251871,-0.07912093428503741,sl,False
sfp,1,2026-08-02 17:04:00+00:00,63173.11668,2026-08-02 17:23:00+00:00,63199.929375,19,0.21221602169652076,0.4,-0.18778397830347926,0.04244320433930415,tp,False
sfp,1,2026-08-02 18:32:00+00:00,63276.22699,2026-08-02 18:32:00+00:00,63281.121255,0,0.03867380557287525,0.4,-0.36132619442712477,0.0077347611145750506,tp,False
sfp,1,2026-08-02 19:02:00+00:00,63361.435509999996,2026-08-02 19:04:00+00:00,63317.50031673,2,-0.34670295043315313,0.4,-0.7467029504331532,-0.06934059008663063,sl,False
sfp,1,2026-08-02 19:05:00+00:00,63337.93316,2026-08-02 19:29:00+00:00,63303.80442645601,24,-0.2694178025811067,0.4,-0.6694178025811067,-0.05388356051622134,sl,False
sfp,-1,2026-08-02 19:48:00+00:00,63401.6592,2026-08-02 19:48:00+00:00,63449.430388608,0,-0.3767345303795633,0.4,-0.7767345303795633,-0.07534690607591266,sl,False
sfp,-1,2026-08-02 19:49:00+00:00,63415.95777,2026-08-02 19:50:00+00:00,63462.53431887,1,-0.36723050875397956,0.4,-0.7672305087539796,-0.07344610175079591,sl,False
sfp,-1,2026-08-02 19:52:00+00:00,63427.85658,2026-08-02 20:16:00+00:00,63473.037469079994,24,-0.3561596711297854,0.4,-0.7561596711297854,-0.07123193422595708,sl,False
sfp,-1,2026-08-02 20:48:00+00:00,63458.85348,2026-08-02 21:02:00+00:00,63502.346259666,14,-0.3426848838334884,0.4,-0.7426848838334884,-0.06853697676669768,sl,False
sfp,-1,2026-08-02 21:31:00+00:00,63523.14705,2026-08-02 21:32:00+00:00,63517.501115,1,0.044439981819188734,0.4,-0.3555600181808113,0.008887996363837747,tp,False
sfp,-1,2026-08-02 21:37:00+00:00,63520.647300000004,2026-08-02 21:37:00+00:00,63525.75194,0,-0.040180950737878085,0.4,-0.4401809507378781,-0.008036190147575617,tp,False
sfp,-1,2026-08-02 21:46:00+00:00,63742.825079999995,2026-08-02 21:50:00+00:00,63632.062569999995,4,0.8688233527537337,0.4,0.46882335275373366,0.17376467055074674,tp,False
sfp,-1,2026-08-02 22:11:00+00:00,63708.528510000004,2026-08-02 22:11:00+00:00,63768.426064986,0,-0.470090554489877,0.4,-0.870090554489877,-0.0940181108979754,sl,False
sfp,-1,2026-08-02 22:13:00+00:00,63710.928270000004,2026-08-02 22:19:00+00:00,63647.21408500001,6,0.5000255586449787,0.4,0.10002555864497864,0.10000511172899573,tp,False
sfp,1,2026-08-02 22:30:00+00:00,63577.457109999996,2026-08-02 22:31:00+00:00,63535.135011084,1,-0.33283887748741803,0.4,-0.732838877487418,-0.0665677754974836,sl,False
sfp,1,2026-08-02 23:07:00+00:00,63370.93646,2026-08-02 23:12:00+00:00,63321.49911681,5,-0.3900632210256383,0.4,-0.7900632210256383,-0.07801264420512766,sl,False
sfp,1,2026-08-02 23:13:00+00:00,63340.333399999996,2026-08-02 23:18:00+00:00,63374.96187000001,5,0.27335244496839994,0.4,-0.12664755503160008,0.05467048899367999,tp,False
sfp,-1,2026-08-02 23:21:00+00:00,63443.85498,2026-08-02 23:27:00+00:00,63524.953040117995,6,-0.6391325065568942,0.4,-1.0391325065568942,-0.12782650131137885,sl,False
sfp,-1,2026-08-02 23:29:00+00:00,63497.049660000004,2026-08-02 23:33:00+00:00,63547.75988057399,4,-0.39931162822148814,0.4,-0.7993116282214882,-0.07986232564429763,sl,False
sfp,-1,2026-08-02 23:36:00+00:00,63530.84628,2026-08-03 00:00:00+00:00,63566.56552095,24,-0.2811173079024787,0.4,-0.6811173079024787,-0.05622346158049574,sl,False
sfp,-1,2026-08-03 00:01:00+00:00,63517.647600000004,2026-08-03 00:01:00+00:00,63509.400305,0,0.06492128811141917,0.4,-0.33507871188858085,0.012984257622283835,tp,False
sfp,-1,2026-08-03 00:02:00+00:00,63491.25024,2026-08-03 00:02:00+00:00,63506.50001499999,0,-0.12009351636910193,0.4,-0.520093516369102,-0.024018703273820385,tp,False
sfp,1,2026-08-03 00:14:00+00:00,63390.23839,2026-08-03 00:23:00+00:00,63340.893297198,9,-0.38921681046855117,0.4,-0.7892168104685512,-0.07784336209371023,sl,False
sfp,1,2026-08-03 00:24:00+00:00,63364.3358,2026-08-03 00:28:00+00:00,63324.99806688,4,-0.31040910177110304,0.4,-0.7104091017711031,-0.06208182035422061,sl,False
sfp,1,2026-08-03 00:31:00+00:00,63240.62343,2026-08-03 00:34:00+00:00,63318.517515,3,0.6158548159018729,0.4,0.21585481590187283,0.12317096318037457,tp,False
sfp,1,2026-08-03 01:02:00+00:00,63283.3277,2026-08-03 01:04:00+00:00,63316.16775,2,0.25946841919943786,0.4,-0.14053158080056216,0.05189368383988757,tp,False
sfp,1,2026-08-03 01:09:00+00:00,63231.3225,2026-08-03 01:13:00+00:00,63185.639884092,4,-0.3612340696179661,0.4,-0.7612340696179661,-0.07224681392359322,sl,False
sfp,1,2026-08-03 01:19:00+00:00,63169.3163,2026-08-03 01:26:00+00:00,63120.259502784,7,-0.3882960912781064,0.4,-0.7882960912781064,-0.07765921825562128,sl,False
sfp,1,2026-08-03 01:29:00+00:00,63143.41371,2026-08-03 02:20:00+00:00,63226.27674000001,51,0.6561494313609417,0.4,0.2561494313609417,0.13122988627218835,tp,False
sfp,1,2026-08-03 02:59:00+00:00,63116.311,2026-08-03 03:05:00+00:00,63143.28504,6,0.21368517561171085,0.4,-0.18631482438828917,0.04273703512234217,tp,False
sfp,1,2026-08-03 03:09:00+00:00,63116.61103,2026-08-03 03:19:00+00:00,63058.677981552,10,-0.4589366214582391,0.4,-0.8589366214582391,-0.09178732429164782,sl,False
sfp,1,2026-08-03 03:21:00+00:00,63081.70754,2026-08-03 03:26:00+00:00,63042.782751234,5,-0.3085267527144775,0.4,-0.7085267527144775,-0.0617053505428955,sl,False
sfp,1,2026-08-03 03:28:00+00:00,63072.80665,2026-08-03 03:32:00+00:00,63026.0877609,4,-0.37035682714459117,0.4,-0.7703568271445912,-0.07407136542891823,sl,False
sfp,1,2026-08-03 03:34:00+00:00,63038.70324,2026-08-03 03:46:00+00:00,62991.898020216,12,-0.37124193057880284,0.4,-0.7712419305788029,-0.07424838611576057,sl,False
sfp,1,2026-08-03 04:12:00+00:00,62835.78295,2026-08-03 04:15:00+00:00,62875.061864999996,3,0.31255212520586717,0.4,-0.08744787479413285,0.06251042504117343,tp,False
sfp,-1,2026-08-03 04:24:00+00:00,62928.30654,2026-08-03 04:30:00+00:00,62975.288179128,6,-0.37329495827242987,0.4,-0.7732949582724299,-0.07465899165448597,sl,False
sfp,1,2026-08-03 04:48:00+00:00,62928.992269999995,2026-08-03 04:49:00+00:00,62889.328798164,1,-0.31514466071391745,0.4,-0.7151446607139175,-0.06302893214278349,sl,False
sfp,1,2026-08-03 04:56:00+00:00,62824.68184,2026-08-03 04:57:00+00:00,62789.95861617601,1,-0.27635017645150084,0.4,-0.6763501764515009,-0.05527003529030017,sl,False
sfp,1,2026-08-03 05:01:00+00:00,62820.2814,2026-08-03 05:05:00+00:00,62754.96911547601,4,-0.5198343836453345,0.4,-0.9198343836453345,-0.1039668767290669,sl,False
sfp,1,2026-08-03 05:07:00+00:00,62772.2766,2026-08-03 06:07:00+00:00,62843.764995000005,60,0.5694264958362449,0.4,0.16942649583624492,0.11388529916724899,tp,False
sfp,-1,2026-08-03 06:08:00+00:00,62819.217450000004,2026-08-03 06:12:00+00:00,62813.78075,4,0.04327258616626528,0.4,-0.35672741383373474,0.008654517233253056,tp,False
sfp,1,2026-08-03 06:24:00+00:00,62789.878359999995,2026-08-03 06:26:00+00:00,62725.278024882005,2,-0.5144167882250583,0.4,-0.9144167882250583,-0.10288335764501166,sl,False
sfp,1,2026-08-03 06:28:00+00:00,62773.2767,2026-08-03 06:31:00+00:00,62790.820289999996,3,0.1397377269617417,0.4,-0.26026227303825833,0.02794754539234834,tp,False
sfp,1,2026-08-03 06:38:00+00:00,62732.57263,2026-08-03 06:39:00+00:00,62651.900043414,1,-0.6429880300128366,0.4,-1.0429880300128365,-0.1285976060025673,sl,False
sfp,1,2026-08-03 06:40:00+00:00,62680.16739,2026-08-03 06:42:00+00:00,62623.20865284,2,-0.4543601232396277,0.4,-0.8543601232396277,-0.09087202464792554,sl,False
sfp,1,2026-08-03 06:43:00+00:00,62646.964069999995,2026-08-03 06:45:00+00:00,62589.818672172005,2,-0.456090719449187,0.4,-0.856090719449187,-0.0912181438898374,sl,False
sfp,1,2026-08-03 06:46:00+00:00,62633.562730000005,2026-08-03 07:02:00+00:00,62566.2257517,16,-0.53754708629844,0.4,-0.93754708629844,-0.10750941725968799,sl,False
sfp,1,2026-08-03 07:03:00+00:00,62606.36001,2026-08-03 07:05:00+00:00,62611.038270000005,2,0.037362497989468224,0.4,-0.3626375020105318,0.007472499597893645,tp,False
sfp,1,2026-08-03 07:17:00+00:00,62601.75955,2026-08-03 07:23:00+00:00,62599.089465,6,-0.021325958081686025,0.4,-0.42132595808168605,-0.004265191616337205,tp,False
sfp,-1,2026-08-03 07:36:00+00:00,62633.63601,2026-08-03 07:37:00+00:00,62588.15819,1,0.363046303049841,0.4,-0.03695369695015904,0.0726092606099682,tp,False
sfp,1,2026-08-03 07:59:00+00:00,62586.057980000005,2026-08-03 08:00:00+00:00,62591.24025,1,0.041401153605624685,0.4,-0.35859884639437534,0.008280230721124937,tp,False
sfp,1,2026-08-03 08:13:00+00:00,62540.85346,2026-08-03 08:18:00+00:00,62466.955539714,5,-0.590797184541636,0.4,-0.990797184541636,-0.1181594369083272,sl,False
sfp,1,2026-08-03 08:21:00+00:00,62462.2456,2026-08-03 08:21:00+00:00,62429.366818962,0,-0.26318923312934617,0.4,-0.6631892331293462,-0.05263784662586923,sl,False
sfp,1,2026-08-03 08:23:00+00:00,62366.33601,2026-08-03 08:30:00+00:00,62281.411216002,7,-0.6808544435285002,0.4,-1.0808544435285001,-0.13617088870570004,sl,False
sfp,1,2026-08-03 08:31:00+00:00,62331.63254,2026-08-03 08:45:00+00:00,62412.85809000001,14,0.6515596230203258,0.4,0.25155962302032575,0.13031192460406515,tp,False
sfp,-1,2026-08-03 08:55:00+00:00,62447.054670000005,2026-08-03 08:56:00+00:00,62483.140569288,1,-0.28893195586798814,0.4,-0.6889319558679882,-0.05778639117359763,sl,False
sfp,-1,2026-08-03 09:02:00+00:00,62494.7499,2026-08-03 09:06:00+00:00,62560.463760834,4,-0.5257550509374376,0.4,-0.9257550509374376,-0.10515101018748751,sl,False
sfp,-1,2026-08-03 09:24:00+00:00,62611.7382,2026-08-03 09:33:00+00:00,62661.79415286,9,-0.3997329757888801,0.4,-0.7997329757888801,-0.07994659515777602,sl,False
sfp,-1,2026-08-03 09:35:00+00:00,62625.63681,2026-08-03 09:46:00+00:00,62703.006513684,11,-0.6177159037817903,0.4,-1.0177159037817902,-0.12354318075635806,sl,False
sfp,-1,2026-08-03 09:54:00+00:00,62720.12736,2026-08-03 09:55:00+00:00,62751.82115466,1,-0.2526604775376917,0.4,-0.6526604775376917,-0.050532095507538344,sl,False
sfp,1,2026-08-03 10:20:00+00:00,62768.47622,2026-08-03 10:22:00+00:00,62781.071265,2,0.10032938314330497,0.4,-0.29967061685669505,0.020065876628660995,tp,False
sfp,-1,2026-08-03 10:25:00+00:00,62758.32354,2026-08-03 10:25:00+00:00,62761.725544999994,0,-0.02710401432115539,0.4,-0.4271040143211554,-0.005420802864231078,tp,False
sfp,-1,2026-08-03 10:26:00+00:00,62742.7251,2026-08-03 10:26:00+00:00,62766.476019999995,0,-0.18927230178589216,0.4,-0.5892723017858922,-0.03785446035717843,tp,False
sfp,1,2026-08-03 10:52:00+00:00,62638.063180000005,2026-08-03 10:56:00+00:00,62670.33234,4,0.2575842735371703,0.4,-0.14241572646282974,0.05151685470743406,tp,False
sfp,1,2026-08-03 11:43:00+00:00,62673.06668,2026-08-03 11:48:00+00:00,62633.00571303601,5,-0.31960273436548725,0.4,-0.7196027343654873,-0.06392054687309745,sl,False
sfp,1,2026-08-03 11:49:00+00:00,62648.56423,2026-08-03 11:51:00+00:00,62610.21255258001,2,-0.3060858448343251,0.4,-0.7060858448343251,-0.06121716896686502,sl,False
sfp,1,2026-08-03 11:53:00+00:00,62636.263,2026-08-03 11:53:00+00:00,62595.117082278004,0,-0.32845124973368556,0.4,-0.7284512497336856,-0.06569024994673711,sl,False
sfp,1,2026-08-03 11:54:00+00:00,62624.06178,2026-08-03 11:55:00+00:00,62581.12128199801,1,-0.3428434437297567,0.4,-0.7428434437297567,-0.06856868874595134,sl,False
sfp,1,2026-08-03 12:08:00+00:00,62473.14669,2026-08-03 12:08:00+00:00,62428.567058946006,0,-0.3567903444595677,0.4,-0.7567903444595677,-0.07135806889191354,sl,False
sfp,1,2026-08-03 12:10:00+00:00,62463.84576,2026-08-03 12:15:00+00:00,62542.895085000004,5,0.6327606316759438,0.4,0.23276063167594374,0.12655212633518875,tp,False
sfp,-1,2026-08-03 12:46:00+00:00,62716.427729999996,2026-08-03 12:59:00+00:00,62663.91576499999,13,0.41864601429525417,0.4,0.018646014295254143,0.08372920285905083,tp,False
sfp,-1,2026-08-03 13:14:00+00:00,62735.625810000005,2026-08-03 13:16:00+00:00,62777.128745166,2,-0.3307764498252652,0.4,-0.7307764498252652,-0.06615528996505304,sl,False
sfp,-1,2026-08-03 13:21:00+00:00,62928.006570000005,2026-08-03 13:27:00+00:00,62813.430715,6,0.9103725133303708,0.4,0.5103725133303708,0.18207450266607417,tp,False
sfp,1,2026-08-03 13:34:00+00:00,62675.46692,2026-08-03 13:35:00+00:00,62770.32234,1,0.756718893862196,0.4,0.356718893862196,0.1513437787724392,tp,False
sfp,-1,2026-08-03 13:56:00+00:00,63205.27884,2026-08-03 13:59:00+00:00,63308.98826579999,3,-0.8204174374621953,0.4,-1.2204174374621952,-0.16408348749243906,sl,False
sfp,-1,2026-08-03 14:01:00+00:00,63181.38123,2026-08-03 14:10:00+00:00,63387.111697362,9,-1.6280940947862588,0.4,-2.0280940947862587,-0.32561881895725175,sl,False
sfp,-1,2026-08-03 14:11:00+00:00,63338.465520000005,2026-08-03 14:12:00+00:00,63417.120697962,1,-0.6209116160001971,0.4,-1.020911616000197,-0.12418232320003941,sl,False
sfp,-1,2026-08-03 14:13:00+00:00,63340.36533,2026-08-03 14:16:00+00:00,63441.928138458,3,-0.8017226292338364,0.4,-1.2017226292338363,-0.16034452584676728,sl,False
sfp,-1,2026-08-03 14:18:00+00:00,63382.961070000005,2026-08-03 14:20:00+00:00,63272.62663,2,0.8703793427870532,0.4,0.4703793427870532,0.17407586855741064,tp,False
sfp,-1,2026-08-03 14:31:00+00:00,63680.43132,2026-08-03 14:40:00+00:00,63850.75075663199,9,-1.3372980765167242,0.4,-1.737298076516724,-0.26745961530334483,sl,False
sfp,-1,2026-08-03 14:41:00+00:00,63810.01836,2026-08-03 14:55:00+00:00,63903.766657691995,14,-0.7345891766014079,0.4,-1.1345891766014078,-0.14691783532028158,sl,False
sfp,-1,2026-08-03 14:57:00+00:00,63875.211839999996,2026-08-03 14:59:00+00:00,63942.37823846399,2,-0.525762627858195,0.4,-0.9257626278581951,-0.10515252557163901,sl,False
sfp,-1,2026-08-03 15:00:00+00:00,63921.6072,2026-08-03 15:06:00+00:00,63787.978160000006,6,1.045257197475391,0.4,0.645257197475391,0.2090514394950782,tp,False
sfp,1,2026-08-03 15:19:00+00:00,63765.675930000005,2026-08-03 15:28:00+00:00,63664.19628366601,9,-0.7957231288930333,0.4,-1.1957231288930332,-0.15914462577860666,sl,False
sfp,1,2026-08-03 15:30:00+00:00,63684.86785,2026-08-03 15:38:00+00:00,63767.22264,8,0.646580520461848,0.4,0.24658052046184797,0.1293161040923696,tp,False
sfp,-1,2026-08-03 15:42:00+00:00,63832.31613,2026-08-03 15:42:00+00:00,63752.424605,0,0.6257921523424859,0.4,0.22579215234248584,0.12515843046849717,tp,False
sfp,1,2026-08-03 16:00:00+00:00,63665.86595,2026-08-03 16:02:00+00:00,63757.873575,2,0.7225820589030763,0.4,0.32258205890307623,0.14451641178061525,tp,False
sfp,-1,2026-08-03 16:05:00+00:00,63781.6212,2026-08-03 16:08:00+00:00,63718.52121499999,3,0.49465648420998765,0.4,0.09465648420998762,0.09893129684199753,tp,False
sfp,1,2026-08-03 16:44:00+00:00,63719.47131,2026-08-03 16:46:00+00:00,63797.31963,2,0.6108675919583861,0.4,0.2108675919583861,0.12217351839167723,tp,False
sfp,-1,2026-08-03 17:17:00+00:00,63811.818179999995,2026-08-03 17:23:00+00:00,63863.854686893996,6,-0.4077340873379631,0.4,-0.8077340873379631,-0.08154681746759262,sl,False
sfp,-1,2026-08-03 17:48:00+00:00,63877.71159,2026-08-03 18:13:00+00:00,63946.77955855199,25,-0.540626509879627,0.4,-0.940626509879627,-0.1081253019759254,sl,False
sfp,-1,2026-08-03 18:15:00+00:00,63928.6065,2026-08-03 18:18:00+00:00,63898.939255000005,3,0.232034191140984,0.4,-0.16796580885901602,0.0464068382281968,tp,False
sfp,1,2026-08-03 18:30:00+00:00,63824.28179,2026-08-03 18:31:00+00:00,63877.11165,1,0.41386960039613285,0.4,0.01386960039613283,0.08277392007922657,tp,False
sfp,1,2026-08-03 18:42:00+00:00,63803.17968,2026-08-03 18:46:00+00:00,63751.570065414,4,-0.4044439073792594,0.4,-0.8044439073792594,-0.08088878147585188,sl,False
sfp,1,2026-08-03 18:47:00+00:00,63777.17708,2026-08-03 18:52:00+00:00,63827.26663499999,5,0.39269184756451914,0.4,-0.007308152435480886,0.07853836951290383,tp,False
sfp,-1,2026-08-03 19:14:00+00:00,63861.11325,2026-08-03 19:16:00+00:00,63919.171278,2,-0.45456479730254795,0.4,-0.854564797302548,-0.09091295946050959,sl,False
sfp,-1,2026-08-03 19:25:00+00:00,63905.408820000004,2026-08-03 19:27:00+00:00,63958.182978779994,2,-0.4129083887769447,0.4,-0.8129083887769447,-0.08258167775538894,sl,False
sfp,-1,2026-08-03 19:29:00+00:00,63942.505110000006,2026-08-03 19:33:00+00:00,63998.795159591995,4,-0.4401614348323868,0.4,-0.8401614348323868,-0.08803228696647736,sl,False
sfp,1,2026-08-03 19:41:00+00:00,63882.48761,2026-08-03 20:00:00+00:00,63812.651736636006,19,-0.5465963832712584,0.4,-0.9465963832712584,-0.10931927665425167,sl,False
sfp,1,2026-08-03 20:02:00+00:00,63808.080169999994,2026-08-03 20:10:00+00:00,63862.01316,8,0.42261881141325564,0.4,0.022618811413255613,0.08452376228265113,tp,False
sfp,1,2026-08-03 20:54:00+00:00,63762.3756,2026-08-03 21:02:00+00:00,63720.37942479,8,-0.3293178368498628,0.4,-0.7293178368498628,-0.06586356736997256,sl,False
sfp,1,2026-08-03 21:06:00+00:00,63730.3724,2026-08-03 21:15:00+00:00,63680.891274,9,-0.3882067853725468,0.4,-0.7882067853725468,-0.07764135707450937,sl,False
sfp,1,2026-08-03 21:17:00+00:00,63758.67523,2026-08-03 21:17:00+00:00,63723.92697,0,-0.27249829042597096,0.4,-0.672498290425971,-0.05449965808519419,tp,False
sfp,1,2026-08-03 21:18:00+00:00,63727.67213,2026-08-03 21:35:00+00:00,63662.996643642,17,-0.507436441629816,0.4,-0.9074364416298161,-0.10148728832596321,sl,False
sfp,1,2026-08-03 21:36:00+00:00,63662.3656,2026-08-03 21:49:00+00:00,63619.009842762,13,-0.3405132438087932,0.4,-0.7405132438087932,-0.06810264876175864,sl,False
sfp,1,2026-08-03 21:51:00+00:00,63637.56312,2026-08-03 21:54:00+00:00,63585.519892092,3,-0.40890336898868895,0.4,-0.808903368988689,-0.08178067379773779,sl,False
sfp,1,2026-08-03 22:07:00+00:00,63419.24129,2026-08-03 22:15:00+00:00,63514.697895000005,8,0.7525839402864332,0.4,0.35258394028643314,0.15051678805728663,tp,False
sfp,-1,2026-08-03 22:55:00+00:00,63597.03966,2026-08-03 23:02:00+00:00,63541.15348,7,0.4393772123574835,0.4,0.03937721235748348,0.0878754424714967,tp,False
sfp,1,2026-08-03 23:37:00+00:00,63513.25069,2026-08-03 23:37:00+00:00,63469.25477976601,0,-0.34635221592366205,0.4,-0.7463522159236621,-0.06927044318473241,sl,False
sfp,1,2026-08-03 23:41:00+00:00,63456.24499,2026-08-04 00:00:00+00:00,63501.44922,19,0.3561842495338752,0.4,-0.04381575046612485,0.07123684990677503,tp,False
sfp,-1,2026-08-04 00:01:00+00:00,63457.953570000005,2026-08-04 00:01:00+00:00,63472.64663,0,-0.11577004278739977,0.4,-0.5157700427873998,-0.023154008557479955,tp,False
sfp,-1,2026-08-04 00:06:00+00:00,63509.248439999996,2026-08-04 00:11:00+00:00,63499.449309999996,5,0.07714726784441295,0.4,-0.3228527321555871,0.01542945356888259,tp,False
sfp,1,2026-08-04 00:14:00+00:00,63456.345,2026-08-04 00:15:00+00:00,63421.96896882,1,-0.2708636242758633,0.4,-0.6708636242758633,-0.05417272485517266,sl,False
sfp,1,2026-08-04 00:19:00+00:00,63394.03877,2026-08-04 00:21:00+00:00,63463.053060000006,2,0.5443279158344749,0.4,0.1443279158344749,0.10886558316689499,tp,False
sfp,1,2026-08-04 00:37:00+00:00,63374.43681,2026-08-04 00:49:00+00:00,63408.808485,12,0.271179332946625,0.4,-0.12882066705337503,0.054235866589325,tp,False
sfp,-1,2026-08-04 00:51:00+00:00,63404.15895,2026-08-04 00:54:00+00:00,63372.83665,3,0.24700509019209838,0.4,-0.15299490980790165,0.049401018038419675,tp,False
sfp,1,2026-08-04 00:57:00+00:00,63353.534719999996,2026-08-04 01:01:00+00:00,63371.962170000006,4,0.14543347961126774,0.4,-0.2545665203887323,0.029086695922253547,tp,False
sfp,-1,2026-08-04 01:07:00+00:00,63413.658,2026-08-04 01:18:00+00:00,63486.241429343994,11,-0.5723012331506627,0.4,-0.9723012331506627,-0.11446024663013254,sl,False
sfp,-1,2026-08-04 01:20:00+00:00,63481.05126,2026-08-04 01:21:00+00:00,63518.751179994,1,-0.29693837173228044,0.4,-0.6969383717322805,-0.05938767434645609,sl,False
sfp,-1,2026-08-04 01:25:00+00:00,63479.75139,2026-08-04 01:25:00+00:00,63469.246289999995,0,0.0827437077963733,0.4,-0.3172562922036267,0.01654874155927466,tp,False
sfp,-1,2026-08-04 01:26:00+00:00,63467.6526,2026-08-04 01:26:00+00:00,63456.94506,0,0.08435430933206867,0.4,-0.31564569066793136,0.016870861866413733,tp,False
sfp,-1,2026-08-04 01:33:00+00:00,63559.24344,2026-08-04 01:34:00+00:00,63628.68415219199,1,-0.5462676113943132,0.4,-0.9462676113943133,-0.10925352227886265,sl,False
sfp,-1,2026-08-04 01:36:00+00:00,63606.23874,2026-08-04 01:40:00+00:00,63750.920814635996,4,-1.1373261294965742,0.4,-1.537326129496574,-0.22746522589931484,sl,False
sfp,-1,2026-08-04 01:42:00+00:00,63787.22064,2026-08-04 02:36:00+00:00,63930.77475823199,54,-1.1252576675364612,0.4,-1.525257667536461,-0.22505153350729223,sl,False
sfp,1,2026-08-04 03:05:00+00:00,63780.07737,2026-08-04 03:08:00+00:00,63734.87507508,3,-0.3543606152887624,0.4,-0.7543606152887624,-0.07087212305775248,sl,False
sfp,1,2026-08-04 03:10:00+00:00,63763.27569,2026-08-04 03:11:00+00:00,63717.88017474,1,-0.35596912775232026,0.4,-0.7559691277523203,-0.07119382555046405,sl,False
sfp,1,2026-08-04 03:16:00+00:00,63686.368,2026-08-04 03:19:00+00:00,63622.008942822,3,-0.5052812650424565,0.4,-0.9052812650424565,-0.1010562530084913,sl,False
sfp,1,2026-08-04 03:20:00+00:00,63653.16468,2026-08-04 03:27:00+00:00,63721.77718499999,7,0.5389559603589111,0.4,0.1389559603589111,0.10779119207178223,tp,False
sfp,-1,2026-08-04 03:29:00+00:00,63747.52461,2026-08-04 03:30:00+00:00,63789.932515415996,1,-0.3326239385407215,0.4,-0.7326239385407215,-0.0665247877081443,sl,False
sfp,-1,2026-08-04 03:32:00+00:00,63785.920770000004,2026-08-04 04:33:00+00:00,63862.854386873994,61,-0.6030611139987707,0.4,-1.0030611139987706,-0.12061222279975414,sl,False
sfp,-1,2026-08-04 04:36:00+00:00,63839.315429999995,2026-08-04 04:38:00+00:00,63877.15867716,2,-0.29639452510654696,0.4,-0.696394525106547,-0.05927890502130939,sl,False
sfp,-1,2026-08-04 04:41:00+00:00,63967.6026,2026-08-04 04:44:00+00:00,64027.803860171996,3,-0.47056054725425067,0.4,-0.8705605472542507,-0.09411210945085013,sl,False
sfp,1,2026-08-04 05:05:00+00:00,63974.3968,2026-08-04 05:07:00+00:00,63909.922548582,2,-0.5039066770692879,0.4,-0.903906677069288,-0.10078133541385759,sl,False
sfp,1,2026-08-04 05:16:00+00:00,63848.98426,2026-08-04 05:26:00+00:00,63785.659836096005,10,-0.49589217931900187,0.4,-0.8958921793190019,-0.09917843586380037,sl,False
sfp,1,2026-08-04 05:27:00+00:00,63800.3794,2026-08-04 05:50:00+00:00,63758.667935556005,23,-0.32689041065475655,0.4,-0.7268904106547566,-0.06537808213095131,sl,False
sfp,1,2026-08-04 05:52:00+00:00,63794.17878,2026-08-04 05:55:00+00:00,63798.469515,3,0.033629518257360935,0.4,-0.3663704817426391,0.006725903651472187,tp,False
sfp,1,2026-08-04 06:03:00+00:00,63778.3772,2026-08-04 06:03:00+00:00,63792.670095,0,0.11205125959212747,0.4,-0.28794874040787255,0.022410251918425494,tp,False
sfp,-1,2026-08-04 06:19:00+00:00,63809.21844,2026-08-04 06:26:00+00:00,63788.828245,7,0.1597746806691891,0.4,-0.24022531933081093,0.03195493613383782,tp,False
sfp,1,2026-08-04 07:13:00+00:00,63581.75754,2026-08-04 07:18:00+00:00,63541.93297122,5,-0.3131760611913559,0.4,-0.7131760611913559,-0.06263521223827118,sl,False
sfp,1,2026-08-04 07:25:00+00:00,63541.553519999994,2026-08-04 07:25:00+00:00,63560.54331,0,0.14942812181972798,0.4,-0.25057187818027205,0.029885624363945595,tp,False
sfp,1,2026-08-04 08:34:00+00:00,63558.45521,2026-08-04 08:44:00+00:00,63591.440220000004,10,0.2594856175391902,0.4,-0.14051438246080983,0.05189712350783804,tp,False
sfp,1,2026-08-04 09:12:00+00:00,63534.95286,2026-08-04 09:14:00+00:00,63556.24374,2,0.16755249702404829,0.4,-0.23244750297595174,0.03351049940480966,tp,False
sfp,1,2026-08-04 09:21:00+00:00,63529.75234,2026-08-04 09:22:00+00:00,63534.495915,1,0.037333491988200684,0.4,-0.36266650801179934,0.007466698397640137,tp,False
sfp,-1,2026-08-04 09:53:00+00:00,63553.644,2026-08-04 09:53:00+00:00,63585.871311336006,0,-0.25354416605916086,0.4,-0.6535441660591609,-0.05070883321183217,sl,False
sfp,-1,2026-08-04 09:55:00+00:00,63568.94247,2026-08-04 10:00:00+00:00,63553.95476,5,0.11788547534097304,0.4,-0.282114524659027,0.02357709506819461,tp,False
sfp,1,2026-08-04 10:07:00+00:00,63523.25169,2026-08-04 10:13:00+00:00,63490.048540182,6,-0.2613464277618771,0.4,-0.6613464277618771,-0.05226928555237542,sl,False
sfp,-1,2026-08-04 10:24:00+00:00,63464.35293,2026-08-04 10:24:00+00:00,63491.498515,0,-0.21386482132690343,0.4,-0.6138648213269035,-0.042772964265380686,tp,False
sfp,-1,2026-08-04 10:48:00+00:00,63748.6245,2026-08-04 11:22:00+00:00,63837.846886374,34,-0.699798521723416,0.4,-1.0997985217234159,-0.1399597043446832,sl,False
sfp,-1,2026-08-04 11:47:00+00:00,63825.01686,2026-08-04 11:49:00+00:00,63914.169777899995,2,-0.6984167203241132,0.4,-1.098416720324113,-0.13968334406482263,sl,False
sfp,1,2026-08-04 12:12:00+00:00,63816.78104,2026-08-04 12:17:00+00:00,63776.062715904,5,-0.31902521117821436,0.4,-0.7190252111782144,-0.06380504223564287,sl,False
sfp,1,2026-08-04 12:22:00+00:00,63798.67923,2026-08-04 12:34:00+00:00,63836.665695,12,0.2977057319875076,0.4,-0.10229426801249242,0.05954114639750152,tp,False
sfp,-1,2026-08-04 12:37:00+00:00,63902.6091,2026-08-04 12:38:00+00:00,63944.979018516,1,-0.331519472465458,0.4,-0.731519472465458,-0.0663038944930916,sl,False
sfp,1,2026-08-04 13:02:00+00:00,63849.88435,2026-08-04 13:03:00+00:00,63905.658795,1,0.43676230245204284,0.4,0.03676230245204282,0.08735246049040857,tp,False
sfp,-1,2026-08-04 13:09:00+00:00,63959.20344,2026-08-04 13:18:00+00:00,63906.440005000004,9,0.4124772680251798,0.4,0.012477268025179789,0.08249545360503596,tp,False
sfp,1,2026-08-04 13:31:00+00:00,63996.999059999995,2026-08-04 13:31:00+00:00,63905.558805,0,-0.7144104906721127,0.4,-1.1144104906721126,-0.14288209813442254,tp,False
sfp,-1,2026-08-04 13:32:00+00:00,63980.50131,2026-08-04 13:36:00+00:00,64032.805360271996,4,-0.40874992537620614,0.4,-0.8087499253762062,-0.08174998507524123,sl,False
sfp,-1,2026-08-04 13:37:00+00:00,64005.29883,2026-08-04 13:41:00+00:00,64069.21628099999,4,-0.4993137456459351,0.4,-0.8993137456459351,-0.09986274912918702,sl,False
sfp,-1,2026-08-04 13:42:00+00:00,64015.5978,2026-08-04 13:43:00+00:00,64081.72003125,1,-0.5164540637156989,0.4,-0.9164540637156989,-0.10329081274313978,sl,False
sfp,-1,2026-08-04 13:44:00+00:00,64033.895970000005,2026-08-04 13:45:00+00:00,63935.89295,1,0.7652433021248517,0.4,0.3652433021248517,0.15304866042497034,tp,False
sfp,1,2026-08-04 13:50:00+00:00,63844.88385,2026-08-04 13:55:00+00:00,63733.27555504801,5,-0.8740582504168093,0.4,-1.2740582504168092,-0.17481165008336186,sl,False
sfp,1,2026-08-04 13:58:00+00:00,63652.864649999996,2026-08-04 14:00:00+00:00,63606.41362251001,2,-0.36487774545107543,0.4,-0.7648777454510755,-0.07297554909021509,sl,False
sfp,1,2026-08-04 14:01:00+00:00,63636.363,2026-08-04 14:05:00+00:00,63846.364725,4,1.6500135700715512,0.4,1.2500135700715513,0.33000271401431025,tp,False
sfp,-1,2026-08-04 14:28:00+00:00,63804.31893,2026-08-04 14:29:00+00:00,63880.959817236,1,-0.6005932554509208,0.4,-1.0005932554509207,-0.12011865109018416,sl,False
sfp,-1,2026-08-04 14:32:00+00:00,63859.21344,2026-08-04 14:34:00+00:00,63953.781658691994,2,-0.7404430276991558,0.4,-1.1404430276991557,-0.14808860553983116,sl,False
sfp,-1,2026-08-04 14:35:00+00:00,63910.70829,2026-08-04 14:38:00+00:00,64007.997919776004,3,-0.7611371582250115,0.4,-1.1611371582250114,-0.1522274316450023,sl,False
sfp,-1,2026-08-04 14:39:00+00:00,63919.707389999996,2026-08-04 14:40:00+00:00,64049.2102806,1,-1.0130122296231336,0.4,-1.4130122296231336,-0.20260244592462673,sl,False
sfp,-1,2026-08-04 14:43:00+00:00,64108.68849,2026-08-04 15:04:00+00:00,64187.951893374,21,-0.6181954836461667,0.4,-1.0181954836461666,-0.12363909672923334,sl,False
sfp,-1,2026-08-04 15:05:00+00:00,64144.78488,2026-08-04 15:05:00+00:00,64109.010259999995,0,0.27885836757368665,0.4,-0.12114163242631337,0.05577167351473733,tp,False
sfp,1,2026-08-04 15:12:00+00:00,64024.101769999994,2026-08-04 15:27:00+00:00,63947.911149342,15,-0.5950151470434095,0.4,-0.9950151470434095,-0.1190030294086819,sl,False
sfp,1,2026-08-04 15:30:00+00:00,63929.89235,2026-08-04 15:32:00+00:00,63883.430498051996,2,-0.3633812778350842,0.4,-0.7633812778350842,-0.07267625556701685,sl,False
sfp,-1,2026-08-04 15:50:00+00:00,64108.08855,2026-08-04 16:05:00+00:00,63990.248385,15,0.9190740799274733,0.4,0.5190740799274732,0.18381481598549465,tp,False
sfp,1,2026-08-04 16:06:00+00:00,64013.4007,2026-08-04 16:06:00+00:00,63954.009319464,0,-0.46389802671426006,0.4,-0.8638980267142601,-0.09277960534285201,sl,False
sfp,1,2026-08-04 16:08:00+00:00,63999.999359999994,2026-08-04 16:24:00+00:00,64080.19134,16,0.6264998500150609,0.4,0.2264998500150609,0.12529997000301218,tp,False
sfp,-1,2026-08-04 16:25:00+00:00,64026.89667,2026-08-04 16:25:00+00:00,64010.750434999994,0,0.12608947051756525,0.4,-0.2739105294824348,0.02521789410351305,tp,False
sfp,1,2026-08-04 16:44:00+00:00,63911.090469999996,2026-08-04 17:02:00+00:00,63987.30063,18,0.5962201508341591,0.4,0.1962201508341591,0.11924403016683183,tp,False
sfp,1,2026-08-04 17:53:00+00:00,63901.78954,2026-08-04 18:01:00+00:00,64006.09875,8,0.8161681445142399,0.4,0.4161681445142399,0.16323362890284798,tp,False
sfp,-1,2026-08-04 18:08:00+00:00,64082.39112,2026-08-04 18:14:00+00:00,64163.844662892,6,-0.6355376373164967,0.4,-1.0355376373164966,-0.12710752746329934,sl,False
sfp,-1,2026-08-04 18:21:00+00:00,64302.669089999996,2026-08-04 18:24:00+00:00,64352.801336669996,3,-0.3898146638348088,0.4,-0.7898146638348088,-0.07796293276696176,sl,False
sfp,-1,2026-08-04 18:26:00+00:00,64313.16804,2026-08-04 18:40:00+00:00,64189.51831,14,0.961309586888115,0.4,0.5613095868881149,0.192261917377623,tp,False
sfp,1,2026-08-04 18:42:00+00:00,64239.72333,2026-08-04 18:48:00+00:00,64290.77028,6,0.3973160791631569,0.4,-0.002683920836843101,0.07946321583263138,tp,False
sfp,-1,2026-08-04 19:11:00+00:00,64294.269929999995,2026-08-04 19:13:00+00:00,64286.277985,2,0.06215130064229912,0.4,-0.3378486993577009,0.012430260128459825,tp,False
sfp,1,2026-08-04 19:37:00+00:00,64239.4233,2026-08-04 19:38:00+00:00,64261.023255,1,0.1681207106976057,0.4,-0.23187928930239432,0.03362414213952114,tp,False
sfp,-1,2026-08-04 19:45:00+00:00,64344.66489,2026-08-04 19:47:00+00:00,64292.778634999995,2,0.40319003206173987,0.4,0.0031900320617398448,0.08063800641234797,tp,False
sfp,-1,2026-08-04 20:38:00+00:00,64195.97976,2026-08-04 20:40:00+00:00,64239.76743441,2,-0.34104685818103775,0.4,-0.7410468581810378,-0.06820937163620755,sl,False
sfp,-1,2026-08-04 20:42:00+00:00,64323.267029999995,2026-08-04 20:43:00+00:00,64395.81423753,1,-0.5639266386777697,0.4,-0.9639266386777697,-0.11278532773555394,sl,False
sfp,-1,2026-08-04 20:44:00+00:00,64369.76238,2026-08-04 21:13:00+00:00,64213.770735,29,1.2116841761751762,0.4,0.8116841761751762,0.24233683523503524,tp,False
sfp,1,2026-08-04 21:15:00+00:00,64203.4197,2026-08-04 21:23:00+00:00,64245.07485,8,0.32439977648102136,0.4,-0.07560022351897866,0.06487995529620427,tp,False
sfp,1,2026-08-04 21:57:00+00:00,64169.81634,2026-08-04 22:01:00+00:00,64130.756283,4,-0.30434914129284785,0.4,-0.7043491412928479,-0.06086982825856957,sl,False
sfp,1,2026-08-04 22:04:00+00:00,64147.01406,2026-08-04 22:05:00+00:00,64177.5816,1,0.23826159680173653,0.4,-0.1617384031982635,0.047652319360347306,tp,False
sfp,-1,2026-08-04 22:32:00+00:00,64240.27533,2026-08-04 22:38:00+00:00,64207.92015,6,0.2518294001215837,0.4,-0.1481705998784163,0.050365880024316745,tp,False
sfp,-1,2026-08-04 22:58:00+00:00,64219.077450000004,2026-08-04 23:00:00+00:00,64253.171454678,2,-0.2654507510212456,0.4,-0.6654507510212456,-0.05309015020424912,sl,False
sfp,-1,2026-08-04 23:01:00+00:00,64206.5787,2026-08-04 23:02:00+00:00,64197.4191,1,0.07132913936119811,0.4,-0.3286708606388019,0.014265827872239623,tp,False
sfp,-1,2026-08-04 23:17:00+00:00,64418.45751,2026-08-04 23:18:00+00:00,64509.248259798005,1,-0.704695154986501,0.4,-1.104695154986501,-0.1409390309973002,sl,False
sfp,-1,2026-08-04 23:19:00+00:00,64450.95426,2026-08-04 23:24:00+00:00,64344.883845,5,0.8228769939705449,0.4,0.4228769939705449,0.16457539879410898,tp,False
sfp,1,2026-08-04 23:31:00+00:00,64173.4167,2026-08-04 23:50:00+00:00,64103.16456244801,19,-0.5473616737629028,0.4,-0.9473616737629028,-0.10947233475258056,sl,False
sfp,1,2026-08-04 23:53:00+00:00,64126.31199,2026-08-04 23:56:00+00:00,64080.971222004,3,-0.35352702025864824,0.4,-0.7535270202586483,-0.07070540405172965,sl,False
