strategy,side,entry_time,entry_price,exit_time,exit_price,bars_held,gross_pnl,fee,net_pnl,return_pct,exit_reason,partial
vwap_mean_reversion,1,2026-07-01 00:21:00+00:00,58511.45056,2026-07-01 00:21:00+00:00,58445.47955807713,0,-0.5637443721824842,0.4,-0.9637443721824842,-0.11274887443649684,sl,False
vwap_mean_reversion,1,2026-07-01 00:23:00+00:00,58397.13913,2026-07-01 00:25:00+00:00,58327.96954165835,2,-0.592234391719737,0.4,-0.992234391719737,-0.1184468783439474,sl,False
vwap_mean_reversion,1,2026-07-01 00:28:00+00:00,58351.534569999996,2026-07-01 00:30:00+00:00,58445.21463844935,2,0.8027215491391848,0.4,0.4027215491391848,0.16054430982783696,tp,False
vwap_mean_reversion,1,2026-07-01 00:31:00+00:00,58467.04612,2026-07-01 00:31:00+00:00,58442.65719069674,0,-0.20856987757861267,0.4,-0.6085698775786127,-0.041713975515722534,tp,False
vwap_mean_reversion,-1,2026-07-01 00:54:00+00:00,58557.74364,2026-07-01 01:02:00+00:00,58458.90681632124,8,0.8439261618957139,0.4,0.4439261618957139,0.16878523237914278,tp,False
vwap_mean_reversion,1,2026-07-01 01:07:00+00:00,58272.72669,2026-07-01 01:08:00+00:00,58210.94725031451,1,-0.5300888013543004,0.4,-0.9300888013543004,-0.10601776027086007,sl,False
vwap_mean_reversion,1,2026-07-01 01:10:00+00:00,58272.02662,2026-07-01 01:10:00+00:00,58208.36179344059,0,-0.5462726307304266,0.4,-0.9462726307304267,-0.10925452614608533,sl,False
vwap_mean_reversion,1,2026-07-01 01:12:00+00:00,58121.01152,2026-07-01 01:12:00+00:00,58045.55997975235,0,-0.6490900474236394,0.4,-1.0490900474236393,-0.12981800948472788,sl,False
vwap_mean_reversion,1,2026-07-01 01:14:00+00:00,58077.90721,2026-07-01 01:15:00+00:00,58179.20895716081,1,0.8721194687209,0.4,0.47211946872089994,0.17442389374418,tp,False
vwap_mean_reversion,-1,2026-07-01 01:32:00+00:00,58426.65675,2026-07-01 01:32:00+00:00,58544.28925926035,0,-1.0066681528919652,0.4,-1.4066681528919651,-0.20133363057839304,sl,False
vwap_mean_reversion,-1,2026-07-01 01:34:00+00:00,58431.95622,2026-07-01 01:38:00+00:00,58549.13639584184,4,-1.0027062537547593,0.4,-1.4027062537547592,-0.20054125075095186,sl,False
vwap_mean_reversion,-1,2026-07-01 01:41:00+00:00,58804.01901,2026-07-01 01:41:00+00:00,58925.270779600636,0,-1.0309819944450682,0.4,-1.4309819944450681,-0.20619639888901364,sl,False
vwap_mean_reversion,-1,2026-07-01 01:42:00+00:00,58794.12,2026-07-01 01:43:00+00:00,58920.986148200594,1,-1.0789016673826701,0.4,-1.47890166738267,-0.21578033347653403,sl,False
vwap_mean_reversion,-1,2026-07-01 01:45:00+00:00,58866.21279,2026-07-01 01:45:00+00:00,58988.77081688291,0,-1.0409878695621932,0.4,-1.4409878695621932,-0.20819757391243865,sl,False
vwap_mean_reversion,-1,2026-07-01 01:46:00+00:00,58866.81273,2026-07-01 02:23:00+00:00,58993.08035281985,37,-1.072485641434251,0.4,-1.4724856414342509,-0.2144971282868502,sl,False
vwap_mean_reversion,-1,2026-07-01 02:25:00+00:00,58894.209989999996,2026-07-01 02:28:00+00:00,58966.67634307016,3,-0.615224765579403,0.4,-1.0152247655794029,-0.1230449531158806,sl,False
vwap_mean_reversion,-1,2026-07-01 02:30:00+00:00,58917.807629999996,2026-07-01 02:31:00+00:00,58987.11018788434,1,-0.5881291299869584,0.4,-0.9881291299869585,-0.11762582599739169,sl,False
vwap_mean_reversion,-1,2026-07-01 02:32:00+00:00,58916.70774,2026-07-01 02:32:00+00:00,58989.94095154313,0,-0.6214978259334591,0.4,-1.021497825933459,-0.12429956518669183,sl,False
vwap_mean_reversion,-1,2026-07-01 02:33:00+00:00,58929.80643,2026-07-01 02:35:00+00:00,59005.65376929005,2,-0.6435396948074601,0.4,-1.04353969480746,-0.12870793896149202,sl,False
vwap_mean_reversion,-1,2026-07-01 02:37:00+00:00,59003.799029999995,2026-07-01 02:42:00+00:00,59075.01941666189,5,-0.6035237377315372,0.4,-1.0035237377315371,-0.12070474754630744,sl,False
vwap_mean_reversion,-1,2026-07-01 02:45:00+00:00,59105.38887,2026-07-01 03:52:00+00:00,59174.2541195099,67,-0.5825632046966289,0.4,-0.982563204696629,-0.11651264093932578,sl,False
vwap_mean_reversion,-1,2026-07-01 03:56:00+00:00,59215.977810000004,2026-07-01 04:41:00+00:00,59287.570564511414,45,-0.60450538147927,0.4,-1.00450538147927,-0.120901076295854,sl,False
vwap_mean_reversion,-1,2026-07-01 04:44:00+00:00,59298.56955,2026-07-01 04:44:00+00:00,59348.380866121275,0,-0.4200043651919616,0.4,-0.8200043651919616,-0.08400087303839232,sl,False
vwap_mean_reversion,-1,2026-07-01 04:45:00+00:00,59323.36707,2026-07-01 04:45:00+00:00,59374.83018068404,0,-0.4337507564541321,0.4,-0.8337507564541321,-0.08675015129082642,sl,False
vwap_mean_reversion,-1,2026-07-01 04:47:00+00:00,59371.46226,2026-07-01 06:23:00+00:00,58670.95711044431,96,5.899342233546767,0.4,5.499342233546766,1.1798684467093534,tp,False
vwap_mean_reversion,1,2026-07-01 06:36:00+00:00,58674.8669,2026-07-01 06:36:00+00:00,58611.73368563691,0,-0.5379919691227419,0.4,-0.937991969122742,-0.10759839382454839,sl,False
vwap_mean_reversion,1,2026-07-01 06:39:00+00:00,58565.956009999994,2026-07-01 06:52:00+00:00,58715.289182402295,13,1.2749144944957935,0.4,0.8749144944957935,0.2549828988991587,tp,False
vwap_mean_reversion,1,2026-07-01 07:05:00+00:00,58658.46526,2026-07-01 07:06:00+00:00,58606.45009443137,1,-0.44337305227876156,0.4,-0.8433730522787616,-0.08867461045575231,sl,False
vwap_mean_reversion,1,2026-07-01 07:09:00+00:00,58645.16393,2026-07-01 07:10:00+00:00,58589.33709813891,1,-0.4759713173257407,0.4,-0.8759713173257407,-0.09519426346514814,sl,False
vwap_mean_reversion,1,2026-07-01 07:12:00+00:00,58621.56157,2026-07-01 07:22:00+00:00,58711.927317386406,10,0.7707552047935273,0.4,0.3707552047935273,0.15415104095870547,tp,False
vwap_mean_reversion,1,2026-07-01 07:32:00+00:00,58670.76649,2026-07-01 07:34:00+00:00,58711.63133213203,2,0.3482555672678078,0.4,-0.0517444327321922,0.06965111345356156,tp,False
vwap_mean_reversion,1,2026-07-01 08:03:00+00:00,58693.468759999996,2026-07-01 08:03:00+00:00,58711.32974099571,0,0.1521547573610782,0.4,-0.24784524263892183,0.03043095147221564,tp,False
vwap_mean_reversion,1,2026-07-01 08:26:00+00:00,58591.45856,2026-07-01 08:33:00+00:00,58544.22612022073,7,-0.4030659155796479,0.4,-0.8030659155796479,-0.08061318311592958,sl,False
vwap_mean_reversion,1,2026-07-01 08:35:00+00:00,58564.455859999995,2026-07-01 08:44:00+00:00,58708.10400239363,9,1.2264106298283117,0.4,0.8264106298283117,0.24528212596566235,tp,False
vwap_mean_reversion,-1,2026-07-01 08:57:00+00:00,58792.420170000005,2026-07-01 08:57:00+00:00,58839.6980820972,0,-0.4020748929920437,0.4,-0.8020748929920437,-0.08041497859840874,sl,False
vwap_mean_reversion,-1,2026-07-01 09:01:00+00:00,58884.81093,2026-07-01 09:02:00+00:00,58940.835473180916,1,-0.4757130259577247,0.4,-0.8757130259577247,-0.09514260519154494,sl,False
vwap_mean_reversion,-1,2026-07-01 09:03:00+00:00,58894.209989999996,2026-07-01 09:05:00+00:00,58952.046627691714,2,-0.4910214238508237,0.4,-0.8910214238508237,-0.09820428477016474,sl,False
vwap_mean_reversion,-1,2026-07-01 09:08:00+00:00,58998.899520000006,2026-07-01 10:15:00+00:00,58725.50100509678,67,2.316979783754669,0.4,1.9169797837546692,0.4633959567509338,tp,False
vwap_mean_reversion,1,2026-07-01 10:27:00+00:00,58680.567469999995,2026-07-01 10:33:00+00:00,58721.60585723865,6,0.34967612795866465,0.4,-0.05032387204133537,0.06993522559173293,tp,False
vwap_mean_reversion,1,2026-07-01 10:38:00+00:00,58706.970109999995,2026-07-01 10:40:00+00:00,58664.13725684286,2,-0.36480211018280473,0.4,-0.7648021101828048,-0.07296042203656095,sl,False
vwap_mean_reversion,1,2026-07-01 10:41:00+00:00,58705.87,2026-07-01 10:42:00+00:00,58664.225867249916,1,-0.3546845720034941,0.4,-0.7546845720034941,-0.07093691440069883,sl,False
vwap_mean_reversion,1,2026-07-01 10:46:00+00:00,58640.76349,2026-07-01 11:00:00+00:00,58597.45940498164,14,-0.3692319339067551,0.4,-0.7692319339067551,-0.07384638678135103,sl,False
vwap_mean_reversion,1,2026-07-01 11:02:00+00:00,58588.25824,2026-07-01 11:18:00+00:00,58720.04639722571,16,1.124697688450249,0.4,0.7246976884502491,0.22493953769004982,tp,False
vwap_mean_reversion,1,2026-07-01 11:25:00+00:00,58696.36905,2026-07-01 11:33:00+00:00,58649.95022171846,8,-0.3954148189472817,0.4,-0.7954148189472817,-0.07908296378945634,sl,False
vwap_mean_reversion,1,2026-07-01 11:36:00+00:00,58698.66928,2026-07-01 11:39:00+00:00,58650.93489590607,3,-0.4066053343239062,0.4,-0.8066053343239062,-0.08132106686478124,sl,False
vwap_mean_reversion,1,2026-07-01 11:41:00+00:00,58654.06482,2026-07-01 11:41:00+00:00,58605.73021750466,0,-0.4120311409249733,0.4,-0.8120311409249733,-0.08240622818499466,sl,False
vwap_mean_reversion,1,2026-07-01 11:43:00+00:00,58645.663980000005,2026-07-01 11:51:00+00:00,58595.54721973616,8,-0.4272844474992876,0.4,-0.8272844474992876,-0.08545688949985752,sl,False
vwap_mean_reversion,1,2026-07-01 11:54:00+00:00,58571.8566,2026-07-01 11:56:00+00:00,58526.25190971397,2,-0.3893054867414869,0.4,-0.7893054867414869,-0.07786109734829738,sl,False
vwap_mean_reversion,1,2026-07-01 11:57:00+00:00,58556.05502,2026-07-01 12:03:00+00:00,58511.903745270254,6,-0.3770000789385941,0.4,-0.7770000789385941,-0.07540001578771882,sl,False
vwap_mean_reversion,1,2026-07-01 12:06:00+00:00,58520.95151,2026-07-01 12:07:00+00:00,58477.45779877532,1,-0.3716080318451609,0.4,-0.7716080318451609,-0.07432160636903218,sl,False
vwap_mean_reversion,1,2026-07-01 12:09:00+00:00,58467.64618,2026-07-01 12:11:00+00:00,58421.13283680006,2,-0.3977699312260885,0.4,-0.7977699312260885,-0.0795539862452177,sl,False
vwap_mean_reversion,1,2026-07-01 12:14:00+00:00,58429.8424,2026-07-01 12:40:00+00:00,58369.58370623283,26,-0.5156499768958489,0.4,-0.9156499768958489,-0.10312999537916978,sl,False
vwap_mean_reversion,1,2026-07-01 12:41:00+00:00,58391.8386,2026-07-01 12:47:00+00:00,58326.50511015045,6,-0.5594402524050079,0.4,-0.959440252405008,-0.11188805048100159,sl,False
vwap_mean_reversion,1,2026-07-01 12:50:00+00:00,58338.93331,2026-07-01 13:02:00+00:00,58700.09228026045,12,3.0953511640444686,0.4,2.6953511640444687,0.6190702328088937,tp,False
vwap_mean_reversion,1,2026-07-01 13:06:00+00:00,58636.56307,2026-07-01 13:17:00+00:00,58694.39165091056,11,0.49311025308163003,0.4,0.09311025308163001,0.098622050616326,tp,False
vwap_mean_reversion,-1,2026-07-01 13:24:00+00:00,58811.31828,2026-07-01 13:30:00+00:00,58706.75675934461,6,0.8889574635750908,0.4,0.48895746357509073,0.17779149271501815,tp,False
vwap_mean_reversion,-1,2026-07-01 13:31:00+00:00,58748.02461,2026-07-01 13:31:00+00:00,58707.21757322343,0,0.34730560769885566,0.4,-0.052694392301144366,0.06946112153977113,tp,False
vwap_mean_reversion,-1,2026-07-01 13:39:00+00:00,58890.71034,2026-07-01 13:40:00+00:00,58996.631422674756,1,-0.8993021315520933,0.4,-1.2993021315520932,-0.17986042631041865,sl,False
vwap_mean_reversion,-1,2026-07-01 13:42:00+00:00,58964.40297,2026-07-01 13:45:00+00:00,59078.45436539593,3,-0.9671207512603752,0.4,-1.3671207512603751,-0.19342415025207504,sl,False
vwap_mean_reversion,-1,2026-07-01 13:48:00+00:00,59191.18029,2026-07-01 13:48:00+00:00,59312.46413050722,0,-1.0245093940770555,0.4,-1.4245093940770555,-0.2049018788154111,sl,False
vwap_mean_reversion,-1,2026-07-01 13:50:00+00:00,59294.07,2026-07-01 13:53:00+00:00,59420.859643039395,3,-1.0691595554108702,0.4,-1.46915955541087,-0.21383191108217403,sl,False
vwap_mean_reversion,-1,2026-07-01 13:54:00+00:00,59333.86602,2026-07-01 13:59:00+00:00,59454.82936931847,5,-1.0193449157492873,0.4,-1.4193449157492872,-0.20386898314985746,sl,False
vwap_mean_reversion,-1,2026-07-01 14:01:00+00:00,59358.76353,2026-07-01 14:09:00+00:00,59477.85846797729,8,-1.0031790665341322,0.4,-1.4031790665341322,-0.20063581330682645,sl,False
vwap_mean_reversion,-1,2026-07-01 14:13:00+00:00,59779.62144,2026-07-01 14:13:00+00:00,59901.39309088108,0,-1.0185047006637804,0.4,-1.4185047006637803,-0.20370094013275608,sl,False
vwap_mean_reversion,-1,2026-07-01 14:16:00+00:00,59867.712629999995,2026-07-01 14:17:00+00:00,59991.660592625994,1,-1.035182047057992,0.4,-1.435182047057992,-0.2070364094115984,sl,False
vwap_mean_reversion,-1,2026-07-01 14:19:00+00:00,60009.49845,2026-07-01 15:22:00+00:00,60132.72567131899,63,-1.0267309717783002,0.4,-1.4267309717783,-0.20534619435566004,sl,False
vwap_mean_reversion,-1,2026-07-01 15:25:00+00:00,60388.9605,2026-07-01 21:26:00+00:00,60510.685976095534,361,-1.007845433069976,0.4,-1.407845433069976,-0.2015690866139952,sl,False
vwap_mean_reversion,-1,2026-07-01 21:27:00+00:00,60419.65743,2026-07-01 21:28:00+00:00,60502.3471812491,1,-0.6842951016802212,0.4,-1.0842951016802211,-0.13685902033604425,sl,False
vwap_mean_reversion,-1,2026-07-01 21:30:00+00:00,60498.44955,2026-07-01 21:30:00+00:00,60585.836374571525,0,-0.7222236703711138,0.4,-1.1222236703711137,-0.14444473407422276,sl,False
vwap_mean_reversion,-1,2026-07-01 21:35:00+00:00,60683.931000000004,2026-07-01 21:38:00+00:00,60770.622940595225,3,-0.7142907452322156,0.4,-1.1142907452322155,-0.14285814904644312,sl,False
vwap_mean_reversion,-1,2026-07-01 21:40:00+00:00,60683.931000000004,2026-07-01 21:40:00+00:00,60767.23049067288,0,-0.6863389475615378,0.4,-1.0863389475615377,-0.13726778951230756,sl,False
vwap_mean_reversion,-1,2026-07-01 21:42:00+00:00,60783.921,2026-07-01 22:21:00+00:00,60870.895100325084,39,-0.7154367379910154,0.4,-1.1154367379910153,-0.14308734759820307,sl,False
vwap_mean_reversion,-1,2026-07-01 22:23:00+00:00,61144.18497,2026-07-02 09:42:00+00:00,61218.21284460721,679,-0.6053549870975727,0.4,-1.0053549870975726,-0.12107099741951455,sl,False
vwap_mean_reversion,-1,2026-07-02 09:44:00+00:00,60977.40165,2026-07-02 09:44:00+00:00,61084.949066359164,0,-0.8818628987872223,0.4,-1.2818628987872223,-0.17637257975744447,sl,False
vwap_mean_reversion,-1,2026-07-02 09:45:00+00:00,61059.49344,2026-07-02 09:52:00+00:00,61173.06922161922,7,-0.9300419576099284,0.4,-1.3300419576099283,-0.18600839152198567,sl,False
vwap_mean_reversion,-1,2026-07-02 09:55:00+00:00,61282.871100000004,2026-07-02 09:55:00+00:00,61410.918436098655,0,-1.044723703379602,0.4,-1.4447237033796019,-0.2089447406759204,sl,False
vwap_mean_reversion,-1,2026-07-02 09:57:00+00:00,61241.07528,2026-07-02 12:15:00+00:00,61379.83009862588,138,-1.1328574652835766,0.4,-1.5328574652835765,-0.2265714930567153,sl,False
vwap_mean_reversion,-1,2026-07-02 12:16:00+00:00,61296.569729999996,2026-07-02 12:29:00+00:00,61351.78593642619,13,-0.4504020915804263,0.4,-0.8504020915804263,-0.09008041831608526,sl,False
vwap_mean_reversion,-1,2026-07-02 12:32:00+00:00,61321.66722,2026-07-02 12:32:00+00:00,61416.98256349677,0,-0.7771750819723922,0.4,-1.177175081972392,-0.15543501639447843,sl,False
vwap_mean_reversion,-1,2026-07-02 12:33:00+00:00,61374.36195,2026-07-02 12:49:00+00:00,61471.21359467557,16,-0.7890236378708115,0.4,-1.1890236378708114,-0.1578047275741623,sl,False
vwap_mean_reversion,-1,2026-07-02 12:52:00+00:00,61430.65632,2026-07-02 12:53:00+00:00,61519.64097920006,1,-0.7242691559123937,0.4,-1.1242691559123936,-0.14485383118247874,sl,False
vwap_mean_reversion,-1,2026-07-02 12:56:00+00:00,61527.34665,2026-07-02 13:06:00+00:00,61614.965184085086,10,-0.7120291939737289,0.4,-1.1120291939737288,-0.14240583879474578,sl,False
vwap_mean_reversion,-1,2026-07-02 13:08:00+00:00,61624.03698,2026-07-02 13:13:00+00:00,61695.14878057863,5,-0.5769810293483335,0.4,-0.9769810293483335,-0.1153962058696667,sl,False
vwap_mean_reversion,-1,2026-07-02 13:14:00+00:00,61650.634320000005,2026-07-02 13:16:00+00:00,61722.933093326814,2,-0.5863587141012871,0.4,-0.9863587141012872,-0.11727174282025743,sl,False
vwap_mean_reversion,-1,2026-07-02 13:18:00+00:00,61693.73001,2026-07-02 13:18:00+00:00,61763.40744266964,0,-0.564704327800758,0.4,-0.964704327800758,-0.1129408655601516,sl,False
vwap_mean_reversion,-1,2026-07-02 13:20:00+00:00,61758.12357,2026-07-02 13:23:00+00:00,61828.32436010801,3,-0.5683526801817385,0.4,-0.9683526801817385,-0.11367053603634769,sl,False
vwap_mean_reversion,-1,2026-07-02 13:26:00+00:00,61793.82,2026-07-02 13:26:00+00:00,61873.25381024471,0,-0.6427326409397249,0.4,-1.0427326409397248,-0.128546528187945,sl,False
vwap_mean_reversion,-1,2026-07-02 13:27:00+00:00,61894.40994,2026-07-02 13:34:00+00:00,61980.431162370085,7,-0.694903000557523,0.4,-1.0949030005575229,-0.1389806001115046,sl,False
vwap_mean_reversion,-1,2026-07-02 13:36:00+00:00,61861.51323,2026-07-02 13:36:00+00:00,61993.15588041895,0,-1.0640109136152986,0.4,-1.4640109136152986,-0.21280218272305973,sl,False
vwap_mean_reversion,-1,2026-07-02 13:38:00+00:00,61954.60392,2026-07-02 14:13:00+00:00,62099.91326944288,35,-1.1727082432042568,0.4,-1.5727082432042567,-0.23454164864085136,sl,False
vwap_mean_reversion,-1,2026-07-02 14:15:00+00:00,62053.19406,2026-07-02 14:16:00+00:00,62165.43384242133,1,-0.9043836028230778,0.4,-1.3043836028230777,-0.18087672056461557,sl,False
vwap_mean_reversion,-1,2026-07-02 14:17:00+00:00,61954.20396,2026-07-03 11:51:00+00:00,62073.7099573939,1294,-0.9644704455492592,0.4,-1.3644704455492591,-0.19289408910985184,sl,False
vwap_mean_reversion,-1,2026-07-03 11:52:00+00:00,61995.39984,2026-07-03 12:01:00+00:00,62043.76709719469,9,-0.39008746874380495,0.4,-0.790087468743805,-0.07801749374876099,sl,False
vwap_mean_reversion,-1,2026-07-03 12:03:00+00:00,62104.38894,2026-07-03 13:43:00+00:00,62156.420900650264,100,-0.4189072748186362,0.4,-0.8189072748186362,-0.08378145496372724,sl,False
vwap_mean_reversion,-1,2026-07-03 13:44:00+00:00,62125.68681,2026-07-03 13:53:00+00:00,62175.66034257101,9,-0.4021970229789451,0.4,-0.8021970229789451,-0.08043940459578902,sl,False
vwap_mean_reversion,-1,2026-07-03 13:55:00+00:00,62103.58902000001,2026-07-03 14:13:00+00:00,61743.78699040626,18,2.8967893423830215,0.4,2.4967893423830216,0.5793578684766043,tp,False
vwap_mean_reversion,-1,2026-07-03 14:14:00+00:00,61705.528829999996,2026-07-03 14:14:00+00:00,61751.5607073393,0,-0.37299637659793383,0.4,-0.7729963765979339,-0.07459927531958677,tp,False
vwap_mean_reversion,-1,2026-07-03 14:19:00+00:00,61787.720610000004,2026-07-03 14:21:00+00:00,61751.85861823394,2,0.2902032265635901,0.4,-0.10979677343640992,0.05804064531271802,tp,False
vwap_mean_reversion,-1,2026-07-03 14:25:00+00:00,61823.41704,2026-07-03 14:29:00+00:00,61896.18795063875,4,-0.5885384060190235,0.4,-0.9885384060190235,-0.1177076812038047,sl,False
vwap_mean_reversion,-1,2026-07-03 14:31:00+00:00,61857.51363,2026-07-03 14:31:00+00:00,61923.0852539586,0,-0.5300214970715977,0.4,-0.9300214970715978,-0.10600429941431955,sl,False
vwap_mean_reversion,-1,2026-07-03 14:33:00+00:00,61897.30965,2026-07-03 14:40:00+00:00,61961.72622866839,7,-0.520350391904234,0.4,-0.9203503919042341,-0.10407007838084681,sl,False
vwap_mean_reversion,-1,2026-07-03 14:43:00+00:00,62001.099270000006,2026-07-03 14:45:00+00:00,62066.52495947184,2,-0.5276171732611079,0.4,-0.9276171732611079,-0.10552343465222158,sl,False
vwap_mean_reversion,-1,2026-07-03 14:47:00+00:00,62020.7973,2026-07-03 14:51:00+00:00,62083.87118758812,4,-0.5084898157873274,0.4,-0.9084898157873275,-0.10169796315746549,sl,False
vwap_mean_reversion,-1,2026-07-03 14:54:00+00:00,62087.090670000005,2026-07-03 14:54:00+00:00,62142.48931988501,0,-0.44613662266324017,0.4,-0.8461366226632402,-0.08922732453264803,sl,False
vwap_mean_reversion,-1,2026-07-03 14:56:00+00:00,62181.48123,2026-07-03 15:06:00+00:00,62246.20150796207,10,-0.5204144118301501,0.4,-0.9204144118301502,-0.10408288236603003,sl,False
vwap_mean_reversion,-1,2026-07-03 15:08:00+00:00,62293.770000000004,2026-07-03 15:08:00+00:00,62357.76139228926,0,-0.5136259395542853,0.4,-0.9136259395542853,-0.10272518791085705,sl,False
vwap_mean_reversion,-1,2026-07-03 15:09:00+00:00,62284.87089,2026-07-03 15:43:00+00:00,61792.10286648706,34,3.9557601747557958,0.4,3.555760174755796,0.7911520349511592,tp,False
vwap_mean_reversion,-1,2026-07-03 15:55:00+00:00,61920.50733,2026-07-03 16:22:00+00:00,61980.39381183116,27,-0.48357551006483757,0.4,-0.8835755100648376,-0.09671510201296751,sl,False
vwap_mean_reversion,-1,2026-07-03 16:24:00+00:00,62046.59472,2026-07-03 16:24:00+00:00,62091.2401037341,0,-0.3597730377917774,0.4,-0.7597730377917774,-0.07195460755835548,sl,False
vwap_mean_reversion,-1,2026-07-03 16:25:00+00:00,62056.29375,2026-07-03 16:30:00+00:00,62101.153123467375,5,-0.3614409655859907,0.4,-0.7614409655859907,-0.07228819311719814,sl,False
vwap_mean_reversion,-1,2026-07-03 16:32:00+00:00,61993.8,2026-07-03 16:35:00+00:00,62040.99046190119,3,-0.3806063017687267,0.4,-0.7806063017687267,-0.07612126035374533,sl,False
vwap_mean_reversion,-1,2026-07-03 16:37:00+00:00,62028.39654,2026-07-03 16:56:00+00:00,62077.20401272296,19,-0.39342845733147946,0.4,-0.7934284573314795,-0.07868569146629589,sl,False
vwap_mean_reversion,-1,2026-07-03 16:58:00+00:00,62083.191060000005,2026-07-03 17:01:00+00:00,62122.235008834796,3,-0.3144486306854155,0.4,-0.7144486306854155,-0.0628897261370831,sl,False
vwap_mean_reversion,-1,2026-07-03 17:03:00+00:00,62102.68911,2026-07-03 17:04:00+00:00,62145.5871898529,1,-0.3453802119334215,0.4,-0.7453802119334215,-0.0690760423866843,sl,False
vwap_mean_reversion,-1,2026-07-03 17:09:00+00:00,62224.07697,2026-07-03 19:16:00+00:00,62273.08079827557,127,-0.39376902528576174,0.4,-0.7937690252857618,-0.07875380505715235,sl,False
vwap_mean_reversion,-1,2026-07-03 19:17:00+00:00,62236.87569,2026-07-03 19:38:00+00:00,62280.54534353398,21,-0.35083423653448076,0.4,-0.7508342365344808,-0.07016684730689615,sl,False
vwap_mean_reversion,-1,2026-07-03 19:40:00+00:00,62232.576120000005,2026-07-03 20:06:00+00:00,62279.98700068879,26,-0.3809169059413309,0.4,-0.7809169059413309,-0.07618338118826617,sl,False
vwap_mean_reversion,-1,2026-07-03 20:08:00+00:00,62424.656910000005,2026-07-03 20:19:00+00:00,62480.70927624743,11,-0.44896014669515427,0.4,-0.8489601466951543,-0.08979202933903085,sl,False
vwap_mean_reversion,-1,2026-07-03 20:21:00+00:00,62628.23655,2026-07-03 20:35:00+00:00,62697.12211166006,14,-0.5499561017102694,0.4,-0.9499561017102695,-0.10999122034205389,sl,False
vwap_mean_reversion,-1,2026-07-03 20:38:00+00:00,62708.82849,2026-07-03 20:45:00+00:00,62790.308440043504,7,-0.6496688903739889,0.4,-1.0496688903739888,-0.12993377807479778,sl,False
vwap_mean_reversion,-1,2026-07-03 20:47:00+00:00,62711.128260000005,2026-07-03 20:48:00+00:00,62788.214303290035,1,-0.6146121544045036,0.4,-1.0146121544045035,-0.12292243088090071,sl,False
vwap_mean_reversion,-1,2026-07-03 20:50:00+00:00,62786.7207,2026-07-03 21:12:00+00:00,62863.033864675,22,-0.6077173948901837,0.4,-1.0077173948901836,-0.12154347897803675,sl,False
vwap_mean_reversion,-1,2026-07-03 21:14:00+00:00,62799.81939,2026-07-04 00:08:00+00:00,62870.194968499694,174,-0.5603167268893872,0.4,-0.9603167268893872,-0.11206334537787743,sl,False
vwap_mean_reversion,-1,2026-07-04 00:11:00+00:00,62791.32024,2026-07-04 00:11:00+00:00,62852.92691593612,0,-0.490566814813298,0.4,-0.890566814813298,-0.0981133629626596,sl,False
vwap_mean_reversion,-1,2026-07-04 00:15:00+00:00,62797.81959,2026-07-04 00:15:00+00:00,62805.60298414115,0,-0.06197185023282259,0.4,-0.4619718502328226,-0.012394370046564518,tp,False
vwap_mean_reversion,1,2026-07-04 00:26:00+00:00,62759.17529,2026-07-04 00:36:00+00:00,62705.64441083035,10,-0.4264785102918722,0.4,-0.8264785102918722,-0.08529570205837445,sl,False
vwap_mean_reversion,1,2026-07-04 00:38:00+00:00,62718.57123,2026-07-04 00:38:00+00:00,62678.38206638551,0,-0.32039285036572496,0.4,-0.720392850365725,-0.06407857007314499,sl,False
vwap_mean_reversion,1,2026-07-04 00:41:00+00:00,62702.96967,2026-07-04 00:48:00+00:00,62778.637004404634,7,0.6033791924279219,0.4,0.2033791924279219,0.12067583848558439,tp,False
vwap_mean_reversion,1,2026-07-04 00:53:00+00:00,62736.87306,2026-07-04 01:01:00+00:00,62698.71787921928,8,-0.30408895853184514,0.4,-0.7040889585318452,-0.06081779170636903,sl,False
vwap_mean_reversion,1,2026-07-04 01:04:00+00:00,62556.955069999996,2026-07-04 01:06:00+00:00,62508.124214094976,2,-0.39029118225447634,0.4,-0.7902911822544764,-0.07805823645089527,sl,False
vwap_mean_reversion,1,2026-07-04 01:08:00+00:00,62514.45082,2026-07-04 01:10:00+00:00,62464.75869614735,2,-0.3974450963004639,0.4,-0.7974450963004639,-0.07948901926009277,sl,False
vwap_mean_reversion,1,2026-07-04 01:11:00+00:00,62497.049080000004,2026-07-04 01:25:00+00:00,62441.79977841682,14,-0.44201528229326215,0.4,-0.8420152822932622,-0.08840305645865243,sl,False
vwap_mean_reversion,1,2026-07-04 01:27:00+00:00,62447.944169999995,2026-07-04 01:43:00+00:00,62395.41375600864,16,-0.42059362153185065,0.4,-0.8205936215318507,-0.08411872430637013,sl,False
vwap_mean_reversion,1,2026-07-04 01:45:00+00:00,62431.042480000004,2026-07-04 03:33:00+00:00,62646.76253866175,108,1.7276666390029227,0.4,1.3276666390029228,0.34553332780058454,tp,False
vwap_mean_reversion,1,2026-07-04 03:34:00+00:00,62670.96647,2026-07-04 03:34:00+00:00,62631.74080738306,0,-0.31294923970670574,0.4,-0.7129492397067058,-0.06258984794134115,sl,False
vwap_mean_reversion,-1,2026-07-04 03:35:00+00:00,62631.43623,2026-07-04 03:35:00+00:00,62670.783601574265,0,-0.31411838800698977,0.4,-0.7141183880069898,-0.06282367760139795,sl,False
vwap_mean_reversion,-1,2026-07-04 03:37:00+00:00,62675.7318,2026-07-04 03:54:00+00:00,62621.03456963624,17,0.43635095110095,0.4,0.03635095110094999,0.08727019022019,tp,False
vwap_mean_reversion,1,2026-07-04 04:04:00+00:00,62594.45882,2026-07-04 04:04:00+00:00,62610.19452232636,0,0.12569564960707158,0.4,-0.27430435039292844,0.025139129921414316,tp,False
vwap_mean_reversion,-1,2026-07-04 04:12:00+00:00,62669.53242,2026-07-04 04:15:00+00:00,62623.02554205058,3,0.3710485474643921,0.4,-0.028951452535607936,0.07420970949287842,tp,False
vwap_mean_reversion,1,2026-07-04 04:20:00+00:00,62582.55763,2026-07-04 04:22:00+00:00,62610.47197758188,2,0.22302018836395376,0.4,-0.17697981163604626,0.04460403767279075,tp,False
vwap_mean_reversion,-1,2026-07-04 04:25:00+00:00,62661.533220000005,2026-07-04 04:25:00+00:00,62695.919703998494,0,-0.27438272119639784,0.4,-0.6743827211963979,-0.05487654423927957,sl,False
vwap_mean_reversion,-1,2026-07-04 04:27:00+00:00,62673.732,2026-07-04 04:33:00+00:00,62708.51805579462,6,-0.2775170289414097,0.4,-0.6775170289414097,-0.055503405788281945,sl,False
vwap_mean_reversion,-1,2026-07-04 04:35:00+00:00,62661.13326,2026-07-04 04:37:00+00:00,62698.06981803026,2,-0.29473260463541706,0.4,-0.6947326046354171,-0.05894652092708341,sl,False
vwap_mean_reversion,-1,2026-07-04 04:39:00+00:00,62662.63311,2026-07-04 04:46:00+00:00,62701.6105097577,7,-0.3110099099193908,0.4,-0.7110099099193908,-0.06220198198387816,sl,False
vwap_mean_reversion,-1,2026-07-04 04:48:00+00:00,62674.53192,2026-07-04 04:50:00+00:00,62709.270141600595,2,-0.2771318790616428,0.4,-0.6771318790616428,-0.055426375812328565,sl,False
vwap_mean_reversion,-1,2026-07-04 04:52:00+00:00,62695.52982,2026-07-04 04:57:00+00:00,62625.85406855498,5,0.5556676181305287,0.4,0.15566761813052865,0.11113352362610573,tp,False
vwap_mean_reversion,-1,2026-07-04 05:01:00+00:00,62597.53962,2026-07-04 05:01:00+00:00,62626.4547231727,0,-0.23096038077718983,0.4,-0.6309603807771899,-0.04619207615543797,tp,False
vwap_mean_reversion,1,2026-07-04 05:08:00+00:00,62589.45832,2026-07-04 05:09:00+00:00,62556.90832633726,1,-0.26002776295269703,0.4,-0.660027762952697,-0.052005552590539406,sl,False
vwap_mean_reversion,1,2026-07-04 05:11:00+00:00,62572.45662,2026-07-04 05:17:00+00:00,62540.913621444226,6,-0.25205178332160516,0.4,-0.6520517833216052,-0.05041035666432103,sl,False
vwap_mean_reversion,1,2026-07-04 05:22:00+00:00,62497.2491,2026-07-04 05:22:00+00:00,62469.701337683975,0,-0.2203917989410109,0.4,-0.6203917989410109,-0.04407835978820218,sl,False
vwap_mean_reversion,1,2026-07-04 05:24:00+00:00,62489.64834,2026-07-04 05:24:00+00:00,62462.28717519689,0,-0.2189255783152655,0.4,-0.6189255783152655,-0.0437851156630531,sl,False
vwap_mean_reversion,1,2026-07-04 05:26:00+00:00,62491.94856999999,2026-07-04 05:53:00+00:00,62461.21524784834,27,-0.24589825453458225,0.4,-0.6458982545345823,-0.04917965090691645,sl,False
vwap_mean_reversion,1,2026-07-04 05:55:00+00:00,62461.04548,2026-07-04 05:55:00+00:00,62424.999350970815,0,-0.2885488767613298,0.4,-0.6885488767613298,-0.05770977535226596,sl,False
vwap_mean_reversion,1,2026-07-04 05:56:00+00:00,62438.943269999996,2026-07-04 05:56:00+00:00,62401.684363044325,0,-0.29836272848626777,0.4,-0.6983627284862678,-0.059672545697253554,sl,False
vwap_mean_reversion,1,2026-07-04 05:57:00+00:00,62437.14309,2026-07-04 06:14:00+00:00,62399.10425282687,17,-0.30461705397294425,0.4,-0.7046170539729443,-0.06092341079458885,sl,False
vwap_mean_reversion,1,2026-07-04 06:16:00+00:00,62422.94166999999,2026-07-04 06:21:00+00:00,62388.04629059665,5,-0.27950764950984697,0.4,-0.679507649509847,-0.05590152990196939,sl,False
vwap_mean_reversion,1,2026-07-04 06:24:00+00:00,62333.53273,2026-07-04 06:27:00+00:00,62296.994112972025,3,-0.29308957336210417,0.4,-0.6930895733621042,-0.058617914672420834,sl,False
vwap_mean_reversion,1,2026-07-04 06:28:00+00:00,62356.13499,2026-07-04 07:24:00+00:00,62581.00837039533,56,1.8031375776528247,0.4,1.4031375776528248,0.36062751553056493,tp,False
vwap_mean_reversion,1,2026-07-04 07:28:00+00:00,62541.35351,2026-07-04 07:34:00+00:00,62505.24918821466,6,-0.2886435914724039,0.4,-0.688643591472404,-0.057728718294480785,sl,False
vwap_mean_reversion,1,2026-07-04 07:37:00+00:00,62472.04658,2026-07-04 08:35:00+00:00,62569.08595829474,58,0.776662392278693,0.4,0.376662392278693,0.1553324784557386,tp,False
vwap_mean_reversion,-1,2026-07-04 08:50:00+00:00,62599.83939,2026-07-04 08:55:00+00:00,62579.6811659646,5,0.16100859228901365,0.4,-0.23899140771098637,0.03220171845780273,tp,False
vwap_mean_reversion,1,2026-07-04 09:02:00+00:00,62519.45131999999,2026-07-04 09:03:00+00:00,62484.54895008196,1,-0.2791320875433212,0.4,-0.6791320875433212,-0.05582641750866424,sl,False
vwap_mean_reversion,1,2026-07-04 09:06:00+00:00,62480.54743,2026-07-04 09:15:00+00:00,62442.069939231595,9,-0.30791576219391104,0.4,-0.7079157621939111,-0.06158315243878221,sl,False
vwap_mean_reversion,1,2026-07-04 09:17:00+00:00,62458.445219999994,2026-07-04 09:25:00+00:00,62422.0595413766,8,-0.2912790936056009,0.4,-0.6912790936056009,-0.05825581872112018,sl,False
vwap_mean_reversion,1,2026-07-04 09:27:00+00:00,62444.44381999999,2026-07-04 09:37:00+00:00,62411.50145254119,10,-0.26377340755695533,0.4,-0.6637734075569554,-0.052754681511391066,sl,False
vwap_mean_reversion,1,2026-07-04 09:39:00+00:00,62421.941569999995,2026-07-04 12:28:00+00:00,62561.884057500305,169,1.1209398809181037,0.4,0.7209398809181037,0.22418797618362074,tp,False
vwap_mean_reversion,-1,2026-07-04 12:30:00+00:00,62554.14396,2026-07-04 12:30:00+00:00,62580.181189373136,0,-0.20811754205907196,0.4,-0.608117542059072,-0.04162350841181439,sl,False
vwap_mean_reversion,-1,2026-07-04 12:33:00+00:00,62564.7429,2026-07-04 12:33:00+00:00,62591.56934813512,0,-0.2143895019116604,0.4,-0.6143895019116604,-0.04287790038233208,sl,False
vwap_mean_reversion,-1,2026-07-04 12:35:00+00:00,62608.038570000004,2026-07-04 12:58:00+00:00,62638.08118221856,23,-0.23992615728540834,0.4,-0.6399261572854084,-0.04798523145708167,sl,False
vwap_mean_reversion,-1,2026-07-04 13:00:00+00:00,62627.736600000004,2026-07-04 13:19:00+00:00,62656.38056735667,19,-0.22868435705736267,0.4,-0.6286843570573627,-0.045736871411472535,sl,False
vwap_mean_reversion,-1,2026-07-04 13:22:00+00:00,62645.334839999996,2026-07-04 13:22:00+00:00,62685.18241779836,0,-0.3180410632342978,0.4,-0.7180410632342978,-0.06360821264685956,sl,False
vwap_mean_reversion,-1,2026-07-04 13:23:00+00:00,62643.635010000005,2026-07-04 13:25:00+00:00,62685.72429152705,2,-0.33594220322885615,0.4,-0.7359422032288562,-0.06718844064577123,sl,False
vwap_mean_reversion,-1,2026-07-04 13:26:00+00:00,62643.735,2026-07-04 13:37:00+00:00,62568.54364210387,11,0.6001506606856388,0.4,0.2001506606856388,0.12003013213712777,tp,False
vwap_mean_reversion,1,2026-07-04 13:47:00+00:00,62535.15289,2026-07-04 13:58:00+00:00,62556.238164926224,11,0.16858737807290414,0.4,-0.23141262192709589,0.03371747561458083,tp,False
vwap_mean_reversion,-1,2026-07-04 14:03:00+00:00,62603.43903,2026-07-04 14:11:00+00:00,62634.778932900255,8,-0.25030496236189137,0.4,-0.6503049623618914,-0.050060992472378274,sl,False
vwap_mean_reversion,-1,2026-07-04 14:14:00+00:00,62645.7348,2026-07-04 14:16:00+00:00,62681.26930070693,2,-0.28361468518467436,0.4,-0.6836146851846744,-0.05672293703693487,sl,False
vwap_mean_reversion,-1,2026-07-04 14:18:00+00:00,62653.83399,2026-07-04 14:47:00+00:00,62692.92446849699,29,-0.31195599700428733,0.4,-0.7119559970042874,-0.06239119940085747,sl,False
vwap_mean_reversion,-1,2026-07-04 14:49:00+00:00,62639.7354,2026-07-04 14:53:00+00:00,62672.584323385985,4,-0.2622051576066653,0.4,-0.6622051576066653,-0.05244103152133306,sl,False
vwap_mean_reversion,-1,2026-07-04 14:55:00+00:00,62629.93638,2026-07-04 14:58:00+00:00,62661.94390390309,3,-0.2555289511144698,0.4,-0.6555289511144698,-0.051105790222893965,sl,False
vwap_mean_reversion,-1,2026-07-04 15:02:00+00:00,62677.23165,2026-07-04 15:04:00+00:00,62707.298602330324,2,-0.23985545898241867,0.4,-0.6398554589824187,-0.047971091796483734,sl,False
vwap_mean_reversion,-1,2026-07-04 15:06:00+00:00,62680.23135,2026-07-04 15:09:00+00:00,62711.519808395096,3,-0.24958793004759006,0.4,-0.6495879300475901,-0.04991758600951801,sl,False
vwap_mean_reversion,-1,2026-07-04 15:12:00+00:00,62802.81909,2026-07-04 15:24:00+00:00,62870.35894215881,12,-0.5377135384800891,0.4,-0.9377135384800891,-0.10754270769601781,sl,False
vwap_mean_reversion,-1,2026-07-04 15:26:00+00:00,62851.81419,2026-07-04 15:35:00+00:00,62920.09987945947,9,-0.5432276724188778,0.4,-0.9432276724188778,-0.10864553448377556,sl,False
vwap_mean_reversion,-1,2026-07-04 15:37:00+00:00,62887.21065,2026-07-04 15:46:00+00:00,62954.90626038383,9,-0.5382303467122984,0.4,-0.9382303467122984,-0.10764606934245968,sl,False
vwap_mean_reversion,-1,2026-07-04 15:49:00+00:00,62936.20575,2026-07-04 17:30:00+00:00,62993.37676215092,101,-0.45419811593039316,0.4,-0.8541981159303932,-0.09083962318607863,sl,False
vwap_mean_reversion,-1,2026-07-04 17:32:00+00:00,63021.6972,2026-07-04 17:33:00+00:00,63063.55627955577,1,-0.33210054168275605,0.4,-0.7321005416827561,-0.06642010833655121,sl,False
vwap_mean_reversion,-1,2026-07-04 17:35:00+00:00,63122.6871,2026-07-04 17:38:00+00:00,63176.33856492494,3,-0.42497766959714856,0.4,-0.8249776695971486,-0.08499553391942971,sl,False
vwap_mean_reversion,-1,2026-07-04 17:40:00+00:00,63145.28484,2026-07-04 17:48:00+00:00,63204.385604136325,8,-0.4679744836536548,0.4,-0.8679744836536548,-0.09359489673073096,sl,False
vwap_mean_reversion,-1,2026-07-04 17:50:00+00:00,63197.87958,2026-07-04 17:50:00+00:00,63255.929413117825,0,-0.4592704178020268,0.4,-0.8592704178020268,-0.09185408356040536,sl,False
vwap_mean_reversion,-1,2026-07-04 17:52:00+00:00,63276.6717,2026-07-04 17:52:00+00:00,63346.47560855567,0,-0.5515769609898413,0.4,-0.9515769609898413,-0.11031539219796827,sl,False
vwap_mean_reversion,-1,2026-07-04 17:53:00+00:00,63361.363229999995,2026-07-04 19:34:00+00:00,63434.710031515984,101,-0.5787975335200812,0.4,-0.9787975335200813,-0.11575950670401625,sl,False
vwap_mean_reversion,-1,2026-07-04 19:36:00+00:00,63347.76459,2026-07-04 21:20:00+00:00,63393.925364792456,104,-0.36434414924679803,0.4,-0.764344149246798,-0.0728688298493596,sl,False
vwap_mean_reversion,-1,2026-07-04 21:22:00+00:00,63364.56291,2026-07-04 21:22:00+00:00,63403.3247763528,0,-0.30586391330322815,0.4,-0.7058639133032282,-0.06117278266064563,sl,False
vwap_mean_reversion,-1,2026-07-04 21:25:00+00:00,63405.55881,2026-07-05 01:23:00+00:00,62816.732168448616,238,4.643336109660778,0.4,4.243336109660778,0.9286672219321557,tp,False
vwap_mean_reversion,1,2026-07-05 01:24:00+00:00,62837.383109999995,2026-07-05 01:33:00+00:00,62794.95930929485,9,-0.3375681688628229,0.4,-0.737568168862823,-0.06751363377256459,sl,False
vwap_mean_reversion,1,2026-07-05 01:35:00+00:00,62801.17949,2026-07-05 02:07:00+00:00,62750.88256162129,32,-0.40044573037611997,0.4,-0.80044573037612,-0.080089146075224,sl,False
vwap_mean_reversion,1,2026-07-05 02:09:00+00:00,62766.276,2026-07-05 02:12:00+00:00,62728.30087972877,3,-0.3025121346312276,0.4,-0.7025121346312276,-0.06050242692624552,sl,False
vwap_mean_reversion,1,2026-07-05 02:17:00+00:00,62659.565330000005,2026-07-05 02:17:00+00:00,62619.75498745895,0,-0.3176717100684123,0.4,-0.7176717100684123,-0.06353434201368247,sl,False
vwap_mean_reversion,1,2026-07-05 02:18:00+00:00,62647.064080000004,2026-07-05 02:45:00+00:00,62607.1049962119,27,-0.31892223821594623,0.4,-0.7189222382159463,-0.06378444764318925,sl,False
vwap_mean_reversion,1,2026-07-05 02:46:00+00:00,62664.96587,2026-07-05 02:48:00+00:00,62614.45063195488,2,-0.40305805120771643,0.4,-0.8030580512077165,-0.08061161024154329,sl,False
vwap_mean_reversion,1,2026-07-05 02:50:00+00:00,62616.06098,2026-07-05 02:53:00+00:00,62565.12054124124,3,-0.4067681515053656,0.4,-0.8067681515053656,-0.08135363030107312,sl,False
vwap_mean_reversion,1,2026-07-05 02:54:00+00:00,62620.36141,2026-07-05 04:24:00+00:00,62833.36929662879,90,1.700787745651522,0.4,1.300787745651522,0.3401575491303044,tp,False
vwap_mean_reversion,-1,2026-07-05 04:34:00+00:00,62876.611710000005,2026-07-05 04:39:00+00:00,62913.04664897706,5,-0.2897336385196958,0.4,-0.6897336385196958,-0.05794672770393916,sl,False
vwap_mean_reversion,-1,2026-07-05 04:40:00+00:00,62881.111260000005,2026-07-05 04:41:00+00:00,62915.20750474517,1,-0.27111674763657945,0.4,-0.6711167476365795,-0.05422334952731589,sl,False
vwap_mean_reversion,-1,2026-07-05 04:44:00+00:00,62907.50862,2026-07-05 04:52:00+00:00,62822.43669018887,8,0.676166738099726,0.4,0.27616673809972603,0.1352333476199452,tp,False
vwap_mean_reversion,1,2026-07-05 04:56:00+00:00,62805.2799,2026-07-05 05:00:00+00:00,62773.42049630059,4,-0.2536363483304216,0.4,-0.6536363483304216,-0.05072726966608432,sl,False
vwap_mean_reversion,1,2026-07-05 05:05:00+00:00,62761.87556,2026-07-05 05:06:00+00:00,62730.79641304382,1,-0.24759574725002897,0.4,-0.647595747250029,-0.049519149450005795,sl,False
vwap_mean_reversion,1,2026-07-05 05:08:00+00:00,62717.67114,2026-07-05 05:40:00+00:00,62683.78961431388,32,-0.27011147791577983,0.4,-0.6701114779157799,-0.054022295583155966,sl,False
vwap_mean_reversion,1,2026-07-05 05:43:00+00:00,62653.76475,2026-07-05 07:33:00+00:00,62802.8725764472,110,1.1899350904304162,0.4,0.7899350904304162,0.23798701808608325,tp,False
vwap_mean_reversion,-1,2026-07-05 07:37:00+00:00,62844.41493,2026-07-05 07:37:00+00:00,62879.80135109871,0,-0.28153990404811147,0.4,-0.6815399040481115,-0.05630798080962229,sl,False
vwap_mean_reversion,-1,2026-07-05 07:39:00+00:00,62861.61321,2026-07-05 07:41:00+00:00,62898.01144747798,2,-0.2895108446897554,0.4,-0.6895108446897554,-0.05790216893795108,sl,False
vwap_mean_reversion,-1,2026-07-05 07:42:00+00:00,62869.912379999994,2026-07-05 07:43:00+00:00,62904.68201805361,1,-0.27652049078308316,0.4,-0.6765204907830832,-0.05530409815661663,sl,False
vwap_mean_reversion,-1,2026-07-05 07:45:00+00:00,62888.810489999996,2026-07-05 07:50:00+00:00,62923.74619766901,5,-0.2777577393880959,0.4,-0.6777577393880959,-0.05555154787761918,sl,False
vwap_mean_reversion,-1,2026-07-05 07:53:00+00:00,62943.90498,2026-07-05 07:53:00+00:00,62981.03253013592,0,-0.2949256973150405,0.4,-0.6949256973150405,-0.058985139463008096,sl,False
vwap_mean_reversion,-1,2026-07-05 07:54:00+00:00,62961.80319,2026-07-05 07:57:00+00:00,62999.82476226906,3,-0.30194157681862066,0.4,-0.7019415768186207,-0.06038831536372413,sl,False
vwap_mean_reversion,-1,2026-07-05 08:00:00+00:00,62988.80049,2026-07-05 08:00:00+00:00,63027.30491145092,0,-0.30564498094409753,0.4,-0.7056449809440976,-0.06112899618881951,sl,False
vwap_mean_reversion,-1,2026-07-05 08:01:00+00:00,63023.49702,2026-07-05 08:01:00+00:00,63063.90122706158,0,-0.3205487554011066,0.4,-0.7205487554011066,-0.06410975108022132,sl,False
vwap_mean_reversion,-1,2026-07-05 08:03:00+00:00,63019.49742000001,2026-07-05 09:21:00+00:00,62821.930788296566,78,1.5675040248793182,0.4,1.1675040248793183,0.31350080497586363,tp,False
vwap_mean_reversion,1,2026-07-05 09:25:00+00:00,62737.77315,2026-07-05 09:27:00+00:00,62703.536731359825,2,-0.27285331404991453,0.4,-0.6728533140499146,-0.054570662809982906,sl,False
vwap_mean_reversion,1,2026-07-05 09:30:00+00:00,62715.87096,2026-07-05 09:38:00+00:00,62684.150203145015,8,-0.2528925802148252,0.4,-0.6528925802148252,-0.05057851604296504,sl,False
vwap_mean_reversion,1,2026-07-05 09:41:00+00:00,62554.054780000006,2026-07-05 09:42:00+00:00,62506.076368625974,1,-0.3834956146549495,0.4,-0.7834956146549495,-0.0766991229309899,sl,False
vwap_mean_reversion,1,2026-07-05 09:45:00+00:00,62516.05098,2026-07-05 11:01:00+00:00,62788.33744547539,76,2.1777324479635984,0.4,1.7777324479635985,0.4355464895927197,tp,False
vwap_mean_reversion,1,2026-07-05 11:04:00+00:00,62728.67224,2026-07-05 11:04:00+00:00,62695.20345579579,0,-0.2667742119278338,0.4,-0.6667742119278338,-0.05335484238556676,sl,False
vwap_mean_reversion,1,2026-07-05 11:06:00+00:00,62689.268299999996,2026-07-05 11:10:00+00:00,62653.52350540555,4,-0.28509500560275347,0.4,-0.6850950056027535,-0.057019001120550694,sl,False
vwap_mean_reversion,1,2026-07-05 11:12:00+00:00,62676.66704,2026-07-05 11:15:00+00:00,62644.19455856036,3,-0.2590476087290794,0.4,-0.6590476087290794,-0.05180952174581588,sl,False
vwap_mean_reversion,1,2026-07-05 11:18:00+00:00,62641.96357,2026-07-05 11:22:00+00:00,62607.54915475334,4,-0.2746913832626374,0.4,-0.6746913832626374,-0.054938276652527485,sl,False
vwap_mean_reversion,1,2026-07-05 11:24:00+00:00,62620.56143,2026-07-05 11:26:00+00:00,62588.92059740695,2,-0.2526393238139746,0.4,-0.6526393238139746,-0.050527864762794916,sl,False
vwap_mean_reversion,1,2026-07-05 11:28:00+00:00,62612.2606,2026-07-05 12:01:00+00:00,62581.82784472042,33,-0.2430255271727022,0.4,-0.6430255271727022,-0.04860510543454044,sl,False
vwap_mean_reversion,1,2026-07-05 12:03:00+00:00,62593.35871,2026-07-05 12:03:00+00:00,62566.076963755746,0,-0.21792844166307335,0.4,-0.6179284416630734,-0.04358568833261467,sl,False
vwap_mean_reversion,1,2026-07-05 12:05:00+00:00,62576.75705,2026-07-05 13:09:00+00:00,62764.431777640704,64,1.4995561969658455,0.4,1.0995561969658456,0.2999112393931691,tp,False
vwap_mean_reversion,1,2026-07-05 13:17:00+00:00,62705.16989,2026-07-05 13:27:00+00:00,62672.92298202654,10,-0.2571311745907523,0.4,-0.6571311745907523,-0.05142623491815046,sl,False
vwap_mean_reversion,1,2026-07-05 13:29:00+00:00,62681.067480000005,2026-07-05 13:30:00+00:00,62645.41311579402,1,-0.2844109524567373,0.4,-0.6844109524567373,-0.05688219049134746,sl,False
vwap_mean_reversion,1,2026-07-05 13:31:00+00:00,62691.568530000004,2026-07-05 13:33:00+00:00,62655.82578025096,2,-0.28506823634455447,0.4,-0.6850682363445545,-0.057013647268910894,sl,False
vwap_mean_reversion,1,2026-07-05 13:35:00+00:00,62682.2676,2026-07-05 13:45:00+00:00,62758.01356178114,10,0.6042056603990931,0.4,0.20420566039909305,0.12084113207981861,tp,False
vwap_mean_reversion,1,2026-07-05 13:46:00+00:00,62797.77915,2026-07-05 13:46:00+00:00,62757.749886984515,0,-0.3187155943832898,0.4,-0.7187155943832898,-0.06374311887665796,tp,False
vwap_mean_reversion,1,2026-07-05 14:05:00+00:00,62697.66914,2026-07-05 14:19:00+00:00,62661.40300973522,14,-0.28921434211370833,0.4,-0.6892143421137084,-0.05784286842274167,sl,False
vwap_mean_reversion,1,2026-07-05 14:21:00+00:00,62672.2666,2026-07-05 14:32:00+00:00,62638.26690278977,11,-0.2712499408010216,0.4,-0.6712499408010216,-0.05424998816020432,sl,False
vwap_mean_reversion,1,2026-07-05 14:34:00+00:00,62664.86586,2026-07-05 14:34:00+00:00,62632.61871215231,0,-0.2572984670527467,0.4,-0.6572984670527467,-0.051459693410549345,sl,False
vwap_mean_reversion,1,2026-07-05 14:36:00+00:00,62642.863659999995,2026-07-05 14:56:00+00:00,62755.94547083773,20,0.9025913266952346,0.4,0.5025913266952345,0.1805182653390469,tp,False
vwap_mean_reversion,-1,2026-07-05 15:05:00+00:00,62879.7114,2026-07-05 15:07:00+00:00,62924.64683716805,2,-0.35731268613969913,0.4,-0.7573126861396992,-0.07146253722793983,sl,False
vwap_mean_reversion,-1,2026-07-05 15:09:00+00:00,62850.21435,2026-07-05 15:15:00+00:00,62771.15545593579,6,0.6289468928772912,0.4,0.2289468928772912,0.12578937857545824,tp,False
vwap_mean_reversion,-1,2026-07-05 15:38:00+00:00,62796.81969,2026-07-05 15:41:00+00:00,62772.225555031335,3,0.19582309335147707,0.4,-0.20417690664852295,0.039164618670295415,tp,False
vwap_mean_reversion,1,2026-07-05 15:44:00+00:00,62682.867659999996,2026-07-05 16:21:00+00:00,62639.127963068524,37,-0.34889674455163,0.4,-0.74889674455163,-0.069779348910326,sl,False
vwap_mean_reversion,1,2026-07-05 16:23:00+00:00,62670.46642,2026-07-05 16:27:00+00:00,62634.82385434703,4,-0.28436493047701017,0.4,-0.6843649304770102,-0.056872986095402034,sl,False
vwap_mean_reversion,1,2026-07-05 16:28:00+00:00,62656.565030000005,2026-07-05 16:29:00+00:00,62622.27234014879,1,-0.2736559994535037,0.4,-0.6736559994535037,-0.054731199890700744,sl,False
vwap_mean_reversion,1,2026-07-05 16:31:00+00:00,62599.05928,2026-07-05 17:22:00+00:00,62754.79385954495,51,1.243905110844934,0.4,0.8439051108449339,0.2487810221689868,tp,False
vwap_mean_reversion,1,2026-07-05 17:23:00+00:00,62793.2787,2026-07-05 17:23:00+00:00,62755.202951099316,0,-0.3031833158656516,0.4,-0.7031833158656516,-0.06063666317313032,sl,False
vwap_mean_reversion,1,2026-07-05 17:30:00+00:00,62668.2662,2026-07-05 17:32:00+00:00,62629.25624054016,2,-0.31124173226160234,0.4,-0.7112417322616024,-0.06224834645232047,sl,False
vwap_mean_reversion,1,2026-07-05 17:34:00+00:00,62676.267,2026-07-05 17:43:00+00:00,62637.906230429704,9,-0.30602308821531254,0.4,-0.7060230882153126,-0.06120461764306251,sl,False
vwap_mean_reversion,1,2026-07-05 17:46:00+00:00,62615.86096,2026-07-05 17:52:00+00:00,62580.34578787148,6,-0.28359565439178835,0.4,-0.6835956543917884,-0.05671913087835767,sl,False
vwap_mean_reversion,1,2026-07-05 17:54:00+00:00,62591.658540000004,2026-07-05 17:55:00+00:00,62558.34152772832,1,-0.26614578562728086,0.4,-0.6661457856272809,-0.05322915712545617,sl,False
vwap_mean_reversion,1,2026-07-05 17:56:00+00:00,62594.658840000004,2026-07-05 18:49:00+00:00,62747.37076251319,53,1.2198478699558812,0.4,0.8198478699558812,0.24396957399117625,tp,False
vwap_mean_reversion,1,2026-07-05 18:50:00+00:00,62762.17559,2026-07-05 18:50:00+00:00,62734.61701214048,0,-0.2195476622699477,0.4,-0.6195476622699477,-0.04390953245398954,sl,False
vwap_mean_reversion,-1,2026-07-05 18:53:00+00:00,62793.72,2026-07-05 19:01:00+00:00,62758.23028033288,8,0.28258972128997195,0.4,-0.11741027871002807,0.05651794425799439,tp,False
vwap_mean_reversion,-1,2026-07-05 19:05:00+00:00,62775.52182,2026-07-05 19:12:00+00:00,62811.47125391369,7,-0.2863332145351949,0.4,-0.6863332145351949,-0.05726664290703898,sl,False
vwap_mean_reversion,-1,2026-07-05 19:14:00+00:00,62814.517920000006,2026-07-05 19:15:00+00:00,62849.0884758619,1,-0.2751796639267612,0.4,-0.6751796639267612,-0.05503593278535224,sl,False
vwap_mean_reversion,-1,2026-07-05 19:17:00+00:00,62837.7156,2026-07-05 19:24:00+00:00,62758.876232664516,7,0.6273252184830214,0.4,0.22732521848302134,0.12546504369660427,tp,False
vwap_mean_reversion,1,2026-07-05 19:27:00+00:00,62738.17319,2026-07-05 19:29:00+00:00,62746.36684635789,2,0.06530040596708364,0.4,-0.3346995940329164,0.013060081193416728,tp,False
vwap_mean_reversion,-1,2026-07-05 19:49:00+00:00,62783.32104,2026-07-05 19:49:00+00:00,62759.003434853774,0,0.19366294059797173,0.4,-0.2063370594020283,0.03873258811959435,tp,False
vwap_mean_reversion,-1,2026-07-05 19:50:00+00:00,62744.52492,2026-07-05 19:50:00+00:00,62759.00808461396,0,-0.1154137722170212,0.4,-0.5154137722170212,-0.02308275444340424,tp,False
vwap_mean_reversion,-1,2026-07-05 20:09:00+00:00,62772.42213,2026-07-05 20:09:00+00:00,62797.56613837511,0,-0.2002790996581405,0.4,-0.6002790996581405,-0.0400558199316281,sl,False
vwap_mean_reversion,-1,2026-07-05 20:11:00+00:00,62789.920379999996,2026-07-05 20:19:00+00:00,62759.12348715743,8,0.24523755290806193,0.4,-0.1547624470919381,0.049047510581612386,tp,False
vwap_mean_reversion,1,2026-07-05 20:21:00+00:00,62736.072980000004,2026-07-05 20:26:00+00:00,62708.49209233986,5,-0.2198168163070613,0.4,-0.6198168163070613,-0.04396336326141226,sl,False
vwap_mean_reversion,1,2026-07-05 20:28:00+00:00,62702.96967,2026-07-05 20:28:00+00:00,62676.64920335668,0,-0.20988213781453213,0.4,-0.6098821378145322,-0.041976427562906427,sl,False
vwap_mean_reversion,1,2026-07-05 20:30:00+00:00,62704.76985,2026-07-05 20:31:00+00:00,62677.76810998612,1,-0.21530850107948085,0.4,-0.6153085010794809,-0.04306170021589617,sl,False
vwap_mean_reversion,1,2026-07-05 20:33:00+00:00,62692.56863,2026-07-05 20:33:00+00:00,62665.171347572716,0,-0.21850502400833083,0.4,-0.6185050240083309,-0.043701004801666166,sl,False
vwap_mean_reversion,1,2026-07-05 20:35:00+00:00,62710.67044,2026-07-05 21:00:00+00:00,62681.68582214178,25,-0.23109797467368853,0.4,-0.6310979746736886,-0.04621959493473771,sl,False
vwap_mean_reversion,1,2026-07-05 21:03:00+00:00,62657.06508,2026-07-05 21:04:00+00:00,62630.89524098659,1,-0.20883390388615197,0.4,-0.608833903886152,-0.041766780777230395,sl,False
vwap_mean_reversion,1,2026-07-05 21:09:00+00:00,62598.15919,2026-07-05 21:18:00+00:00,62745.25160123093,9,1.1748940634537242,0.4,0.7748940634537241,0.23497881269074483,tp,False
vwap_mean_reversion,-1,2026-07-05 21:21:00+00:00,62848.7145,2026-07-05 21:23:00+00:00,62890.82568826733,2,-0.33502028324960964,0.4,-0.7350202832496097,-0.06700405664992193,sl,False
vwap_mean_reversion,-1,2026-07-05 21:25:00+00:00,62843.115060000004,2026-07-05 21:28:00+00:00,62889.52113137659,3,-0.36922160313246355,0.4,-0.7692216031324636,-0.07384432062649271,sl,False
vwap_mean_reversion,-1,2026-07-05 21:30:00+00:00,62883.31104,2026-07-05 21:30:00+00:00,62927.350022166334,0,-0.350164307810652,0.4,-0.750164307810652,-0.0700328615621304,sl,False
vwap_mean_reversion,-1,2026-07-05 21:32:00+00:00,62923.707,2026-07-05 21:43:00+00:00,62976.881690439346,11,-0.4225330402048977,0.4,-0.8225330402048977,-0.08450660804097954,sl,False
vwap_mean_reversion,-1,2026-07-05 21:46:00+00:00,62996.79969,2026-07-05 21:54:00+00:00,63046.23529221345,8,-0.3923659809443869,0.4,-0.7923659809443869,-0.07847319618887738,sl,False
vwap_mean_reversion,-1,2026-07-05 21:57:00+00:00,63172.18215,2026-07-05 22:16:00+00:00,63238.713258698874,19,-0.5265854877459786,0.4,-0.9265854877459786,-0.10531709754919572,sl,False
vwap_mean_reversion,-1,2026-07-05 22:18:00+00:00,63325.76679,2026-07-05 22:19:00+00:00,63404.923608869554,1,-0.6249969237013264,0.4,-1.0249969237013263,-0.12499938474026528,sl,False
vwap_mean_reversion,-1,2026-07-05 22:20:00+00:00,63354.46392,2026-07-05 22:20:00+00:00,63432.21224938242,0,-0.6135978790744456,0.4,-1.0135978790744455,-0.12271957581488913,sl,False
vwap_mean_reversion,-1,2026-07-05 22:22:00+00:00,63529.44642,2026-07-05 22:28:00+00:00,63625.59137676342,6,-0.7566960061936578,0.4,-1.1566960061936578,-0.15133920123873157,sl,False
vwap_mean_reversion,-1,2026-07-05 22:30:00+00:00,63691.93017000001,2026-07-05 22:30:00+00:00,63782.271639476974,0,-0.7092065606728593,0.4,-1.1092065606728592,-0.14184131213457185,sl,False
vwap_mean_reversion,-1,2026-07-05 22:32:00+00:00,63850.31433,2026-07-05 23:14:00+00:00,63954.50549710004,42,-0.8159017554835168,0.4,-1.2159017554835168,-0.16318035109670337,sl,False
vwap_mean_reversion,-1,2026-07-05 23:16:00+00:00,63928.50651,2026-07-06 05:28:00+00:00,63002.888882279876,372,7.239474830960823,0.4,6.839474830960823,1.4478949661921647,tp,False
vwap_mean_reversion,1,2026-07-06 05:30:00+00:00,62983.69774,2026-07-06 05:31:00+00:00,62932.79880047446,1,-0.4040643956444989,0.4,-0.8040643956444989,-0.08081287912889978,sl,False
vwap_mean_reversion,1,2026-07-06 05:33:00+00:00,63014.10078,2026-07-06 05:33:00+00:00,62957.39057857595,0,-0.44998024824666194,0.4,-0.849980248246662,-0.08999604964933239,sl,False
vwap_mean_reversion,1,2026-07-06 05:34:00+00:00,62966.49602,2026-07-06 07:01:00+00:00,62908.45354796338,87,-0.46089965065060357,0.4,-0.8608996506506036,-0.09217993013012071,sl,False
vwap_mean_reversion,1,2026-07-06 07:03:00+00:00,62891.68854,2026-07-06 07:03:00+00:00,62856.4498937693,0,-0.28015344355314387,0.4,-0.6801534435531439,-0.05603068871062877,sl,False
vwap_mean_reversion,1,2026-07-06 07:05:00+00:00,62882.38761,2026-07-06 08:36:00+00:00,62846.339800188834,91,-0.2866288255046201,0.4,-0.6866288255046201,-0.05732576510092402,sl,False
vwap_mean_reversion,1,2026-07-06 08:39:00+00:00,62834.082780000004,2026-07-06 09:20:00+00:00,62788.636430854844,41,-0.3616377221919431,0.4,-0.7616377221919431,-0.07232754443838862,sl,False
vwap_mean_reversion,1,2026-07-06 09:24:00+00:00,62775.976969999996,2026-07-06 09:25:00+00:00,62736.374467955786,1,-0.3154272060404417,0.4,-0.7154272060404417,-0.06308544120808834,sl,False
vwap_mean_reversion,1,2026-07-06 09:27:00+00:00,62740.873459999995,2026-07-06 09:31:00+00:00,62702.61382946752,4,-0.3049019596202407,0.4,-0.7049019596202407,-0.06098039192404814,sl,False
vwap_mean_reversion,1,2026-07-06 09:32:00+00:00,62726.272,2026-07-06 09:32:00+00:00,62685.05463558046,0,-0.3285494506953812,0.4,-0.7285494506953812,-0.06570989013907624,sl,False
vwap_mean_reversion,1,2026-07-06 09:33:00+00:00,62701.86956,2026-07-06 09:34:00+00:00,62659.11267518186,1,-0.3409538273593804,0.4,-0.7409538273593804,-0.06819076547187608,sl,False
vwap_mean_reversion,1,2026-07-06 09:40:00+00:00,62620.66144,2026-07-06 11:59:00+00:00,62580.51096029689,139,-0.32058492181197273,0.4,-0.7205849218119728,-0.06411698436239455,sl,False
vwap_mean_reversion,1,2026-07-06 12:02:00+00:00,62194.61884,2026-07-06 12:02:00+00:00,62106.401313157345,0,-0.7092054625305044,0.4,-1.1092054625305043,-0.14184109250610089,sl,False
vwap_mean_reversion,1,2026-07-06 12:06:00+00:00,61907.1901,2026-07-06 12:43:00+00:00,61797.607502247425,37,-0.8850554965874058,0.4,-1.2850554965874057,-0.17701109931748116,sl,False
vwap_mean_reversion,1,2026-07-06 12:45:00+00:00,61793.878769999996,2026-07-06 12:45:00+00:00,61714.22842787787,0,-0.6444840792288464,0.4,-1.0444840792288463,-0.12889681584576929,sl,False
vwap_mean_reversion,1,2026-07-06 12:48:00+00:00,61716.57104,2026-07-06 13:02:00+00:00,61634.14308591752,14,-0.6677943435082767,0.4,-1.0677943435082766,-0.13355886870165534,sl,False
vwap_mean_reversion,1,2026-07-06 13:04:00+00:00,61627.1621,2026-07-06 13:17:00+00:00,61551.14697454771,13,-0.6167339437839758,0.4,-1.0167339437839757,-0.12334678875679517,sl,False
vwap_mean_reversion,1,2026-07-06 13:20:00+00:00,61546.55404,2026-07-06 13:20:00+00:00,61469.967430109115,0,-0.6221843861567988,0.4,-1.0221843861567987,-0.12443687723135977,sl,False
vwap_mean_reversion,1,2026-07-06 13:22:00+00:00,61601.259509999996,2026-07-06 13:25:00+00:00,61514.837911369585,3,-0.7014596723982636,0.4,-1.1014596723982635,-0.1402919344796527,sl,False
vwap_mean_reversion,1,2026-07-06 13:27:00+00:00,61508.1502,2026-07-06 13:28:00+00:00,61426.82456913338,1,-0.6610963799283387,0.4,-1.0610963799283386,-0.13221927598566774,sl,False
vwap_mean_reversion,1,2026-07-06 13:29:00+00:00,61477.24711,2026-07-06 13:31:00+00:00,61396.10706782419,2,-0.6599192871358239,0.4,-1.0599192871358238,-0.13198385742716479,sl,False
vwap_mean_reversion,1,2026-07-06 13:33:00+00:00,61550.55444,2026-07-06 13:36:00+00:00,61439.28583551845,3,-0.9038797903113682,0.4,-1.3038797903113681,-0.18077595806227365,sl,False
vwap_mean_reversion,1,2026-07-06 13:38:00+00:00,61438.743259999996,2026-07-06 13:38:00+00:00,61318.65526804455,0,-0.9772985707670601,0.4,-1.37729857076706,-0.195459714153412,sl,False
vwap_mean_reversion,1,2026-07-06 13:39:00+00:00,61387.538140000004,2026-07-06 15:41:00+00:00,62559.02074612265,122,9.541697237075763,0.4,9.141697237075762,1.9083394474151527,tp,False
vwap_mean_reversion,1,2026-07-06 15:42:00+00:00,62657.76515,2026-07-06 15:42:00+00:00,62439.26192418639,0,-1.7436244756777186,0.4,-2.1436244756777185,-0.3487248951355437,tp,False
vwap_mean_reversion,-1,2026-07-06 15:43:00+00:00,62605.038870000004,2026-07-06 15:43:00+00:00,62700.41311014252,0,-0.7617137682843778,0.4,-1.1617137682843777,-0.15234275365687555,sl,False
vwap_mean_reversion,-1,2026-07-06 15:46:00+00:00,62842.515120000004,2026-07-06 15:50:00+00:00,62946.940201498954,4,-0.8308474072015182,0.4,-1.230847407201518,-0.16616948144030363,sl,False
vwap_mean_reversion,-1,2026-07-06 15:53:00+00:00,63295.56981,2026-07-06 15:53:00+00:00,63426.56989617849,0,-1.0348282397308894,0.4,-1.4348282397308894,-0.2069656479461779,sl,False
vwap_mean_reversion,-1,2026-07-06 15:55:00+00:00,63454.953870000005,2026-07-06 16:08:00+00:00,63591.77696328655,13,-1.0781119908057635,0.4,-1.4781119908057634,-0.2156223981611527,sl,False
vwap_mean_reversion,-1,2026-07-06 16:10:00+00:00,63599.33943,2026-07-06 16:11:00+00:00,63727.71499528454,1,-1.0092523478630877,0.4,-1.4092523478630876,-0.20185046957261754,sl,False
vwap_mean_reversion,-1,2026-07-06 16:15:00+00:00,63711.92817000001,2026-07-06 17:06:00+00:00,63840.346502807755,51,-1.0078044763069949,0.4,-1.4078044763069948,-0.20156089526139898,sl,False
vwap_mean_reversion,-1,2026-07-06 17:08:00+00:00,63819.71739,2026-07-06 17:09:00+00:00,63899.31609736019,1,-0.6236215907520215,0.4,-1.0236215907520214,-0.1247243181504043,sl,False
vwap_mean_reversion,-1,2026-07-06 17:10:00+00:00,63862.51311,2026-07-06 17:26:00+00:00,63942.0779051218,16,-0.6229381780259446,0.4,-1.0229381780259446,-0.12458763560518893,sl,False
vwap_mean_reversion,-1,2026-07-06 17:27:00+00:00,63891.51021,2026-07-06 21:09:00+00:00,63961.289920972944,222,-0.5460796805678569,0.4,-0.946079680567857,-0.10921593611357139,sl,False
vwap_mean_reversion,-1,2026-07-06 21:11:00+00:00,64428.156539999996,2026-07-07 05:14:00+00:00,62820.98817811355,483,12.472562061345338,0.4,12.072562061345337,2.4945124122690676,tp,False
vwap_mean_reversion,1,2026-07-07 05:16:00+00:00,62834.382809999996,2026-07-07 12:05:00+00:00,63499.23174194642,409,5.29048669067711,0.4,4.890486690677109,1.058097338135422,tp,False
vwap_mean_reversion,-1,2026-07-07 12:08:00+00:00,63694.92987000001,2026-07-07 12:09:00+00:00,63763.61482588773,1,-0.5391712968983997,0.4,-0.9391712968983997,-0.10783425937967994,sl,False
vwap_mean_reversion,-1,2026-07-07 12:11:00+00:00,63667.33263,2026-07-07 12:11:00+00:00,63743.22722290646,0,-0.5960245998329894,0.4,-0.9960245998329894,-0.11920491996659788,sl,False
vwap_mean_reversion,-1,2026-07-07 12:12:00+00:00,63749.02446,2026-07-07 12:12:00+00:00,63827.06749627029,0,-0.6121116121491355,0.4,-1.0121116121491354,-0.12242232242982709,sl,False
vwap_mean_reversion,-1,2026-07-07 12:14:00+00:00,63783.02106,2026-07-07 13:01:00+00:00,63383.34345324544,47,3.1331034506705824,0.4,2.7331034506705825,0.6266206901341165,tp,False
vwap_mean_reversion,1,2026-07-07 13:07:00+00:00,63309.3303,2026-07-07 13:11:00+00:00,63250.11819487467,4,-0.46764122163944766,0.4,-0.8676412216394477,-0.09352824432788953,sl,False
vwap_mean_reversion,1,2026-07-07 13:12:00+00:00,63292.62863,2026-07-07 13:16:00+00:00,63234.32935029225,4,-0.4605534717838644,0.4,-0.8605534717838644,-0.09211069435677288,sl,False
vwap_mean_reversion,1,2026-07-07 13:18:00+00:00,63303.029669999996,2026-07-07 13:21:00+00:00,63243.147127295146,3,-0.47298322858335684,0.4,-0.8729832285833569,-0.09459664571667137,sl,False
vwap_mean_reversion,1,2026-07-07 13:23:00+00:00,63240.22339,2026-07-07 13:23:00+00:00,63179.20442112574,0,-0.4824379611845786,0.4,-0.8824379611845786,-0.09648759223691572,sl,False
vwap_mean_reversion,1,2026-07-07 13:27:00+00:00,63106.20999,2026-07-07 13:35:00+00:00,63042.47408253546,8,-0.5049891878678991,0.4,-0.9049891878678992,-0.10099783757357983,sl,False
vwap_mean_reversion,1,2026-07-07 13:38:00+00:00,63106.31,2026-07-07 13:38:00+00:00,63012.334207496686,0,-0.7445831684922966,0.4,-1.1445831684922965,-0.1489166336984593,sl,False
vwap_mean_reversion,1,2026-07-07 13:39:00+00:00,63032.3026,2026-07-07 13:47:00+00:00,63366.02149122969,8,2.6472053016010078,0.4,2.247205301601008,0.5294410603202016,tp,False
vwap_mean_reversion,1,2026-07-07 13:56:00+00:00,62998.099180000005,2026-07-07 14:00:00+00:00,62876.355906720586,4,-0.966245607915639,0.4,-1.3662456079156389,-0.1932491215831278,sl,False
vwap_mean_reversion,1,2026-07-07 14:02:00+00:00,63021.50152,2026-07-07 14:15:00+00:00,62903.67313168817,13,-0.9348268882044541,0.4,-1.334826888204454,-0.18696537764089083,sl,False
vwap_mean_reversion,1,2026-07-07 14:16:00+00:00,62952.89466,2026-07-07 14:35:00+00:00,62831.71518246939,19,-0.9624615213095766,0.4,-1.3624615213095765,-0.19249230426191533,sl,False
vwap_mean_reversion,1,2026-07-07 14:38:00+00:00,62775.07688,2026-07-07 14:52:00+00:00,63311.54159987967,14,4.27291169157118,0.4,3.8729116915711796,0.8545823383142359,tp,False
vwap_mean_reversion,-1,2026-07-07 15:00:00+00:00,63530.14635,2026-07-07 15:22:00+00:00,63655.58446656244,22,-0.987233020614875,0.4,-1.3872330206148749,-0.197446604122975,sl,False
vwap_mean_reversion,-1,2026-07-07 15:25:00+00:00,63708.928470000006,2026-07-07 15:36:00+00:00,63810.12431475207,11,-0.7942045736942793,0.4,-1.1942045736942792,-0.15884091473885587,sl,False
vwap_mean_reversion,-1,2026-07-07 15:38:00+00:00,63875.211839999996,2026-07-07 15:45:00+00:00,63975.08248471477,7,-0.7817637064354566,0.4,-1.1817637064354565,-0.1563527412870913,sl,False
vwap_mean_reversion,-1,2026-07-07 15:47:00+00:00,63951.90417,2026-07-07 15:47:00+00:00,64054.367715944005,0,-0.8010984760643547,0.4,-1.2010984760643546,-0.16021969521287094,sl,False
vwap_mean_reversion,-1,2026-07-07 15:49:00+00:00,64043.99496,2026-07-07 16:51:00+00:00,64151.71112874764,62,-0.8409544783621881,0.4,-1.240954478362188,-0.1681908956724376,sl,False
vwap_mean_reversion,-1,2026-07-07 16:53:00+00:00,64137.08565,2026-07-07 17:44:00+00:00,64210.84354038277,51,-0.5750018856895966,0.4,-0.9750018856895967,-0.11500037713791933,sl,False
vwap_mean_reversion,-1,2026-07-07 17:46:00+00:00,64151.28423,2026-07-07 19:18:00+00:00,63424.07882021623,92,5.66789440392601,0.4,5.26789440392601,1.133578880785202,tp,False
vwap_mean_reversion,-1,2026-07-07 19:26:00+00:00,63538.945470000006,2026-07-07 19:27:00+00:00,63618.28587356344,1,-0.6243446674835118,0.4,-1.0243446674835117,-0.12486893349670236,sl,False
vwap_mean_reversion,-1,2026-07-07 19:30:00+00:00,63566.14275,2026-07-07 19:30:00+00:00,63644.514281434705,0,-0.616456560396772,0.4,-1.016456560396772,-0.1232913120793544,sl,False
vwap_mean_reversion,-1,2026-07-07 19:31:00+00:00,63636.535710000004,2026-07-07 19:32:00+00:00,63716.88219847508,1,-0.6312921309955533,0.4,-1.0312921309955532,-0.12625842619911065,sl,False
vwap_mean_reversion,-1,2026-07-07 19:36:00+00:00,63732.32613,2026-07-07 19:45:00+00:00,63806.243504225415,9,-0.5799048827641595,0.4,-0.9799048827641595,-0.1159809765528319,sl,False
vwap_mean_reversion,-1,2026-07-07 19:47:00+00:00,63811.018260000004,2026-07-07 20:04:00+00:00,63877.46290296145,17,-0.520636128158225,0.4,-0.920636128158225,-0.104127225631645,sl,False
vwap_mean_reversion,-1,2026-07-07 20:06:00+00:00,63778.42152,2026-07-07 21:05:00+00:00,63835.36591281069,59,-0.44642366064850947,0.4,-0.8464236606485095,-0.0892847321297019,sl,False
vwap_mean_reversion,-1,2026-07-07 21:07:00+00:00,63793.62,2026-07-07 21:18:00+00:00,63463.47790175631,11,2.5875792770788664,0.4,2.1875792770788665,0.5175158554157733,tp,False
vwap_mean_reversion,-1,2026-07-07 21:19:00+00:00,63539.14545,2026-07-07 21:24:00+00:00,63464.354097617936,5,0.588545469508428,0.4,0.188545469508428,0.1177090939016856,tp,False
vwap_mean_reversion,1,2026-07-07 21:40:00+00:00,63355.53492,2026-07-07 21:47:00+00:00,63450.879798831826,7,0.7524589521042957,0.4,0.3524589521042957,0.15049179042085914,tp,False
vwap_mean_reversion,1,2026-07-07 21:59:00+00:00,63389.338299999996,2026-07-07 22:00:00+00:00,63329.667637527025,1,-0.4706679709335915,0.4,-0.8706679709335915,-0.0941335941867183,sl,False
vwap_mean_reversion,1,2026-07-07 22:02:00+00:00,63269.62633,2026-07-07 22:17:00+00:00,63449.52669554294,15,1.4216961279700513,0.4,1.0216961279700514,0.28433922559401026,tp,False
vwap_mean_reversion,1,2026-07-07 22:28:00+00:00,63394.538819999994,2026-07-07 22:32:00+00:00,63448.678964799314,4,0.42700953273788755,0.4,0.02700953273788753,0.08540190654757751,tp,False
vwap_mean_reversion,-1,2026-07-07 22:38:00+00:00,63585.6408,2026-07-07 23:08:00+00:00,63640.705738831435,30,-0.4329982220721007,0.4,-0.8329982220721007,-0.08659964441442014,sl,False
vwap_mean_reversion,-1,2026-07-07 23:09:00+00:00,63623.13705,2026-07-07 23:17:00+00:00,63669.64144935637,8,-0.36546767035261496,0.4,-0.765467670352615,-0.07309353407052299,sl,False
vwap_mean_reversion,-1,2026-07-07 23:19:00+00:00,63655.6338,2026-07-07 23:43:00+00:00,63462.77479520566,24,1.5148620261977719,0.4,1.114862026197772,0.3029724052395544,tp,False
vwap_mean_reversion,1,2026-07-07 23:46:00+00:00,63426.64203,2026-07-07 23:46:00+00:00,63388.78488517818,0,-0.2984325167641466,0.4,-0.6984325167641466,-0.05968650335282932,sl,False
vwap_mean_reversion,1,2026-07-07 23:48:00+00:00,63417.941159999995,2026-07-07 23:48:00+00:00,63380.66447926077,0,-0.29389696399301224,0.4,-0.6938969639930123,-0.05877939279860245,sl,False
vwap_mean_reversion,1,2026-07-07 23:50:00+00:00,63402.43961,2026-07-07 23:53:00+00:00,63365.56249038301,3,-0.29081782849232907,0.4,-0.6908178284923291,-0.05816356569846581,sl,False
vwap_mean_reversion,1,2026-07-07 23:55:00+00:00,63366.335999999996,2026-07-07 23:55:00+00:00,63330.99785564449,0,-0.2788400480935316,0.4,-0.6788400480935316,-0.055768009618706316,sl,False
vwap_mean_reversion,1,2026-07-08 00:00:00+00:00,63341.73354,2026-07-08 00:00:00+00:00,63302.875285687696,0,-0.30673500818989563,0.4,-0.7067350081898957,-0.061347001637979126,sl,False
vwap_mean_reversion,-1,2026-07-08 00:07:00+00:00,63404.358929999995,2026-07-08 00:09:00+00:00,63452.956599839374,2,-0.38323603187151445,0.4,-0.7832360318715145,-0.07664720637430289,sl,False
vwap_mean_reversion,-1,2026-07-08 00:11:00+00:00,63395.159850000004,2026-07-08 00:12:00+00:00,63446.46078020181,1,-0.40461235781397153,0.4,-0.8046123578139716,-0.08092247156279431,sl,False
vwap_mean_reversion,-1,2026-07-08 00:15:00+00:00,63461.15325,2026-07-08 00:18:00+00:00,63392.16250316422,3,0.5435667593685634,0.4,0.14356675936856333,0.10871335187371267,tp,False
vwap_mean_reversion,-1,2026-07-08 00:24:00+00:00,63541.44522,2026-07-08 00:26:00+00:00,63599.35690042867,2,-0.4557000570899472,0.4,-0.8557000570899472,-0.09114001141798944,sl,False
vwap_mean_reversion,-1,2026-07-08 00:28:00+00:00,63586.14075,2026-07-08 00:39:00+00:00,63644.91741566153,11,-0.4621814201040131,0.4,-0.8621814201040131,-0.09243628402080262,sl,False
vwap_mean_reversion,-1,2026-07-08 00:41:00+00:00,63615.637800000004,2026-07-08 00:43:00+00:00,63671.75580526983,2,-0.44107083738009756,0.4,-0.8410708373800976,-0.08821416747601951,sl,False
vwap_mean_reversion,-1,2026-07-08 00:46:00+00:00,63663.633,2026-07-08 01:04:00+00:00,63520.69041609215,18,1.122639230373923,0.4,0.722639230373923,0.2245278460747846,tp,False
vwap_mean_reversion,1,2026-07-08 01:07:00+00:00,63482.3476,2026-07-08 01:10:00+00:00,63524.75365965409,3,0.33399883004714415,0.4,-0.06600116995285588,0.06679976600942883,tp,False
vwap_mean_reversion,-1,2026-07-08 01:15:00+00:00,63601.23924,2026-07-08 01:15:00+00:00,63536.70145050966,0,0.5073626729725222,0.4,0.10736267297252222,0.10147253459450445,tp,False
vwap_mean_reversion,-1,2026-07-08 01:16:00+00:00,63519.54741,2026-07-08 01:16:00+00:00,63536.92079955318,0,-0.13675624482212267,0.4,-0.5367562448221227,-0.027351248964424535,tp,False
vwap_mean_reversion,1,2026-07-08 01:32:00+00:00,63408.74024,2026-07-08 01:33:00+00:00,63357.083522284534,1,-0.4073312095457804,0.4,-0.8073312095457804,-0.08146624190915608,sl,False
vwap_mean_reversion,1,2026-07-08 01:35:00+00:00,63323.93176,2026-07-08 01:36:00+00:00,63269.61921355653,1,-0.42884692196087926,0.4,-0.8288469219608793,-0.08576938439217585,sl,False
vwap_mean_reversion,1,2026-07-08 01:39:00+00:00,62911.59053,2026-07-08 02:03:00+00:00,62830.071575590584,24,-0.6478850218430421,0.4,-1.047885021843042,-0.12957700436860842,sl,False
vwap_mean_reversion,1,2026-07-08 02:05:00+00:00,62907.39011,2026-07-08 02:09:00+00:00,62826.816810097276,4,-0.6404120387273338,0.4,-1.0404120387273337,-0.12808240774546675,sl,False
vwap_mean_reversion,1,2026-07-08 02:11:00+00:00,62799.2793,2026-07-08 02:32:00+00:00,62721.926716955975,21,-0.6158715824946537,0.4,-1.0158715824946536,-0.12317431649893074,sl,False
vwap_mean_reversion,1,2026-07-08 02:37:00+00:00,62631.16249,2026-07-08 03:02:00+00:00,63032.856116938274,25,3.206819185276988,0.4,2.806819185276988,0.6413638370553976,tp,False
vwap_mean_reversion,1,2026-07-08 03:36:00+00:00,62935.392909999995,2026-07-08 03:40:00+00:00,62891.30988021104,4,-0.35022447426358294,0.4,-0.750224474263583,-0.07004489485271659,sl,False
vwap_mean_reversion,1,2026-07-08 03:42:00+00:00,62923.69174,2026-07-08 03:45:00+00:00,62876.056769042196,3,-0.37851379695452714,0.4,-0.7785137969545272,-0.07570275939090543,sl,False
vwap_mean_reversion,1,2026-07-08 03:47:00+00:00,62902.989669999995,2026-07-08 03:49:00+00:00,62858.78017202316,2,-0.3514101492533839,0.4,-0.7514101492533839,-0.07028202985067677,sl,False
vwap_mean_reversion,1,2026-07-08 03:53:00+00:00,62769.97637,2026-07-08 03:53:00+00:00,62720.50123426899,0,-0.3940987283424513,0.4,-0.7940987283424513,-0.07881974566849026,sl,False
vwap_mean_reversion,1,2026-07-08 03:56:00+00:00,62721.77155,2026-07-08 04:50:00+00:00,62667.20440352368,54,-0.4349936643037733,0.4,-0.8349936643037733,-0.08699873286075466,sl,False
vwap_mean_reversion,1,2026-07-08 04:52:00+00:00,62719.97137,2026-07-08 04:53:00+00:00,62671.16878353978,1,-0.3890514089389119,0.4,-0.7890514089389119,-0.07781028178778238,sl,False
vwap_mean_reversion,1,2026-07-08 04:54:00+00:00,62706.27,2026-07-08 05:32:00+00:00,62658.236983817456,38,-0.383000106548681,0.4,-0.783000106548681,-0.0766000213097362,sl,False
vwap_mean_reversion,1,2026-07-08 05:34:00+00:00,62704.36981,2026-07-08 05:39:00+00:00,62655.1465505497,5,-0.3925026246132668,0.4,-0.7925026246132668,-0.07850052492265336,sl,False
vwap_mean_reversion,1,2026-07-08 05:41:00+00:00,62642.76365,2026-07-08 05:41:00+00:00,62595.73797769102,0,-0.37534800166005855,0.4,-0.7753480016600586,-0.07506960033201171,sl,False
vwap_mean_reversion,1,2026-07-08 05:43:00+00:00,62622.16159,2026-07-08 05:46:00+00:00,62574.81123999889,3,-0.37806384192806686,0.4,-0.7780638419280669,-0.07561276838561337,sl,False
vwap_mean_reversion,1,2026-07-08 05:49:00+00:00,62562.05558,2026-07-08 05:52:00+00:00,62516.793475746694,3,-0.3617376685731699,0.4,-0.7617376685731699,-0.07234753371463398,sl,False
vwap_mean_reversion,1,2026-07-08 05:53:00+00:00,62556.955069999996,2026-07-08 06:21:00+00:00,62510.95378839993,28,-0.3676751973349379,0.4,-0.7676751973349379,-0.07353503946698758,sl,False
vwap_mean_reversion,1,2026-07-08 06:23:00+00:00,62546.254,2026-07-08 06:33:00+00:00,62496.443988927684,10,-0.3981854058943135,0.4,-0.7981854058943135,-0.0796370811788627,sl,False
vwap_mean_reversion,1,2026-07-08 06:35:00+00:00,62526.352009999995,2026-07-08 06:39:00+00:00,62462.487530461745,4,-0.510700508547457,0.4,-0.910700508547457,-0.1021401017094914,sl,False
vwap_mean_reversion,1,2026-07-08 06:40:00+00:00,62501.449519999995,2026-07-08 08:06:00+00:00,62898.04388685499,86,3.172681352998752,0.4,2.772681352998752,0.6345362705997504,tp,False
vwap_mean_reversion,1,2026-07-08 08:10:00+00:00,62808.080180000004,2026-07-08 08:12:00+00:00,62756.706797204555,2,-0.4089711279839925,0.4,-0.8089711279839925,-0.0817942255967985,sl,False
vwap_mean_reversion,1,2026-07-08 08:14:00+00:00,62783.577730000005,2026-07-08 08:16:00+00:00,62731.29750201035,2,-0.416352730123859,0.4,-0.816352730123859,-0.0832705460247718,sl,False
vwap_mean_reversion,1,2026-07-08 08:19:00+00:00,62447.74415,2026-07-08 08:21:00+00:00,62360.39155146146,2,-0.699405556818189,0.4,-1.0994055568181889,-0.1398811113636378,sl,False
vwap_mean_reversion,1,2026-07-08 08:23:00+00:00,62296.02898,2026-07-08 08:23:00+00:00,62198.06545042432,0,-0.7862742712471671,0.4,-1.186274271247167,-0.15725485424943342,sl,False
vwap_mean_reversion,1,2026-07-08 08:25:00+00:00,62199.81936,2026-07-08 08:27:00+00:00,62098.83344230464,2,-0.8117862618770011,0.4,-1.211786261877001,-0.16235725237540022,sl,False
vwap_mean_reversion,1,2026-07-08 08:29:00+00:00,62110.81046,2026-07-08 08:30:00+00:00,62012.282849616386,1,-0.7931599157530722,0.4,-1.1931599157530721,-0.15863198315061444,sl,False
vwap_mean_reversion,1,2026-07-08 08:33:00+00:00,61989.998380000005,2026-07-08 08:37:00+00:00,61887.6700648577,4,-0.8253614923090513,0.4,-1.2253614923090512,-0.16507229846181026,sl,False
vwap_mean_reversion,1,2026-07-08 08:39:00+00:00,61889.88836999999,2026-07-08 09:15:00+00:00,61787.32278537221,36,-0.8286134240104714,0.4,-1.2286134240104714,-0.1657226848020943,sl,False
vwap_mean_reversion,1,2026-07-08 09:17:00+00:00,61826.08199,2026-07-08 09:17:00+00:00,61746.7519736581,0,-0.6415578489570861,0.4,-1.041557848957086,-0.12831156979141722,sl,False
vwap_mean_reversion,1,2026-07-08 09:19:00+00:00,61736.77306,2026-07-08 13:49:00+00:00,61652.78210529703,270,-0.6802344092501911,0.4,-1.080234409250191,-0.13604688185003821,sl,False
vwap_mean_reversion,1,2026-07-08 13:51:00+00:00,61724.67185,2026-07-08 13:55:00+00:00,61633.5621861791,4,-0.7380327921572838,0.4,-1.1380327921572837,-0.14760655843145676,sl,False
vwap_mean_reversion,1,2026-07-08 13:56:00+00:00,61683.767759999995,2026-07-08 15:14:00+00:00,61597.203641924934,78,-0.701676642158644,0.4,-1.101676642158644,-0.1403353284317288,sl,False
vwap_mean_reversion,1,2026-07-08 15:16:00+00:00,61610.56044,2026-07-08 15:25:00+00:00,61527.96776191695,9,-0.6702802043448419,0.4,-1.0702802043448418,-0.13405604086896838,sl,False
vwap_mean_reversion,1,2026-07-08 15:26:00+00:00,61564.1558,2026-07-08 17:32:00+00:00,62330.16485305414,126,6.221225996687396,0.4,5.821225996687396,1.2442451993374792,tp,False
vwap_mean_reversion,-1,2026-07-08 17:38:00+00:00,62347.06467000001,2026-07-08 17:41:00+00:00,62295.61029790523,3,0.4126447040219139,0.4,0.012644704021913866,0.08252894080438278,tp,False
vwap_mean_reversion,1,2026-07-08 17:47:00+00:00,62242.92367,2026-07-08 17:50:00+00:00,62186.0151848617,3,-0.4571482329462362,0.4,-0.8571482329462362,-0.09142964658924724,sl,False
vwap_mean_reversion,1,2026-07-08 17:52:00+00:00,62187.418119999995,2026-07-08 17:53:00+00:00,62134.33150748988,1,-0.4268275972454383,0.4,-0.8268275972454383,-0.08536551944908766,sl,False
vwap_mean_reversion,1,2026-07-08 17:56:00+00:00,62052.30461,2026-07-08 18:15:00+00:00,62282.01371694528,19,1.8509313101987557,0.4,1.4509313101987558,0.37018626203975113,tp,False
vwap_mean_reversion,1,2026-07-08 18:26:00+00:00,62186.41802,2026-07-08 18:30:00+00:00,62130.84655807892,4,-0.44681349795067105,0.4,-0.8468134979506711,-0.08936269959013421,sl,False
vwap_mean_reversion,1,2026-07-08 18:33:00+00:00,62116.210999999996,2026-07-08 18:33:00+00:00,62064.71705829847,0,-0.4144968026263407,0.4,-0.8144968026263407,-0.08289936052526814,sl,False
vwap_mean_reversion,1,2026-07-08 18:38:00+00:00,62077.507130000005,2026-07-08 18:41:00+00:00,62027.63151731554,3,-0.4017204861337387,0.4,-0.8017204861337387,-0.08034409722674773,sl,False
vwap_mean_reversion,1,2026-07-08 18:43:00+00:00,62070.70645,2026-07-08 20:06:00+00:00,62279.407863048524,83,1.6811586735897555,0.4,1.2811586735897555,0.3362317347179511,tp,False
vwap_mean_reversion,1,2026-07-08 20:13:00+00:00,62208.12019,2026-07-08 20:17:00+00:00,62158.21299336751,4,-0.4011308851646911,0.4,-0.8011308851646911,-0.08022617703293822,sl,False
vwap_mean_reversion,1,2026-07-08 20:19:00+00:00,62156.41501999999,2026-07-08 20:38:00+00:00,62108.210556612736,19,-0.38776740398999143,0.4,-0.7877674039899915,-0.07755348079799829,sl,False
vwap_mean_reversion,1,2026-07-08 20:40:00+00:00,62136.81306,2026-07-08 20:53:00+00:00,62090.96096479115,13,-0.36896078951276223,0.4,-0.7689607895127623,-0.07379215790255245,sl,False
vwap_mean_reversion,1,2026-07-08 20:55:00+00:00,62096.10899,2026-07-08 20:55:00+00:00,62054.11682997044,0,-0.33812231323804287,0.4,-0.7381223132380429,-0.06762446264760857,sl,False
vwap_mean_reversion,1,2026-07-08 20:57:00+00:00,62086.90807,2026-07-08 21:07:00+00:00,62043.11988242349,10,-0.3526362395687155,0.4,-0.7526362395687155,-0.0705272479137431,sl,False
vwap_mean_reversion,1,2026-07-08 21:09:00+00:00,62038.10319,2026-07-08 21:12:00+00:00,61997.70834804708,3,-0.3255647729041855,0.4,-0.7255647729041855,-0.0651129545808371,sl,False
vwap_mean_reversion,1,2026-07-08 21:15:00+00:00,61983.79776,2026-07-08 22:06:00+00:00,62272.62513711336,51,2.329861895778773,0.4,1.9298618957787732,0.4659723791557546,tp,False
vwap_mean_reversion,1,2026-07-08 22:11:00+00:00,62207.420119999995,2026-07-08 22:19:00+00:00,62152.722983473774,8,-0.4396351465846826,0.4,-0.8396351465846826,-0.08792702931693652,sl,False
vwap_mean_reversion,1,2026-07-08 22:20:00+00:00,62196.219,2026-07-08 22:29:00+00:00,62268.78904551472,9,0.583395957837296,0.4,0.183395957837296,0.1166791915674592,tp,False
vwap_mean_reversion,1,2026-07-08 22:56:00+00:00,62241.82356,2026-07-08 22:57:00+00:00,62268.637841491654,1,0.21540404793740642,0.4,-0.1845959520625936,0.043080809587481284,tp,False
vwap_mean_reversion,-1,2026-07-08 23:08:00+00:00,62297.56962,2026-07-08 23:08:00+00:00,62281.11254293463,0,0.13208442292178546,0.4,-0.26791557707821456,0.026416884584357092,tp,False
vwap_mean_reversion,-1,2026-07-08 23:13:00+00:00,62291.57022,2026-07-08 23:17:00+00:00,62281.129703621,4,0.0838036057055902,0.4,-0.3161963942944098,0.01676072114111804,tp,False
vwap_mean_reversion,1,2026-07-08 23:22:00+00:00,62206.62004,2026-07-08 23:26:00+00:00,62170.64612182369,4,-0.28914863203610697,0.4,-0.689148632036107,-0.05782972640722139,sl,False
vwap_mean_reversion,1,2026-07-08 23:27:00+00:00,62204.2198,2026-07-08 23:30:00+00:00,62169.69568149,3,-0.27750624170680416,0.4,-0.6775062417068042,-0.05550124834136083,sl,False
vwap_mean_reversion,1,2026-07-08 23:32:00+00:00,62165.51593,2026-07-08 23:51:00+00:00,62268.42682582935,19,0.827716896496411,0.4,0.427716896496411,0.1655433792992822,tp,False
vwap_mean_reversion,1,2026-07-08 23:52:00+00:00,62283.82776,2026-07-08 23:52:00+00:00,62268.16664315753,0,-0.12572378260711226,0.4,-0.5257237826071123,-0.02514475652142245,tp,False
vwap_mean_reversion,1,2026-07-09 00:27:00+00:00,62112.2106,2026-07-09 00:29:00+00:00,62157.84466919238,2,0.36735183590763665,0.4,-0.032648164092363374,0.07347036718152733,tp,False
vwap_mean_reversion,1,2026-07-09 00:42:00+00:00,62131.312509999996,2026-07-09 00:43:00+00:00,62156.80937458868,1,0.2051853047896346,0.4,-0.19481469521036543,0.04103706095792692,tp,False
vwap_mean_reversion,1,2026-07-09 00:53:00+00:00,62062.40562,2026-07-09 01:01:00+00:00,62150.52318510478,8,0.7099109696481198,0.4,0.3099109696481198,0.14198219392962397,tp,False
vwap_mean_reversion,-1,2026-07-09 01:11:00+00:00,62431.456229999996,2026-07-09 01:20:00+00:00,62515.33471834536,9,-0.6717646312489611,0.4,-1.071764631248961,-0.13435292624979223,sl,False
vwap_mean_reversion,-1,2026-07-09 01:21:00+00:00,62462.453129999994,2026-07-09 01:30:00+00:00,62329.52823563438,9,1.064038375894083,0.4,0.664038375894083,0.2128076751788166,tp,False
vwap_mean_reversion,1,2026-07-09 01:39:00+00:00,62246.42402,2026-07-09 01:40:00+00:00,62178.9710938008,1,-0.541821697078726,0.4,-0.941821697078726,-0.10836433941574519,sl,False
vwap_mean_reversion,1,2026-07-09 01:43:00+00:00,62086.107990000004,2026-07-09 01:45:00+00:00,62012.334595493405,2,-0.5941215909240349,0.4,-0.994121590924035,-0.11882431818480699,sl,False
vwap_mean_reversion,1,2026-07-09 01:47:00+00:00,62004.69985,2026-07-09 01:50:00+00:00,61928.09449873326,3,-0.6177382638095086,0.4,-1.0177382638095085,-0.12354765276190172,sl,False
vwap_mean_reversion,1,2026-07-09 01:52:00+00:00,61949.39432,2026-07-09 01:56:00+00:00,61864.579901114506,4,-0.6845459896458461,0.4,-1.084545989645846,-0.13690919792916922,sl,False
vwap_mean_reversion,1,2026-07-09 01:58:00+00:00,61874.886869999995,2026-07-09 02:02:00+00:00,61800.14749188302,4,-0.6039556748927977,0.4,-1.0039556748927976,-0.12079113497855953,sl,False
vwap_mean_reversion,1,2026-07-09 02:03:00+00:00,61875.08689,2026-07-09 02:03:00+00:00,61803.37582349624,0,-0.5794825519295776,0.4,-0.9794825519295777,-0.11589651038591553,sl,False
vwap_mean_reversion,1,2026-07-09 02:04:00+00:00,61866.286009999996,2026-07-09 02:35:00+00:00,61793.98699253222,31,-0.5843167751826139,0.4,-0.984316775182614,-0.11686335503652279,sl,False
vwap_mean_reversion,1,2026-07-09 02:37:00+00:00,61827.482130000004,2026-07-09 02:45:00+00:00,61768.53831900951,8,-0.47667969776415964,0.4,-0.8766796977641597,-0.09533593955283193,sl,False
vwap_mean_reversion,1,2026-07-09 02:46:00+00:00,61813.68075,2026-07-09 02:48:00+00:00,61758.58034778912,2,-0.4456974697375493,0.4,-0.8456974697375493,-0.08913949394750986,sl,False
vwap_mean_reversion,1,2026-07-09 02:51:00+00:00,61706.17,2026-07-09 04:32:00+00:00,62137.515423600365,101,3.4951563482255033,0.4,3.0951563482255033,0.6990312696451007,tp,False
vwap_mean_reversion,-1,2026-07-09 04:34:00+00:00,62171.482229999994,2026-07-09 04:35:00+00:00,62217.15566692568,1,-0.3673182244290363,0.4,-0.7673182244290363,-0.07346364488580726,sl,False
vwap_mean_reversion,-1,2026-07-09 04:38:00+00:00,62216.17776,2026-07-09 04:40:00+00:00,62266.484354467524,2,-0.4042886937026813,0.4,-0.8042886937026813,-0.08085773874053626,sl,False
vwap_mean_reversion,-1,2026-07-09 04:41:00+00:00,62227.57662000001,2026-07-09 04:41:00+00:00,62275.64765927666,0,-0.38625189897889545,0.4,-0.7862518989788955,-0.07725037979577909,sl,False
vwap_mean_reversion,-1,2026-07-09 04:43:00+00:00,62250.07437,2026-07-09 04:46:00+00:00,62297.43524922324,3,-0.38040821398654945,0.4,-0.7804082139865495,-0.07608164279730989,sl,False
vwap_mean_reversion,-1,2026-07-09 04:48:00+00:00,62276.7717,2026-07-09 04:50:00+00:00,62322.78616698305,2,-0.36943523023891256,0.4,-0.7694352302389126,-0.07388704604778251,sl,False
vwap_mean_reversion,-1,2026-07-09 04:53:00+00:00,62350.86429,2026-07-09 04:57:00+00:00,62397.93290161688,4,-0.37744955224650045,0.4,-0.7774495522465005,-0.07548991044930009,sl,False
vwap_mean_reversion,-1,2026-07-09 04:59:00+00:00,62403.958979999996,2026-07-09 05:00:00+00:00,62452.89083968557,1,-0.392057334866025,0.4,-0.792057334866025,-0.078411466973205,sl,False
vwap_mean_reversion,-1,2026-07-09 05:01:00+00:00,62395.95978,2026-07-09 05:10:00+00:00,62446.773663096224,9,-0.4071888891155062,0.4,-0.8071888891155062,-0.08143777782310124,sl,False
vwap_mean_reversion,-1,2026-07-09 05:11:00+00:00,62414.45793,2026-07-09 05:11:00+00:00,62470.60014479469,0,-0.4497532835874285,0.4,-0.8497532835874285,-0.0899506567174857,sl,False
vwap_mean_reversion,-1,2026-07-09 05:13:00+00:00,62497.24965,2026-07-09 05:59:00+00:00,62564.568468470934,46,-0.5385742480503719,0.4,-0.9385742480503719,-0.10771484961007438,sl,False
vwap_mean_reversion,-1,2026-07-09 06:03:00+00:00,62665.932779999996,2026-07-09 06:04:00+00:00,62719.75320290904,1,-0.42942329684925173,0.4,-0.8294232968492518,-0.08588465936985035,sl,False
vwap_mean_reversion,-1,2026-07-09 06:05:00+00:00,62615.03787,2026-07-09 06:27:00+00:00,62674.149101743,22,-0.4720210492065169,0.4,-0.8720210492065169,-0.09440420984130338,sl,False
vwap_mean_reversion,-1,2026-07-09 06:29:00+00:00,62762.62311,2026-07-09 06:44:00+00:00,62826.92125333652,15,-0.5122327601240206,0.4,-0.9122327601240207,-0.10244655202480413,sl,False
vwap_mean_reversion,-1,2026-07-09 06:46:00+00:00,62787.32064,2026-07-09 06:47:00+00:00,62839.88972950639,1,-0.4186282275668862,0.4,-0.8186282275668862,-0.08372564551337724,sl,False
vwap_mean_reversion,-1,2026-07-09 06:49:00+00:00,62832.81609,2026-07-09 06:57:00+00:00,62888.16733966674,8,-0.4404644985787076,0.4,-0.8404644985787076,-0.08809289971574152,sl,False
vwap_mean_reversion,-1,2026-07-09 06:58:00+00:00,62847.91458,2026-07-09 06:59:00+00:00,62897.42009401209,1,-0.3938516842041384,0.4,-0.7938516842041384,-0.07877033684082768,sl,False
vwap_mean_reversion,-1,2026-07-09 07:03:00+00:00,63004.398929999996,2026-07-09 07:19:00+00:00,63067.19021443989,16,-0.4983087332494085,0.4,-0.8983087332494085,-0.0996617466498817,sl,False
vwap_mean_reversion,-1,2026-07-09 07:21:00+00:00,63038.495520000004,2026-07-09 07:47:00+00:00,63104.241914636594,26,-0.5214781388280798,0.4,-0.9214781388280798,-0.10429562776561596,sl,False
vwap_mean_reversion,-1,2026-07-09 07:49:00+00:00,63097.089660000005,2026-07-09 12:46:00+00:00,62435.02328139466,297,5.246409796180018,0.4,4.846409796180017,1.0492819592360036,tp,False
vwap_mean_reversion,-1,2026-07-09 13:05:00+00:00,62763.22305,2026-07-09 13:06:00+00:00,62831.220399014164,1,-0.541697396260199,0.4,-0.941697396260199,-0.1083394792520398,sl,False
vwap_mean_reversion,-1,2026-07-09 13:08:00+00:00,62777.22165,2026-07-09 13:12:00+00:00,62844.82007001243,4,-0.5383992651770697,0.4,-0.9383992651770697,-0.10767985303541394,sl,False
vwap_mean_reversion,-1,2026-07-09 13:14:00+00:00,62845.91478,2026-07-09 13:32:00+00:00,62575.03810452517,18,2.1550857873822715,0.4,1.7550857873822716,0.4310171574764543,tp,False
vwap_mean_reversion,-1,2026-07-09 13:39:00+00:00,62700.52932,2026-07-09 13:42:00+00:00,62786.863287270964,3,-0.6884628264487436,0.4,-1.0884628264487435,-0.13769256528974871,sl,False
vwap_mean_reversion,-1,2026-07-09 13:47:00+00:00,62915.30784,2026-07-09 13:51:00+00:00,63006.29149913428,4,-0.7230645629650034,0.4,-1.1230645629650033,-0.1446129125930007,sl,False
vwap_mean_reversion,-1,2026-07-09 13:54:00+00:00,63053.19405,2026-07-09 15:07:00+00:00,63155.9799415468,73,-0.8150728372721128,0.4,-1.2150728372721127,-0.16301456745442255,sl,False
vwap_mean_reversion,-1,2026-07-09 15:09:00+00:00,63145.384829999995,2026-07-09 15:22:00+00:00,63226.20391315788,13,-0.6399444977290836,0.4,-1.0399444977290835,-0.12798889954581671,sl,False
vwap_mean_reversion,-1,2026-07-09 15:24:00+00:00,63077.991570000006,2026-07-09 16:25:00+00:00,62628.82239826112,61,3.5604270250141345,0.4,3.1604270250141346,0.7120854050028269,tp,False
vwap_mean_reversion,1,2026-07-09 16:28:00+00:00,62639.163290000004,2026-07-09 16:28:00+00:00,62627.55707744106,0,-0.09264341946274568,0.4,-0.4926434194627457,-0.018528683892549136,tp,False
vwap_mean_reversion,-1,2026-07-09 16:39:00+00:00,62731.52622000001,2026-07-09 16:47:00+00:00,62640.50305254395,8,0.7254977914680216,0.4,0.3254977914680216,0.14509955829360432,tp,False
vwap_mean_reversion,-1,2026-07-09 17:03:00+00:00,62726.7267,2026-07-09 17:07:00+00:00,62777.884237341794,4,-0.4077810212101962,0.4,-0.8077810212101962,-0.08155620424203924,sl,False
vwap_mean_reversion,-1,2026-07-09 17:09:00+00:00,62721.827189999996,2026-07-09 17:10:00+00:00,62773.94706751885,1,-0.4154843684717191,0.4,-0.8154843684717191,-0.08309687369434382,sl,False
vwap_mean_reversion,-1,2026-07-09 17:12:00+00:00,62703.52902,2026-07-09 17:18:00+00:00,62758.67434711696,6,-0.43973064976432497,0.4,-0.839730649764325,-0.087946129952865,sl,False
vwap_mean_reversion,-1,2026-07-09 17:21:00+00:00,62797.919579999994,2026-07-09 17:37:00+00:00,62852.14172841732,16,-0.43171930519336765,0.4,-0.8317193051933677,-0.08634386103867353,sl,False
vwap_mean_reversion,-1,2026-07-09 17:39:00+00:00,62852.21415,2026-07-09 17:39:00+00:00,62901.18435582943,0,-0.38956627456721016,0.4,-0.7895662745672102,-0.07791325491344203,sl,False
vwap_mean_reversion,-1,2026-07-09 17:41:00+00:00,63001.29924,2026-07-09 17:47:00+00:00,63060.87858186312,6,-0.47284216819210023,0.4,-0.8728421681921003,-0.09456843363842005,sl,False
vwap_mean_reversion,-1,2026-07-09 17:49:00+00:00,63042.6951,2026-07-09 17:50:00+00:00,63096.29122750119,1,-0.4250780159079648,0.4,-0.8250780159079648,-0.08501560318159296,sl,False
vwap_mean_reversion,-1,2026-07-09 17:51:00+00:00,63053.394029999996,2026-07-09 17:55:00+00:00,63105.997197029086,4,-0.41713192317660575,0.4,-0.8171319231766058,-0.08342638463532115,sl,False
vwap_mean_reversion,-1,2026-07-09 17:57:00+00:00,63110.388329999994,2026-07-09 18:01:00+00:00,63158.474291084756,4,-0.3809670828939238,0.4,-0.7809670828939238,-0.07619341657878476,sl,False
vwap_mean_reversion,-1,2026-07-09 18:04:00+00:00,63102.389129999996,2026-07-09 18:07:00+00:00,63157.48395648693,3,-0.4365510343311563,0.4,-0.8365510343311563,-0.08731020686623125,sl,False
vwap_mean_reversion,-1,2026-07-09 18:09:00+00:00,63372.162150000004,2026-07-10 01:48:00+00:00,63454.02214948891,459,-0.6458671813591721,0.4,-1.045867181359172,-0.12917343627183442,sl,False
vwap_mean_reversion,-1,2026-07-10 01:50:00+00:00,63720.42732,2026-07-10 01:50:00+00:00,63806.94619225582,0,-0.6788943192528318,0.4,-1.0788943192528317,-0.13577886385056637,sl,False
vwap_mean_reversion,-1,2026-07-10 01:51:00+00:00,63818.91747,2026-07-10 01:51:00+00:00,63907.13720066612,0,-0.6911722586613323,0.4,-1.0911722586613322,-0.13823445173226645,sl,False
vwap_mean_reversion,-1,2026-07-10 01:53:00+00:00,63868.81248,2026-07-10 02:49:00+00:00,63961.15498761518,56,-0.722907660480554,0.4,-1.122907660480554,-0.1445815320961108,sl,False
vwap_mean_reversion,-1,2026-07-10 02:51:00+00:00,63963.80298,2026-07-10 02:51:00+00:00,64018.81733510227,0,-0.4300428722121552,0.4,-0.8300428722121552,-0.08600857444243104,sl,False
vwap_mean_reversion,-1,2026-07-10 02:53:00+00:00,63968.20254,2026-07-10 03:49:00+00:00,64023.70897460348,56,-0.4338595770982945,0.4,-0.8338595770982945,-0.0867719154196589,sl,False
vwap_mean_reversion,-1,2026-07-10 03:50:00+00:00,63971.10225,2026-07-10 04:20:00+00:00,64014.77257504423,30,-0.34132853357415893,0.4,-0.741328533574159,-0.06826570671483179,sl,False
vwap_mean_reversion,-1,2026-07-10 04:21:00+00:00,63976.30173,2026-07-10 04:34:00+00:00,64018.00208822567,13,-0.3259047264224657,0.4,-0.7259047264224657,-0.06518094528449314,sl,False
vwap_mean_reversion,-1,2026-07-10 04:38:00+00:00,64077.89157000001,2026-07-10 04:47:00+00:00,64133.22136105344,9,-0.4317385427154985,0.4,-0.8317385427154985,-0.0863477085430997,sl,False
vwap_mean_reversion,-1,2026-07-10 04:49:00+00:00,64079.29143,2026-07-10 05:42:00+00:00,64132.092708704964,53,-0.4119995518571118,0.4,-0.8119995518571118,-0.08239991037142236,sl,False
vwap_mean_reversion,-1,2026-07-10 05:44:00+00:00,64120.487310000004,2026-07-10 05:44:00+00:00,64165.434072039025,0,-0.35048674709625693,0.4,-0.750486747096257,-0.07009734941925139,sl,False
vwap_mean_reversion,-1,2026-07-10 05:46:00+00:00,64119.28743,2026-07-10 08:16:00+00:00,64165.81987288059,150,-0.3628583905536109,0.4,-0.7628583905536109,-0.07257167811072218,sl,False
vwap_mean_reversion,-1,2026-07-10 08:19:00+00:00,64223.47701,2026-07-10 08:20:00+00:00,64291.325654580694,1,-0.5282230715266678,0.4,-0.9282230715266678,-0.10564461430533356,sl,False
vwap_mean_reversion,-1,2026-07-10 08:21:00+00:00,64234.275929999996,2026-07-10 08:22:00+00:00,64300.66932634764,1,-0.5168066066472132,0.4,-0.9168066066472133,-0.10336132132944265,sl,False
vwap_mean_reversion,-1,2026-07-10 08:24:00+00:00,64297.269629999995,2026-07-10 09:28:00+00:00,64362.10363002761,64,-0.5041738195159517,0.4,-0.9041738195159518,-0.10083476390319035,sl,False
vwap_mean_reversion,-1,2026-07-10 09:33:00+00:00,64414.35792,2026-07-10 09:46:00+00:00,64463.653211644894,13,-0.38264210990124337,0.4,-0.7826421099012434,-0.07652842198024867,sl,False
vwap_mean_reversion,-1,2026-07-10 09:47:00+00:00,64419.65739,2026-07-10 10:32:00+00:00,64467.8091116508,45,-0.3737346921862672,0.4,-0.7737346921862672,-0.07474693843725344,sl,False
vwap_mean_reversion,-1,2026-07-10 10:34:00+00:00,64421.257229999996,2026-07-10 10:50:00+00:00,64468.934760404685,16,-0.37004501661985767,0.4,-0.7700450166198577,-0.07400900332397153,sl,False
vwap_mean_reversion,-1,2026-07-10 10:51:00+00:00,64447.254629999996,2026-07-10 12:13:00+00:00,64492.30085389616,82,-0.3494813251144757,0.4,-0.7494813251144757,-0.06989626502289514,sl,False
vwap_mean_reversion,-1,2026-07-10 12:15:00+00:00,64507.44861,2026-07-10 13:51:00+00:00,64561.091968841494,96,-0.41579197439522986,0.4,-0.8157919743952299,-0.08315839487904597,sl,False
vwap_mean_reversion,-1,2026-07-10 13:54:00+00:00,64573.84197,2026-07-10 14:21:00+00:00,64029.68567689324,27,4.213442134661626,0.4,3.8134421346616265,0.8426884269323254,tp,False
vwap_mean_reversion,-1,2026-07-10 14:33:00+00:00,63873.91197,2026-07-10 14:33:00+00:00,63988.57027062025,0,-0.8975362325865932,0.4,-1.2975362325865931,-0.17950724651731864,sl,False
vwap_mean_reversion,1,2026-07-10 14:34:00+00:00,64038.903249999996,2026-07-10 14:34:00+00:00,64028.72680386079,0,-0.07945518757151993,0.4,-0.47945518757151995,-0.015891037514303985,tp,False
vwap_mean_reversion,1,2026-07-10 14:58:00+00:00,63932.692630000005,2026-07-10 15:07:00+00:00,64028.1346790938,9,0.7464260081000429,0.4,0.34642600810004287,0.14928520162000858,tp,False
vwap_mean_reversion,-1,2026-07-10 15:18:00+00:00,64107.18864,2026-07-10 15:19:00+00:00,64039.41546750081,1,0.5285926113510753,0.4,0.12859261135107525,0.10571852227021505,tp,False
vwap_mean_reversion,-1,2026-07-10 15:23:00+00:00,64057.39362,2026-07-10 15:23:00+00:00,64132.57720671858,0,-0.5868455026798447,0.4,-0.9868455026798447,-0.11736910053596894,sl,False
vwap_mean_reversion,-1,2026-07-10 15:25:00+00:00,64124.68689,2026-07-10 15:26:00+00:00,64198.80299222163,1,-0.5779061529670448,0.4,-0.9779061529670449,-0.11558123059340897,sl,False
vwap_mean_reversion,-1,2026-07-10 15:27:00+00:00,64156.78368,2026-07-10 15:35:00+00:00,64039.98002365874,8,0.9102985658059892,0.4,0.5102985658059892,0.18205971316119784,tp,False
vwap_mean_reversion,1,2026-07-10 15:44:00+00:00,63943.79374,2026-07-10 16:00:00+00:00,64027.20879711246,16,0.6522529571175717,0.4,0.2522529571175717,0.13045059142351434,tp,False
vwap_mean_reversion,1,2026-07-10 16:04:00+00:00,63961.3955,2026-07-10 16:10:00+00:00,64026.544897860134,6,0.5092868702351039,0.4,0.10928687023510386,0.10185737404702078,tp,False
vwap_mean_reversion,1,2026-07-10 16:27:00+00:00,64003.29969,2026-07-10 16:36:00+00:00,63952.94812856262,9,-0.39335129345879905,0.4,-0.7933512934587991,-0.07867025869175981,sl,False
vwap_mean_reversion,1,2026-07-10 16:40:00+00:00,63860.78544,2026-07-10 16:50:00+00:00,64025.22378181077,10,1.2874750966324067,0.4,0.8874750966324066,0.25749501932648133,tp,False
vwap_mean_reversion,1,2026-07-10 16:51:00+00:00,64038.70323,2026-07-10 16:51:00+00:00,64024.67509328164,0,-0.10952858201995763,0.4,-0.5095285820199577,-0.021905716403991526,tp,False
vwap_mean_reversion,-1,2026-07-10 17:00:00+00:00,64112.488110000006,2026-07-10 17:09:00+00:00,64038.09441061598,9,0.5801810347493275,0.4,0.18018103474932745,0.1160362069498655,tp,False
vwap_mean_reversion,1,2026-07-10 17:12:00+00:00,63972.79664,2026-07-10 17:17:00+00:00,63916.53332101644,5,-0.43974409388553015,0.4,-0.8397440938855302,-0.08794881877710603,sl,False
vwap_mean_reversion,1,2026-07-10 17:21:00+00:00,63880.087369999994,2026-07-10 17:42:00+00:00,63829.695751232546,21,-0.39442352728458197,0.4,-0.794423527284582,-0.07888470545691639,sl,False
vwap_mean_reversion,1,2026-07-10 17:43:00+00:00,63856.184980000005,2026-07-10 17:57:00+00:00,63815.470086912275,14,-0.3188014841513098,0.4,-0.7188014841513098,-0.06376029683026196,sl,False
vwap_mean_reversion,1,2026-07-10 18:01:00+00:00,63882.28759,2026-07-10 18:16:00+00:00,63835.883947429465,15,-0.3631964690146705,0.4,-0.7631964690146705,-0.0726392938029341,sl,False
vwap_mean_reversion,1,2026-07-10 18:18:00+00:00,63861.88555,2026-07-10 18:48:00+00:00,63820.02773773003,30,-0.3277213936722645,0.4,-0.7277213936722645,-0.0655442787344529,sl,False
vwap_mean_reversion,1,2026-07-10 18:49:00+00:00,63847.98416,2026-07-10 18:49:00+00:00,63811.05754815861,0,-0.28917601962852313,0.4,-0.6891760196285232,-0.057835203925704626,sl,False
vwap_mean_reversion,1,2026-07-10 18:53:00+00:00,63794.47881,2026-07-10 18:54:00+00:00,63758.114354785714,1,-0.2850125582387064,0.4,-0.6850125582387064,-0.05700251164774128,sl,False
vwap_mean_reversion,1,2026-07-10 18:56:00+00:00,63764.97586,2026-07-10 19:37:00+00:00,64018.67487683616,41,1.9893288863871428,0.4,1.5893288863871429,0.39786577727742856,tp,False
vwap_mean_reversion,1,2026-07-10 19:43:00+00:00,63995.498909999995,2026-07-10 19:48:00+00:00,63952.39848651372,5,-0.3367457416567077,0.4,-0.7367457416567077,-0.06734914833134154,sl,False
vwap_mean_reversion,1,2026-07-10 19:50:00+00:00,63968.19618,2026-07-10 19:55:00+00:00,63931.490514313686,5,-0.28690558651228715,0.4,-0.6869055865122872,-0.05738111730245743,sl,False
vwap_mean_reversion,1,2026-07-10 19:58:00+00:00,63924.89185,2026-07-10 19:59:00+00:00,63886.0673504946,1,-0.30367278208698334,0.4,-0.7036727820869834,-0.06073455641739667,sl,False
vwap_mean_reversion,1,2026-07-10 20:02:00+00:00,63872.08657,2026-07-10 20:04:00+00:00,63833.327853129325,2,-0.3034088829100279,0.4,-0.7034088829100279,-0.060681776582005575,sl,False
vwap_mean_reversion,1,2026-07-10 20:06:00+00:00,63841.28349,2026-07-10 20:14:00+00:00,63804.72884355911,8,-0.28629316676109795,0.4,-0.686293166761098,-0.05725863335221959,sl,False
vwap_mean_reversion,1,2026-07-10 20:17:00+00:00,63876.48701,2026-07-10 20:17:00+00:00,63844.059241019335,0,-0.2538318127575101,0.4,-0.6538318127575101,-0.05076636255150202,sl,False
vwap_mean_reversion,1,2026-07-10 20:18:00+00:00,63834.98286,2026-07-10 20:18:00+00:00,63800.65327594652,0,-0.2688931876802525,0.4,-0.6688931876802525,-0.0537786375360505,sl,False
vwap_mean_reversion,1,2026-07-10 20:22:00+00:00,63829.68233,2026-07-10 20:23:00+00:00,63780.85615739636,1,-0.38247231398719217,0.4,-0.7824723139871922,-0.07649446279743843,sl,False
vwap_mean_reversion,1,2026-07-10 20:27:00+00:00,63701.76954,2026-07-10 21:30:00+00:00,64005.83167773299,63,2.3866066824255183,0.4,1.9866066824255184,0.47732133648510366,tp,False
vwap_mean_reversion,1,2026-07-10 21:35:00+00:00,63976.49701,2026-07-10 21:37:00+00:00,64002.06937245028,2,0.19985747614692517,0.4,-0.20014252385307485,0.039971495229385035,tp,False
vwap_mean_reversion,-1,2026-07-10 21:40:00+00:00,64032.296129999995,2026-07-10 21:40:00+00:00,64014.938458821714,0,0.1355384097350143,0.4,-0.2644615902649857,0.02710768194700286,tp,False
vwap_mean_reversion,1,2026-07-10 21:52:00+00:00,64001.19948,2026-07-10 21:52:00+00:00,64002.086747470865,0,0.006931647204000413,0.4,-0.3930683527959996,0.0013863294408000826,tp,False
vwap_mean_reversion,1,2026-07-10 21:57:00+00:00,63983.69773,2026-07-10 22:03:00+00:00,64002.06836101249,6,0.1435571220813614,0.4,-0.2564428779186386,0.02871142441627228,tp,False
vwap_mean_reversion,1,2026-07-10 22:07:00+00:00,63984.297790000004,2026-07-10 22:09:00+00:00,64002.03678032607,2,0.13861987189645042,0.4,-0.2613801281035496,0.027723974379290084,tp,False
vwap_mean_reversion,-1,2026-07-10 22:26:00+00:00,64022.897070000006,2026-07-10 22:26:00+00:00,64056.36345508222,0,-0.26136262660547693,0.4,-0.661362626605477,-0.05227252532109539,sl,False
vwap_mean_reversion,-1,2026-07-10 22:30:00+00:00,64094.28993,2026-07-10 22:32:00+00:00,64131.08267876232,2,-0.2870204881161298,0.4,-0.6870204881161298,-0.05740409762322596,sl,False
vwap_mean_reversion,-1,2026-07-10 22:34:00+00:00,64093.590000000004,2026-07-10 22:54:00+00:00,64130.10161344597,20,-0.28483046000360446,0.4,-0.6848304600036045,-0.05696609200072089,sl,False
vwap_mean_reversion,-1,2026-07-10 22:56:00+00:00,64115.88777,2026-07-10 23:02:00+00:00,64016.20710421139,6,0.777347622060498,0.4,0.377347622060498,0.1554695244120996,tp,False
vwap_mean_reversion,-1,2026-07-10 23:03:00+00:00,63982.90107000001,2026-07-10 23:03:00+00:00,64016.27564162711,0,-0.2608085212530975,0.4,-0.6608085212530975,-0.0521617042506195,tp,False
vwap_mean_reversion,-1,2026-07-10 23:17:00+00:00,64109.18844,2026-07-10 23:18:00+00:00,64142.86513393725,1,-0.26265107043721425,0.4,-0.6626510704372143,-0.05253021408744285,sl,False
vwap_mean_reversion,-1,2026-07-10 23:20:00+00:00,64086.39072,2026-07-10 23:24:00+00:00,64121.8164679228,4,-0.27639056845607524,0.4,-0.6763905684560753,-0.05527811369121505,sl,False
vwap_mean_reversion,-1,2026-07-10 23:28:00+00:00,64162.68309,2026-07-11 00:17:00+00:00,64016.78763850776,49,1.1369182557998125,0.4,0.7369182557998125,0.2273836511599625,tp,False
vwap_mean_reversion,1,2026-07-11 00:18:00+00:00,64048.80424,2026-07-11 00:19:00+00:00,64016.95556067173,1,-0.2486282117689642,0.4,-0.6486282117689642,-0.04972564235379284,sl,False
vwap_mean_reversion,1,2026-07-11 00:21:00+00:00,64018.60122,2026-07-11 00:27:00+00:00,64067.30404078518,6,0.38038023212827454,0.4,-0.01961976787172548,0.07607604642565491,tp,False
vwap_mean_reversion,-1,2026-07-11 00:30:00+00:00,64069.092450000004,2026-07-11 00:30:00+00:00,64098.58439070388,0,-0.23015731592335165,0.4,-0.6301573159233517,-0.04603146318467033,sl,False
vwap_mean_reversion,1,2026-07-11 00:40:00+00:00,64036.403,2026-07-11 00:42:00+00:00,64064.94817971509,2,0.22288244168777727,0.4,-0.17711755831222276,0.04457648833755545,tp,False
vwap_mean_reversion,-1,2026-07-11 00:46:00+00:00,64067.5926,2026-07-11 00:46:00+00:00,64078.22798857182,0,-0.08300131267779953,0.4,-0.48300131267779955,-0.016600262535559906,tp,False
vwap_mean_reversion,-1,2026-07-11 00:56:00+00:00,64084.290929999996,2026-07-11 00:58:00+00:00,64111.419021188936,2,-0.21165944723156027,0.4,-0.6116594472315603,-0.042331889446312054,sl,False
vwap_mean_reversion,-1,2026-07-11 01:00:00+00:00,64083.69099,2026-07-11 01:02:00+00:00,64079.81879041058,2,0.03021205184661202,0.4,-0.369787948153388,0.006042410369322404,tp,False
vwap_mean_reversion,-1,2026-07-11 01:07:00+00:00,64082.19114,2026-07-11 01:10:00+00:00,64112.27004880655,3,-0.2346900774727878,0.4,-0.6346900774727878,-0.04693801549455756,sl,False
vwap_mean_reversion,-1,2026-07-11 01:15:00+00:00,64097.489610000004,2026-07-11 01:17:00+00:00,64123.9474963402,2,-0.20638785154603045,0.4,-0.6063878515460305,-0.04127757030920609,sl,False
vwap_mean_reversion,-1,2026-07-11 01:20:00+00:00,64143.68499,2026-07-11 01:20:00+00:00,64171.615017385724,0,-0.21771455280494845,0.4,-0.6177145528049485,-0.04354291056098969,sl,False
vwap_mean_reversion,-1,2026-07-11 01:24:00+00:00,64216.977660000004,2026-07-11 01:38:00+00:00,64119.4617823738,14,0.7592686636741508,0.4,0.3592686636741508,0.15185373273483016,tp,False
vwap_mean_reversion,-1,2026-07-11 01:39:00+00:00,64032.79608,2026-07-11 01:39:00+00:00,64127.93723849677,0,-0.7429096050866058,0.4,-1.1429096050866057,-0.14858192101732115,tp,False
vwap_mean_reversion,1,2026-07-11 01:40:00+00:00,64030.702430000005,2026-07-11 01:40:00+00:00,63984.12076119309,0,-0.3637447899141888,0.4,-0.7637447899141888,-0.07274895798283776,sl,False
vwap_mean_reversion,1,2026-07-11 01:42:00+00:00,64006.29999,2026-07-11 02:01:00+00:00,63958.59252368179,19,-0.3726778951889109,0.4,-0.772677895188911,-0.07453557903778218,sl,False
vwap_mean_reversion,1,2026-07-11 02:03:00+00:00,63993.998759999995,2026-07-11 02:42:00+00:00,64088.53578428466,39,0.7386397640128939,0.4,0.33863976401289386,0.14772795280257878,tp,False
vwap_mean_reversion,-1,2026-07-11 02:45:00+00:00,64106.5887,2026-07-11 02:45:00+00:00,64134.80833974519,0,-0.22009937135514246,0.4,-0.6200993713551425,-0.04401987427102849,sl,False
vwap_mean_reversion,-1,2026-07-11 02:47:00+00:00,64123.08705,2026-07-11 03:11:00+00:00,64150.726367586416,24,-0.21551767746974537,0.4,-0.6155176774697454,-0.043103535493949074,sl,False
vwap_mean_reversion,-1,2026-07-11 03:13:00+00:00,64135.485810000006,2026-07-11 03:14:00+00:00,64161.592093983585,1,-0.2035244892423238,0.4,-0.6035244892423238,-0.04070489784846476,sl,False
vwap_mean_reversion,-1,2026-07-11 03:17:00+00:00,64147.5846,2026-07-11 03:18:00+00:00,64093.40082401549,1,0.42233683717307624,0.4,0.02233683717307622,0.08446736743461525,tp,False
vwap_mean_reversion,-1,2026-07-11 03:19:00+00:00,64051.99416,2026-07-11 03:19:00+00:00,64085.984347206555,0,-0.26533277887996753,0.4,-0.6653327788799676,-0.05306655577599351,sl,False
vwap_mean_reversion,-1,2026-07-11 03:21:00+00:00,64129.78638,2026-07-11 03:27:00+00:00,64094.8966983041,6,0.272023997469395,0.4,-0.12797600253060504,0.054404799493879,tp,False
vwap_mean_reversion,-1,2026-07-11 03:40:00+00:00,64140.78528,2026-07-11 04:02:00+00:00,64096.019925725646,22,0.3489616948009755,0.4,-0.051038305199024525,0.0697923389601951,tp,False
vwap_mean_reversion,1,2026-07-11 04:11:00+00:00,64063.50571,2026-07-11 04:15:00+00:00,64084.64474587524,4,0.16498500699391183,0.4,-0.2350149930060882,0.032997001398782366,tp,False
vwap_mean_reversion,1,2026-07-11 04:20:00+00:00,64105.709930000005,2026-07-11 04:20:00+00:00,64084.31973971874,0,-0.16683529676703168,0.4,-0.5668352967670317,-0.033367059353406336,tp,False
vwap_mean_reversion,-1,2026-07-11 04:27:00+00:00,64104.5889,2026-07-11 04:31:00+00:00,64130.38657615031,4,-0.20121551821006278,0.4,-0.6012155182100628,-0.040243103642012557,sl,False
vwap_mean_reversion,-1,2026-07-11 04:35:00+00:00,64142.785079999994,2026-07-11 04:37:00+00:00,64167.519002748835,2,-0.192803623338067,0.4,-0.592803623338067,-0.0385607246676134,sl,False
vwap_mean_reversion,-1,2026-07-11 04:40:00+00:00,64160.08335,2026-07-11 04:51:00+00:00,64099.37510844959,11,0.47309977154519345,0.4,0.07309977154519343,0.09461995430903869,tp,False
vwap_mean_reversion,-1,2026-07-11 05:01:00+00:00,64090.390320000006,2026-07-11 05:01:00+00:00,64116.64109878453,0,-0.20479496733794011,0.4,-0.6047949673379401,-0.04095899346758802,sl,False
vwap_mean_reversion,-1,2026-07-11 05:06:00+00:00,64123.487010000004,2026-07-11 05:06:00+00:00,64150.02670360916,0,-0.2069420648086462,0.4,-0.6069420648086462,-0.04138841296172924,sl,False
vwap_mean_reversion,-1,2026-07-11 05:08:00+00:00,64122.08715,2026-07-11 05:09:00+00:00,64148.95601877524,1,-0.20951336715213653,0.4,-0.6095133671521366,-0.041902673430427306,sl,False
vwap_mean_reversion,-1,2026-07-11 05:14:00+00:00,64153.08405,2026-07-11 05:26:00+00:00,64178.34794474981,12,-0.19690319743725926,0.4,-0.5969031974372593,-0.03938063948745185,sl,False
vwap_mean_reversion,-1,2026-07-11 05:28:00+00:00,64152.38412,2026-07-11 05:33:00+00:00,64178.40259294761,5,-0.20278648490246187,0.4,-0.6027864849024619,-0.040557296980492374,sl,False
vwap_mean_reversion,-1,2026-07-11 05:35:00+00:00,64169.98236,2026-07-11 05:37:00+00:00,64196.436248232014,2,-0.20612354296434265,0.4,-0.6061235429643427,-0.04122470859286853,sl,False
vwap_mean_reversion,-1,2026-07-11 05:38:00+00:00,64173.582,2026-07-11 06:00:00+00:00,64105.14775006722,22,0.5331964322389249,0.4,0.13319643223892486,0.10663928644778498,tp,False
vwap_mean_reversion,-1,2026-07-11 06:01:00+00:00,64108.788479999996,2026-07-11 06:05:00+00:00,64136.828064569636,4,-0.21868752502152145,0.4,-0.6186875250215215,-0.04373750500430429,sl,False
vwap_mean_reversion,-1,2026-07-11 06:12:00+00:00,64173.382020000005,2026-07-11 06:20:00+00:00,64197.63874504117,8,-0.1889936627744726,0.4,-0.5889936627744726,-0.03779873255489452,sl,False
vwap_mean_reversion,-1,2026-07-11 06:22:00+00:00,64184.5809,2026-07-11 06:22:00+00:00,64207.21286217445,0,-0.17630373102928143,0.4,-0.5763037310292815,-0.035260746205856286,sl,False
vwap_mean_reversion,-1,2026-07-11 06:25:00+00:00,64214.777879999994,2026-07-11 06:25:00+00:00,64241.48150289258,0,-0.2079242798479486,0.4,-0.6079242798479486,-0.04158485596958972,sl,False
vwap_mean_reversion,-1,2026-07-11 06:26:00+00:00,64216.17774,2026-07-11 06:34:00+00:00,64243.027514828835,8,-0.20905771546808616,0.4,-0.6090577154680862,-0.04181154309361723,sl,False
vwap_mean_reversion,-1,2026-07-11 06:36:00+00:00,64229.37642,2026-07-11 08:40:00+00:00,64256.05113738805,124,-0.20765200345107537,0.4,-0.6076520034510754,-0.041530400690215075,sl,False
vwap_mean_reversion,-1,2026-07-11 08:42:00+00:00,64251.374220000005,2026-07-11 09:31:00+00:00,64276.52884324917,49,-0.1957516360897582,0.4,-0.5957516360897582,-0.03915032721795164,sl,False
vwap_mean_reversion,-1,2026-07-11 09:33:00+00:00,64227.27663,2026-07-11 09:39:00+00:00,64250.55469574242,6,-0.18121635357915,0.4,-0.58121635357915,-0.03624327071583,sl,False
vwap_mean_reversion,-1,2026-07-11 09:41:00+00:00,64205.978760000005,2026-07-11 09:48:00+00:00,64141.12318551905,7,0.5050586856045203,0.4,0.10505868560452025,0.10101173712090405,tp,False
vwap_mean_reversion,-1,2026-07-11 10:05:00+00:00,64127.08665,2026-07-11 10:05:00+00:00,64141.90074044068,0,-0.11550571852370073,0.4,-0.5155057185237008,-0.023101143704740146,tp,False
vwap_mean_reversion,-1,2026-07-11 10:16:00+00:00,64139.78538,2026-07-11 10:16:00+00:00,64142.13831276162,0,-0.01834222509222716,0.4,-0.4183422250922272,-0.003668445018445432,tp,False
vwap_mean_reversion,-1,2026-07-11 10:27:00+00:00,64126.98666,2026-07-11 10:27:00+00:00,64142.13425684074,0,-0.11810625783070794,0.4,-0.518106257830708,-0.023621251566141588,tp,False
vwap_mean_reversion,-1,2026-07-11 10:31:00+00:00,64144.5849,2026-07-11 10:31:00+00:00,64142.20215392151,0,0.018573244196684602,0.4,-0.3814267558033154,0.0037146488393369204,tp,False
vwap_mean_reversion,1,2026-07-11 10:40:00+00:00,64124.4118,2026-07-11 10:42:00+00:00,64129.29323473034,2,0.038062218376100354,0.4,-0.36193778162389967,0.007612443675220071,tp,False
vwap_mean_reversion,1,2026-07-11 10:46:00+00:00,64144.4138,2026-07-11 10:46:00+00:00,64129.23486359757,0,-0.11831845910820205,0.4,-0.5183184591082021,-0.02366369182164041,tp,False
vwap_mean_reversion,-1,2026-07-11 10:49:00+00:00,64151.38422000001,2026-07-11 11:06:00+00:00,64177.12167635955,17,-0.2005993843505749,0.4,-0.6005993843505749,-0.04011987687011498,sl,False
vwap_mean_reversion,-1,2026-07-11 11:09:00+00:00,64155.5838,2026-07-11 11:11:00+00:00,64179.58972922925,2,-0.18709150324380808,0.4,-0.5870915032438081,-0.037418300648761615,sl,False
vwap_mean_reversion,-1,2026-07-11 11:14:00+00:00,64157.08365,2026-07-11 11:14:00+00:00,64180.98732903509,0,-0.18629025569094626,0.4,-0.5862902556909463,-0.03725805113818925,sl,False
vwap_mean_reversion,-1,2026-07-11 11:16:00+00:00,64156.5837,2026-07-11 11:35:00+00:00,64182.77635207617,19,-0.20413066411584246,0.4,-0.6041306641158425,-0.04082613282316849,sl,False
vwap_mean_reversion,-1,2026-07-11 11:38:00+00:00,64156.18374,2026-07-11 11:47:00+00:00,64178.18472758112,9,-0.1714642790341392,0.4,-0.5714642790341392,-0.03429285580682784,sl,False
vwap_mean_reversion,-1,2026-07-11 11:51:00+00:00,64166.08275,2026-07-11 12:04:00+00:00,64185.85340343282,13,-0.15405844166804794,0.4,-0.554058441668048,-0.030811688333609588,sl,False
vwap_mean_reversion,-1,2026-07-11 12:06:00+00:00,64172.5821,2026-07-11 12:08:00+00:00,64143.919549545986,2,0.22332396107538344,0.4,-0.17667603892461659,0.04466479221507669,tp,False
vwap_mean_reversion,-1,2026-07-11 12:09:00+00:00,64140.5853,2026-07-11 12:09:00+00:00,64161.56999796213,0,-0.16358361764223783,0.4,-0.5635836176422379,-0.03271672352844757,sl,False
vwap_mean_reversion,-1,2026-07-11 12:14:00+00:00,64185.68079,2026-07-11 12:15:00+00:00,64208.28033929228,1,-0.17604821678385285,0.4,-0.5760482167838529,-0.03520964335677057,sl,False
vwap_mean_reversion,-1,2026-07-11 12:17:00+00:00,64182.281129999996,2026-07-11 12:31:00+00:00,64144.63013671415,14,0.2933129878134322,0.4,-0.10668701218656784,0.058662597562686436,tp,False
vwap_mean_reversion,1,2026-07-11 12:35:00+00:00,64126.61201999999,2026-07-11 12:48:00+00:00,64131.920776499996,13,0.04139277230452709,0.4,-0.35860722769547293,0.008278554460905418,tp,False
vwap_mean_reversion,-1,2026-07-11 12:55:00+00:00,64149.28443,2026-07-11 12:56:00+00:00,64170.43381575673,1,-0.1648450637030674,0.4,-0.5648450637030674,-0.03296901274061348,sl,False
vwap_mean_reversion,-1,2026-07-11 12:58:00+00:00,64162.98306,2026-07-11 13:09:00+00:00,64183.91193986791,11,-0.1630915433618041,0.4,-0.5630915433618041,-0.03261830867236082,sl,False
vwap_mean_reversion,-1,2026-07-11 13:10:00+00:00,64157.883570000005,2026-07-11 13:20:00+00:00,64178.57697885748,10,-0.16126941621208424,0.4,-0.5612694162120843,-0.03225388324241685,sl,False
vwap_mean_reversion,-1,2026-07-11 13:22:00+00:00,64168.68249,2026-07-11 13:22:00+00:00,64189.85302153552,0,-0.1649599985071859,0.4,-0.5649599985071859,-0.03299199970143718,sl,False
vwap_mean_reversion,-1,2026-07-11 13:24:00+00:00,64179.381420000005,2026-07-11 13:32:00+00:00,64201.19376617093,8,-0.16993266130271856,0.4,-0.5699326613027186,-0.03398653226054371,sl,False
vwap_mean_reversion,-1,2026-07-11 13:34:00+00:00,64187.680589999996,2026-07-11 13:44:00+00:00,64214.13551396757,10,-0.20607477731249269,0.4,-0.6060747773124927,-0.04121495546249854,sl,False
vwap_mean_reversion,-1,2026-07-11 13:47:00+00:00,64213.67799,2026-07-11 13:48:00+00:00,64239.11505158008,1,-0.19806575776615265,0.4,-0.5980657577661527,-0.03961315155323053,sl,False
vwap_mean_reversion,-1,2026-07-11 13:50:00+00:00,64227.476610000005,2026-07-11 14:09:00+00:00,64252.69115213974,19,-0.1962909292921866,0.4,-0.5962909292921866,-0.03925818585843732,sl,False
vwap_mean_reversion,-1,2026-07-11 14:11:00+00:00,64239.87537,2026-07-11 14:16:00+00:00,64260.36378507857,5,-0.15946804815980542,0.4,-0.5594680481598054,-0.031893609631961084,sl,False
vwap_mean_reversion,-1,2026-07-11 14:21:00+00:00,64253.673989999996,2026-07-11 14:23:00+00:00,64274.46543706565,2,-0.16179189277865103,0.4,-0.561791892778651,-0.032358378555730205,sl,False
vwap_mean_reversion,-1,2026-07-11 14:26:00+00:00,64329.96636,2026-07-11 14:26:00+00:00,64356.28317946602,0,-0.20454557148963382,0.4,-0.6045455714896338,-0.04090911429792676,sl,False
vwap_mean_reversion,-1,2026-07-11 14:28:00+00:00,64376.761679999996,2026-07-11 14:31:00+00:00,64410.60135943754,3,-0.2628252692000732,0.4,-0.6628252692000732,-0.05256505384001464,sl,False
vwap_mean_reversion,-1,2026-07-11 14:32:00+00:00,64384.560900000004,2026-07-11 14:35:00+00:00,64419.453332721925,3,-0.27096894219802437,0.4,-0.6709689421980244,-0.05419378843960487,sl,False
vwap_mean_reversion,-1,2026-07-11 14:37:00+00:00,64415.05785,2026-07-11 14:39:00+00:00,64454.74294744635,2,-0.3080420849638221,0.4,-0.7080420849638221,-0.061608416992764425,sl,False
vwap_mean_reversion,-1,2026-07-11 14:41:00+00:00,64405.35882,2026-07-11 15:11:00+00:00,64446.26314678949,30,-0.31755375281583564,0.4,-0.7175537528158357,-0.06351075056316713,sl,False
vwap_mean_reversion,-1,2026-07-11 15:13:00+00:00,64397.75958,2026-07-11 15:13:00+00:00,64433.283923620846,0,-0.2758197168080123,0.4,-0.6758197168080123,-0.05516394336160246,sl,False
vwap_mean_reversion,-1,2026-07-11 15:15:00+00:00,64427.05665,2026-07-11 15:37:00+00:00,64194.49068469693,22,1.8048780853553437,0.4,1.4048780853553438,0.36097561707106873,tp,False
vwap_mean_reversion,-1,2026-07-11 15:38:00+00:00,64147.48461,2026-07-11 15:38:00+00:00,64177.59967355949,0,-0.2347330042836715,0.4,-0.6347330042836715,-0.0469466008567343,tp,False
vwap_mean_reversion,1,2026-07-11 15:49:00+00:00,63987.998159999996,2026-07-11 16:02:00+00:00,64157.933902732846,13,1.3278720042775305,0.4,0.9278720042775305,0.2655744008555061,tp,False
vwap_mean_reversion,1,2026-07-11 16:07:00+00:00,64091.4085,2026-07-11 16:14:00+00:00,64154.55643687543,7,0.49263964042411956,0.4,0.09263964042411954,0.09852792808482391,tp,False
vwap_mean_reversion,-1,2026-07-11 16:34:00+00:00,64183.68099,2026-07-11 16:34:00+00:00,64221.434644594396,0,-0.294106336782729,0.4,-0.694106336782729,-0.0588212673565458,sl,False
vwap_mean_reversion,1,2026-07-11 16:43:00+00:00,64116.01096,2026-07-11 16:46:00+00:00,64074.06575670332,3,-0.327103968795317,0.4,-0.727103968795317,-0.0654207937590634,sl,False
vwap_mean_reversion,1,2026-07-11 16:48:00+00:00,64092.20858,2026-07-11 17:01:00+00:00,64153.72700394949,13,0.4799212362349703,0.4,0.07992123623497027,0.09598424724699406,tp,False
vwap_mean_reversion,-1,2026-07-11 17:09:00+00:00,64178.18154,2026-07-11 17:18:00+00:00,64210.878628524035,9,-0.2547367948066981,0.4,-0.6547367948066981,-0.05094735896133962,sl,False
vwap_mean_reversion,-1,2026-07-11 17:20:00+00:00,64199.77938,2026-07-11 17:25:00+00:00,64228.28880130287,5,-0.22203675447329818,0.4,-0.6220367544732982,-0.044407350894659636,sl,False
vwap_mean_reversion,-1,2026-07-11 17:28:00+00:00,64242.67509,2026-07-11 17:28:00+00:00,64272.87204601876,0,-0.23502256075469408,0.4,-0.6350225607546941,-0.047004512150938815,sl,False
vwap_mean_reversion,-1,2026-07-11 17:30:00+00:00,64266.47271,2026-07-11 17:31:00+00:00,64297.08300850597,1,-0.23815138139060554,0.4,-0.6381513813906056,-0.04763027627812111,sl,False
vwap_mean_reversion,-1,2026-07-11 17:33:00+00:00,64330.866270000006,2026-07-11 17:33:00+00:00,64363.8166830713,0,-0.2561011143003,0.4,-0.6561011143003,-0.051220222860060005,sl,False
vwap_mean_reversion,-1,2026-07-11 17:34:00+00:00,64333.566,2026-07-11 17:35:00+00:00,64366.68261642334,1,-0.2573820983539088,0.4,-0.6573820983539088,-0.05147641967078176,sl,False
vwap_mean_reversion,-1,2026-07-11 17:37:00+00:00,64313.96796,2026-07-11 17:39:00+00:00,64348.41100602846,2,-0.267772671481592,0.4,-0.667772671481592,-0.0535545342963184,sl,False
vwap_mean_reversion,-1,2026-07-11 17:40:00+00:00,64319.06745,2026-07-11 17:40:00+00:00,64353.6763597101,0,-0.26904082321310696,0.4,-0.669040823213107,-0.05380816464262139,sl,False
vwap_mean_reversion,-1,2026-07-11 17:41:00+00:00,64340.265329999995,2026-07-11 20:40:00+00:00,64376.03276401653,179,-0.277955288442433,0.4,-0.677955288442433,-0.0555910576884866,sl,False
vwap_mean_reversion,-1,2026-07-11 20:42:00+00:00,64372.06215,2026-07-11 20:42:00+00:00,64396.47019101709,0,-0.18958566963578338,0.4,-0.5895856696357834,-0.037917133927156677,sl,False
vwap_mean_reversion,-1,2026-07-11 20:44:00+00:00,64375.5618,2026-07-11 20:45:00+00:00,64404.38097143821,1,-0.22383627134581197,0.4,-0.623836271345812,-0.04476725426916239,sl,False
vwap_mean_reversion,-1,2026-07-11 20:47:00+00:00,64391.460210000005,2026-07-11 22:22:00+00:00,64182.64657746974,95,1.621438866654501,0.4,1.221438866654501,0.3242877733309002,tp,False
vwap_mean_reversion,-1,2026-07-11 22:23:00+00:00,64216.277729999994,2026-07-11 22:24:00+00:00,64254.71254706579,1,-0.29926070479668887,0.4,-0.6992607047966889,-0.059852140959337774,sl,False
vwap_mean_reversion,-1,2026-07-11 22:26:00+00:00,64270.87227000001,2026-07-11 22:41:00+00:00,64189.39399573703,15,0.6338662553130314,0.4,0.2338662553130314,0.12677325106260628,tp,False
vwap_mean_reversion,1,2026-07-11 22:51:00+00:00,64149.014259999996,2026-07-11 22:51:00+00:00,64112.357485625806,0,-0.28571580403102814,0.4,-0.6857158040310282,-0.05714316080620563,sl,False
vwap_mean_reversion,1,2026-07-11 22:53:00+00:00,64139.4133,2026-07-11 23:02:00+00:00,64176.77592803777,9,0.2912610680037009,0.4,-0.10873893199629914,0.05825221360074018,tp,False
vwap_mean_reversion,-1,2026-07-11 23:08:00+00:00,64180.48131,2026-07-11 23:08:00+00:00,64189.54383608657,0,-0.07060188628682518,0.4,-0.4706018862868252,-0.014120377257365035,tp,False
vwap_mean_reversion,1,2026-07-11 23:12:00+00:00,64087.508109999995,2026-07-11 23:20:00+00:00,64050.18198472132,8,-0.29121217519184617,0.4,-0.6912121751918462,-0.058242435038369234,sl,False
vwap_mean_reversion,1,2026-07-11 23:24:00+00:00,63948.49421,2026-07-11 23:24:00+00:00,63900.11265678609,0,-0.3782853201751979,0.4,-0.7782853201751979,-0.07565706403503958,sl,False
vwap_mean_reversion,1,2026-07-11 23:25:00+00:00,63892.3886,2026-07-11 23:26:00+00:00,63842.51818058708,1,-0.3902688607020921,0.4,-0.7902688607020921,-0.07805377214041842,sl,False
vwap_mean_reversion,1,2026-07-11 23:28:00+00:00,63848.184180000004,2026-07-11 23:35:00+00:00,63794.01185102764,7,-0.42422763989374834,0.4,-0.8242276398937484,-0.08484552797874967,sl,False
vwap_mean_reversion,1,2026-07-11 23:36:00+00:00,63830.78244,2026-07-12 00:00:00+00:00,63768.83639248716,24,-0.48523647325704466,0.4,-0.8852364732570447,-0.09704729465140893,sl,False
vwap_mean_reversion,1,2026-07-12 00:01:00+00:00,63839.58332,2026-07-12 00:01:00+00:00,63801.852510000004,0,-0.29551265874389054,0.4,-0.6955126587438906,-0.05910253174877811,tp,False
vwap_mean_reversion,1,2026-07-12 00:33:00+00:00,63756.27499,2026-07-12 00:34:00+00:00,63792.82867723581,1,0.2866673691456212,0.4,-0.11333263085437884,0.05733347382912424,tp,False
vwap_mean_reversion,1,2026-07-12 00:42:00+00:00,63707.17008,2026-07-12 00:45:00+00:00,63777.65098982392,3,0.553163087729458,0.4,0.15316308772945797,0.1106326175458916,tp,False
vwap_mean_reversion,-1,2026-07-12 01:04:00+00:00,63878.31153,2026-07-12 01:09:00+00:00,63925.66206293247,5,-0.3706307492976624,0.4,-0.7706307492976624,-0.07412614985953248,sl,False
vwap_mean_reversion,-1,2026-07-12 01:12:00+00:00,63918.50751,2026-07-12 01:19:00+00:00,63961.98910910161,7,-0.3401330913023193,0.4,-0.7401330913023193,-0.06802661826046386,sl,False
vwap_mean_reversion,-1,2026-07-12 01:21:00+00:00,63930.20634,2026-07-12 01:23:00+00:00,63975.032347132794,2,-0.3505855033096861,0.4,-0.7505855033096861,-0.07011710066193722,sl,False
vwap_mean_reversion,-1,2026-07-12 01:25:00+00:00,63923.307029999996,2026-07-12 01:32:00+00:00,63965.83242966107,7,-0.33262828252234033,0.4,-0.7326282825223404,-0.06652565650446807,sl,False
vwap_mean_reversion,-1,2026-07-12 01:34:00+00:00,63948.30453,2026-07-12 01:35:00+00:00,63988.889635181826,1,-0.31732745285517616,0.4,-0.7173274528551762,-0.06346549057103523,sl,False
vwap_mean_reversion,-1,2026-07-12 01:37:00+00:00,63993.69999,2026-07-12 01:37:00+00:00,64034.7894185184,0,-0.32104276299715906,0.4,-0.7210427629971591,-0.06420855259943181,sl,False
vwap_mean_reversion,-1,2026-07-12 01:39:00+00:00,64018.89747,2026-07-12 01:40:00+00:00,64061.092366630655,1,-0.32955032262482753,0.4,-0.7295503226248276,-0.0659100645249655,sl,False
vwap_mean_reversion,-1,2026-07-12 01:44:00+00:00,64131.68619,2026-07-12 03:33:00+00:00,64175.97626138578,109,-0.3453056828613965,0.4,-0.7453056828613965,-0.0690611365722793,sl,False
vwap_mean_reversion,-1,2026-07-12 03:35:00+00:00,64149.484410000005,2026-07-12 03:47:00+00:00,64181.69561292521,12,-0.25106361509730224,0.4,-0.6510636150973023,-0.05021272301946045,sl,False
vwap_mean_reversion,-1,2026-07-12 03:49:00+00:00,64172.98206,2026-07-12 03:59:00+00:00,64203.7106924209,10,-0.23942032483526,0.4,-0.63942032483526,-0.047884064967052,sl,False
vwap_mean_reversion,-1,2026-07-12 04:01:00+00:00,64181.18124,2026-07-12 04:35:00+00:00,63958.19313533737,34,1.7371766953679368,0.4,1.337176695367937,0.34743533907358737,tp,False
vwap_mean_reversion,1,2026-07-12 04:37:00+00:00,63953.19468,2026-07-12 04:39:00+00:00,63958.83045075459,2,0.04406168278836553,0.4,-0.3559383172116345,0.008812336557673106,tp,False
vwap_mean_reversion,-1,2026-07-12 04:44:00+00:00,63996.29973,2026-07-12 04:49:00+00:00,63971.702930795735,5,0.19217360463058553,0.4,-0.2078263953694145,0.038434720926117105,tp,False
vwap_mean_reversion,-1,2026-07-12 04:50:00+00:00,63957.80358,2026-07-12 04:50:00+00:00,63971.87373086606,0,-0.10999557582103137,0.4,-0.5099955758210314,-0.021999115164206273,tp,False
vwap_mean_reversion,1,2026-07-12 04:58:00+00:00,63949.494309999995,2026-07-12 04:58:00+00:00,63958.95375130275,0,0.0739602510139159,0.4,-0.3260397489860841,0.01479205020278318,tp,False
vwap_mean_reversion,-1,2026-07-12 05:08:00+00:00,63968.702489999996,2026-07-12 05:14:00+00:00,63971.89862517162,6,-0.02498202282685824,0.4,-0.42498202282685826,-0.004996404565371648,tp,False
vwap_mean_reversion,1,2026-07-12 05:19:00+00:00,63906.28999,2026-07-12 05:25:00+00:00,63878.34772018268,6,-0.21861908915138395,0.4,-0.618619089151384,-0.04372381783027679,sl,False
vwap_mean_reversion,1,2026-07-12 05:26:00+00:00,63900.58942,2026-07-12 05:30:00+00:00,63872.48187685392,4,-0.21993179876117486,0.4,-0.6199317987611749,-0.04398635975223497,sl,False
vwap_mean_reversion,1,2026-07-12 05:32:00+00:00,63893.98876,2026-07-12 05:58:00+00:00,63954.97390762257,26,0.4772369733531123,0.4,0.0772369733531123,0.09544739467062247,tp,False
vwap_mean_reversion,1,2026-07-12 06:04:00+00:00,63870.98646,2026-07-12 06:04:00+00:00,63838.04561093802,0,-0.2578702074893524,0.4,-0.6578702074893524,-0.05157404149787048,sl,False
vwap_mean_reversion,1,2026-07-12 06:05:00+00:00,63854.18478,2026-07-12 06:05:00+00:00,63821.09515944245,0,-0.25910299122572367,0.4,-0.6591029912257237,-0.05182059824514473,sl,False
vwap_mean_reversion,1,2026-07-12 06:07:00+00:00,63838.18318,2026-07-12 06:07:00+00:00,63804.5243498764,0,-0.26362615950936696,0.4,-0.663626159509367,-0.05272523190187339,sl,False
vwap_mean_reversion,1,2026-07-12 06:14:00+00:00,63749.27429,2026-07-12 06:15:00+00:00,63710.88155590343,1,-0.301122910999152,0.4,-0.701122910999152,-0.0602245821998304,sl,False
vwap_mean_reversion,1,2026-07-12 06:17:00+00:00,63725.971959999995,2026-07-12 06:17:00+00:00,63687.884459037836,0,-0.29883813295200623,0.4,-0.6988381329520063,-0.059767626590401246,sl,False
vwap_mean_reversion,1,2026-07-12 06:19:00+00:00,63718.3712,2026-07-12 06:27:00+00:00,63679.40696564996,8,-0.30575353399836525,0.4,-0.7057535339983653,-0.06115070679967305,sl,False
vwap_mean_reversion,1,2026-07-12 06:30:00+00:00,63644.963859999996,2026-07-12 08:07:00+00:00,63916.36916065144,97,2.132182062735244,0.4,1.732182062735244,0.4264364125470488,tp,False
vwap_mean_reversion,-1,2026-07-12 08:10:00+00:00,63985.90077,2026-07-12 08:14:00+00:00,64026.899877446056,4,-0.3203761059286103,0.4,-0.7203761059286103,-0.06407522118572206,sl,False
vwap_mean_reversion,-1,2026-07-12 08:16:00+00:00,64027.39662000001,2026-07-12 08:17:00+00:00,64068.79789751578,1,-0.3233090809664496,0.4,-0.7233090809664496,-0.06466181619328992,sl,False
vwap_mean_reversion,-1,2026-07-12 08:18:00+00:00,64018.297529999996,2026-07-12 08:47:00+00:00,63911.71151444764,29,0.8324652455995452,0.4,0.43246524559954513,0.16649304911990903,tp,False
vwap_mean_reversion,-1,2026-07-12 08:48:00+00:00,63913.508010000005,2026-07-12 08:50:00+00:00,63940.55751717204,2,-0.21161025277949275,0.4,-0.6116102527794928,-0.04232205055589855,sl,False
vwap_mean_reversion,-1,2026-07-12 08:54:00+00:00,63949.70439,2026-07-12 09:11:00+00:00,63913.89586482466,17,0.27997412589242376,0.4,-0.12002587410757626,0.05599482517848475,tp,False
vwap_mean_reversion,-1,2026-07-12 09:12:00+00:00,63894.309929999996,2026-07-12 09:12:00+00:00,63914.399392127765,0,-0.1572085382076649,0.4,-0.5572085382076649,-0.03144170764153298,tp,False
vwap_mean_reversion,1,2026-07-12 09:17:00+00:00,63825.78194,2026-07-12 09:20:00+00:00,63791.29172058255,3,-0.27019033977421225,0.4,-0.6701903397742123,-0.05403806795484245,sl,False
vwap_mean_reversion,1,2026-07-12 09:24:00+00:00,63765.87595,2026-07-12 09:37:00+00:00,63898.45283692373,13,1.0395598346966128,0.4,0.6395598346966128,0.20791196693932257,tp,False
vwap_mean_reversion,-1,2026-07-12 09:43:00+00:00,63989.20044,2026-07-12 10:03:00+00:00,63909.94874539487,20,0.6192583596933976,0.4,0.21925835969339758,0.12385167193867952,tp,False
vwap_mean_reversion,1,2026-07-12 10:10:00+00:00,63886.388,2026-07-12 10:15:00+00:00,63898.44793010823,5,0.0943857563854289,0.4,-0.3056142436145711,0.01887715127708578,tp,False
vwap_mean_reversion,1,2026-07-12 10:18:00+00:00,63874.086769999994,2026-07-12 10:29:00+00:00,63845.16541405883,11,-0.2263934985505811,0.4,-0.6263934985505811,-0.04527869971011622,sl,False
vwap_mean_reversion,1,2026-07-12 10:31:00+00:00,63859.48531,2026-07-12 10:39:00+00:00,63834.36089810779,8,-0.19671636695972605,0.4,-0.5967163669597261,-0.03934327339194521,sl,False
vwap_mean_reversion,1,2026-07-12 10:42:00+00:00,63834.3828,2026-07-12 10:46:00+00:00,63809.321151692064,4,-0.1963021118764341,0.4,-0.5963021118764341,-0.03926042237528682,sl,False
vwap_mean_reversion,1,2026-07-12 10:48:00+00:00,63841.383499999996,2026-07-12 10:49:00+00:00,63816.026003043706,1,-0.19859764596336094,0.4,-0.598597645963361,-0.03971952919267219,sl,False
vwap_mean_reversion,1,2026-07-12 10:52:00+00:00,63824.3818,2026-07-12 11:11:00+00:00,63799.67663222697,19,-0.19354020420009332,0.4,-0.5935402042000933,-0.038708040840018665,sl,False
vwap_mean_reversion,1,2026-07-12 11:13:00+00:00,63833.082669999996,2026-07-12 11:30:00+00:00,63896.26443485733,17,0.4948982738619545,0.4,0.09489827386195449,0.0989796547723909,tp,False
vwap_mean_reversion,-1,2026-07-12 11:37:00+00:00,63982.10115,2026-07-12 11:37:00+00:00,64015.21876588712,0,-0.2588037536425114,0.4,-0.6588037536425114,-0.05176075072850228,sl,False
vwap_mean_reversion,-1,2026-07-12 11:38:00+00:00,63991.90017,2026-07-12 12:10:00+00:00,64025.27563689518,32,-0.26077883924779943,0.4,-0.6607788392477995,-0.052155767849559886,sl,False
vwap_mean_reversion,-1,2026-07-12 12:14:00+00:00,64081.79118,2026-07-12 14:46:00+00:00,64116.76088736306,152,-0.2728521372383774,0.4,-0.6728521372383774,-0.054570427447675485,sl,False
vwap_mean_reversion,-1,2026-07-12 14:48:00+00:00,64114.08795,2026-07-12 14:49:00+00:00,64152.56612508749,1,-0.3000758204459997,0.4,-0.7000758204459997,-0.060015164089199935,sl,False
vwap_mean_reversion,-1,2026-07-12 14:51:00+00:00,64137.48561,2026-07-12 14:53:00+00:00,64175.5851629363,2,-0.29701470656307016,0.4,-0.6970147065630702,-0.05940294131261403,sl,False
vwap_mean_reversion,-1,2026-07-12 14:55:00+00:00,64183.38102,2026-07-12 15:06:00+00:00,64226.4823032287,11,-0.3357666933693215,0.4,-0.7357666933693215,-0.0671533386738643,sl,False
vwap_mean_reversion,-1,2026-07-12 15:08:00+00:00,64173.08205,2026-07-12 15:25:00+00:00,64215.62912300393,17,-0.3315024901778818,0.4,-0.7315024901778818,-0.06630049803557636,sl,False
vwap_mean_reversion,-1,2026-07-12 15:27:00+00:00,64162.5831,2026-07-12 15:29:00+00:00,64199.844670063634,2,-0.290368375643113,0.4,-0.690368375643113,-0.058073675128622604,sl,False
vwap_mean_reversion,-1,2026-07-12 15:31:00+00:00,64181.08125,2026-07-12 19:52:00+00:00,64217.72660169479,261,-0.28548406306871943,0.4,-0.6854840630687195,-0.057096812613743886,sl,False
vwap_mean_reversion,-1,2026-07-12 19:54:00+00:00,64214.377920000006,2026-07-12 21:46:00+00:00,63973.402313781444,112,1.8763368424963844,0.4,1.4763368424963845,0.3752673684992769,tp,False
vwap_mean_reversion,1,2026-07-12 21:49:00+00:00,63917.3911,2026-07-12 21:50:00+00:00,63875.20924160207,1,-0.32997168432563617,0.4,-0.7299716843256362,-0.06599433686512723,sl,False
vwap_mean_reversion,1,2026-07-12 21:52:00+00:00,63902.98966,2026-07-12 21:54:00+00:00,63854.09259307935,2,-0.3825882574571837,0.4,-0.7825882574571837,-0.07651765149143674,sl,False
vwap_mean_reversion,1,2026-07-12 21:56:00+00:00,63895.78894,2026-07-12 22:00:00+00:00,63848.461106968956,4,-0.3703517384806565,0.4,-0.7703517384806565,-0.0740703476961313,sl,False
vwap_mean_reversion,1,2026-07-12 22:02:00+00:00,63794.87885,2026-07-12 22:03:00+00:00,63741.95348986782,1,-0.4148088458371668,0.4,-0.8148088458371668,-0.08296176916743336,sl,False
vwap_mean_reversion,1,2026-07-12 22:05:00+00:00,63714.67083,2026-07-12 22:19:00+00:00,63655.07362459898,14,-0.46768824687198896,0.4,-0.867688246871989,-0.09353764937439779,sl,False
vwap_mean_reversion,1,2026-07-12 22:21:00+00:00,63690.06836999999,2026-07-13 00:05:00+00:00,63950.72846307762,104,2.0463166373393404,0.4,1.6463166373393405,0.4092633274678681,tp,False
vwap_mean_reversion,-1,2026-07-13 00:07:00+00:00,63988.6005,2026-07-13 00:10:00+00:00,64052.933096837056,3,-0.5026879501534021,0.4,-0.9026879501534021,-0.10053759003068041,sl,False
vwap_mean_reversion,-1,2026-07-13 00:12:00+00:00,64169.98236,2026-07-13 00:12:00+00:00,64252.48881135625,0,-0.6428741938354632,0.4,-1.042874193835463,-0.12857483876709264,sl,False
vwap_mean_reversion,-1,2026-07-13 00:13:00+00:00,64224.37692,2026-07-13 00:15:00+00:00,64308.06835411651,2,-0.6515550491112965,0.4,-1.0515550491112964,-0.1303110098222593,sl,False
vwap_mean_reversion,-1,2026-07-13 00:17:00+00:00,64222.77708,2026-07-13 00:30:00+00:00,64130.80396932449,13,0.7160474434245168,0.4,0.31604744342451674,0.14320948868490335,tp,False
vwap_mean_reversion,1,2026-07-13 00:42:00+00:00,63653.46471,2026-07-13 00:46:00+00:00,63975.257592863025,4,2.527693381099372,0.4,2.127693381099372,0.5055386762198744,tp,False
vwap_mean_reversion,1,2026-07-13 01:11:00+00:00,63712.87065,2026-07-13 01:15:00+00:00,63930.32058483933,4,1.7064835771870568,0.4,1.3064835771870569,0.34129671543741136,tp,False
vwap_mean_reversion,1,2026-07-13 01:19:00+00:00,63755.97496,2026-07-13 01:27:00+00:00,63656.11314824512,8,-0.7831564948817538,0.4,-1.1831564948817537,-0.15663129897635075,sl,False
vwap_mean_reversion,1,2026-07-13 01:29:00+00:00,63697.56911999999,2026-07-13 01:31:00+00:00,63612.32161217611,2,-0.6691582504764759,0.4,-1.0691582504764758,-0.13383165009529518,sl,False
vwap_mean_reversion,1,2026-07-13 01:33:00+00:00,63649.66433,2026-07-13 01:33:00+00:00,63566.32224285823,0,-0.6546938465352148,0.4,-1.0546938465352147,-0.13093876930704296,sl,False
vwap_mean_reversion,1,2026-07-13 01:35:00+00:00,63573.25669,2026-07-13 01:55:00+00:00,63490.833635372655,20,-0.6482525744218592,0.4,-1.0482525744218592,-0.12965051488437185,sl,False
vwap_mean_reversion,1,2026-07-13 01:57:00+00:00,63501.64953,2026-07-13 01:57:00+00:00,63423.67386853003,0,-0.6139656374842262,0.4,-1.013965637484226,-0.12279312749684523,sl,False
vwap_mean_reversion,1,2026-07-13 01:58:00+00:00,63449.3443,2026-07-13 01:59:00+00:00,63369.79948006359,1,-0.6268372101711495,0.4,-1.0268372101711494,-0.1253674420342299,sl,False
vwap_mean_reversion,1,2026-07-13 02:01:00+00:00,63403.43971,2026-07-13 02:01:00+00:00,63325.43449634465,0,-0.6151496985978833,0.4,-1.0151496985978832,-0.12302993971957665,sl,False
vwap_mean_reversion,1,2026-07-13 02:02:00+00:00,63369.53632,2026-07-13 02:02:00+00:00,63290.490300177175,0,-0.6236910068558865,0.4,-1.0236910068558864,-0.1247382013711773,sl,False
vwap_mean_reversion,1,2026-07-13 02:03:00+00:00,63353.034669999994,2026-07-13 02:05:00+00:00,63271.24079802167,2,-0.6455402839373181,0.4,-1.045540283937318,-0.12910805678746362,sl,False
vwap_mean_reversion,1,2026-07-13 02:06:00+00:00,63320.3314,2026-07-13 02:08:00+00:00,63229.394582362824,2,-0.7180696596699732,0.4,-1.118069659669973,-0.14361393193399463,sl,False
vwap_mean_reversion,1,2026-07-13 02:10:00+00:00,63304.42981,2026-07-13 03:05:00+00:00,63216.28062656796,55,-0.6962323465878328,0.4,-1.0962323465878328,-0.13924646931756657,sl,False
vwap_mean_reversion,1,2026-07-13 03:09:00+00:00,63099.50932,2026-07-13 03:09:00+00:00,63036.23057667848,0,-0.5014202487741426,0.4,-0.9014202487741426,-0.10028404975482852,sl,False
vwap_mean_reversion,1,2026-07-13 03:11:00+00:00,62974.59683,2026-07-13 03:12:00+00:00,62903.51966330951,1,-0.5643320502897731,0.4,-0.9643320502897731,-0.11286641005795461,sl,False
vwap_mean_reversion,1,2026-07-13 03:14:00+00:00,62997.699140000004,2026-07-13 03:19:00+00:00,62913.87565294497,5,-0.6652900677273643,0.4,-1.0652900677273642,-0.13305801354547286,sl,False
vwap_mean_reversion,1,2026-07-13 03:21:00+00:00,62899.38931,2026-07-13 03:33:00+00:00,62809.30193921968,12,-0.7161227777293666,0.4,-1.1161227777293665,-0.14322455554587332,sl,False
vwap_mean_reversion,1,2026-07-13 03:36:00+00:00,62762.775649999996,2026-07-13 04:04:00+00:00,62683.92221810037,28,-0.6281863021749823,0.4,-1.0281863021749822,-0.12563726043499646,sl,False
vwap_mean_reversion,1,2026-07-13 04:07:00+00:00,62676.96707,2026-07-13 04:36:00+00:00,62617.54232262942,29,-0.47405570298425515,0.4,-0.8740557029842552,-0.09481114059685103,sl,False
vwap_mean_reversion,1,2026-07-13 04:38:00+00:00,62644.96387,2026-07-13 05:00:00+00:00,62587.75088575736,22,-0.4566447221628356,0.4,-0.8566447221628356,-0.09132894443256712,sl,False
vwap_mean_reversion,1,2026-07-13 05:02:00+00:00,62691.2685,2026-07-13 05:24:00+00:00,62629.43561122859,22,-0.4931539132232432,0.4,-0.8931539132232432,-0.09863078264464864,sl,False
vwap_mean_reversion,1,2026-07-13 05:25:00+00:00,62674.56683,2026-07-13 05:28:00+00:00,62613.02239192832,3,-0.49098415182202704,0.4,-0.8909841518220271,-0.09819683036440541,sl,False
vwap_mean_reversion,1,2026-07-13 05:30:00+00:00,62613.76075,2026-07-13 05:30:00+00:00,62554.06670241215,0,-0.47668473249989907,0.4,-0.8766847324998991,-0.09533694649997981,sl,False
vwap_mean_reversion,1,2026-07-13 05:31:00+00:00,62591.75855,2026-07-13 12:56:00+00:00,62529.053294382706,445,-0.5009066454587652,0.4,-0.9009066454587652,-0.10018132909175304,sl,False
vwap_mean_reversion,1,2026-07-13 12:57:00+00:00,62577.15709,2026-07-13 13:10:00+00:00,62533.91505572822,13,-0.3455097377593197,0.4,-0.7455097377593197,-0.06910194755186394,sl,False
vwap_mean_reversion,1,2026-07-13 13:13:00+00:00,62511.95056999999,2026-07-13 13:15:00+00:00,62469.32615534077,2,-0.3409301283239796,0.4,-0.7409301283239796,-0.06818602566479592,sl,False
vwap_mean_reversion,1,2026-07-13 13:16:00+00:00,62501.849559999995,2026-07-13 13:19:00+00:00,62460.719136808926,3,-0.3290336484489398,0.4,-0.7290336484489398,-0.06580672968978796,sl,False
vwap_mean_reversion,1,2026-07-13 13:22:00+00:00,62462.14559,2026-07-13 13:41:00+00:00,62411.49804520618,19,-0.4054259128902782,0.4,-0.8054259128902782,-0.08108518257805564,sl,False
vwap_mean_reversion,1,2026-07-13 13:43:00+00:00,62285.02788,2026-07-13 13:51:00+00:00,62204.51225866514,8,-0.6463481198883403,0.4,-1.0463481198883402,-0.12926962397766806,sl,False
vwap_mean_reversion,1,2026-07-13 13:53:00+00:00,62220.2214,2026-07-13 14:16:00+00:00,62125.80559095106,23,-0.758722863118455,0.4,-1.158722863118455,-0.151744572623691,sl,False
vwap_mean_reversion,1,2026-07-13 14:18:00+00:00,62362.63564,2026-07-13 16:26:00+00:00,62261.38374687996,128,-0.8117993417126601,0.4,-1.21179934171266,-0.16235986834253202,sl,False
vwap_mean_reversion,1,2026-07-13 16:27:00+00:00,62298.52923,2026-07-13 16:30:00+00:00,62245.28063523268,3,-0.4273663875011269,0.4,-0.8273663875011269,-0.08547327750022538,sl,False
vwap_mean_reversion,1,2026-07-13 16:32:00+00:00,62276.126990000004,2026-07-13 16:35:00+00:00,62221.501677247164,3,-0.43857345818576476,0.4,-0.8385734581857648,-0.08771469163715295,sl,False
vwap_mean_reversion,1,2026-07-13 16:39:00+00:00,62219.2213,2026-07-13 17:24:00+00:00,62166.00884193005,45,-0.42762073325680605,0.4,-0.8276207332568061,-0.08552414665136121,sl,False
vwap_mean_reversion,1,2026-07-13 17:26:00+00:00,62181.31751,2026-07-13 17:32:00+00:00,62137.07806234375,6,-0.3557294170321579,0.4,-0.7557294170321579,-0.07114588340643158,sl,False
vwap_mean_reversion,1,2026-07-13 17:34:00+00:00,62169.2163,2026-07-13 17:35:00+00:00,62124.087033225915,1,-0.362955088224981,0.4,-0.762955088224981,-0.0725910176449962,sl,False
vwap_mean_reversion,1,2026-07-13 17:36:00+00:00,62158.61524,2026-07-13 17:36:00+00:00,62114.91447247541,0,-0.3515262313668055,0.4,-0.7515262313668055,-0.0703052462733611,sl,False
vwap_mean_reversion,1,2026-07-13 17:38:00+00:00,62028.00218,2026-07-13 17:51:00+00:00,61969.649317797666,13,-0.4703751543778667,0.4,-0.8703751543778667,-0.09407503087557334,sl,False
vwap_mean_reversion,1,2026-07-13 17:53:00+00:00,62014.100790000004,2026-07-13 17:58:00+00:00,61951.856139586445,5,-0.5018588483959308,0.4,-0.9018588483959308,-0.10037176967918615,sl,False
vwap_mean_reversion,1,2026-07-13 18:01:00+00:00,61940.593440000004,2026-07-13 18:12:00+00:00,61880.221962212636,11,-0.4873337050431137,0.4,-0.8873337050431137,-0.09746674100862274,sl,False
vwap_mean_reversion,1,2026-07-13 18:14:00+00:00,61925.09189,2026-07-13 18:18:00+00:00,61863.58558761122,4,-0.496618579896857,0.4,-0.896618579896857,-0.0993237159793714,sl,False
vwap_mean_reversion,1,2026-07-13 18:21:00+00:00,61859.885369999996,2026-07-14 11:33:00+00:00,62874.32526729029,1032,8.199497066820216,0.4,7.799497066820216,1.6398994133640432,tp,False
vwap_mean_reversion,-1,2026-07-14 11:35:00+00:00,62877.411629999995,2026-07-14 12:20:00+00:00,62920.04279555834,45,-0.3390022303176865,0.4,-0.7390022303176865,-0.0678004460635373,sl,False
vwap_mean_reversion,-1,2026-07-14 12:21:00+00:00,62903.00907,2026-07-14 12:22:00+00:00,62942.08358071176,1,-0.3105933347979928,0.4,-0.7105933347979928,-0.062118666959598556,sl,False
vwap_mean_reversion,-1,2026-07-14 12:26:00+00:00,62993.7,2026-07-14 12:27:00+00:00,63045.0291659441,1,-0.40741507439712166,0.4,-0.8074150743971217,-0.08148301487942433,sl,False
vwap_mean_reversion,-1,2026-07-14 12:28:00+00:00,62995.59981,2026-07-14 12:30:00+00:00,63049.13782716609,2,-0.42493457739556373,0.4,-0.8249345773955638,-0.08498691547911275,sl,False
vwap_mean_reversion,-1,2026-07-14 12:32:00+00:00,63338.6655,2026-07-14 12:33:00+00:00,63453.03343774419,1,-0.9028287606105412,0.4,-1.302828760610541,-0.18056575212210824,sl,False
vwap_mean_reversion,-1,2026-07-14 12:35:00+00:00,63437.255639999996,2026-07-14 12:37:00+00:00,63559.741353616606,2,-0.9654083580766804,0.4,-1.3654083580766803,-0.19308167161533607,sl,False
vwap_mean_reversion,-1,2026-07-14 12:39:00+00:00,63485.6508,2026-07-14 12:45:00+00:00,63612.884805758906,6,-1.0020690042206182,0.4,-1.402069004220618,-0.20041380084412364,sl,False
vwap_mean_reversion,-1,2026-07-14 12:48:00+00:00,63768.52251,2026-07-14 12:56:00+00:00,63890.89941176225,8,-0.9595400437814039,0.4,-1.3595400437814038,-0.19190800875628078,sl,False
vwap_mean_reversion,-1,2026-07-14 12:58:00+00:00,63897.80958,2026-07-14 13:22:00+00:00,64007.097783895064,24,-0.8551795798119599,0.4,-1.2551795798119598,-0.17103591596239198,sl,False
vwap_mean_reversion,-1,2026-07-14 13:25:00+00:00,64079.5914,2026-07-14 14:59:00+00:00,64157.543214819954,94,-0.6082421338594601,0.4,-1.00824213385946,-0.12164842677189203,sl,False
vwap_mean_reversion,-1,2026-07-14 15:01:00+00:00,64221.27723,2026-07-14 15:02:00+00:00,64297.72975219028,1,-0.595227356787631,0.4,-0.995227356787631,-0.11904547135752619,sl,False
vwap_mean_reversion,-1,2026-07-14 15:03:00+00:00,64242.5751,2026-07-14 15:04:00+00:00,64321.8315662253,1,-0.616853123508232,0.4,-1.0168531235082319,-0.12337062470164639,sl,False
vwap_mean_reversion,-1,2026-07-14 15:06:00+00:00,64208.67849,2026-07-14 15:08:00+00:00,64297.02558210531,2,-0.6879684661246221,0.4,-1.087968466124622,-0.13759369322492443,sl,False
vwap_mean_reversion,-1,2026-07-14 15:10:00+00:00,64231.17624,2026-07-14 15:18:00+00:00,64321.57447238051,8,-0.7036943558587083,0.4,-1.1036943558587082,-0.14073887117174166,sl,False
vwap_mean_reversion,-1,2026-07-14 15:19:00+00:00,64262.77308,2026-07-14 15:21:00+00:00,64337.27133697641,2,-0.579637738972627,0.4,-0.9796377389726271,-0.11592754779452541,sl,False
vwap_mean_reversion,-1,2026-07-14 15:23:00+00:00,64296.06975,2026-07-14 15:28:00+00:00,64367.69160368839,5,-0.5569691426464685,0.4,-0.9569691426464685,-0.11139382852929369,sl,False
vwap_mean_reversion,-1,2026-07-14 15:31:00+00:00,64487.45061,2026-07-14 15:31:00+00:00,64569.882613097245,0,-0.6391321281699058,0.4,-1.0391321281699057,-0.12782642563398117,sl,False
vwap_mean_reversion,-1,2026-07-14 15:33:00+00:00,64825.91676,2026-07-14 22:20:00+00:00,64944.81495307874,407,-0.91705755214333,0.4,-1.3170575521433299,-0.183411510428666,sl,False
vwap_mean_reversion,-1,2026-07-14 22:22:00+00:00,65034.195929999994,2026-07-15 06:33:00+00:00,65118.095692379386,491,-0.6450434358387103,0.4,-1.0450434358387102,-0.12900868716774205,sl,False
vwap_mean_reversion,-1,2026-07-15 06:35:00+00:00,65218.67748,2026-07-15 06:59:00+00:00,64797.91842810155,24,3.2257557815970617,0.4,2.8257557815970618,0.6451511563194123,tp,False
vwap_mean_reversion,1,2026-07-15 07:05:00+00:00,64778.67722,2026-07-15 07:06:00+00:00,64721.95712428799,1,-0.4377991196036213,0.4,-0.8377991196036213,-0.08755982392072426,sl,False
vwap_mean_reversion,1,2026-07-15 07:08:00+00:00,64753.07466,2026-07-15 07:12:00+00:00,64809.16833116471,4,0.43313519442311765,0.4,0.03313519442311763,0.08662703888462353,tp,False
vwap_mean_reversion,1,2026-07-15 07:24:00+00:00,64634.76283,2026-07-15 07:26:00+00:00,64583.97975169495,2,-0.39284648137893896,0.4,-0.792846481378939,-0.07856929627578779,sl,False
vwap_mean_reversion,1,2026-07-15 07:30:00+00:00,64509.85034,2026-07-15 09:06:00+00:00,64786.837644453575,96,2.1468605414034503,0.4,1.7468605414034504,0.42937210828069006,tp,False
vwap_mean_reversion,-1,2026-07-15 09:12:00+00:00,64804.218929999995,2026-07-15 09:18:00+00:00,64838.70072007399,6,-0.26604587358147747,0.4,-0.6660458735814775,-0.05320917471629549,sl,False
vwap_mean_reversion,-1,2026-07-15 09:20:00+00:00,64844.41491,2026-07-15 09:20:00+00:00,64880.55273780306,0,-0.27865027275841836,0.4,-0.6786502727584184,-0.05573005455168367,sl,False
vwap_mean_reversion,-1,2026-07-15 09:22:00+00:00,64881.611189999996,2026-07-15 09:31:00+00:00,64772.672790012664,9,0.839516759751191,0.4,0.439516759751191,0.1679033519502382,tp,False
vwap_mean_reversion,1,2026-07-15 09:38:00+00:00,64753.97475,2026-07-15 09:38:00+00:00,64760.51800827147,0,0.050523989428730154,0.4,-0.34947601057126987,0.01010479788574603,tp,False
vwap_mean_reversion,1,2026-07-15 09:43:00+00:00,64690.26838,2026-07-15 09:52:00+00:00,64653.01097947834,9,-0.287967583491866,0.4,-0.687967583491866,-0.057593516698373204,sl,False
vwap_mean_reversion,1,2026-07-15 09:55:00+00:00,64664.86584,2026-07-15 09:56:00+00:00,64632.33437829916,1,-0.25153892518181564,0.4,-0.6515389251818157,-0.05030778503636313,sl,False
vwap_mean_reversion,1,2026-07-15 10:00:00+00:00,64651.06446,2026-07-15 10:00:00+00:00,64620.755961295676,0,-0.23440061627350017,0.4,-0.6344006162735002,-0.046880123254700035,sl,False
vwap_mean_reversion,1,2026-07-15 10:01:00+00:00,64686.468,2026-07-15 10:04:00+00:00,64757.90796860477,3,0.552201803665997,0.4,0.152201803665997,0.1104403607331994,tp,False
vwap_mean_reversion,1,2026-07-15 10:05:00+00:00,64756.57501,2026-07-15 10:05:00+00:00,64757.62890269592,0,0.008137341233394046,0.4,-0.391862658766606,0.0016274682466788093,tp,False
vwap_mean_reversion,-1,2026-07-15 10:11:00+00:00,64786.420710000006,2026-07-15 10:14:00+00:00,64770.87512230746,3,0.11997566405258508,0.4,-0.28002433594741494,0.023995132810517017,tp,False
vwap_mean_reversion,1,2026-07-15 10:21:00+00:00,64756.374990000004,2026-07-15 10:22:00+00:00,64722.2595595844,1,-0.26341368259780173,0.4,-0.6634136825978018,-0.05268273651956035,sl,False
vwap_mean_reversion,1,2026-07-15 10:25:00+00:00,64657.66512,2026-07-15 10:26:00+00:00,64619.00855123439,1,-0.29893260678270916,0.4,-0.6989326067827092,-0.05978652135654183,sl,False
vwap_mean_reversion,1,2026-07-15 10:28:00+00:00,64639.063259999995,2026-07-15 10:28:00+00:00,64602.213331946776,0,-0.2850437970070563,0.4,-0.6850437970070563,-0.05700875940141126,sl,False
vwap_mean_reversion,1,2026-07-15 10:30:00+00:00,64613.56071,2026-07-15 12:24:00+00:00,64576.118985607165,114,-0.2897358076339174,0.4,-0.6897358076339174,-0.057947161526783475,sl,False
vwap_mean_reversion,1,2026-07-15 12:26:00+00:00,64626.462,2026-07-15 12:30:00+00:00,64746.28023780269,4,0.9270060134398683,0.4,0.5270060134398683,0.18540120268797367,tp,False
vwap_mean_reversion,1,2026-07-15 12:31:00+00:00,64886.38799,2026-07-15 12:31:00+00:00,64821.90996328401,0,-0.49685325931481117,0.4,-0.8968532593148112,-0.09937065186296223,sl,False
vwap_mean_reversion,-1,2026-07-15 12:32:00+00:00,64832.01615,2026-07-15 12:33:00+00:00,64764.240163642266,1,0.5227046016965109,0.4,0.12270460169651087,0.10454092033930218,tp,False
vwap_mean_reversion,-1,2026-07-15 12:44:00+00:00,64809.21843,2026-07-15 12:48:00+00:00,64887.30911378129,4,-0.6024658657597382,0.4,-1.002465865759738,-0.12049317315194763,sl,False
vwap_mean_reversion,-1,2026-07-15 12:53:00+00:00,65043.09504,2026-07-15 12:53:00+00:00,65122.90103486172,0,-0.6134855268852268,0.4,-1.0134855268852268,-0.12269710537704537,sl,False
vwap_mean_reversion,-1,2026-07-15 12:55:00+00:00,65169.18243,2026-07-15 13:02:00+00:00,65257.71444500833,7,-0.679247550047335,0.4,-1.0792475500473349,-0.135849510009467,sl,False
vwap_mean_reversion,-1,2026-07-15 13:04:00+00:00,65331.76617,2026-07-15 13:08:00+00:00,65422.04287284529,4,-0.6909097070051384,0.4,-1.0909097070051383,-0.13818194140102769,sl,False
vwap_mean_reversion,-1,2026-07-15 13:09:00+00:00,65316.06774,2026-07-15 13:16:00+00:00,65405.97980314818,7,-0.688284416524354,0.4,-1.088284416524354,-0.1376568833048708,sl,False
vwap_mean_reversion,-1,2026-07-15 13:19:00+00:00,65441.85516,2026-07-15 13:21:00+00:00,65528.16823145005,2,-0.6594638189811874,0.4,-1.0594638189811874,-0.1318927637962375,sl,False
vwap_mean_reversion,-1,2026-07-15 13:23:00+00:00,65485.750770000006,2026-07-15 13:49:00+00:00,64865.29533900872,26,4.737331585083715,0.4,4.337331585083715,0.947466317016743,tp,False
vwap_mean_reversion,-1,2026-07-15 14:00:00+00:00,65083.69098,2026-07-15 14:03:00+00:00,65179.67196258319,3,-0.7373658526272919,0.4,-1.1373658526272918,-0.14747317052545839,sl,False
vwap_mean_reversion,-1,2026-07-15 14:05:00+00:00,65184.78087,2026-07-15 14:06:00+00:00,65282.08475564518,1,-0.7463696613418946,0.4,-1.1463696613418946,-0.14927393226837893,sl,False
vwap_mean_reversion,-1,2026-07-15 14:08:00+00:00,65285.870760000005,2026-07-15 14:12:00+00:00,65380.12681529973,4,-0.7218717787055295,0.4,-1.1218717787055295,-0.1443743557411059,sl,False
vwap_mean_reversion,-1,2026-07-15 14:14:00+00:00,65288.67048,2026-07-15 14:21:00+00:00,65380.75249205523,7,-0.7051913553932643,0.4,-1.1051913553932642,-0.14103827107865285,sl,False
vwap_mean_reversion,-1,2026-07-15 14:23:00+00:00,65305.06884,2026-07-15 14:33:00+00:00,65409.4865131142,10,-0.7994607077900229,0.4,-1.1994607077900228,-0.15989214155800457,sl,False
vwap_mean_reversion,-1,2026-07-15 14:37:00+00:00,65390.060339999996,2026-07-15 15:33:00+00:00,65486.790972620314,56,-0.7396432433106614,0.4,-1.1396432433106614,-0.1479286486621323,sl,False
vwap_mean_reversion,-1,2026-07-15 15:35:00+00:00,65421.657179999995,2026-07-15 15:38:00+00:00,65487.33555211629,3,-0.5019620027018057,0.4,-0.9019620027018057,-0.10039240054036114,sl,False
vwap_mean_reversion,-1,2026-07-15 15:39:00+00:00,65465.75277000001,2026-07-15 15:39:00+00:00,65526.84639967054,0,-0.4666075549850657,0.4,-0.8666075549850657,-0.09332151099701314,sl,False
vwap_mean_reversion,-1,2026-07-15 15:41:00+00:00,65468.25252,2026-07-15 15:52:00+00:00,65529.11321818531,11,-0.4648107734868123,0.4,-0.8648107734868123,-0.09296215469736246,sl,False
vwap_mean_reversion,-1,2026-07-15 15:53:00+00:00,65477.351610000005,2026-07-15 16:34:00+00:00,64986.53986539392,41,3.747950493855401,0.4,3.347950493855401,0.7495900987710802,tp,False
vwap_mean_reversion,1,2026-07-15 16:38:00+00:00,64796.779030000005,2026-07-15 16:46:00+00:00,64986.47028076547,8,1.463739815505627,0.4,1.063739815505627,0.2927479631011254,tp,False
vwap_mean_reversion,1,2026-07-15 16:47:00+00:00,65011.200469999996,2026-07-15 16:47:00+00:00,64983.46123606657,0,-0.2133419605612752,0.4,-0.6133419605612752,-0.04266839211225504,tp,False
vwap_mean_reversion,-1,2026-07-15 17:02:00+00:00,65043.39501,2026-07-15 17:02:00+00:00,65100.31173794322,0,-0.43752888309778193,0.4,-0.837528883097782,-0.08750577661955639,sl,False
vwap_mean_reversion,-1,2026-07-15 17:04:00+00:00,65087.89056,2026-07-15 17:14:00+00:00,64997.90613280411,10,0.6912532148582451,0.4,0.29125321485824507,0.13825064297164902,tp,False
vwap_mean_reversion,-1,2026-07-15 17:15:00+00:00,64985.300820000004,2026-07-15 17:15:00+00:00,64998.604440257346,0,-0.10235868796082404,0.4,-0.5023586879608241,-0.020471737592164807,tp,False
vwap_mean_reversion,-1,2026-07-15 17:43:00+00:00,64972.30212,2026-07-15 17:43:00+00:00,64998.82542389816,0,-0.2041123912246423,0.4,-0.6041123912246423,-0.04082247824492846,tp,False
vwap_mean_reversion,-1,2026-07-15 17:48:00+00:00,65141.4852,2026-07-15 17:48:00+00:00,64999.53251710245,0,1.0895720481481352,0.4,0.6895720481481352,0.21791440962962705,tp,False
vwap_mean_reversion,-1,2026-07-15 17:49:00+00:00,64950.70428,2026-07-15 17:49:00+00:00,64999.82511083634,0,-0.37813932412944506,0.4,-0.7781393241294451,-0.07562786482588901,tp,False
vwap_mean_reversion,-1,2026-07-15 18:14:00+00:00,65070.59229,2026-07-15 18:14:00+00:00,65119.124012328284,0,-0.3729159411366423,0.4,-0.7729159411366423,-0.07458318822732846,sl,False
vwap_mean_reversion,-1,2026-07-15 18:16:00+00:00,65037.69558,2026-07-15 18:17:00+00:00,65089.890251089186,1,-0.40126476363988584,0.4,-0.8012647636398859,-0.08025295272797717,sl,False
vwap_mean_reversion,-1,2026-07-15 18:20:00+00:00,65046.39471,2026-07-15 18:22:00+00:00,65098.033496829405,2,-0.39693811670604706,0.4,-0.7969381167060471,-0.07938762334120941,sl,False
vwap_mean_reversion,-1,2026-07-15 18:24:00+00:00,65060.39331,2026-07-15 18:26:00+00:00,65000.31636900241,2,0.46170133579837014,0.4,0.061701335798370116,0.09234026715967403,tp,False
vwap_mean_reversion,-1,2026-07-15 18:32:00+00:00,65057.4936,2026-07-15 18:40:00+00:00,65000.445137585746,8,0.4384465129029791,0.4,0.03844651290297907,0.08768930258059582,tp,False
vwap_mean_reversion,1,2026-07-15 18:46:00+00:00,64984.4978,2026-07-15 18:46:00+00:00,64945.224477330725,0,-0.3021745493066996,0.4,-0.7021745493066996,-0.060434909861339925,sl,False
vwap_mean_reversion,1,2026-07-15 18:48:00+00:00,64976.99705,2026-07-15 18:51:00+00:00,64934.56263274945,3,-0.3265341519083642,0.4,-0.7265341519083642,-0.06530683038167284,sl,False
vwap_mean_reversion,1,2026-07-15 18:53:00+00:00,64931.292480000004,2026-07-15 18:53:00+00:00,64886.117281968225,0,-0.34786923458896,0.4,-0.74786923458896,-0.069573846917792,sl,False
vwap_mean_reversion,1,2026-07-15 18:55:00+00:00,64892.08856,2026-07-15 18:56:00+00:00,64847.37127608485,1,-0.3445511225440012,0.4,-0.7445511225440012,-0.06891022450880024,sl,False
vwap_mean_reversion,1,2026-07-15 18:58:00+00:00,64866.18597,2026-07-15 18:58:00+00:00,64823.92376903732,0,-0.32576449756294146,0.4,-0.7257644975629415,-0.06515289951258829,sl,False
vwap_mean_reversion,1,2026-07-15 19:00:00+00:00,64843.88374,2026-07-15 19:18:00+00:00,64800.73790488423,18,-0.3326900906241992,0.4,-0.7326900906241992,-0.06653801812483984,sl,False
vwap_mean_reversion,1,2026-07-15 19:22:00+00:00,64769.87634,2026-07-15 20:20:00+00:00,64985.06476726998,58,1.661176764800154,0.4,1.2611767648001542,0.3322353529600308,tp,False
vwap_mean_reversion,1,2026-07-15 20:29:00+00:00,64975.99695,2026-07-15 20:31:00+00:00,64983.39934529527,2,0.05696253726561462,0.4,-0.3430374627343854,0.011392507453122924,tp,False
vwap_mean_reversion,-1,2026-07-15 20:34:00+00:00,64976.5017,2026-07-15 20:34:00+00:00,64996.428463259705,0,-0.153338227962041,0.4,-0.553338227962041,-0.0306676455924082,tp,False
vwap_mean_reversion,1,2026-07-15 20:39:00+00:00,64972.396590000004,2026-07-15 20:40:00+00:00,64983.42287285495,1,0.0848535950160878,0.4,-0.3151464049839122,0.01697071900321756,tp,False
vwap_mean_reversion,1,2026-07-15 20:47:00+00:00,64964.99585,2026-07-15 20:49:00+00:00,64937.27611246203,2,-0.21334364125852323,0.4,-0.6133436412585233,-0.042668728251704646,sl,False
vwap_mean_reversion,1,2026-07-15 20:52:00+00:00,64950.39439,2026-07-15 21:04:00+00:00,64925.18630891091,12,-0.19405641278885666,0.4,-0.5940564127888567,-0.03881128255777133,sl,False
vwap_mean_reversion,1,2026-07-15 21:06:00+00:00,64921.29148,2026-07-15 21:10:00+00:00,64886.92625578291,4,-0.2646683655982973,0.4,-0.6646683655982973,-0.05293367311965946,sl,False
vwap_mean_reversion,1,2026-07-15 21:12:00+00:00,64837.18307,2026-07-15 21:29:00+00:00,64799.99404869942,17,-0.28678776235879777,0.4,-0.6867877623587978,-0.057357552471759554,sl,False
vwap_mean_reversion,1,2026-07-15 21:30:00+00:00,64843.88374,2026-07-15 21:34:00+00:00,64811.23013727702,4,-0.2517862968688389,0.4,-0.6517862968688389,-0.05035725937376778,sl,False
vwap_mean_reversion,1,2026-07-15 21:37:00+00:00,64806.37999,2026-07-15 21:38:00+00:00,64773.24932036778,1,-0.2556127161965627,0.4,-0.6556127161965627,-0.051122543239312535,sl,False
vwap_mean_reversion,1,2026-07-15 21:40:00+00:00,64770.37639,2026-07-15 22:18:00+00:00,64737.912646908895,38,-0.25060641068092027,0.4,-0.6506064106809203,-0.05012128213618405,sl,False
vwap_mean_reversion,1,2026-07-15 22:19:00+00:00,64796.27898,2026-07-15 22:20:00+00:00,64761.07946877968,1,-0.2716167639131295,0.4,-0.6716167639131295,-0.0543233527826259,sl,False
vwap_mean_reversion,1,2026-07-15 22:22:00+00:00,64796.37899,2026-07-15 23:40:00+00:00,64761.326982383005,78,-0.27047813599584414,0.4,-0.6704781359958442,-0.05409562719916883,sl,False
vwap_mean_reversion,1,2026-07-15 23:44:00+00:00,64701.06946,2026-07-15 23:47:00+00:00,64666.775951103235,3,-0.26501500812103895,0.4,-0.665015008121039,-0.05300300162420779,sl,False
vwap_mean_reversion,1,2026-07-15 23:48:00+00:00,64701.36949,2026-07-16 00:20:00+00:00,64665.66531979487,32,-0.27591510416674625,0.4,-0.6759151041667463,-0.05518302083334925,sl,False
vwap_mean_reversion,1,2026-07-16 00:22:00+00:00,64692.96865,2026-07-16 00:23:00+00:00,64650.50187767819,1,-0.3282178357865151,0.4,-0.7282178357865151,-0.06564356715730302,sl,False
vwap_mean_reversion,1,2026-07-16 00:26:00+00:00,64644.36379,2026-07-16 00:26:00+00:00,64601.251608849874,0,-0.3334566126304561,0.4,-0.7334566126304561,-0.06669132252609122,sl,False
vwap_mean_reversion,1,2026-07-16 00:28:00+00:00,64562.75563,2026-07-16 00:33:00+00:00,64515.554902528726,5,-0.3655414566083315,0.4,-0.7655414566083315,-0.0731082913216663,sl,False
vwap_mean_reversion,1,2026-07-16 00:34:00+00:00,64534.652819999996,2026-07-16 00:37:00+00:00,64491.01986287661,3,-0.33805835482753066,0.4,-0.7380583548275307,-0.06761167096550613,sl,False
vwap_mean_reversion,1,2026-07-16 00:39:00+00:00,64501.74953,2026-07-16 00:54:00+00:00,64616.16838310241,15,0.8869437956035009,0.4,0.4869437956035009,0.17738875912070018,tp,False
vwap_mean_reversion,1,2026-07-16 00:59:00+00:00,64560.85544,2026-07-16 01:03:00+00:00,64519.68945221937,4,-0.3188153835638752,0.4,-0.7188153835638752,-0.06376307671277504,sl,False
vwap_mean_reversion,1,2026-07-16 01:04:00+00:00,64578.55721,2026-07-16 01:05:00+00:00,64589.115724809846,1,0.08174938606564375,0.4,-0.3182506139343563,0.01634987721312875,tp,False
vwap_mean_reversion,1,2026-07-16 01:20:00+00:00,64390.03836,2026-07-16 01:27:00+00:00,64557.1085842191,7,1.2973297459851763,0.4,0.8973297459851762,0.25946594919703525,tp,False
vwap_mean_reversion,-1,2026-07-16 01:37:00+00:00,64623.63699,2026-07-16 01:40:00+00:00,64669.43110457118,3,-0.3543139685736607,0.4,-0.7543139685736607,-0.07086279371473214,sl,False
vwap_mean_reversion,-1,2026-07-16 01:41:00+00:00,64646.23473,2026-07-16 01:41:00+00:00,64689.356259535016,0,-0.3335192661654274,0.4,-0.7335192661654274,-0.06670385323308547,sl,False
vwap_mean_reversion,-1,2026-07-16 01:43:00+00:00,64612.738079999996,2026-07-16 01:46:00+00:00,64660.34685271132,3,-0.36841630710948703,0.4,-0.768416307109487,-0.0736832614218974,sl,False
vwap_mean_reversion,-1,2026-07-16 01:52:00+00:00,64728.12654,2026-07-16 02:16:00+00:00,64590.54893916748,24,1.0627343025871316,0.4,0.6627343025871316,0.21254686051742633,tp,False
vwap_mean_reversion,-1,2026-07-16 02:21:00+00:00,64638.23553,2026-07-16 02:22:00+00:00,64598.62815840043,1,0.3063772647474705,0.4,-0.09362273525252951,0.0612754529494941,tp,False
vwap_mean_reversion,-1,2026-07-16 02:27:00+00:00,64622.83707,2026-07-16 02:31:00+00:00,64599.23621159506,4,0.18260462922248255,0.4,-0.21739537077751747,0.03652092584449651,tp,False
vwap_mean_reversion,-1,2026-07-16 02:32:00+00:00,64580.741279999995,2026-07-16 02:32:00+00:00,64599.555077651064,0,-0.14566105373037264,0.4,-0.5456610537303727,-0.029132210746074527,tp,False
vwap_mean_reversion,-1,2026-07-16 02:37:00+00:00,64618.5375,2026-07-16 02:39:00+00:00,64599.93398522574,2,0.1439487451589394,0.4,-0.2560512548410606,0.02878974903178788,tp,False
vwap_mean_reversion,-1,2026-07-16 03:04:00+00:00,64601.73918,2026-07-16 03:04:00+00:00,64599.891912412575,0,0.014297351827285976,0.4,-0.38570264817271405,0.002859470365457195,tp,False
vwap_mean_reversion,-1,2026-07-16 03:14:00+00:00,64677.13164,2026-07-16 03:18:00+00:00,64600.94944114677,4,0.5889423117684811,0.4,0.18894231176848109,0.11778846235369622,tp,False
vwap_mean_reversion,-1,2026-07-16 03:28:00+00:00,64621.437210000004,2026-07-16 03:28:00+00:00,64658.200801009356,0,-0.28445352344830255,0.4,-0.6844535234483026,-0.05689070468966051,sl,False
vwap_mean_reversion,-1,2026-07-16 03:30:00+00:00,64655.733779999995,2026-07-16 03:33:00+00:00,64694.25919250297,3,-0.2979272699469293,0.4,-0.6979272699469293,-0.05958545398938586,sl,False
vwap_mean_reversion,-1,2026-07-16 03:35:00+00:00,64684.13094,2026-07-16 03:36:00+00:00,64720.612776339105,1,-0.2819998955612135,0.4,-0.6819998955612135,-0.056399979112242704,sl,False
vwap_mean_reversion,-1,2026-07-16 03:37:00+00:00,64694.62989,2026-07-16 03:47:00+00:00,64604.48754436706,10,0.6966756420602738,0.4,0.29667564206027375,0.13933512841205475,tp,False
vwap_mean_reversion,1,2026-07-16 03:51:00+00:00,64562.85564,2026-07-16 04:00:00+00:00,64591.67290887278,9,0.22317219852741044,0.4,-0.17682780147258959,0.04463443970548209,tp,False
vwap_mean_reversion,1,2026-07-16 04:11:00+00:00,64595.85894,2026-07-16 04:11:00+00:00,64591.14182781329,0,-0.036512496807972195,0.4,-0.4365124968079722,-0.007302499361594439,tp,False
vwap_mean_reversion,-1,2026-07-16 04:13:00+00:00,64617.83757,2026-07-16 04:16:00+00:00,64604.180119750315,3,0.10567863892763096,0.4,-0.29432136107236906,0.021135727785526193,tp,False
vwap_mean_reversion,1,2026-07-16 04:21:00+00:00,64551.754530000006,2026-07-16 04:21:00+00:00,64522.470374424534,0,-0.22682695295184185,0.4,-0.6268269529518419,-0.04536539059036837,sl,False
vwap_mean_reversion,1,2026-07-16 04:24:00+00:00,64528.25218,2026-07-16 04:26:00+00:00,64590.70705948178,2,0.483934380459905,0.4,0.08393438045990498,0.096786876091981,tp,False
vwap_mean_reversion,-1,2026-07-16 04:28:00+00:00,64604.93886,2026-07-16 04:31:00+00:00,64639.42053534922,3,-0.26686562945243963,0.4,-0.6668656294524397,-0.05337312589048793,sl,False
vwap_mean_reversion,-1,2026-07-16 04:33:00+00:00,64612.63809,2026-07-16 04:33:00+00:00,64603.89999607018,0,0.06761907722796501,0.4,-0.332380922772035,0.013523815445593002,tp,False
vwap_mean_reversion,1,2026-07-16 04:42:00+00:00,64579.65732,2026-07-16 04:48:00+00:00,64546.08167176782,6,-0.259955298816561,0.4,-0.659955298816561,-0.0519910597633122,sl,False
vwap_mean_reversion,1,2026-07-16 04:50:00+00:00,64607.36009,2026-07-16 04:50:00+00:00,64590.42464311342,0,-0.13106437767296253,0.4,-0.5310643776729626,-0.026212875534592506,tp,False
vwap_mean_reversion,1,2026-07-16 04:59:00+00:00,64586.458,2026-07-16 04:59:00+00:00,64590.37513226396,0,0.03032471810082704,0.4,-0.369675281899173,0.006064943620165408,tp,False
vwap_mean_reversion,-1,2026-07-16 05:08:00+00:00,64645.13484,2026-07-16 05:12:00+00:00,64678.608959262194,4,-0.258906716994578,0.4,-0.658906716994578,-0.0517813433989156,sl,False
vwap_mean_reversion,-1,2026-07-16 05:17:00+00:00,64780.22133,2026-07-16 05:21:00+00:00,64819.21364627956,4,-0.30095849843525535,0.4,-0.7009584984352554,-0.06019169968705107,sl,False
vwap_mean_reversion,-1,2026-07-16 05:26:00+00:00,64874.21193,2026-07-16 05:27:00+00:00,64915.68148208307,1,-0.31961507392042066,0.4,-0.7196150739204207,-0.06392301478408413,sl,False
vwap_mean_reversion,-1,2026-07-16 05:29:00+00:00,64896.70968,2026-07-16 05:30:00+00:00,64938.02911094624,1,-0.31834765699201295,0.4,-0.718347656992013,-0.06366953139840259,sl,False
vwap_mean_reversion,-1,2026-07-16 05:32:00+00:00,64873.512,2026-07-16 05:32:00+00:00,64915.69543878239,0,-0.32512066544498897,0.4,-0.725120665444989,-0.0650241330889978,sl,False
vwap_mean_reversion,-1,2026-07-16 05:33:00+00:00,64912.5081,2026-07-16 05:33:00+00:00,64955.39908601222,0,-0.3303753565194745,0.4,-0.7303753565194745,-0.0660750713038949,sl,False
vwap_mean_reversion,-1,2026-07-16 05:35:00+00:00,64903.20903,2026-07-16 06:08:00+00:00,64950.66027911258,33,-0.36555395196746776,0.4,-0.7655539519674678,-0.07311079039349355,sl,False
vwap_mean_reversion,-1,2026-07-16 06:10:00+00:00,64904.10894,2026-07-16 06:37:00+00:00,64681.7866861687,27,1.7126978357935863,0.4,1.3126978357935863,0.34253956715871725,tp,False
vwap_mean_reversion,1,2026-07-16 06:39:00+00:00,64627.76213,2026-07-16 06:40:00+00:00,64674.98523643939,1,0.365346910391251,0.4,-0.03465308960874902,0.0730693820782502,tp,False
vwap_mean_reversion,-1,2026-07-16 06:49:00+00:00,64707.42861,2026-07-16 06:49:00+00:00,64747.64245368924,0,-0.31073591203578665,0.4,-0.7107359120357867,-0.06214718240715733,sl,False
vwap_mean_reversion,-1,2026-07-16 06:51:00+00:00,64729.62639,2026-07-16 06:53:00+00:00,64770.30928598715,2,-0.3142525166299759,0.4,-0.7142525166299759,-0.06285050332599518,sl,False
vwap_mean_reversion,-1,2026-07-16 06:55:00+00:00,64728.32652,2026-07-16 06:58:00+00:00,64768.43943908578,3,-0.30985598765154165,0.4,-0.7098559876515417,-0.06197119753030833,sl,False
vwap_mean_reversion,-1,2026-07-16 06:59:00+00:00,64731.5262,2026-07-16 07:07:00+00:00,64688.866202947036,8,0.32951484042842427,0.4,-0.07048515957157575,0.06590296808568485,tp,False
vwap_mean_reversion,1,2026-07-16 07:17:00+00:00,64586.15796999999,2026-07-16 07:18:00+00:00,64549.21815500243,1,-0.2859731570866719,0.4,-0.685973157086672,-0.057194631417334385,sl,False
vwap_mean_reversion,1,2026-07-16 07:20:00+00:00,64556.65502,2026-07-16 07:24:00+00:00,64516.61065582374,4,-0.3101490013992514,0.4,-0.7101490013992514,-0.06202980027985028,sl,False
vwap_mean_reversion,1,2026-07-16 07:26:00+00:00,64550.35439,2026-07-16 07:26:00+00:00,64510.78636799717,0,-0.3064895799314016,0.4,-0.7064895799314016,-0.061297915986280316,sl,False
vwap_mean_reversion,1,2026-07-16 07:28:00+00:00,64512.25058,2026-07-16 07:29:00+00:00,64472.10845822205,1,-0.3111201470809566,0.4,-0.7111201470809566,-0.06222402941619132,sl,False
vwap_mean_reversion,1,2026-07-16 07:31:00+00:00,64477.34709,2026-07-16 07:31:00+00:00,64439.165723787846,0,-0.2960835699308828,0.4,-0.6960835699308828,-0.05921671398617656,sl,False
vwap_mean_reversion,1,2026-07-16 07:35:00+00:00,64442.94365,2026-07-16 07:35:00+00:00,64404.41868194905,0,-0.2989075752047321,0.4,-0.6989075752047321,-0.05978151504094642,sl,False
vwap_mean_reversion,1,2026-07-16 07:38:00+00:00,64277.927149999996,2026-07-16 07:39:00+00:00,64227.63465182291,1,-0.39121126339158874,0.4,-0.7912112633915888,-0.07824225267831775,sl,False
vwap_mean_reversion,1,2026-07-16 07:42:00+00:00,64192.11857,2026-07-16 07:50:00+00:00,64139.1935577828,8,-0.41223917667937426,0.4,-0.8122391766793743,-0.08244783533587485,sl,False
vwap_mean_reversion,1,2026-07-16 07:52:00+00:00,64163.81574,2026-07-16 07:53:00+00:00,64109.83620623708,1,-0.4206384325836643,0.4,-0.8206384325836643,-0.08412768651673286,sl,False
vwap_mean_reversion,1,2026-07-16 07:55:00+00:00,64084.4078,2026-07-16 08:10:00+00:00,64026.25441817889,15,-0.4537248904804003,0.4,-0.8537248904804003,-0.09074497809608006,sl,False
vwap_mean_reversion,1,2026-07-16 08:12:00+00:00,64080.807440000004,2026-07-16 08:12:00+00:00,64013.46144983826,0,-0.5254770722482038,0.4,-0.9254770722482039,-0.10509541444964077,sl,False
vwap_mean_reversion,1,2026-07-16 08:17:00+00:00,63913.69073,2026-07-16 12:45:00+00:00,63841.714638964564,268,-0.5630725609283016,0.4,-0.9630725609283016,-0.11261451218566032,sl,False
vwap_mean_reversion,1,2026-07-16 12:47:00+00:00,63936.49301,2026-07-16 13:35:00+00:00,64341.44916699101,48,3.1668624437038995,0.4,2.7668624437038996,0.6333724887407799,tp,False
vwap_mean_reversion,-1,2026-07-16 13:38:00+00:00,64330.36632,2026-07-16 13:38:00+00:00,64334.5558755243,0,-0.03256281414176776,0.4,-0.4325628141417678,-0.006512562828353552,tp,False
vwap_mean_reversion,1,2026-07-16 13:44:00+00:00,64206.31999,2026-07-16 13:44:00+00:00,64138.334870720595,0,-0.5294270041484861,0.4,-0.9294270041484861,-0.10588540082969722,sl,False
vwap_mean_reversion,1,2026-07-16 13:46:00+00:00,64197.91915,2026-07-16 13:48:00+00:00,64123.091332305,2,-0.5827900552365928,0.4,-0.9827900552365928,-0.11655801104731855,sl,False
vwap_mean_reversion,1,2026-07-16 13:50:00+00:00,64186.31799,2026-07-16 13:52:00+00:00,64317.843755974834,2,1.024562321796707,0.4,0.624562321796707,0.2049124643593414,tp,False
vwap_mean_reversion,-1,2026-07-16 14:03:00+00:00,64371.06225,2026-07-16 14:04:00+00:00,64330.89552101841,1,0.3119936783519406,0.4,-0.08800632164805944,0.06239873567038812,tp,False
vwap_mean_reversion,-1,2026-07-16 14:10:00+00:00,64579.5414,2026-07-16 14:11:00+00:00,64664.04011487083,1,-0.6542220108645136,0.4,-1.0542220108645135,-0.13084440217290272,sl,False
vwap_mean_reversion,-1,2026-07-16 14:13:00+00:00,64573.44201,2026-07-16 14:16:00+00:00,64665.7878940347,3,-0.7150453898709941,0.4,-1.115045389870994,-0.14300907797419882,sl,False
vwap_mean_reversion,-1,2026-07-16 14:18:00+00:00,64652.5341,2026-07-16 14:27:00+00:00,64740.22875327642,9,-0.6781996598986817,0.4,-1.0781996598986816,-0.13563993197973634,sl,False
vwap_mean_reversion,-1,2026-07-16 14:29:00+00:00,64754.72388,2026-07-16 14:56:00+00:00,64352.041671415864,27,3.1092882839741653,0.4,2.7092882839741654,0.6218576567948331,tp,False
vwap_mean_reversion,-1,2026-07-16 14:58:00+00:00,64462.45311,2026-07-16 14:58:00+00:00,64540.6239673428,0,-0.6063285957285114,0.4,-1.0063285957285113,-0.12126571914570228,sl,False
vwap_mean_reversion,-1,2026-07-16 15:00:00+00:00,64503.549,2026-07-16 15:13:00+00:00,64365.09497559454,13,1.0732279583985371,0.4,0.6732279583985371,0.21464559167970743,tp,False
vwap_mean_reversion,-1,2026-07-16 15:23:00+00:00,64539.14544,2026-07-16 15:24:00+00:00,64613.23322577693,1,-0.5739755715065131,0.4,-0.9739755715065131,-0.11479511430130263,sl,False
vwap_mean_reversion,-1,2026-07-16 15:28:00+00:00,64789.320420000004,2026-07-16 16:20:00+00:00,64375.358796035776,52,3.19467484209357,0.4,2.79467484209357,0.638934968418714,tp,False
vwap_mean_reversion,-1,2026-07-16 16:21:00+00:00,64384.96086,2026-07-16 16:21:00+00:00,64452.217643815304,0,-0.5223019701879883,0.4,-0.9223019701879883,-0.10446039403759766,sl,False
vwap_mean_reversion,-1,2026-07-16 16:29:00+00:00,64532.34612,2026-07-16 16:31:00+00:00,64596.918970673585,2,-0.5003138314040312,0.4,-0.9003138314040312,-0.10006276628080624,sl,False
vwap_mean_reversion,-1,2026-07-16 16:32:00+00:00,64576.341720000004,2026-07-16 16:32:00+00:00,64641.76453393582,0,-0.5065540428063064,0.4,-0.9065540428063065,-0.10131080856126129,sl,False
vwap_mean_reversion,-1,2026-07-16 16:34:00+00:00,64546.5447,2026-07-16 16:39:00+00:00,64391.46433095197,5,1.2013065127561284,0.4,0.8013065127561284,0.2402613025512257,tp,False
vwap_mean_reversion,-1,2026-07-16 16:40:00+00:00,64392.960060000005,2026-07-16 16:42:00+00:00,64391.83823682112,2,0.008710759513474997,0.4,-0.391289240486525,0.0017421519026949994,tp,False
vwap_mean_reversion,-1,2026-07-16 16:54:00+00:00,64449.05445,2026-07-16 16:57:00+00:00,64509.19902202975,3,-0.466605542494114,0.4,-0.866605542494114,-0.0933211084988228,sl,False
vwap_mean_reversion,-1,2026-07-16 16:58:00+00:00,64487.950560000005,2026-07-16 17:01:00+00:00,64392.05010552296,3,0.7435532812274381,0.4,0.3435532812274381,0.14871065624548763,tp,False
vwap_mean_reversion,1,2026-07-16 17:08:00+00:00,64301.729530000004,2026-07-16 17:10:00+00:00,64245.426825457005,2,-0.43780085663736035,0.4,-0.8378008566373604,-0.08756017132747207,sl,False
vwap_mean_reversion,1,2026-07-16 17:12:00+00:00,64236.423,2026-07-16 17:14:00+00:00,64172.85594226123,2,-0.49478983083139916,0.4,-0.8947898308313992,-0.09895796616627983,sl,False
vwap_mean_reversion,1,2026-07-16 17:16:00+00:00,64187.31809,2026-07-16 17:17:00+00:00,64121.427797757264,1,-0.5132656590383644,0.4,-0.9132656590383644,-0.10265313180767288,sl,False
vwap_mean_reversion,1,2026-07-16 17:19:00+00:00,64163.51571,2026-07-16 17:26:00+00:00,64092.06418985886,7,-0.5567924337568919,0.4,-0.9567924337568919,-0.11135848675137838,sl,False
vwap_mean_reversion,1,2026-07-16 17:27:00+00:00,64149.4143,2026-07-16 17:45:00+00:00,64080.41092360324,18,-0.5378332534266006,0.4,-0.9378332534266006,-0.10756665068532012,sl,False
vwap_mean_reversion,1,2026-07-16 17:46:00+00:00,64107.31009,2026-07-16 17:46:00+00:00,64053.98916996436,0,-0.4158723861660829,0.4,-0.8158723861660829,-0.08317447723321658,sl,False
vwap_mean_reversion,1,2026-07-16 17:47:00+00:00,64103.50971,2026-07-16 17:51:00+00:00,64049.47567782405,4,-0.42145923382663764,0.4,-0.8214592338266377,-0.08429184676532753,sl,False
vwap_mean_reversion,1,2026-07-16 17:53:00+00:00,64078.507209999996,2026-07-16 17:55:00+00:00,64021.56987469054,2,-0.44427794738460813,0.4,-0.8442779473846082,-0.08885558947692163,sl,False
vwap_mean_reversion,1,2026-07-16 17:57:00+00:00,63990.29839,2026-07-16 22:53:00+00:00,63929.59667023028,296,-0.474304084345456,0.4,-0.874304084345456,-0.0948608168690912,sl,False
vwap_mean_reversion,1,2026-07-16 22:56:00+00:00,63942.49361,2026-07-16 23:00:00+00:00,63903.16327616926,4,-0.30754457333664886,0.4,-0.7075445733366489,-0.06150891466732977,sl,False
vwap_mean_reversion,1,2026-07-16 23:01:00+00:00,63958.3952,2026-07-16 23:03:00+00:00,63920.73161878051,2,-0.29443813514795636,0.4,-0.6944381351479564,-0.05888762702959127,sl,False
vwap_mean_reversion,1,2026-07-16 23:05:00+00:00,63914.99086,2026-07-16 23:12:00+00:00,63877.048524383594,7,-0.2968187517973231,0.4,-0.6968187517973231,-0.05936375035946462,sl,False
vwap_mean_reversion,1,2026-07-16 23:14:00+00:00,63905.3899,2026-07-16 23:14:00+00:00,63874.66007747516,0,-0.24043216521274502,0.4,-0.640432165212745,-0.048086433042549004,sl,False
vwap_mean_reversion,1,2026-07-16 23:15:00+00:00,63907.99016,2026-07-16 23:15:00+00:00,63876.90641122694,0,-0.24319141233541952,0.4,-0.6431914123354195,-0.048638282467083904,sl,False
vwap_mean_reversion,1,2026-07-16 23:17:00+00:00,63880.88745,2026-07-16 23:20:00+00:00,63849.567522945676,3,-0.24514317430890387,0.4,-0.6451431743089039,-0.04902863486178077,sl,False
vwap_mean_reversion,1,2026-07-16 23:22:00+00:00,63783.07767,2026-07-16 23:22:00+00:00,63744.67953943269,0,-0.30100562696244726,0.4,-0.7010056269624473,-0.06020112539248945,sl,False
vwap_mean_reversion,1,2026-07-16 23:25:00+00:00,63731.77254,2026-07-17 00:31:00+00:00,63691.19633480453,66,-0.3183357654927832,0.4,-0.7183357654927832,-0.06366715309855664,sl,False
vwap_mean_reversion,1,2026-07-17 00:33:00+00:00,63684.76784,2026-07-17 00:36:00+00:00,63637.975547287526,3,-0.3673742897990495,0.4,-0.7673742897990495,-0.0734748579598099,sl,False
vwap_mean_reversion,1,2026-07-17 00:38:00+00:00,63622.3616,2026-07-17 00:42:00+00:00,63712.78577311365,4,0.7106320076748496,0.4,0.31063200767484955,0.14212640153496992,tp,False
vwap_mean_reversion,1,2026-07-17 00:43:00+00:00,63734.77284,2026-07-17 00:43:00+00:00,63708.20227156167,0,-0.20844640417116977,0.4,-0.6084464041711698,-0.041689280834233955,tp,False
vwap_mean_reversion,-1,2026-07-17 00:48:00+00:00,63803.619,2026-07-17 00:58:00+00:00,63865.54507566437,10,-0.4852865451439037,0.4,-0.8852865451439037,-0.09705730902878074,sl,False
vwap_mean_reversion,-1,2026-07-17 01:04:00+00:00,63923.607,2026-07-17 01:05:00+00:00,63980.66807420725,1,-0.44632239078157276,0.4,-0.8463223907815728,-0.08926447815631455,sl,False
vwap_mean_reversion,-1,2026-07-17 01:07:00+00:00,63981.20124,2026-07-17 01:08:00+00:00,64039.27009126214,1,-0.4537961943251734,0.4,-0.8537961943251734,-0.09075923886503467,sl,False
vwap_mean_reversion,-1,2026-07-17 01:10:00+00:00,63993.50001,2026-07-17 01:41:00+00:00,63784.63203404062,31,1.6319468065252307,0.4,1.2319468065252308,0.32638936130504614,tp,False
vwap_mean_reversion,1,2026-07-17 01:48:00+00:00,63651.86455,2026-07-17 01:49:00+00:00,63596.16895610639,1,-0.4375016685477795,0.4,-0.8375016685477795,-0.0875003337095559,sl,False
vwap_mean_reversion,1,2026-07-17 01:53:00+00:00,63541.05347,2026-07-17 01:54:00+00:00,63475.291592724236,1,-0.5174755035090017,0.4,-0.9174755035090018,-0.10349510070180035,sl,False
vwap_mean_reversion,1,2026-07-17 01:56:00+00:00,63505.449909999996,2026-07-17 02:09:00+00:00,63436.26337242535,13,-0.5447291348435468,0.4,-0.9447291348435468,-0.10894582696870936,sl,False
vwap_mean_reversion,1,2026-07-17 02:11:00+00:00,63432.342599999996,2026-07-17 02:52:00+00:00,63362.805120718316,41,-0.5481232162603544,0.4,-0.9481232162603545,-0.10962464325207089,sl,False
vwap_mean_reversion,1,2026-07-17 02:54:00+00:00,63394.63883,2026-07-17 03:17:00+00:00,63656.810833983815,23,2.0677774084876255,0.4,1.6677774084876256,0.4135554816975251,tp,False
vwap_mean_reversion,1,2026-07-17 03:43:00+00:00,63615.86095,2026-07-17 03:44:00+00:00,63576.43278943783,1,-0.30989253287921903,0.4,-0.709892532879219,-0.061978506575843806,sl,False
vwap_mean_reversion,1,2026-07-17 03:45:00+00:00,63604.15978,2026-07-17 03:45:00+00:00,63563.94751334181,0,-0.3161134963285406,0.4,-0.7161134963285406,-0.06322269926570812,sl,False
vwap_mean_reversion,1,2026-07-17 03:48:00+00:00,63552.554619999995,2026-07-17 03:50:00+00:00,63508.42067392199,2,-0.3472240128024606,0.4,-0.7472240128024606,-0.06944480256049212,sl,False
vwap_mean_reversion,1,2026-07-17 03:52:00+00:00,63515.3509,2026-07-17 04:02:00+00:00,63473.276561408165,10,-0.3312139348649601,0.4,-0.7312139348649601,-0.06624278697299202,sl,False
vwap_mean_reversion,1,2026-07-17 04:04:00+00:00,63484.44781,2026-07-17 04:17:00+00:00,63445.127495282366,13,-0.30968462414066034,0.4,-0.7096846241406604,-0.06193692482813207,sl,False
vwap_mean_reversion,1,2026-07-17 04:21:00+00:00,63327.13208,2026-07-17 05:26:00+00:00,63280.408781465674,65,-0.36890426741026383,0.4,-0.7689042674102639,-0.07378085348205277,sl,False
vwap_mean_reversion,1,2026-07-17 05:28:00+00:00,63295.128880000004,2026-07-17 05:29:00+00:00,63257.392151847125,1,-0.29810136119973185,0.4,-0.6981013611997319,-0.05962027223994637,sl,False
vwap_mean_reversion,1,2026-07-17 05:31:00+00:00,63185.41791,2026-07-17 05:34:00+00:00,63138.835374430804,3,-0.3686177690202519,0.4,-0.7686177690202519,-0.07372355380405038,sl,False
vwap_mean_reversion,1,2026-07-17 05:38:00+00:00,63144.91386,2026-07-17 05:39:00+00:00,63095.21467092171,1,-0.3935327965485791,0.4,-0.7935327965485791,-0.07870655930971582,sl,False
vwap_mean_reversion,1,2026-07-17 05:42:00+00:00,62998.19919,2026-07-17 05:44:00+00:00,62930.613199180945,2,-0.5364120854884913,0.4,-0.9364120854884913,-0.10728241709769826,sl,False
vwap_mean_reversion,1,2026-07-17 05:45:00+00:00,62949.394309999996,2026-07-17 05:45:00+00:00,62885.155912726135,0,-0.510238406405572,0.4,-0.9102384064055721,-0.10204768128111441,sl,False
vwap_mean_reversion,1,2026-07-17 05:48:00+00:00,62840.88346,2026-07-17 05:52:00+00:00,62770.288156370014,4,-0.5616988474940743,0.4,-0.9616988474940743,-0.11233976949881486,sl,False
vwap_mean_reversion,1,2026-07-17 05:54:00+00:00,62789.2783,2026-07-17 06:13:00+00:00,62725.692682816276,19,-0.5063413603825784,0.4,-0.9063413603825784,-0.10126827207651568,sl,False
vwap_mean_reversion,1,2026-07-17 06:14:00+00:00,62777.87716,2026-07-17 06:16:00+00:00,62712.98671461146,2,-0.5168257380155361,0.4,-0.9168257380155361,-0.10336514760310722,sl,False
vwap_mean_reversion,1,2026-07-17 06:18:00+00:00,62706.27,2026-07-17 08:36:00+00:00,62641.51236021367,138,-0.5163569750387675,0.4,-0.9163569750387676,-0.10327139500775351,sl,False
vwap_mean_reversion,1,2026-07-17 08:38:00+00:00,62692.06858,2026-07-17 08:39:00+00:00,62639.9914846647,1,-0.4153403812863776,0.4,-0.8153403812863776,-0.08306807625727552,sl,False
vwap_mean_reversion,1,2026-07-17 08:40:00+00:00,62681.56753,2026-07-17 11:37:00+00:00,63199.648667428715,177,4.132643437648187,0.4,3.732643437648187,0.8265286875296374,tp,False
vwap_mean_reversion,-1,2026-07-17 11:39:00+00:00,63226.6767,2026-07-17 11:39:00+00:00,63262.78919696612,0,-0.28557959117059273,0.4,-0.6855795911705928,-0.057115918234118546,sl,False
vwap_mean_reversion,-1,2026-07-17 11:40:00+00:00,63255.673800000004,2026-07-17 11:45:00+00:00,63292.609067897116,5,-0.2919522129658514,0.4,-0.6919522129658514,-0.05839044259317028,sl,False
vwap_mean_reversion,-1,2026-07-17 11:47:00+00:00,63281.57121,2026-07-17 11:47:00+00:00,63316.94032214461,0,-0.27945823300778994,0.4,-0.67945823300779,-0.05589164660155799,sl,False
vwap_mean_reversion,-1,2026-07-17 11:48:00+00:00,63276.6717,2026-07-17 11:54:00+00:00,63312.48921556285,6,-0.2830230683802393,0.4,-0.6830230683802393,-0.056604613676047855,sl,False
vwap_mean_reversion,-1,2026-07-17 11:57:00+00:00,63313.668,2026-07-17 12:20:00+00:00,63184.578088276285,23,1.0194474258205521,0.4,0.6194474258205521,0.20388948516411043,tp,False
vwap_mean_reversion,-1,2026-07-17 12:25:00+00:00,63219.777389999996,2026-07-17 12:26:00+00:00,63186.60517073907,1,0.2623563434610565,0.4,-0.1376436565389435,0.052471268692211304,tp,False
vwap_mean_reversion,-1,2026-07-17 12:27:00+00:00,63158.78349,2026-07-17 12:27:00+00:00,63186.626714750826,0,-0.22042242750952568,0.4,-0.6204224275095257,-0.044084485501905135,tp,False
vwap_mean_reversion,1,2026-07-17 12:39:00+00:00,63139.61333,2026-07-17 12:39:00+00:00,63103.969179003,0,-0.2822645651210376,0.4,-0.6822645651210376,-0.05645291302420752,sl,False
vwap_mean_reversion,1,2026-07-17 12:41:00+00:00,63130.21239,2026-07-17 12:41:00+00:00,63092.65671041585,0,-0.2974461685012475,0.4,-0.6974461685012475,-0.0594892337002495,sl,False
vwap_mean_reversion,1,2026-07-17 12:42:00+00:00,63101.90956,2026-07-17 12:42:00+00:00,63061.37650967186,0,-0.3211713449780551,0.4,-0.7211713449780551,-0.06423426899561102,sl,False
vwap_mean_reversion,1,2026-07-17 12:43:00+00:00,63089.20829,2026-07-17 12:43:00+00:00,63046.72916898102,0,-0.3366591701683408,0.4,-0.7366591701683408,-0.06733183403366816,sl,False
vwap_mean_reversion,1,2026-07-17 12:44:00+00:00,63086.60803,2026-07-17 12:49:00+00:00,63043.641301196665,5,-0.3405376366320545,0.4,-0.7405376366320545,-0.0681075273264109,sl,False
vwap_mean_reversion,1,2026-07-17 12:51:00+00:00,63065.70594,2026-07-17 13:02:00+00:00,63020.81835373941,11,-0.3558795195545694,0.4,-0.7558795195545694,-0.07117590391091388,sl,False
vwap_mean_reversion,1,2026-07-17 13:04:00+00:00,62983.19769,2026-07-17 13:05:00+00:00,62937.71995146526,1,-0.3610307209120922,0.4,-0.7610307209120922,-0.07220614418241844,sl,False
vwap_mean_reversion,1,2026-07-17 13:09:00+00:00,62834.2828,2026-07-17 13:11:00+00:00,62781.503434419865,2,-0.4199886051706181,0.4,-0.8199886051706181,-0.08399772103412362,sl,False
vwap_mean_reversion,1,2026-07-17 13:13:00+00:00,62765.67594,2026-07-17 13:34:00+00:00,62710.62428539322,21,-0.43854904597384614,0.4,-0.8385490459738462,-0.08770980919476923,sl,False
vwap_mean_reversion,1,2026-07-17 13:38:00+00:00,62591.258499999996,2026-07-17 13:43:00+00:00,62508.67788885555,5,-0.6596816642090997,0.4,-1.0596816642090996,-0.13193633284181994,sl,False
vwap_mean_reversion,1,2026-07-17 13:45:00+00:00,62546.254,2026-07-17 13:59:00+00:00,63120.67618438235,14,4.591979116625788,0.4,4.191979116625788,0.9183958233251577,tp,False
vwap_mean_reversion,-1,2026-07-17 14:02:00+00:00,63171.28224,2026-07-17 14:06:00+00:00,63277.3213606978,4,-0.8392984671020676,0.4,-1.2392984671020675,-0.1678596934204135,sl,False
vwap_mean_reversion,-1,2026-07-17 14:08:00+00:00,63235.075860000004,2026-07-17 14:08:00+00:00,63335.57428323885,0,-0.794641438094823,0.4,-1.194641438094823,-0.1589282876189646,sl,False
vwap_mean_reversion,-1,2026-07-17 14:10:00+00:00,63320.767289999996,2026-07-17 14:10:00+00:00,63423.92078692533,0,-0.8145313247145403,0.4,-1.2145313247145402,-0.16290626494290805,sl,False
vwap_mean_reversion,-1,2026-07-17 14:12:00+00:00,63372.6621,2026-07-17 14:32:00+00:00,63129.17289033436,20,1.921090274552617,0.4,1.5210902745526171,0.3842180549105234,tp,False
vwap_mean_reversion,-1,2026-07-17 14:38:00+00:00,63215.37783,2026-07-17 14:38:00+00:00,63304.613588959866,0,-0.705807368579281,0.4,-1.1058073685792809,-0.1411614737158562,sl,False
vwap_mean_reversion,-1,2026-07-17 14:41:00+00:00,63292.370129999996,2026-07-17 14:51:00+00:00,63135.88998744871,10,1.2361690850720142,0.4,0.8361690850720142,0.24723381701440283,tp,False
vwap_mean_reversion,1,2026-07-17 15:08:00+00:00,63015.000869999996,2026-07-17 15:11:00+00:00,62930.892250102945,3,-0.6673698225488356,0.4,-1.0673698225488355,-0.13347396450976712,sl,False
vwap_mean_reversion,1,2026-07-17 15:15:00+00:00,62896.88906,2026-07-17 15:25:00+00:00,63120.68473731826,10,1.779067936927503,0.4,1.3790679369275032,0.3558135873855006,tp,False
vwap_mean_reversion,-1,2026-07-17 15:31:00+00:00,63233.676,2026-07-17 15:32:00+00:00,63132.58855734797,1,0.7993165117589629,0.4,0.3993165117589629,0.15986330235179258,tp,False
vwap_mean_reversion,-1,2026-07-17 15:39:00+00:00,63243.475020000005,2026-07-17 15:42:00+00:00,63133.18451719552,3,0.871951634295931,0.4,0.471951634295931,0.1743903268591862,tp,False
vwap_mean_reversion,-1,2026-07-17 15:59:00+00:00,63340.16535,2026-07-17 15:59:00+00:00,63396.67900934256,0,-0.44611234459424054,0.4,-0.8461123445942406,-0.08922246891884811,sl,False
vwap_mean_reversion,-1,2026-07-17 16:01:00+00:00,63399.35943,2026-07-17 16:10:00+00:00,63458.406715504556,9,-0.46567730364655,0.4,-0.86567730364655,-0.09313546072931,sl,False
vwap_mean_reversion,-1,2026-07-17 16:12:00+00:00,63437.55561,2026-07-17 16:19:00+00:00,63503.08699610462,7,-0.5165030830277528,0.4,-0.9165030830277529,-0.10330061660555057,sl,False
vwap_mean_reversion,-1,2026-07-17 16:21:00+00:00,63451.55421,2026-07-17 16:43:00+00:00,63513.40023662653,22,-0.48734839829012166,0.4,-0.8873483982901217,-0.09746967965802433,sl,False
vwap_mean_reversion,-1,2026-07-17 16:45:00+00:00,63493.65,2026-07-17 16:47:00+00:00,63548.90526667485,2,-0.43512435239467795,0.4,-0.835124352394678,-0.08702487047893559,sl,False
vwap_mean_reversion,-1,2026-07-17 16:49:00+00:00,63589.640400000004,2026-07-17 16:52:00+00:00,63653.50730176282,3,-0.5021800828017842,0.4,-0.9021800828017842,-0.10043601656035683,sl,False
vwap_mean_reversion,-1,2026-07-17 16:53:00+00:00,63623.73699,2026-07-17 17:06:00+00:00,63687.77796089306,13,-0.5032789169797658,0.4,-0.9032789169797658,-0.10065578339595316,sl,False
vwap_mean_reversion,-1,2026-07-17 17:11:00+00:00,63933.30603,2026-07-17 17:11:00+00:00,64004.07539873391,0,-0.5534624527371301,0.4,-0.9534624527371302,-0.11069249054742603,sl,False
vwap_mean_reversion,-1,2026-07-17 17:13:00+00:00,63964.20294,2026-07-17 17:26:00+00:00,64049.091930336894,13,-0.6635663889732468,0.4,-1.0635663889732467,-0.13271327779464936,sl,False
vwap_mean_reversion,-1,2026-07-17 17:27:00+00:00,63978.30153,2026-07-17 17:27:00+00:00,64053.47129887664,0,-0.5874629919754293,0.4,-0.9874629919754293,-0.11749259839508586,sl,False
vwap_mean_reversion,-1,2026-07-17 17:29:00+00:00,64004.29893,2026-07-17 17:33:00+00:00,64081.82108260281,4,-0.6056011385078275,0.4,-1.0056011385078274,-0.1211202277015655,sl,False
vwap_mean_reversion,-1,2026-07-17 17:35:00+00:00,64046.994660000004,2026-07-17 17:47:00+00:00,64116.90503928377,12,-0.5457740808517686,0.4,-0.9457740808517686,-0.10915481617035372,sl,False
vwap_mean_reversion,-1,2026-07-17 17:50:00+00:00,64121.5872,2026-07-17 18:46:00+00:00,64188.54913030382,56,-0.5221481035314612,0.4,-0.9221481035314613,-0.10442962070629225,sl,False
vwap_mean_reversion,-1,2026-07-17 18:49:00+00:00,64252.774079999996,2026-07-17 18:49:00+00:00,64311.740094958666,0,-0.45885968195902294,0.4,-0.858859681959023,-0.09177193639180459,sl,False
vwap_mean_reversion,-1,2026-07-17 18:51:00+00:00,64274.5719,2026-07-17 18:53:00+00:00,64337.78627978579,2,-0.4917526318505283,0.4,-0.8917526318505283,-0.09835052637010566,sl,False
vwap_mean_reversion,-1,2026-07-17 18:55:00+00:00,64300.16934,2026-07-18 17:20:00+00:00,64367.771695802316,1345,-0.5256778986447719,0.4,-0.9256778986447719,-0.10513557972895438,sl,False
vwap_mean_reversion,-1,2026-07-18 17:21:00+00:00,64293.470010000005,2026-07-18 17:36:00+00:00,64330.37331669797,15,-0.28699109483609764,0.4,-0.6869910948360977,-0.05739821896721953,sl,False
vwap_mean_reversion,-1,2026-07-18 17:38:00+00:00,64322.36712,2026-07-18 17:38:00+00:00,64355.82106233091,0,-0.2600490609160344,0.4,-0.6600490609160344,-0.05200981218320688,sl,False
vwap_mean_reversion,-1,2026-07-18 17:42:00+00:00,64387.16064,2026-07-18 17:44:00+00:00,64424.36760941647,2,-0.28893159013876346,0.4,-0.6889315901387635,-0.05778631802775269,sl,False
vwap_mean_reversion,-1,2026-07-18 17:47:00+00:00,64434.95586,2026-07-18 17:47:00+00:00,64471.59902575642,0,-0.2843422895798531,0.4,-0.6843422895798531,-0.056868457915970616,sl,False
vwap_mean_reversion,-1,2026-07-18 17:49:00+00:00,64403.35902,2026-07-18 17:53:00+00:00,64441.40714062671,4,-0.29538925613248335,0.4,-0.6953892561324834,-0.05907785122649667,sl,False
vwap_mean_reversion,-1,2026-07-18 17:54:00+00:00,64424.356920000006,2026-07-18 17:58:00+00:00,64464.2178951706,4,-0.30936261591318903,0.4,-0.709362615913189,-0.061872523182637806,sl,False
vwap_mean_reversion,-1,2026-07-18 18:00:00+00:00,64443.555,2026-07-18 18:19:00+00:00,64479.85277276542,19,-0.281624537670333,0.4,-0.681624537670333,-0.056324907534066604,sl,False
vwap_mean_reversion,-1,2026-07-18 18:22:00+00:00,64458.45351,2026-07-18 18:23:00+00:00,64492.74969011945,1,-0.2660332218034078,0.4,-0.6660332218034078,-0.053206644360681565,sl,False
vwap_mean_reversion,-1,2026-07-18 18:26:00+00:00,64489.95036,2026-07-18 18:27:00+00:00,64541.18932258126,1,-0.397263157245642,0.4,-0.797263157245642,-0.0794526314491284,sl,False
vwap_mean_reversion,-1,2026-07-18 18:28:00+00:00,64504.248929999994,2026-07-18 18:29:00+00:00,64554.86126146037,1,-0.3923178108413694,0.4,-0.7923178108413694,-0.07846356216827388,sl,False
vwap_mean_reversion,-1,2026-07-18 18:31:00+00:00,64502.94906,2026-07-18 19:17:00+00:00,64551.94205113281,46,-0.37977326499627484,0.4,-0.7797732649962749,-0.07595465299925497,sl,False
vwap_mean_reversion,-1,2026-07-18 19:19:00+00:00,64513.44801,2026-07-18 19:19:00+00:00,64544.350802589426,0,-0.23950659546700948,0.4,-0.6395065954670095,-0.047901319093401895,sl,False
vwap_mean_reversion,-1,2026-07-18 19:20:00+00:00,64526.04675,2026-07-18 20:10:00+00:00,64557.2523059759,50,-0.24180588729383334,0.4,-0.6418058872938334,-0.04836117745876667,sl,False
vwap_mean_reversion,-1,2026-07-18 20:14:00+00:00,64583.44101,2026-07-18 20:20:00+00:00,64613.85434062312,6,-0.23545765096666393,0.4,-0.635457650966664,-0.04709153019333279,sl,False
vwap_mean_reversion,-1,2026-07-18 20:24:00+00:00,64652.834070000004,2026-07-18 20:56:00+00:00,64690.245493200506,32,-0.28932546993987174,0.4,-0.6893254699398718,-0.05786509398797435,sl,False
vwap_mean_reversion,-1,2026-07-18 20:58:00+00:00,64660.5333,2026-07-18 21:13:00+00:00,64693.77247586075,15,-0.25702831514340385,0.4,-0.6570283151434039,-0.05140566302868077,sl,False
vwap_mean_reversion,-1,2026-07-18 21:18:00+00:00,64800.61929,2026-07-18 22:11:00+00:00,64840.482601376934,53,-0.30758433957656095,0.4,-0.707584339576561,-0.06151686791531219,sl,False
vwap_mean_reversion,-1,2026-07-18 22:13:00+00:00,64803.71898,2026-07-19 00:26:00+00:00,64844.43807507309,133,-0.3141725175190846,0.4,-0.7141725175190846,-0.06283450350381692,sl,False
vwap_mean_reversion,-1,2026-07-19 00:28:00+00:00,64780.12134,2026-07-19 00:28:00+00:00,64829.198355767774,0,-0.37879688052910865,0.4,-0.7787968805291087,-0.07575937610582173,tp,False
vwap_mean_reversion,1,2026-07-19 00:30:00+00:00,64768.27618,2026-07-19 02:01:00+00:00,64736.93609492166,91,-0.24194008955280566,0.4,-0.6419400895528057,-0.04838801791056113,sl,False
vwap_mean_reversion,1,2026-07-19 02:03:00+00:00,64761.87554,2026-07-19 02:03:00+00:00,64752.79512078251,0,-0.07010620941544365,0.4,-0.4701062094154437,-0.014021241883088731,tp,False
vwap_mean_reversion,-1,2026-07-19 02:05:00+00:00,64783.72098,2026-07-19 02:05:00+00:00,64812.235837939574,0,-0.22007733970996757,0.4,-0.6200773397099676,-0.044015467941993514,sl,False
vwap_mean_reversion,-1,2026-07-19 02:06:00+00:00,64802.819070000005,2026-07-19 02:06:00+00:00,64831.59096880103,0,-0.22199573424375174,0.4,-0.6219957342437518,-0.04439914684875035,sl,False
vwap_mean_reversion,-1,2026-07-19 02:09:00+00:00,64825.816770000005,2026-07-19 02:10:00+00:00,64863.32532759689,1,-0.28930262251813943,0.4,-0.6893026225181395,-0.057860524503627886,sl,False
vwap_mean_reversion,-1,2026-07-19 02:12:00+00:00,64839.515400000004,2026-07-19 02:13:00+00:00,64877.558899110925,1,-0.2933666212356911,0.4,-0.6933666212356911,-0.058673324247138225,sl,False
vwap_mean_reversion,-1,2026-07-19 02:15:00+00:00,64862.61309,2026-07-19 02:15:00+00:00,64900.06877735667,0,-0.2887309466294008,0.4,-0.6887309466294008,-0.05774618932588016,sl,False
vwap_mean_reversion,-1,2026-07-19 02:17:00+00:00,64867.61259,2026-07-19 02:20:00+00:00,64789.744312126044,3,0.6002092166249584,0.4,0.20020921662495839,0.12004184332499168,tp,False
vwap_mean_reversion,-1,2026-07-19 02:32:00+00:00,64809.01845,2026-07-19 02:33:00+00:00,64838.930898438026,1,-0.23077381168101763,0.4,-0.6307738116810176,-0.046154762336203525,sl,False
vwap_mean_reversion,-1,2026-07-19 02:35:00+00:00,64853.01405,2026-07-19 02:35:00+00:00,64888.65946170129,0,-0.27481692426667426,0.4,-0.6748169242666743,-0.05496338485333485,sl,False
vwap_mean_reversion,-1,2026-07-19 02:36:00+00:00,64886.5107,2026-07-19 02:36:00+00:00,64923.03638157977,0,-0.28145820437663893,0.4,-0.681458204376639,-0.056291640875327786,sl,False
vwap_mean_reversion,-1,2026-07-19 02:38:00+00:00,64888.11054,2026-07-19 03:00:00+00:00,64797.5800617791,22,0.6975891073688345,0.4,0.2975891073688345,0.1395178214737669,tp,False
vwap_mean_reversion,1,2026-07-19 03:05:00+00:00,64762.675619999995,2026-07-19 03:06:00+00:00,64737.60813685063,1,-0.1935334118717824,0.4,-0.5935334118717824,-0.03870668237435648,sl,False
vwap_mean_reversion,1,2026-07-19 03:08:00+00:00,64720.67142,2026-07-19 03:09:00+00:00,64694.60910184432,1,-0.20134462130771968,0.4,-0.6013446213077197,-0.04026892426154394,sl,False
vwap_mean_reversion,1,2026-07-19 03:11:00+00:00,64716.37099,2026-07-19 03:11:00+00:00,64690.22505496428,0,-0.20200402646003424,0.4,-0.6020040264600343,-0.04040080529200685,sl,False
vwap_mean_reversion,1,2026-07-19 03:13:00+00:00,64703.96975,2026-07-19 03:15:00+00:00,64678.64989851512,2,-0.1956591812117825,0.4,-0.5956591812117825,-0.0391318362423565,sl,False
vwap_mean_reversion,1,2026-07-19 03:18:00+00:00,64668.86624,2026-07-19 03:18:00+00:00,64640.252756145084,0,-0.22123075228136502,0.4,-0.621230752281365,-0.044246150456273003,sl,False
vwap_mean_reversion,1,2026-07-19 03:20:00+00:00,64655.364890000004,2026-07-19 03:21:00+00:00,64626.358377594486,1,-0.22431636148728673,0.4,-0.6243163614872868,-0.044863272297457346,sl,False
vwap_mean_reversion,1,2026-07-19 03:23:00+00:00,64629.762330000005,2026-07-19 03:24:00+00:00,64600.96756857328,1,-0.22276703788343122,0.4,-0.6227670378834312,-0.044553407576686244,sl,False
vwap_mean_reversion,1,2026-07-19 03:25:00+00:00,64628.66222,2026-07-19 04:12:00+00:00,64598.636860810635,47,-0.23229135617225394,0.4,-0.632291356172254,-0.04645827123445079,sl,False
vwap_mean_reversion,1,2026-07-19 04:14:00+00:00,64604.85984,2026-07-19 04:38:00+00:00,64754.160649231795,24,1.1554920914739197,0.4,0.7554920914739197,0.23109841829478395,tp,False
vwap_mean_reversion,1,2026-07-19 04:39:00+00:00,64775.37689,2026-07-19 04:39:00+00:00,64747.00284171944,0,-0.21901878184932277,0.4,-0.6190187818493228,-0.043803756369864555,sl,False
vwap_mean_reversion,1,2026-07-19 04:44:00+00:00,64741.27348,2026-07-19 04:46:00+00:00,64749.60544498151,2,0.0643481702911064,0.4,-0.3356518297088936,0.01286963405822128,tp,False
vwap_mean_reversion,1,2026-07-19 04:47:00+00:00,64764.175769999994,2026-07-19 04:47:00+00:00,64739.11224206723,0,-0.19349839347737596,0.4,-0.593498393477376,-0.03869967869547519,sl,False
vwap_mean_reversion,1,2026-07-19 04:49:00+00:00,64743.77373,2026-07-19 04:51:00+00:00,64717.21063846613,2,-0.20514012393413328,0.4,-0.6051401239341333,-0.041028024786826656,sl,False
vwap_mean_reversion,1,2026-07-19 04:58:00+00:00,64698.669219999996,2026-07-19 05:14:00+00:00,64749.01803244111,16,0.3891023806835703,0.4,-0.01089761931642974,0.07782047613671406,tp,False
vwap_mean_reversion,-1,2026-07-19 05:17:00+00:00,64766.322720000004,2026-07-19 05:18:00+00:00,64761.45514472527,1,0.037577980888159335,0.4,-0.3624220191118407,0.007515596177631867,tp,False
vwap_mean_reversion,1,2026-07-19 05:24:00+00:00,64740.67342,2026-07-19 05:26:00+00:00,64716.303633805415,2,-0.1882107870309624,0.4,-0.5882107870309624,-0.03764215740619248,sl,False
vwap_mean_reversion,1,2026-07-19 05:31:00+00:00,64689.268280000004,2026-07-19 05:32:00+00:00,64664.87988844243,1,-0.18850415382665187,0.4,-0.5885041538266519,-0.03770083076533037,sl,False
vwap_mean_reversion,1,2026-07-19 05:34:00+00:00,64680.06736,2026-07-19 05:35:00+00:00,64656.11982369826,1,-0.18512300063366904,0.4,-0.5851230006336691,-0.03702460012673381,sl,False
vwap_mean_reversion,1,2026-07-19 05:37:00+00:00,64665.4659,2026-07-19 07:41:00+00:00,64746.933478038394,124,0.6299156505296111,0.4,0.22991565052961105,0.12598313010592221,tp,False
vwap_mean_reversion,1,2026-07-19 07:42:00+00:00,64761.275480000004,2026-07-19 07:42:00+00:00,64739.50129042083,0,-0.16811118540971393,0.4,-0.568111185409714,-0.033622237081942785,sl,False
vwap_mean_reversion,1,2026-07-19 07:47:00+00:00,64745.97395,2026-07-19 07:47:00+00:00,64723.05597234464,0,-0.1769838049934802,0.4,-0.5769838049934802,-0.03539676099869604,sl,False
vwap_mean_reversion,1,2026-07-19 07:49:00+00:00,64727.4721,2026-07-19 07:49:00+00:00,64704.28600778696,0,-0.17910549771832374,0.4,-0.5791054977183238,-0.03582109954366475,sl,False
vwap_mean_reversion,1,2026-07-19 07:51:00+00:00,64709.37029,2026-07-19 07:52:00+00:00,64684.38523656122,1,-0.1930559154478817,0.4,-0.5930559154478817,-0.03861118308957634,sl,False
vwap_mean_reversion,1,2026-07-19 07:54:00+00:00,64710.4704,2026-07-19 07:54:00+00:00,64684.4605518677,0,-0.20097094003124205,0.4,-0.6009709400312421,-0.04019418800624841,sl,False
vwap_mean_reversion,1,2026-07-19 07:55:00+00:00,64695.96895,2026-07-19 07:56:00+00:00,64669.15282244858,1,-0.20724728284188254,0.4,-0.6072472828418826,-0.04144945656837651,sl,False
vwap_mean_reversion,1,2026-07-19 07:58:00+00:00,64676.76703,2026-07-19 07:58:00+00:00,64648.574723644146,0,-0.2179477086631243,0.4,-0.6179477086631243,-0.04358954173262486,sl,False
vwap_mean_reversion,1,2026-07-19 08:00:00+00:00,64698.569209999994,2026-07-19 08:01:00+00:00,64667.38770875439,1,-0.2409751995008924,0.4,-0.6409751995008924,-0.04819503990017848,sl,False
vwap_mean_reversion,1,2026-07-19 08:04:00+00:00,64676.36699,2026-07-19 08:09:00+00:00,64644.15122968878,5,-0.24905357096050018,0.4,-0.6490535709605002,-0.049810714192100036,sl,False
vwap_mean_reversion,1,2026-07-19 08:10:00+00:00,64670.56641,2026-07-19 08:18:00+00:00,64642.48279707795,8,-0.21712824304032097,0.4,-0.617128243040321,-0.04342564860806419,sl,False
vwap_mean_reversion,1,2026-07-19 08:20:00+00:00,64644.26378,2026-07-19 08:21:00+00:00,64616.176180816954,1,-0.21724742104445305,0.4,-0.6172474210444531,-0.04344948420889061,sl,False
vwap_mean_reversion,1,2026-07-19 08:25:00+00:00,64637.963149999996,2026-07-19 08:35:00+00:00,64609.53959996343,10,-0.21986730901940588,0.4,-0.6198673090194059,-0.043973461803881175,sl,False
vwap_mean_reversion,1,2026-07-19 08:37:00+00:00,64619.16127,2026-07-19 09:17:00+00:00,64595.23702277657,40,-0.1851172837377124,0.4,-0.5851172837377124,-0.03702345674754248,sl,False
vwap_mean_reversion,1,2026-07-19 09:21:00+00:00,64548.85424,2026-07-19 09:37:00+00:00,64521.695791614526,16,-0.21037126611495038,0.4,-0.6103712661149504,-0.04207425322299008,sl,False
vwap_mean_reversion,1,2026-07-19 09:42:00+00:00,64515.15087,2026-07-19 09:42:00+00:00,64484.1733386748,0,-0.2400795077392992,0.4,-0.6400795077392992,-0.04801590154785984,sl,False
vwap_mean_reversion,1,2026-07-19 09:43:00+00:00,64500.34939,2026-07-19 10:00:00+00:00,64469.19466519803,17,-0.24150818636342608,0.4,-0.6415081863634261,-0.048301637272685216,sl,False
vwap_mean_reversion,1,2026-07-19 10:03:00+00:00,64481.247480000005,2026-07-19 11:50:00+00:00,64455.25146585755,107,-0.2015780956355906,0.4,-0.6015780956355906,-0.04031561912711812,sl,False
vwap_mean_reversion,1,2026-07-19 11:53:00+00:00,64453.64472,2026-07-19 11:56:00+00:00,64426.35204476641,3,-0.21172328851337685,0.4,-0.6117232885133769,-0.04234465770267537,sl,False
vwap_mean_reversion,1,2026-07-19 11:58:00+00:00,64455.84494,2026-07-19 12:00:00+00:00,64427.60459964877,2,-0.21906733499127418,0.4,-0.6190673349912742,-0.043813466998254835,sl,False
vwap_mean_reversion,1,2026-07-19 12:07:00+00:00,64391.4385,2026-07-19 12:09:00+00:00,64363.80315872321,2,-0.21458863103973602,0.4,-0.614588631039736,-0.042917726207947204,sl,False
vwap_mean_reversion,1,2026-07-19 12:11:00+00:00,64351.434499999996,2026-07-19 12:14:00+00:00,64321.033352392595,3,-0.23621188745531763,0.4,-0.6362118874553176,-0.047242377491063525,sl,False
vwap_mean_reversion,1,2026-07-19 12:16:00+00:00,64358.03516,2026-07-19 12:19:00+00:00,64327.51472334009,3,-0.2371144223408117,0.4,-0.6371144223408117,-0.04742288446816234,sl,False
vwap_mean_reversion,1,2026-07-19 12:21:00+00:00,64370.13636999999,2026-07-19 12:21:00+00:00,64339.47209001739,0,-0.23818716031875908,0.4,-0.6381871603187591,-0.04763743206375182,sl,False
vwap_mean_reversion,1,2026-07-19 12:23:00+00:00,64361.33549,2026-07-19 12:26:00+00:00,64327.81213174969,3,-0.26043087822125166,0.4,-0.6604308782212517,-0.05208617564425033,sl,False
vwap_mean_reversion,1,2026-07-19 12:30:00+00:00,64294.32879,2026-07-19 17:11:00+00:00,64640.083565296496,281,2.688843493691362,0.4,2.288843493691362,0.5377686987382724,tp,False
vwap_mean_reversion,-1,2026-07-19 17:17:00+00:00,64616.83767,2026-07-19 17:17:00+00:00,64611.38917688444,0,0.04216001054851981,0.4,-0.3578399894514802,0.008432002109703962,tp,False
vwap_mean_reversion,-1,2026-07-19 17:23:00+00:00,64631.5362,2026-07-19 17:30:00+00:00,64611.51364264676,7,0.15489773669685736,0.4,-0.24510226330314266,0.03097954733937147,tp,False
vwap_mean_reversion,-1,2026-07-19 17:34:00+00:00,64633.83597,2026-07-19 17:35:00+00:00,64677.12411154674,1,-0.33487213699368024,0.4,-0.7348721369936803,-0.06697442739873605,sl,False
vwap_mean_reversion,-1,2026-07-19 17:37:00+00:00,64657.43361,2026-07-19 17:41:00+00:00,64612.05671615351,4,0.35090237357854326,0.4,-0.049097626421456764,0.07018047471570865,tp,False
vwap_mean_reversion,1,2026-07-19 17:49:00+00:00,64580.05736,2026-07-19 17:51:00+00:00,64545.77504891259,2,-0.26542490428821397,0.4,-0.665424904288214,-0.053084980857642794,sl,False
vwap_mean_reversion,1,2026-07-19 17:53:00+00:00,64582.157569999996,2026-07-19 17:53:00+00:00,64547.819101307854,0,-0.26585104914561564,0.4,-0.6658510491456157,-0.05317020982912313,sl,False
vwap_mean_reversion,1,2026-07-19 17:56:00+00:00,64559.255280000005,2026-07-19 17:56:00+00:00,64525.51944839409,0,-0.2612780418516647,0.4,-0.6612780418516647,-0.05225560837033294,sl,False
vwap_mean_reversion,1,2026-07-19 18:00:00+00:00,64526.452,2026-07-19 18:00:00+00:00,64494.524481692875,0,-0.2473986816067253,0.4,-0.6473986816067253,-0.04947973632134506,sl,False
vwap_mean_reversion,1,2026-07-19 18:01:00+00:00,64528.152169999994,2026-07-19 18:02:00+00:00,64496.02614728623,1,-0.24893028572336995,0.4,-0.64893028572337,-0.04978605714467399,sl,False
vwap_mean_reversion,1,2026-07-19 18:05:00+00:00,64458.245180000005,2026-07-19 18:07:00+00:00,64421.3683708911,2,-0.2860519162903863,0.4,-0.6860519162903863,-0.05721038325807726,sl,False
vwap_mean_reversion,1,2026-07-19 18:09:00+00:00,64437.14307,2026-07-19 18:09:00+00:00,64385.93710327729,0,-0.3973326895256868,0.4,-0.7973326895256868,-0.07946653790513736,sl,False
vwap_mean_reversion,1,2026-07-19 18:10:00+00:00,64417.64111999999,2026-07-19 18:29:00+00:00,64366.205052328914,19,-0.3992389877740532,0.4,-0.7992389877740532,-0.07984779755481064,sl,False
vwap_mean_reversion,1,2026-07-19 18:32:00+00:00,64352.4346,2026-07-19 21:56:00+00:00,64304.30156249795,204,-0.37397992633247945,0.4,-0.7739799263324795,-0.07479598526649589,sl,False
vwap_mean_reversion,1,2026-07-19 21:57:00+00:00,64342.833640000004,2026-07-19 22:02:00+00:00,64572.970195490794,5,1.7883619858771738,0.4,1.3883619858771739,0.35767239717543475,tp,False
vwap_mean_reversion,1,2026-07-19 22:03:00+00:00,64512.35059,2026-07-19 22:04:00+00:00,64454.053277019455,1,-0.4518306374468595,0.4,-0.8518306374468595,-0.0903661274893719,sl,False
vwap_mean_reversion,1,2026-07-19 22:08:00+00:00,64432.84264,2026-07-19 22:12:00+00:00,64569.418912538546,4,1.0598342936817273,0.4,0.6598342936817273,0.21196685873634546,tp,False
vwap_mean_reversion,-1,2026-07-19 22:17:00+00:00,64683.83097,2026-07-19 22:17:00+00:00,64769.439981209885,0,-0.6617496979236526,0.4,-1.0617496979236525,-0.1323499395847305,sl,False
vwap_mean_reversion,-1,2026-07-19 22:18:00+00:00,64727.5266,2026-07-19 22:19:00+00:00,64814.47564969489,1,-0.6716543506459782,0.4,-1.0716543506459781,-0.13433087012919565,sl,False
vwap_mean_reversion,-1,2026-07-19 22:20:00+00:00,64776.5217,2026-07-19 22:21:00+00:00,64860.54116927774,1,-0.6485333502999069,0.4,-1.0485333502999068,-0.12970667005998138,sl,False
vwap_mean_reversion,-1,2026-07-19 22:22:00+00:00,64827.81657,2026-07-19 23:00:00+00:00,64588.88315252762,38,1.8428309799265463,0.4,1.4428309799265464,0.36856619598530926,tp,False
vwap_mean_reversion,-1,2026-07-19 23:01:00+00:00,64561.14324,2026-07-19 23:01:00+00:00,64593.84332741804,0,-0.25324898055545386,0.4,-0.6532489805554539,-0.05064979611109077,tp,False
vwap_mean_reversion,-1,2026-07-19 23:13:00+00:00,64657.83357,2026-07-19 23:31:00+00:00,64707.692135670535,18,-0.38555703862663826,0.4,-0.7855570386266383,-0.07711140772532765,sl,False
vwap_mean_reversion,-1,2026-07-19 23:33:00+00:00,64704.92886,2026-07-19 23:45:00+00:00,64751.58931074938,12,-0.3605633417071985,0.4,-0.7605633417071985,-0.0721126683414397,sl,False
vwap_mean_reversion,-1,2026-07-19 23:46:00+00:00,64684.830870000005,2026-07-20 00:01:00+00:00,64595.211355185995,15,0.6927398093853343,0.4,0.2927398093853343,0.13854796187706686,tp,False
vwap_mean_reversion,1,2026-07-20 00:03:00+00:00,64580.55741,2026-07-20 00:03:00+00:00,64577.18446970492,0,-0.026114208597438626,0.4,-0.42611420859743865,-0.005222841719487725,tp,False
vwap_mean_reversion,-1,2026-07-20 00:09:00+00:00,64808.718479999996,2026-07-20 00:10:00+00:00,64868.59179899549,1,-0.4619233368575726,0.4,-0.8619233368575726,-0.09238466737151452,sl,False
vwap_mean_reversion,-1,2026-07-20 00:13:00+00:00,64897.5096,2026-07-20 00:13:00+00:00,64962.386564507244,0,-0.49984171123917953,0.4,-0.8998417112391796,-0.0999683422478359,sl,False
vwap_mean_reversion,-1,2026-07-20 00:15:00+00:00,64980.90126,2026-07-20 00:16:00+00:00,65051.0655522537,1,-0.5398839573874659,0.4,-0.9398839573874659,-0.10797679147749317,sl,False
vwap_mean_reversion,-1,2026-07-20 00:17:00+00:00,65021.4972,2026-07-20 00:21:00+00:00,64899.664836638054,4,0.9368621810352806,0.4,0.5368621810352806,0.18737243620705613,tp,False
vwap_mean_reversion,1,2026-07-20 00:24:00+00:00,64856.485,2026-07-20 00:31:00+00:00,64777.978403771165,7,-0.605233202422506,0.4,-1.005233202422506,-0.1210466404845012,sl,False
vwap_mean_reversion,1,2026-07-20 00:33:00+00:00,64802.07956,2026-07-20 00:38:00+00:00,64884.147984215466,5,0.6332236926090973,0.4,0.23322369260909726,0.12664473852181946,tp,False
vwap_mean_reversion,1,2026-07-20 00:47:00+00:00,64765.17587,2026-07-20 00:48:00+00:00,64705.0423466403,1,-0.46424272421030643,0.4,-0.8642427242103065,-0.09284854484206129,sl,False
vwap_mean_reversion,1,2026-07-20 00:54:00+00:00,64514.25078,2026-07-20 01:09:00+00:00,64817.053322658234,15,2.3467880274299358,0.4,1.9467880274299358,0.46935760548598715,tp,False
vwap_mean_reversion,-1,2026-07-20 01:11:00+00:00,64901.90916,2026-07-20 01:12:00+00:00,64813.194434370016,1,0.6834523573974183,0.4,0.28345235739741825,0.13669047147948366,tp,False
vwap_mean_reversion,1,2026-07-20 01:21:00+00:00,64702.4696,2026-07-20 01:23:00+00:00,64798.437494565595,2,0.7416092087279003,0.4,0.34160920872790024,0.14832184174558005,tp,False
vwap_mean_reversion,1,2026-07-20 01:45:00+00:00,64743.273680000006,2026-07-20 01:45:00+00:00,64676.08020644395,0,-0.5189224280515159,0.4,-0.9189224280515159,-0.10378448561030318,sl,False
vwap_mean_reversion,1,2026-07-20 01:47:00+00:00,64701.4695,2026-07-20 01:51:00+00:00,64633.75837550525,4,-0.5232580111240726,0.4,-0.9232580111240726,-0.10465160222481451,sl,False
vwap_mean_reversion,1,2026-07-20 01:57:00+00:00,64510.85044,2026-07-20 02:02:00+00:00,64781.80804423542,5,2.100093258632696,0.4,1.700093258632696,0.4200186517265392,tp,False
vwap_mean_reversion,-1,2026-07-20 02:04:00+00:00,64793.22003,2026-07-20 02:04:00+00:00,64866.50849439565,0,-0.5655565841744536,0.4,-0.9655565841744537,-0.11311131683489073,sl,False
vwap_mean_reversion,-1,2026-07-20 02:06:00+00:00,64849.11444,2026-07-20 02:15:00+00:00,64793.28211575324,9,0.43047869449641674,0.4,0.030478694496416714,0.08609573889928335,tp,False
vwap_mean_reversion,1,2026-07-20 02:22:00+00:00,64620.561409999995,2026-07-20 02:32:00+00:00,64777.44268040294,10,1.2138649601600715,0.4,0.8138649601600715,0.2427729920320143,tp,False
vwap_mean_reversion,1,2026-07-20 02:33:00+00:00,64795.87894,2026-07-20 02:33:00+00:00,64772.68349757996,0,-0.17898856223191872,0.4,-0.5789885622319187,-0.035797712446383745,tp,False
vwap_mean_reversion,1,2026-07-20 02:39:00+00:00,64726.271980000005,2026-07-20 02:41:00+00:00,64772.34658906053,2,0.3559189155429854,0.4,-0.04408108445701464,0.07118378310859708,tp,False
vwap_mean_reversion,-1,2026-07-20 02:50:00+00:00,64880.21133,2026-07-20 03:06:00+00:00,64789.501009987194,16,0.6990599918935692,0.4,0.29905999189356913,0.13981199837871383,tp,False
vwap_mean_reversion,-1,2026-07-20 03:18:00+00:00,64813.11804,2026-07-20 03:18:00+00:00,64791.03786709355,0,0.17033722164716547,0.4,-0.22966277835283455,0.034067444329433094,tp,False
vwap_mean_reversion,1,2026-07-20 03:25:00+00:00,64695.86894,2026-07-20 03:26:00+00:00,64640.33931938298,1,-0.42915893647332837,0.4,-0.8291589364733284,-0.08583178729466567,sl,False
vwap_mean_reversion,1,2026-07-20 03:29:00+00:00,64657.06506,2026-07-20 03:37:00+00:00,64774.65695891607,8,0.9093507322590622,0.4,0.5093507322590621,0.18187014645181243,tp,False
vwap_mean_reversion,-1,2026-07-20 03:46:00+00:00,64838.61549,2026-07-20 03:56:00+00:00,64786.76365116641,10,0.399853069360967,0.4,-0.00014693063903303827,0.0799706138721934,tp,False
vwap_mean_reversion,-1,2026-07-20 04:01:00+00:00,64802.01915,2026-07-20 04:02:00+00:00,64787.89192932192,1,0.1090029358913891,0.4,-0.2909970641086109,0.02180058717827782,tp,False
vwap_mean_reversion,1,2026-07-20 04:07:00+00:00,64732.87264,2026-07-20 04:13:00+00:00,64688.73267360482,6,-0.3409393449960163,0.4,-0.7409393449960163,-0.06818786899920326,sl,False
vwap_mean_reversion,1,2026-07-20 04:15:00+00:00,64680.86744,2026-07-20 04:17:00+00:00,64638.86536176257,2,-0.3246870357482279,0.4,-0.7246870357482279,-0.06493740714964558,sl,False
vwap_mean_reversion,1,2026-07-20 04:19:00+00:00,64631.96255,2026-07-20 04:36:00+00:00,64772.02329098434,17,1.0835253600414152,0.4,0.6835253600414152,0.21670507200828304,tp,False
vwap_mean_reversion,1,2026-07-20 04:39:00+00:00,64736.473,2026-07-20 04:40:00+00:00,64691.637275023975,1,-0.3462941592139446,0.4,-0.7462941592139446,-0.06925883184278891,sl,False
vwap_mean_reversion,1,2026-07-20 04:42:00+00:00,64710.670419999995,2026-07-20 04:45:00+00:00,64664.33145052393,3,-0.3580473604685719,0.4,-0.7580473604685719,-0.07160947209371438,sl,False
vwap_mean_reversion,1,2026-07-20 04:47:00+00:00,64677.567109999996,2026-07-20 04:49:00+00:00,64626.55711084333,2,-0.3943407384968123,0.4,-0.7943407384968123,-0.07886814769936246,sl,False
vwap_mean_reversion,1,2026-07-20 04:52:00+00:00,64590.95845,2026-07-20 04:53:00+00:00,64539.363927663624,1,-0.39939430823210387,0.4,-0.7993943082321039,-0.07987886164642077,sl,False
vwap_mean_reversion,1,2026-07-20 04:56:00+00:00,64535.35289,2026-07-20 05:01:00+00:00,64485.69012254714,5,-0.38477179738610756,0.4,-0.7847717973861076,-0.07695435947722151,sl,False
vwap_mean_reversion,1,2026-07-20 05:05:00+00:00,64427.94215,2026-07-20 05:05:00+00:00,64379.74977329149,0,-0.37400214177496505,0.4,-0.7740021417749651,-0.07480042835499301,sl,False
vwap_mean_reversion,1,2026-07-20 05:07:00+00:00,64461.4455,2026-07-20 05:09:00+00:00,64410.72939651154,2,-0.3933832315974328,0.4,-0.7933832315974328,-0.07867664631948657,sl,False
vwap_mean_reversion,1,2026-07-20 05:14:00+00:00,64216.421,2026-07-20 05:23:00+00:00,64145.98256897877,9,-0.5484456306061869,0.4,-0.9484456306061869,-0.10968912612123738,sl,False
vwap_mean_reversion,1,2026-07-20 05:25:00+00:00,64175.31689,2026-07-20 05:31:00+00:00,64094.30213815158,6,-0.6311986895778388,0.4,-1.0311986895778387,-0.12623973791556775,sl,False
vwap_mean_reversion,1,2026-07-20 05:32:00+00:00,64165.01586,2026-07-20 05:52:00+00:00,64090.47988009033,20,-0.5808147859909796,0.4,-0.9808147859909796,-0.11616295719819592,sl,False
vwap_mean_reversion,1,2026-07-20 05:54:00+00:00,64112.11057,2026-07-20 06:02:00+00:00,64055.00320913242,8,-0.445371087925972,0.4,-0.845371087925972,-0.0890742175851944,sl,False
vwap_mean_reversion,1,2026-07-20 06:04:00+00:00,64127.112069999996,2026-07-20 06:05:00+00:00,64072.10806737879,1,-0.42886698656541267,0.4,-0.8288669865654127,-0.08577339731308253,sl,False
vwap_mean_reversion,1,2026-07-20 06:07:00+00:00,64106.409999999996,2026-07-20 06:33:00+00:00,64048.64499567099,26,-0.4505400031681872,0.4,-0.8505400031681872,-0.09010800063363744,sl,False
vwap_mean_reversion,1,2026-07-20 06:35:00+00:00,63986.398,2026-07-20 06:35:00+00:00,63924.91586581076,0,-0.48043128001390434,0.4,-0.8804312800139044,-0.09608625600278087,sl,False
vwap_mean_reversion,1,2026-07-20 06:38:00+00:00,63843.88375,2026-07-20 06:43:00+00:00,63771.23498135431,5,-0.5689563696513744,0.4,-0.9689563696513744,-0.11379127393027488,sl,False
vwap_mean_reversion,1,2026-07-20 06:45:00+00:00,63800.07937,2026-07-20 11:32:00+00:00,64492.74954823094,287,5.428442919435006,0.4,5.0284429194350055,1.0856885838870012,tp,False
vwap_mean_reversion,-1,2026-07-20 11:34:00+00:00,64640.03535,2026-07-20 11:34:00+00:00,64710.60488532159,0,-0.5458655378163257,0.4,-0.9458655378163258,-0.10917310756326515,sl,False
vwap_mean_reversion,-1,2026-07-20 11:36:00+00:00,64779.721379999995,2026-07-20 11:36:00+00:00,64858.07253499668,0,-0.604750632818174,0.4,-1.004750632818174,-0.1209501265636348,sl,False
vwap_mean_reversion,-1,2026-07-20 11:37:00+00:00,64820.61729,2026-07-20 11:38:00+00:00,64904.04231892549,1,-0.6435068996045734,0.4,-1.0435068996045733,-0.12870137992091468,sl,False
vwap_mean_reversion,-1,2026-07-20 11:40:00+00:00,64844.41491,2026-07-20 11:46:00+00:00,64921.07782247788,6,-0.5911296492093765,0.4,-0.9911296492093765,-0.1182259298418753,sl,False
vwap_mean_reversion,-1,2026-07-20 11:49:00+00:00,64896.909660000005,2026-07-20 11:57:00+00:00,64976.81002743673,8,-0.6155945472237079,0.4,-1.0155945472237078,-0.12311890944474158,sl,False
vwap_mean_reversion,-1,2026-07-20 11:59:00+00:00,64996.399710000005,2026-07-20 13:47:00+00:00,64430.59931720864,108,4.352551797606075,0.4,3.9525517976060747,0.8705103595212149,tp,False
vwap_mean_reversion,-1,2026-07-20 13:51:00+00:00,64611.238229999995,2026-07-20 13:53:00+00:00,64477.56080494567,2,1.034475028774906,0.4,0.634475028774906,0.2068950057549812,tp,False
vwap_mean_reversion,1,2026-07-20 13:57:00+00:00,64301.629519999995,2026-07-20 13:57:00+00:00,64194.58790861524,0,-0.8323398037017316,0.4,-1.2323398037017315,-0.1664679607403463,sl,False
vwap_mean_reversion,1,2026-07-20 13:59:00+00:00,64238.22318,2026-07-20 14:09:00+00:00,64461.29004764298,10,1.7362471796420476,0.4,1.3362471796420476,0.3472494359284095,tp,False
vwap_mean_reversion,1,2026-07-20 14:14:00+00:00,64358.03516,2026-07-20 14:14:00+00:00,64265.5294468984,0,-0.7186803704589684,0.4,-1.1186803704589683,-0.14373607409179368,sl,False
vwap_mean_reversion,1,2026-07-20 14:16:00+00:00,64322.13157,2026-07-20 14:16:00+00:00,64228.861025590966,0,-0.7250268463780962,0.4,-1.1250268463780961,-0.14500536927561924,sl,False
vwap_mean_reversion,1,2026-07-20 14:19:00+00:00,64206.42,2026-07-20 14:21:00+00:00,64113.16794916668,2,-0.7261894591951701,0.4,-1.12618945919517,-0.14523789183903402,sl,False
vwap_mean_reversion,1,2026-07-20 14:23:00+00:00,64166.71603,2026-07-20 14:30:00+00:00,64453.08805400047,7,2.2314686002208317,0.4,1.8314686002208318,0.44629372004416634,tp,False
vwap_mean_reversion,1,2026-07-20 14:39:00+00:00,64351.73453,2026-07-20 14:46:00+00:00,64451.44047786026,7,0.7746951079755648,0.4,0.3746951079755648,0.15493902159511297,tp,False
vwap_mean_reversion,1,2026-07-20 14:51:00+00:00,64339.63331999999,2026-07-20 15:00:00+00:00,64451.04255798984,9,0.8657901222076658,0.4,0.4657901222076658,0.17315802444153316,tp,False
vwap_mean_reversion,-1,2026-07-20 15:06:00+00:00,64516.74768,2026-07-20 15:06:00+00:00,64596.80181001801,0,-0.6204135584692017,0.4,-1.0204135584692016,-0.12408271169384033,sl,False
vwap_mean_reversion,-1,2026-07-20 15:12:00+00:00,64808.818470000006,2026-07-20 15:12:00+00:00,64898.15819552945,0,-0.6892559349064298,0.4,-1.0892559349064297,-0.13785118698128596,sl,False
vwap_mean_reversion,-1,2026-07-20 15:15:00+00:00,64943.505,2026-07-20 15:43:00+00:00,65035.51658791844,28,-0.7083971516353982,0.4,-1.108397151635398,-0.14167943032707964,sl,False
vwap_mean_reversion,-1,2026-07-20 15:45:00+00:00,65202.57909,2026-07-20 15:46:00+00:00,65288.90358521948,1,-0.6619714773883345,0.4,-1.0619714773883344,-0.1323942954776669,sl,False
vwap_mean_reversion,-1,2026-07-20 15:48:00+00:00,65331.266220000005,2026-07-20 15:52:00+00:00,65419.844041227116,4,-0.6779129378025051,0.4,-1.077912937802505,-0.135582587560501,sl,False
vwap_mean_reversion,-1,2026-07-20 15:54:00+00:00,65421.55719,2026-07-20 15:54:00+00:00,65513.8643804353,0,-0.7054799243559895,0.4,-1.1054799243559894,-0.1410959848711979,sl,False
vwap_mean_reversion,-1,2026-07-20 15:56:00+00:00,65533.545990000006,2026-07-20 17:54:00+00:00,65640.2246247631,118,-0.8139238702219442,0.4,-1.2139238702219441,-0.16278477404438885,sl,False
vwap_mean_reversion,-1,2026-07-20 17:56:00+00:00,65528.94645,2026-07-20 17:57:00+00:00,65583.9034173644,1,-0.4193335185568303,0.4,-0.8193335185568303,-0.08386670371136606,sl,False
vwap_mean_reversion,-1,2026-07-20 17:59:00+00:00,65561.84315999999,2026-07-20 18:01:00+00:00,65617.92223855306,2,-0.4276807655957393,0.4,-0.8276807655957393,-0.08553615311914786,sl,False
vwap_mean_reversion,-1,2026-07-20 18:03:00+00:00,65653.83395999999,2026-07-20 18:12:00+00:00,65714.83748761125,9,-0.46458465508980584,0.4,-0.8645846550898059,-0.09291693101796117,sl,False
vwap_mean_reversion,-1,2026-07-20 18:14:00+00:00,65770.22232,2026-07-21 05:48:00+00:00,65836.8311355917,694,-0.5063751743731304,0.4,-0.9063751743731304,-0.10127503487462608,sl,False
vwap_mean_reversion,-1,2026-07-21 05:50:00+00:00,65782.52109000001,2026-07-21 06:31:00+00:00,65843.73752105635,41,-0.46529404803885566,0.4,-0.8652940480388557,-0.09305880960777113,sl,False
vwap_mean_reversion,-1,2026-07-21 06:37:00+00:00,65956.30371,2026-07-21 07:33:00+00:00,66006.36557691294,56,-0.3795078263714169,0.4,-0.7795078263714169,-0.07590156527428338,sl,False
vwap_mean_reversion,-1,2026-07-21 07:34:00+00:00,65974.4019,2026-07-21 07:36:00+00:00,66019.40177791925,2,-0.34104043858906863,0.4,-0.7410404385890687,-0.06820808771781373,sl,False
vwap_mean_reversion,-1,2026-07-21 07:38:00+00:00,65997.79956,2026-07-21 07:40:00+00:00,66043.03321708408,2,-0.3426906456400758,0.4,-0.7426906456400758,-0.06853812912801516,sl,False
vwap_mean_reversion,-1,2026-07-21 07:41:00+00:00,66016.09773,2026-07-21 07:42:00+00:00,66060.32434943283,1,-0.3349684467395253,0.4,-0.7349684467395253,-0.06699368934790506,sl,False
vwap_mean_reversion,-1,2026-07-21 07:44:00+00:00,65992.90005,2026-07-21 07:46:00+00:00,66044.10680921427,2,-0.38797173010640673,0.4,-0.7879717301064068,-0.07759434602128135,sl,False
vwap_mean_reversion,-1,2026-07-21 07:48:00+00:00,66168.48249000001,2026-07-21 07:54:00+00:00,66232.47685358285,6,-0.4835713407248532,0.4,-0.8835713407248532,-0.09671426814497064,sl,False
vwap_mean_reversion,-1,2026-07-21 07:56:00+00:00,66193.38,2026-07-21 08:14:00+00:00,66262.85650649961,18,-0.5247995078934142,0.4,-0.9247995078934143,-0.10495990157868285,sl,False
vwap_mean_reversion,-1,2026-07-21 08:16:00+00:00,66203.67897000001,2026-07-21 08:19:00+00:00,66261.38408700103,3,-0.43581503247858144,0.4,-0.8358150324785815,-0.08716300649571629,sl,False
vwap_mean_reversion,-1,2026-07-21 08:23:00+00:00,66255.3738,2026-07-21 08:23:00+00:00,66313.34769211726,0,-0.4375033208042778,0.4,-0.8375033208042778,-0.08750066416085556,sl,False
vwap_mean_reversion,-1,2026-07-21 08:24:00+00:00,66310.16832,2026-07-21 10:11:00+00:00,66368.77344696604,107,-0.4419015096087664,0.4,-0.8419015096087664,-0.08838030192175328,sl,False
vwap_mean_reversion,-1,2026-07-21 10:12:00+00:00,66324.46689000001,2026-07-21 10:15:00+00:00,66366.97290611138,3,-0.32043993796337933,0.4,-0.7204399379633794,-0.06408798759267587,sl,False
vwap_mean_reversion,-1,2026-07-21 10:17:00+00:00,66332.3661,2026-07-21 10:33:00+00:00,66377.59246862029,16,-0.3409072469396923,0.4,-0.7409072469396923,-0.06818144938793846,sl,False
vwap_mean_reversion,-1,2026-07-21 10:34:00+00:00,66353.06403,2026-07-21 10:35:00+00:00,66390.60338400645,1,-0.28287581406549744,0.4,-0.6828758140654975,-0.05657516281309949,sl,False
vwap_mean_reversion,-1,2026-07-21 10:37:00+00:00,66352.26410999999,2026-07-21 12:11:00+00:00,66391.24756351755,94,-0.29376129089531133,0.4,-0.6937612908953114,-0.05875225817906227,sl,False
vwap_mean_reversion,-1,2026-07-21 12:13:00+00:00,66378.56148,2026-07-21 12:18:00+00:00,66417.84807758054,5,-0.29592835928182737,0.4,-0.6959283592818274,-0.059185671856365474,sl,False
vwap_mean_reversion,-1,2026-07-21 12:21:00+00:00,66403.05903,2026-07-21 12:21:00+00:00,66448.96687366397,0,-0.34567566867083066,0.4,-0.7456756686708307,-0.06913513373416613,sl,False
vwap_mean_reversion,-1,2026-07-21 12:23:00+00:00,66424.15692000001,2026-07-21 12:31:00+00:00,66473.52896576127,8,-0.37164224621422104,0.4,-0.7716422462142211,-0.07432844924284421,sl,False
vwap_mean_reversion,-1,2026-07-21 12:34:00+00:00,66483.85095000001,2026-07-21 12:36:00+00:00,66531.41418126858,2,-0.35770514635458106,0.4,-0.7577051463545811,-0.07154102927091621,sl,False
vwap_mean_reversion,-1,2026-07-21 12:39:00+00:00,66551.3442,2026-07-21 12:39:00+00:00,66604.53038909912,0,-0.3995876397272502,0.4,-0.7995876397272502,-0.07991752794545004,sl,False
vwap_mean_reversion,-1,2026-07-21 12:41:00+00:00,66596.3397,2026-07-21 13:51:00+00:00,66649.00010983547,70,-0.39537015151802635,0.4,-0.7953701515180264,-0.07907403030360527,sl,False
vwap_mean_reversion,-1,2026-07-21 13:52:00+00:00,66606.13872,2026-07-21 13:53:00+00:00,66684.3713407671,1,-0.5872778565949588,0.4,-0.9872778565949588,-0.11745557131899176,sl,False
vwap_mean_reversion,-1,2026-07-21 13:58:00+00:00,66697.42959,2026-07-21 14:01:00+00:00,66777.14817047073,3,-0.5976135884153688,0.4,-0.9976135884153688,-0.11952271768307376,sl,False
vwap_mean_reversion,-1,2026-07-21 14:04:00+00:00,66793.91994,2026-07-21 14:05:00+00:00,66869.20337721224,1,-0.5635500752153577,0.4,-0.9635500752153577,-0.11271001504307154,sl,False
vwap_mean_reversion,-1,2026-07-21 14:08:00+00:00,66761.3232,2026-07-21 14:10:00+00:00,66838.87040169926,2,-0.5807793942830264,0.4,-0.9807793942830264,-0.11615587885660528,sl,False
vwap_mean_reversion,-1,2026-07-21 14:13:00+00:00,66858.3135,2026-07-21 17:46:00+00:00,66085.3797891848,213,5.780385941197952,0.4,5.380385941197952,1.1560771882395904,tp,False
vwap_mean_reversion,-1,2026-07-21 17:47:00+00:00,66012.3981,2026-07-21 17:47:00+00:00,66088.63527326875,0,-0.5774458697384022,0.4,-0.9774458697384022,-0.11548917394768043,sl,False
vwap_mean_reversion,1,2026-07-21 17:48:00+00:00,66168.21616000001,2026-07-21 17:48:00+00:00,66173.6960695299,0,0.04140892597626067,0.4,-0.35859107402373935,0.008281785195252134,tp,False
vwap_mean_reversion,-1,2026-07-21 17:52:00+00:00,66283.371,2026-07-21 17:53:00+00:00,66187.62308719815,1,0.7222619441145106,0.4,0.3222619441145106,0.14445238882290212,tp,False
vwap_mean_reversion,1,2026-07-21 18:03:00+00:00,66114.21076,2026-07-21 18:04:00+00:00,66173.93006356107,1,0.4516374231392506,0.4,0.05163742313925057,0.09032748462785012,tp,False
vwap_mean_reversion,-1,2026-07-21 18:09:00+00:00,66243.47499,2026-07-21 18:26:00+00:00,66187.31048712328,17,0.42392479323588583,0.4,0.02392479323588581,0.08478495864717717,tp,False
vwap_mean_reversion,1,2026-07-21 18:34:00+00:00,66179.51728999999,2026-07-21 18:34:00+00:00,66174.36092231212,0,-0.0389574289675898,0.4,-0.4389574289675898,-0.0077914857935179604,tp,False
vwap_mean_reversion,-1,2026-07-21 18:40:00+00:00,66233.376,2026-07-21 18:43:00+00:00,66281.80366101967,3,-0.3655835165314869,0.4,-0.7655835165314869,-0.07311670330629738,sl,False
vwap_mean_reversion,-1,2026-07-21 18:45:00+00:00,66241.97514000001,2026-07-21 18:45:00+00:00,66288.2010638798,0,-0.34891716152851693,0.4,-0.748917161528517,-0.06978343230570339,sl,False
vwap_mean_reversion,-1,2026-07-21 18:47:00+00:00,66277.27161,2026-07-21 18:48:00+00:00,66323.85325895758,1,-0.351414955881757,0.4,-0.751414955881757,-0.0702829911763514,sl,False
vwap_mean_reversion,-1,2026-07-21 18:50:00+00:00,66295.76976,2026-07-21 19:04:00+00:00,66344.89031849118,14,-0.37046525494011107,0.4,-0.7704652549401111,-0.07409305098802221,sl,False
vwap_mean_reversion,-1,2026-07-21 19:06:00+00:00,66326.76666,2026-07-21 19:27:00+00:00,66366.21878064191,21,-0.2974072356349833,0.4,-0.6974072356349833,-0.059481447126996656,sl,False
vwap_mean_reversion,-1,2026-07-21 19:29:00+00:00,66354.46389000001,2026-07-21 19:32:00+00:00,66391.78375124563,3,-0.281215905138521,0.4,-0.681215905138521,-0.0562431810277042,sl,False
vwap_mean_reversion,-1,2026-07-21 19:35:00+00:00,66373.96194000001,2026-07-21 19:35:00+00:00,66411.57921668557,0,-0.2833737476720666,0.4,-0.6833737476720666,-0.056674749534413316,sl,False
vwap_mean_reversion,-1,2026-07-21 19:36:00+00:00,66401.05923,2026-07-21 19:38:00+00:00,66438.92204192231,2,-0.2851069874590939,0.4,-0.6851069874590939,-0.05702139749181878,sl,False
vwap_mean_reversion,-1,2026-07-21 19:41:00+00:00,66424.85685,2026-07-21 19:47:00+00:00,66460.80962702098,6,-0.27062743320749316,0.4,-0.6706274332074932,-0.05412548664149863,sl,False
vwap_mean_reversion,-1,2026-07-21 19:50:00+00:00,66443.65497,2026-07-21 22:20:00+00:00,66192.66110012085,150,1.8887722988182865,0.4,1.4887722988182865,0.3777544597636573,tp,False
vwap_mean_reversion,-1,2026-07-21 22:30:00+00:00,66244.97484000001,2026-07-21 22:31:00+00:00,66280.9379730238,1,-0.27144046103610986,0.4,-0.6714404610361099,-0.05428809220722197,sl,False
vwap_mean_reversion,-1,2026-07-21 22:36:00+00:00,66278.47149000001,2026-07-21 22:41:00+00:00,66314.60360873642,5,-0.272578093037823,0.4,-0.672578093037823,-0.0545156186075646,sl,False
vwap_mean_reversion,-1,2026-07-21 22:43:00+00:00,66292.07013,2026-07-21 23:27:00+00:00,66326.17293114026,44,-0.2572162935430278,0.4,-0.6572162935430278,-0.051443258708605555,sl,False
vwap_mean_reversion,-1,2026-07-21 23:31:00+00:00,66343.46499000001,2026-07-21 23:33:00+00:00,66375.98311537881,2,-0.24507406557450206,0.4,-0.6450740655745021,-0.04901481311490041,sl,False
vwap_mean_reversion,-1,2026-07-21 23:35:00+00:00,66382.26110999999,2026-07-21 23:36:00+00:00,66415.45659556316,1,-0.2500328024994669,0.4,-0.6500328024994669,-0.05000656049989338,sl,False
vwap_mean_reversion,-1,2026-07-21 23:39:00+00:00,66396.25971,2026-07-21 23:45:00+00:00,66428.37468593656,6,-0.24184326102727471,0.4,-0.6418432610272747,-0.04836865220545494,sl,False
vwap_mean_reversion,-1,2026-07-21 23:47:00+00:00,66405.15882,2026-07-21 23:49:00+00:00,66436.48085200565,2,-0.2358403515798635,0.4,-0.6358403515798635,-0.0471680703159727,sl,False
vwap_mean_reversion,-1,2026-07-21 23:52:00+00:00,66436.3557,2026-07-21 23:52:00+00:00,66471.09134933774,0,-0.2614204901199013,0.4,-0.6614204901199013,-0.05228409802398026,sl,False
vwap_mean_reversion,-1,2026-07-21 23:55:00+00:00,66517.04763,2026-07-22 00:00:00+00:00,66555.52024949163,5,-0.2891936793829597,0.4,-0.6891936793829597,-0.05783873587659194,sl,False
vwap_mean_reversion,-1,2026-07-22 00:01:00+00:00,66503.24901,2026-07-22 00:01:00+00:00,66529.38560666665,0,-0.19650616365163298,0.4,-0.596506163651633,-0.039301232730326596,tp,False
vwap_mean_reversion,-1,2026-07-22 00:06:00+00:00,66540.04533,2026-07-22 00:06:00+00:00,66553.61474886729,0,-0.10196430435238657,0.4,-0.5019643043523866,-0.020392860870477314,tp,False
vwap_mean_reversion,-1,2026-07-22 00:10:00+00:00,66587.74055999999,2026-07-22 00:10:00+00:00,66565.47916088844,0,0.16715839075132077,0.4,-0.23284160924867925,0.033431678150264155,tp,False
vwap_mean_reversion,-1,2026-07-22 00:16:00+00:00,66603.93894000001,2026-07-22 00:16:00+00:00,66580.03163118857,0,0.17947368573034694,0.4,-0.22052631426965308,0.03589473714606939,tp,False
vwap_mean_reversion,-1,2026-07-22 00:23:00+00:00,66638.43549,2026-07-22 00:28:00+00:00,66596.49061332582,5,0.31471984873115977,0.4,-0.08528015126884025,0.06294396974623195,tp,False
vwap_mean_reversion,-1,2026-07-22 00:36:00+00:00,66649.13442,2026-07-22 00:44:00+00:00,66695.85274919009,8,-0.3504796393579701,0.4,-0.7504796393579701,-0.07009592787159402,sl,False
vwap_mean_reversion,-1,2026-07-22 00:45:00+00:00,66674.3319,2026-07-22 00:47:00+00:00,66616.15743402654,2,0.43625833447208384,0.4,0.03625833447208382,0.08725166689441677,tp,False
vwap_mean_reversion,-1,2026-07-22 00:48:00+00:00,66576.3417,2026-07-22 00:48:00+00:00,66619.94465049631,0,-0.3274658037895062,0.4,-0.7274658037895062,-0.06549316075790124,tp,False
vwap_mean_reversion,-1,2026-07-22 00:51:00+00:00,66611.43819,2026-07-22 00:51:00+00:00,66620.1633859049,0,-0.06549322565307936,0.4,-0.4654932256530794,-0.013098645130615871,tp,False
vwap_mean_reversion,1,2026-07-22 01:13:00+00:00,66502.44958,2026-07-22 01:14:00+00:00,66457.12606911716,1,-0.34076572494007307,0.4,-0.7407657249400731,-0.06815314498801461,sl,False
vwap_mean_reversion,1,2026-07-22 01:16:00+00:00,66459.74531,2026-07-22 01:19:00+00:00,66414.58195363352,3,-0.3397797881696252,0.4,-0.7397797881696252,-0.06795595763392503,sl,False
vwap_mean_reversion,1,2026-07-22 01:21:00+00:00,66418.6412,2026-07-22 01:22:00+00:00,66375.74529485742,1,-0.32292067684286385,0.4,-0.7229206768428639,-0.06458413536857277,sl,False
vwap_mean_reversion,1,2026-07-22 01:25:00+00:00,66336.633,2026-07-22 01:42:00+00:00,66288.17240423556,17,-0.3652627030711342,0.4,-0.7652627030711342,-0.07305254061422684,sl,False
vwap_mean_reversion,1,2026-07-22 01:44:00+00:00,66341.43348,2026-07-22 02:35:00+00:00,66291.59006467546,51,-0.37565826294344573,0.4,-0.7756582629434458,-0.07513165258868915,sl,False
vwap_mean_reversion,1,2026-07-22 02:40:00+00:00,66303.42968,2026-07-22 02:58:00+00:00,66262.91380700124,18,-0.3055337649522927,0.4,-0.7055337649522927,-0.061106752990458535,sl,False
vwap_mean_reversion,1,2026-07-22 03:00:00+00:00,66289.82832,2026-07-22 03:00:00+00:00,66253.22919260888,0,-0.27605387069679077,0.4,-0.6760538706967908,-0.055210774139358154,sl,False
vwap_mean_reversion,1,2026-07-22 03:02:00+00:00,66300.6294,2026-07-22 03:05:00+00:00,66260.25762332091,3,-0.3044599805797077,0.4,-0.7044599805797077,-0.06089199611594154,sl,False
vwap_mean_reversion,1,2026-07-22 03:07:00+00:00,66326.53198999999,2026-07-22 03:07:00+00:00,66282.61773551161,0,-0.3310459115742903,0.4,-0.7310459115742903,-0.06620918231485806,sl,False
vwap_mean_reversion,1,2026-07-22 03:09:00+00:00,66253.52468999999,2026-07-22 03:11:00+00:00,66207.56422209929,2,-0.3468530022798788,0.4,-0.7468530022798788,-0.06937060045597576,sl,False
vwap_mean_reversion,1,2026-07-22 03:13:00+00:00,66206.62,2026-07-22 03:14:00+00:00,66160.31705253822,1,-0.3496851784744459,0.4,-0.7496851784744459,-0.06993703569488918,sl,False
vwap_mean_reversion,1,2026-07-22 03:16:00+00:00,66197.31907,2026-07-22 03:58:00+00:00,66149.86209995499,42,-0.3584508459838487,0.4,-0.7584508459838487,-0.07169016919676974,sl,False
vwap_mean_reversion,1,2026-07-22 04:00:00+00:00,66183.21766000001,2026-07-22 05:18:00+00:00,66139.91720594623,78,-0.3271256338444051,0.4,-0.7271256338444051,-0.06542512676888101,sl,False
vwap_mean_reversion,1,2026-07-22 05:20:00+00:00,66153.41468,2026-07-22 05:20:00+00:00,66115.62092108066,0,-0.2856523665646371,0.4,-0.6856523665646371,-0.05713047331292742,sl,False
vwap_mean_reversion,1,2026-07-22 05:24:00+00:00,66059.10525,2026-07-22 05:24:00+00:00,66015.79071252355,0,-0.3278468374081078,0.4,-0.7278468374081078,-0.06556936748162157,sl,False
vwap_mean_reversion,1,2026-07-22 05:25:00+00:00,66059.00524,2026-07-22 05:28:00+00:00,66014.9127323433,3,-0.33373578285428307,0.4,-0.7337357828542831,-0.06674715657085661,sl,False
vwap_mean_reversion,1,2026-07-22 05:30:00+00:00,66051.10445,2026-07-22 05:36:00+00:00,66004.47920571905,6,-0.3529482562721342,0.4,-0.7529482562721342,-0.07058965125442684,sl,False
vwap_mean_reversion,1,2026-07-22 05:38:00+00:00,66008.6002,2026-07-22 05:40:00+00:00,65956.69043166103,2,-0.3932045838094256,0.4,-0.7932045838094256,-0.07864091676188512,sl,False
vwap_mean_reversion,1,2026-07-22 05:42:00+00:00,65985.79792,2026-07-22 05:46:00+00:00,65938.38057959525,4,-0.35929959096830943,0.4,-0.7592995909683095,-0.07185991819366189,sl,False
vwap_mean_reversion,1,2026-07-22 05:47:00+00:00,66011.00043999999,2026-07-22 05:48:00+00:00,65963.90411179325,1,-0.35673090767307514,0.4,-0.7567309076730752,-0.07134618153461503,sl,False
vwap_mean_reversion,1,2026-07-22 05:50:00+00:00,65968.89623,2026-07-22 06:02:00+00:00,65918.47653563038,12,-0.38214747593945386,0.4,-0.7821474759394539,-0.07642949518789077,sl,False
vwap_mean_reversion,1,2026-07-22 06:04:00+00:00,65985.49789,2026-07-22 06:05:00+00:00,65938.94108125413,1,-0.3527806126694677,0.4,-0.7527806126694677,-0.07055612253389354,sl,False
vwap_mean_reversion,1,2026-07-22 06:10:00+00:00,65896.68901,2026-07-22 06:10:00+00:00,65852.89653976353,0,-0.33228126400874913,0.4,-0.7322812640087492,-0.06645625280174983,sl,False
vwap_mean_reversion,1,2026-07-22 06:12:00+00:00,65936.69301,2026-07-22 06:16:00+00:00,65888.58721943895,4,-0.3647877104919206,0.4,-0.7647877104919206,-0.07295754209838412,sl,False
vwap_mean_reversion,1,2026-07-22 06:19:00+00:00,65916.591,2026-07-22 06:19:00+00:00,65868.08624566949,0,-0.3679252339559569,0.4,-0.7679252339559569,-0.07358504679119138,sl,False
vwap_mean_reversion,1,2026-07-22 06:20:00+00:00,65905.48989,2026-07-22 06:20:00+00:00,65856.32501383593,0,-0.37299530165185724,0.4,-0.7729953016518573,-0.07459906033037145,sl,False
vwap_mean_reversion,1,2026-07-22 06:22:00+00:00,65877.98714,2026-07-22 06:22:00+00:00,65824.48174320548,0,-0.4060946540519472,0.4,-0.8060946540519472,-0.08121893081038944,sl,False
vwap_mean_reversion,1,2026-07-22 06:23:00+00:00,65848.48418999999,2026-07-22 06:30:00+00:00,65793.70876011938,7,-0.415920203436726,0.4,-0.815920203436726,-0.0831840406873452,sl,False
vwap_mean_reversion,1,2026-07-22 06:32:00+00:00,65860.88543000001,2026-07-22 07:26:00+00:00,65810.98331416806,54,-0.37884485993577854,0.4,-0.7788448599357786,-0.07576897198715571,sl,False
vwap_mean_reversion,1,2026-07-22 07:28:00+00:00,65903.18966,2026-07-22 07:30:00+00:00,65858.07461783217,2,-0.34228269072089645,0.4,-0.7422826907208965,-0.06845653814417929,sl,False
vwap_mean_reversion,1,2026-07-22 07:34:00+00:00,65817.88113000001,2026-07-22 07:36:00+00:00,65776.74175650842,2,-0.3125242926791949,0.4,-0.7125242926791949,-0.06250485853583898,sl,False
vwap_mean_reversion,1,2026-07-22 07:39:00+00:00,65742.37358,2026-07-22 07:39:00+00:00,65699.78129801503,0,-0.3239332538939599,0.4,-0.7239332538939599,-0.06478665077879198,sl,False
vwap_mean_reversion,1,2026-07-22 07:41:00+00:00,65740.87343,2026-07-22 07:43:00+00:00,65695.69700140072,2,-0.3435946789434041,0.4,-0.7435946789434041,-0.06871893578868082,sl,False
vwap_mean_reversion,1,2026-07-22 07:45:00+00:00,65763.77571999999,2026-07-22 12:49:00+00:00,65715.65619767118,304,-0.36585127451993493,0.4,-0.765851274519935,-0.07317025490398699,sl,False
vwap_mean_reversion,1,2026-07-22 12:51:00+00:00,65684.46779,2026-07-22 12:55:00+00:00,65634.22073438068,4,-0.382488107995016,0.4,-0.782488107995016,-0.0764976215990032,sl,False
vwap_mean_reversion,1,2026-07-22 12:58:00+00:00,65599.65931,2026-07-22 13:20:00+00:00,65537.79773772643,22,-0.4715083349841609,0.4,-0.8715083349841609,-0.09430166699683218,sl,False
vwap_mean_reversion,1,2026-07-22 13:21:00+00:00,65576.85703,2026-07-22 13:25:00+00:00,65532.05702526552,4,-0.34158395784339435,0.4,-0.7415839578433944,-0.06831679156867887,sl,False
vwap_mean_reversion,1,2026-07-22 13:26:00+00:00,65569.05625,2026-07-22 14:05:00+00:00,66010.99683475556,39,3.3700392382539635,0.4,2.9700392382539635,0.6740078476507927,tp,False
vwap_mean_reversion,-1,2026-07-22 14:07:00+00:00,66101.18922,2026-07-22 14:07:00+00:00,66007.12871456255,0,0.711488753435241,0.4,0.31148875343524096,0.1422977506870482,tp,False
vwap_mean_reversion,-1,2026-07-22 14:08:00+00:00,65993.49999000001,2026-07-22 14:08:00+00:00,66007.34095879861,0,-0.10486615197480287,0.4,-0.5048661519748029,-0.020973230394960574,tp,False
vwap_mean_reversion,1,2026-07-22 14:17:00+00:00,65731.77252,2026-07-22 14:22:00+00:00,65647.59571674587,5,-0.6403052894132788,0.4,-1.0403052894132787,-0.12806105788265576,sl,False
vwap_mean_reversion,1,2026-07-22 14:24:00+00:00,65659.76531999999,2026-07-22 14:28:00+00:00,65582.70588646385,4,-0.5868086274797291,0.4,-0.9868086274797291,-0.11736172549594581,sl,False
vwap_mean_reversion,1,2026-07-22 14:30:00+00:00,65597.85913,2026-07-22 15:20:00+00:00,65980.63052473242,50,2.917560114072182,0.4,2.517560114072182,0.5835120228144364,tp,False
vwap_mean_reversion,-1,2026-07-22 15:28:00+00:00,66066.89265,2026-07-22 15:33:00+00:00,65982.33135251809,5,0.6399672671899559,0.4,0.23996726718995587,0.12799345343799118,tp,False
vwap_mean_reversion,-1,2026-07-22 16:10:00+00:00,66108.98844,2026-07-22 16:16:00+00:00,65983.76112068545,6,0.9471277829958824,0.4,0.5471277829958824,0.18942555659917648,tp,False
vwap_mean_reversion,1,2026-07-22 16:28:00+00:00,65934.99283999999,2026-07-22 16:29:00+00:00,65970.66432778232,1,0.270504979570485,0.4,-0.129495020429515,0.054100995914097005,tp,False
vwap_mean_reversion,-1,2026-07-22 16:33:00+00:00,66115.58778,2026-07-22 16:33:00+00:00,66174.35381002974,0,-0.4444188730899912,0.4,-0.8444188730899912,-0.08888377461799823,sl,False
vwap_mean_reversion,-1,2026-07-22 16:35:00+00:00,66200.87925,2026-07-22 16:37:00+00:00,66266.07624676033,2,-0.4924179066725376,0.4,-0.8924179066725376,-0.09848358133450752,sl,False
vwap_mean_reversion,-1,2026-07-22 16:40:00+00:00,66319.16742,2026-07-22 17:22:00+00:00,65992.75908104413,42,2.4608899029802123,0.4,2.0608899029802124,0.49217798059604245,tp,False
vwap_mean_reversion,1,2026-07-22 17:28:00+00:00,65958.49518999999,2026-07-22 17:30:00+00:00,65985.60006741324,2,0.2054691919151086,0.4,-0.19453080808489143,0.04109383838302172,tp,False
vwap_mean_reversion,-1,2026-07-22 17:33:00+00:00,66039.3954,2026-07-22 17:37:00+00:00,66091.59733950476,4,-0.39523332390145605,0.4,-0.7952333239014561,-0.07904666478029121,sl,False
vwap_mean_reversion,-1,2026-07-22 17:39:00+00:00,66079.19142,2026-07-22 17:42:00+00:00,66131.71017034004,3,-0.3973925014172375,0.4,-0.7973925014172375,-0.0794785002834475,sl,False
vwap_mean_reversion,-1,2026-07-22 17:45:00+00:00,66143.28500999999,2026-07-22 17:46:00+00:00,66187.79486401562,1,-0.33646540241316636,0.4,-0.7364654024131664,-0.06729308048263327,sl,False
vwap_mean_reversion,-1,2026-07-22 17:48:00+00:00,66171.28220999999,2026-07-22 17:55:00+00:00,65999.91413768164,7,1.2948825124357022,0.4,0.8948825124357022,0.25897650248714044,tp,False
vwap_mean_reversion,1,2026-07-22 18:17:00+00:00,65956.49498999999,2026-07-22 18:20:00+00:00,65987.12223487251,3,0.23217762615468374,0.4,-0.16782237384531629,0.04643552523093675,tp,False
vwap_mean_reversion,1,2026-07-22 18:24:00+00:00,65871.08645,2026-07-22 18:25:00+00:00,65820.45501798454,1,-0.3843221263239438,0.4,-0.7843221263239438,-0.07686442526478876,sl,False
vwap_mean_reversion,1,2026-07-22 18:27:00+00:00,65867.88613,2026-07-22 18:30:00+00:00,65818.32770384186,3,-0.3761956627872376,0.4,-0.7761956627872376,-0.07523913255744752,sl,False
vwap_mean_reversion,1,2026-07-22 18:31:00+00:00,65845.48388999999,2026-07-22 18:31:00+00:00,65794.82968240987,0,-0.38464450861008803,0.4,-0.784644508610088,-0.0769289017220176,sl,False
vwap_mean_reversion,1,2026-07-22 18:34:00+00:00,65772.77661999999,2026-07-22 18:38:00+00:00,65715.03206042072,4,-0.438970061374222,0.4,-0.838970061374222,-0.0877940122748444,sl,False
vwap_mean_reversion,1,2026-07-22 18:40:00+00:00,65732.27257,2026-07-22 19:12:00+00:00,65675.34697729327,32,-0.4330109889788547,0.4,-0.8330109889788547,-0.08660219779577094,sl,False
vwap_mean_reversion,1,2026-07-22 19:14:00+00:00,65707.5701,2026-07-22 21:35:00+00:00,65978.82998446356,141,2.0641448470148926,0.4,1.6641448470148927,0.41282896940297853,tp,False
vwap_mean_reversion,1,2026-07-22 21:36:00+00:00,66010.30037,2026-07-22 21:36:00+00:00,65980.08235557872,0,-0.22888862989489667,0.4,-0.6288886298948967,-0.04577772597897933,sl,False
vwap_mean_reversion,-1,2026-07-22 21:39:00+00:00,66005.89875000001,2026-07-22 21:40:00+00:00,66039.6929922674,1,-0.2559941074008476,0.4,-0.6559941074008476,-0.05119882148016952,sl,False
vwap_mean_reversion,-1,2026-07-22 21:42:00+00:00,66030.09633,2026-07-22 21:42:00+00:00,66065.0232740348,0,-0.26447745782653964,0.4,-0.6644774578265397,-0.05289549156530793,sl,False
vwap_mean_reversion,-1,2026-07-22 21:45:00+00:00,66079.39140000001,2026-07-22 22:00:00+00:00,65986.91035935761,15,0.6997721882952557,0.4,0.29977218829525565,0.13995443765905113,tp,False
vwap_mean_reversion,-1,2026-07-22 22:01:00+00:00,65998.19952000001,2026-07-22 22:01:00+00:00,65987.38527054376,0,0.0819283672501836,0.4,-0.3180716327498164,0.01638567345003672,tp,False
vwap_mean_reversion,1,2026-07-22 22:23:00+00:00,65934.99283999999,2026-07-22 22:25:00+00:00,65974.08173507711,2,0.29641995390805587,0.4,-0.10358004609194416,0.05928399078161117,tp,False
vwap_mean_reversion,1,2026-07-22 22:37:00+00:00,65931.5925,2026-07-22 22:40:00+00:00,65897.04196436971,3,-0.26201805780962095,0.4,-0.662018057809621,-0.05240361156192419,sl,False
vwap_mean_reversion,1,2026-07-22 22:42:00+00:00,65935.19286000001,2026-07-22 22:49:00+00:00,65973.97452983912,7,0.2940893031241343,0.4,-0.10591069687586574,0.058817860624826857,tp,False
vwap_mean_reversion,1,2026-07-22 22:50:00+00:00,66001.49948999999,2026-07-22 22:50:00+00:00,65970.05304782875,0,-0.23822521014082998,0.4,-0.63822521014083,-0.047645042028165996,sl,False
vwap_mean_reversion,-1,2026-07-22 22:58:00+00:00,65977.50159,2026-07-22 22:59:00+00:00,66010.42309969931,1,-0.24949042405320032,0.4,-0.6494904240532003,-0.049898084810640064,sl,False
vwap_mean_reversion,-1,2026-07-22 23:02:00+00:00,65992.4001,2026-07-22 23:07:00+00:00,66025.424839721,5,-0.2502162345282555,0.4,-0.6502162345282555,-0.050043246905651095,sl,False
vwap_mean_reversion,-1,2026-07-22 23:09:00+00:00,66014.89785,2026-07-22 23:10:00+00:00,66046.56763579186,1,-0.23986847532375677,0.4,-0.6398684753237568,-0.047973695064751354,sl,False
vwap_mean_reversion,-1,2026-07-22 23:11:00+00:00,66024.29690999999,2026-07-22 23:11:00+00:00,65987.24136713569,0,0.2806205033490383,0.4,-0.1193794966509617,0.056124100669807664,tp,False
vwap_mean_reversion,-1,2026-07-22 23:12:00+00:00,65951.60418,2026-07-22 23:12:00+00:00,65987.24238912217,0,-0.27018455096938787,0.4,-0.6701845509693879,-0.054036910193877574,tp,False
vwap_mean_reversion,1,2026-07-22 23:16:00+00:00,65871.5865,2026-07-22 23:18:00+00:00,65829.77156417983,2,-0.31739736388597395,0.4,-0.717397363885974,-0.06347947277719479,sl,False
vwap_mean_reversion,1,2026-07-22 23:20:00+00:00,65867.18606,2026-07-22 23:46:00+00:00,65973.5475335361,26,0.8073934829947449,0.4,0.40739348299474487,0.16147869659894898,tp,False
vwap_mean_reversion,-1,2026-07-22 23:56:00+00:00,66011.69817,2026-07-22 23:56:00+00:00,66042.12456458282,0,-0.23046214100153062,0.4,-0.6304621410015306,-0.046092428200306124,sl,False
vwap_mean_reversion,-1,2026-07-22 23:58:00+00:00,66084.3909,2026-07-22 23:58:00+00:00,66118.38082548212,0,-0.25717060427743466,0.4,-0.6571706042774347,-0.05143412085548693,sl,False
vwap_mean_reversion,-1,2026-07-23 00:00:00+00:00,66075.3918,2026-07-23 00:04:00+00:00,66111.85272115549,4,-0.2759039345983094,0.4,-0.6759039345983094,-0.055180786919661884,sl,False
vwap_mean_reversion,-1,2026-07-23 00:10:00+00:00,66165.3828,2026-07-23 00:12:00+00:00,66209.06951203028,2,-0.330132693120877,0.4,-0.730132693120877,-0.0660265386241754,sl,False
vwap_mean_reversion,-1,2026-07-23 00:13:00+00:00,66167.58258,2026-07-23 00:13:00+00:00,66138.02707009827,0,0.22333829308335273,0.4,-0.1766617069166473,0.04466765861667055,tp,False
vwap_mean_reversion,-1,2026-07-23 00:22:00+00:00,66193.28000999999,2026-07-23 00:22:00+00:00,66239.98962980822,0,-0.352827506063802,0.4,-0.752827506063802,-0.0705655012127604,sl,False
vwap_mean_reversion,-1,2026-07-23 00:24:00+00:00,66210.3783,2026-07-23 00:26:00+00:00,66257.75574340609,2,-0.35777958548599553,0.4,-0.7577795854859956,-0.0715559170971991,sl,False
vwap_mean_reversion,-1,2026-07-23 00:29:00+00:00,66225.3768,2026-07-23 00:30:00+00:00,66172.45409624875,1,0.3995651388369881,0.4,-0.0004348611630119459,0.07991302776739762,tp,False
vwap_mean_reversion,-1,2026-07-23 00:31:00+00:00,66161.98314000001,2026-07-23 00:31:00+00:00,66174.78803585195,0,-0.09676928686408459,0.4,-0.4967692868640846,-0.01935385737281692,tp,False
vwap_mean_reversion,-1,2026-07-23 00:36:00+00:00,66217.47759000001,2026-07-23 00:38:00+00:00,66177.50471392101,2,0.3018302533849271,0.4,-0.09816974661507294,0.06036605067698542,tp,False
vwap_mean_reversion,1,2026-07-23 00:46:00+00:00,66153.6147,2026-07-23 00:47:00+00:00,66162.637221782,1,0.06819371717570188,0.4,-0.33180628282429814,0.013638743435140377,tp,False
vwap_mean_reversion,1,2026-07-23 00:52:00+00:00,66148.31417,2026-07-23 00:52:00+00:00,66101.23644283229,0,-0.3558497881496758,0.4,-0.7558497881496758,-0.07116995762993517,sl,False
vwap_mean_reversion,1,2026-07-23 00:55:00+00:00,66098.90923,2026-07-23 00:55:00+00:00,66054.4284296875,0,-0.3364715154203779,0.4,-0.7364715154203779,-0.06729430308407558,sl,False
vwap_mean_reversion,1,2026-07-23 00:58:00+00:00,66037.6031,2026-07-23 01:00:00+00:00,65993.41795349252,2,-0.3345453532024867,0.4,-0.7345453532024867,-0.06690907064049734,sl,False
vwap_mean_reversion,1,2026-07-23 01:02:00+00:00,66053.30467,2026-07-23 01:05:00+00:00,66137.89542101853,3,0.6403218691415358,0.4,0.24032186914153575,0.12806437382830715,tp,False
vwap_mean_reversion,1,2026-07-23 01:11:00+00:00,66030.6024,2026-07-23 01:16:00+00:00,65976.70896700287,5,-0.408094361086242,0.4,-0.808094361086242,-0.0816188722172484,sl,False
vwap_mean_reversion,1,2026-07-23 01:19:00+00:00,65898.5892,2026-07-23 01:30:00+00:00,65849.78871605154,11,-0.3702695652584853,0.4,-0.7702695652584853,-0.07405391305169706,sl,False
vwap_mean_reversion,1,2026-07-23 01:33:00+00:00,65863.08565,2026-07-23 01:35:00+00:00,65811.46383653872,2,-0.39188729887018603,0.4,-0.791887298870186,-0.0783774597740372,sl,False
vwap_mean_reversion,1,2026-07-23 01:40:00+00:00,65744.87383,2026-07-23 02:14:00+00:00,65694.23011915493,34,-0.38515330469729436,0.4,-0.7851533046972944,-0.07703066093945887,sl,False
vwap_mean_reversion,1,2026-07-23 02:16:00+00:00,65736.97304,2026-07-23 02:18:00+00:00,65689.21552610486,2,-0.3632469802501981,0.4,-0.7632469802501981,-0.07264939605003962,sl,False
vwap_mean_reversion,1,2026-07-23 02:20:00+00:00,65732.37258,2026-07-23 02:23:00+00:00,65685.61063345482,3,-0.35569951843938963,0.4,-0.7556995184393897,-0.07113990368787793,sl,False
vwap_mean_reversion,1,2026-07-23 02:25:00+00:00,65707.47008999999,2026-07-23 02:26:00+00:00,65662.60336038774,1,-0.34141270049503625,0.4,-0.7414127004950363,-0.06828254009900725,sl,False
vwap_mean_reversion,1,2026-07-23 02:28:00+00:00,65698.66921000001,2026-07-23 03:11:00+00:00,65648.83074298172,43,-0.3792958641139488,0.4,-0.7792958641139488,-0.07585917282278976,sl,False
vwap_mean_reversion,1,2026-07-23 03:14:00+00:00,65606.45998999999,2026-07-23 03:25:00+00:00,65557.93374121086,11,-0.369828282127449,0.4,-0.769828282127449,-0.0739656564254898,sl,False
vwap_mean_reversion,1,2026-07-23 03:27:00+00:00,65576.15696000001,2026-07-23 07:11:00+00:00,65532.65404704536,224,-0.3316976395946747,0.4,-0.7316976395946747,-0.06633952791893494,sl,False
vwap_mean_reversion,1,2026-07-23 07:13:00+00:00,65371.73652,2026-07-23 07:13:00+00:00,65315.335615615906,0,-0.43138600400216554,0.4,-0.8313860040021656,-0.08627720080043311,sl,False
vwap_mean_reversion,1,2026-07-23 07:14:00+00:00,65332.33258,2026-07-23 10:46:00+00:00,65749.88906689866,212,3.1956343085359773,0.4,2.7956343085359774,0.6391268617071955,tp,False
vwap_mean_reversion,-1,2026-07-23 10:47:00+00:00,65743.52499,2026-07-23 10:57:00+00:00,65693.63987747693,10,0.3793918300749599,0.4,-0.02060816992504011,0.07587836601499198,tp,False
vwap_mean_reversion,-1,2026-07-23 10:58:00+00:00,65683.53099,2026-07-23 10:58:00+00:00,65693.96121172621,0,-0.07939754127872511,0.4,-0.47939754127872514,-0.015879508255745023,tp,False
vwap_mean_reversion,1,2026-07-23 11:05:00+00:00,65666.46599,2026-07-23 11:05:00+00:00,65639.31219582717,0,-0.20675540980813478,0.4,-0.6067554098081348,-0.041351081961626956,sl,False
vwap_mean_reversion,1,2026-07-23 11:07:00+00:00,65670.16636,2026-07-23 11:08:00+00:00,65641.15704624895,1,-0.22087132832915302,0.4,-0.620871328329153,-0.0441742656658306,sl,False
vwap_mean_reversion,1,2026-07-23 11:11:00+00:00,65647.66411,2026-07-23 11:15:00+00:00,65680.56804154723,4,0.2506100711526793,0.4,-0.14938992884732072,0.05012201423053586,tp,False
vwap_mean_reversion,1,2026-07-23 11:19:00+00:00,65665.5659,2026-07-23 11:20:00+00:00,65636.07260507524,1,-0.22457199995562505,0.4,-0.6245719999556251,-0.04491439999112501,sl,False
vwap_mean_reversion,1,2026-07-23 11:22:00+00:00,65650.86443,2026-07-23 11:22:00+00:00,65622.69396231059,0,-0.2145475762885818,0.4,-0.6145475762885818,-0.04290951525771636,sl,False
vwap_mean_reversion,1,2026-07-23 11:25:00+00:00,65617.06105,2026-07-23 11:30:00+00:00,65586.59286515175,5,-0.23216663746217225,0.4,-0.6321666374621723,-0.04643332749243445,sl,False
vwap_mean_reversion,1,2026-07-23 11:32:00+00:00,65600.75942,2026-07-23 11:32:00+00:00,65572.7413283601,0,-0.21355005557566198,0.4,-0.613550055575662,-0.042710011115132396,sl,False
vwap_mean_reversion,1,2026-07-23 11:33:00+00:00,65585.5579,2026-07-23 11:35:00+00:00,65556.30731062009,2,-0.22299565877376137,0.4,-0.6229956587737614,-0.044599131754752275,sl,False
vwap_mean_reversion,1,2026-07-23 11:37:00+00:00,65579.5573,2026-07-23 11:39:00+00:00,65547.50082337907,2,-0.24440906542172458,0.4,-0.6444090654217246,-0.048881813084344916,sl,False
vwap_mean_reversion,1,2026-07-23 11:42:00+00:00,65532.45259,2026-07-23 12:00:00+00:00,65501.341435622126,18,-0.2373721198298262,0.4,-0.6373721198298262,-0.04747442396596524,sl,False
vwap_mean_reversion,1,2026-07-23 12:03:00+00:00,65509.150259999995,2026-07-23 12:08:00+00:00,65476.54461945135,5,-0.24886325360073958,0.4,-0.6488632536007396,-0.049772650720147915,sl,False
vwap_mean_reversion,1,2026-07-23 12:12:00+00:00,65488.34818,2026-07-23 12:16:00+00:00,65450.94918164357,4,-0.2855393317727217,0.4,-0.6855393317727217,-0.057107866354544345,sl,False
vwap_mean_reversion,1,2026-07-23 12:18:00+00:00,65462.14556,2026-07-23 12:18:00+00:00,65417.17278706296,0,-0.343502130523754,0.4,-0.743502130523754,-0.0687004261047508,sl,False
vwap_mean_reversion,1,2026-07-23 12:19:00+00:00,65423.94174,2026-07-23 12:20:00+00:00,65378.61127512989,1,-0.3464363630844569,0.4,-0.7464363630844569,-0.06928727261689138,sl,False
vwap_mean_reversion,1,2026-07-23 12:21:00+00:00,65426.14196,2026-07-23 12:28:00+00:00,65379.1048771273,7,-0.3594670376671494,0.4,-0.7594670376671494,-0.07189340753342988,sl,False
vwap_mean_reversion,1,2026-07-23 12:30:00+00:00,65399.5393,2026-07-23 12:31:00+00:00,65353.302342929266,1,-0.35349604573386983,0.4,-0.7534960457338699,-0.07069920914677397,sl,False
vwap_mean_reversion,1,2026-07-23 12:33:00+00:00,65346.534,2026-07-23 12:33:00+00:00,65300.08898231254,0,-0.3553747601017232,0.4,-0.7553747601017232,-0.07107495202034464,sl,False
vwap_mean_reversion,1,2026-07-23 12:35:00+00:00,65261.82553,2026-07-23 12:36:00+00:00,65208.41330184091,1,-0.4092149409346546,0.4,-0.8092149409346546,-0.08184298818693092,sl,False
vwap_mean_reversion,1,2026-07-23 12:39:00+00:00,65133.812730000005,2026-07-23 12:42:00+00:00,65077.63493711079,3,-0.4312490742871544,0.4,-0.8312490742871544,-0.08624981485743088,sl,False
vwap_mean_reversion,1,2026-07-23 12:44:00+00:00,65115.11086,2026-07-23 12:44:00+00:00,65056.82975326809,0,-0.44752366971484436,0.4,-0.8475236697148444,-0.08950473394296887,sl,False
vwap_mean_reversion,1,2026-07-23 12:45:00+00:00,65089.80833,2026-07-23 12:45:00+00:00,65031.60112732038,0,-0.44712992842532717,0.4,-0.8471299284253272,-0.08942598568506543,sl,False
vwap_mean_reversion,1,2026-07-23 12:46:00+00:00,65082.10756,2026-07-23 12:46:00+00:00,65023.430163226054,0,-0.4507951491878881,0.4,-0.8507951491878881,-0.09015902983757762,sl,False
vwap_mean_reversion,1,2026-07-23 12:49:00+00:00,65092.10856,2026-07-23 13:06:00+00:00,65022.50283737159,17,-0.5346709775444491,0.4,-0.9346709775444492,-0.10693419550888983,sl,False
vwap_mean_reversion,1,2026-07-23 13:08:00+00:00,65085.30788,2026-07-23 13:09:00+00:00,65020.42338369058,1,-0.4984573202684306,0.4,-0.8984573202684306,-0.09969146405368612,sl,False
vwap_mean_reversion,1,2026-07-23 13:11:00+00:00,65027.802130000004,2026-07-23 13:19:00+00:00,64961.786622685206,8,-0.5075944838395796,0.4,-0.9075944838395796,-0.10151889676791592,sl,False
vwap_mean_reversion,1,2026-07-23 13:20:00+00:00,65015.90094,2026-07-23 13:26:00+00:00,64954.39074377734,6,-0.4730396359455824,0.4,-0.8730396359455824,-0.09460792718911648,sl,False
vwap_mean_reversion,1,2026-07-23 13:28:00+00:00,64997.299080000004,2026-07-23 13:39:00+00:00,64935.4434501313,11,-0.4758323095285233,0.4,-0.8758323095285233,-0.09516646190570466,sl,False
vwap_mean_reversion,1,2026-07-23 13:40:00+00:00,64987.09806,2026-07-23 13:47:00+00:00,64913.28580891118,7,-0.5678992699494345,0.4,-0.9678992699494345,-0.1135798539898869,sl,False
vwap_mean_reversion,1,2026-07-23 13:49:00+00:00,64881.28748,2026-07-23 14:09:00+00:00,64802.29515511282,20,-0.6087450477267886,0.4,-1.0087450477267885,-0.12174900954535772,sl,False
vwap_mean_reversion,1,2026-07-23 14:10:00+00:00,64893.88874,2026-07-23 15:03:00+00:00,64816.77240112104,53,-0.5941725821666521,0.4,-0.9941725821666522,-0.11883451643333043,sl,False
vwap_mean_reversion,1,2026-07-23 15:05:00+00:00,64868.686219999996,2026-07-23 15:06:00+00:00,64818.33667411827,1,-0.38808821956842765,0.4,-0.7880882195684277,-0.07761764391368553,sl,False
vwap_mean_reversion,1,2026-07-23 15:07:00+00:00,64842.88364,2026-07-23 15:07:00+00:00,64790.12155094892,0,-0.4068456404869858,0.4,-0.8068456404869858,-0.08136912809739716,sl,False
vwap_mean_reversion,1,2026-07-23 15:08:00+00:00,64864.4858,2026-07-23 15:08:00+00:00,64808.18394373828,0,-0.43399601158727874,0.4,-0.8339960115872788,-0.08679920231745575,sl,False
vwap_mean_reversion,1,2026-07-23 15:09:00+00:00,64806.479999999996,2026-07-23 15:11:00+00:00,64749.242309185545,2,-0.44160468840809264,0.4,-0.8416046884080927,-0.08832093768161853,sl,False
vwap_mean_reversion,1,2026-07-23 15:14:00+00:00,64727.772130000005,2026-07-23 17:58:00+00:00,64670.23142176459,164,-0.44448237859823214,0.4,-0.8444823785982322,-0.08889647571964643,sl,False
vwap_mean_reversion,1,2026-07-23 18:00:00+00:00,64660.86544,2026-07-24 03:08:00+00:00,65276.02288772965,548,4.756798749472879,0.4,4.356798749472879,0.9513597498945758,tp,False
vwap_mean_reversion,-1,2026-07-24 03:09:00+00:00,65263.57299,2026-07-24 03:15:00+00:00,65310.848251221076,6,-0.3621871976601243,0.4,-0.7621871976601243,-0.07243743953202486,sl,False
vwap_mean_reversion,-1,2026-07-24 03:17:00+00:00,65338.4655,2026-07-24 03:44:00+00:00,65383.27339322472,27,-0.34289061490677675,0.4,-0.7428906149067768,-0.06857812298135535,sl,False
vwap_mean_reversion,-1,2026-07-24 03:46:00+00:00,65370.26232,2026-07-24 03:48:00+00:00,65413.88241876714,2,-0.333638700680261,0.4,-0.733638700680261,-0.0667277401360522,sl,False
vwap_mean_reversion,-1,2026-07-24 03:50:00+00:00,65411.95815,2026-07-24 06:19:00+00:00,65454.807744185964,149,-0.32753639699723003,0.4,-0.72753639699723,-0.065507279399446,sl,False
vwap_mean_reversion,-1,2026-07-24 06:21:00+00:00,65429.856360000005,2026-07-24 06:36:00+00:00,65467.49272201027,15,-0.28760847191211525,0.4,-0.6876084719121153,-0.05752169438242305,sl,False
vwap_mean_reversion,-1,2026-07-24 06:40:00+00:00,65457.05364,2026-07-24 07:02:00+00:00,65497.891307021964,22,-0.31194244738363963,0.4,-0.7119424473836397,-0.062388489476727926,sl,False
vwap_mean_reversion,-1,2026-07-24 07:04:00+00:00,65537.94555,2026-07-24 07:09:00+00:00,65573.37260367334,5,-0.2702789458536303,0.4,-0.6702789458536303,-0.054055789170726065,sl,False
vwap_mean_reversion,-1,2026-07-24 07:13:00+00:00,65692.93005,2026-07-24 07:13:00+00:00,65737.17417386829,0,-0.3367495089244832,0.4,-0.7367495089244832,-0.06734990178489664,sl,False
vwap_mean_reversion,-1,2026-07-24 07:15:00+00:00,65733.32600999999,2026-07-24 07:16:00+00:00,65778.45059665173,1,-0.3432397947190635,0.4,-0.7432397947190635,-0.0686479589438127,sl,False
vwap_mean_reversion,-1,2026-07-24 07:18:00+00:00,65720.12733,2026-07-24 09:04:00+00:00,65267.473507834104,106,3.4437990350580927,0.4,3.043799035058093,0.6887598070116185,tp,False
vwap_mean_reversion,1,2026-07-24 09:07:00+00:00,65109.61031,2026-07-24 09:10:00+00:00,65072.311320739536,3,-0.28643228766744855,0.4,-0.6864322876674486,-0.05728645753348971,sl,False
vwap_mean_reversion,1,2026-07-24 09:12:00+00:00,65077.80713,2026-07-24 09:14:00+00:00,65036.039206922185,2,-0.3209075790951421,0.4,-0.7209075790951421,-0.06418151581902842,sl,False
vwap_mean_reversion,1,2026-07-24 09:17:00+00:00,65034.102759999994,2026-07-24 09:18:00+00:00,64986.674863289176,1,-0.36463866416241997,0.4,-0.76463866416242,-0.072927732832484,sl,False
vwap_mean_reversion,1,2026-07-24 09:21:00+00:00,64977.197069999995,2026-07-24 09:22:00+00:00,64930.138931887814,1,-0.3621127121063994,0.4,-0.7621127121063994,-0.07242254242127988,sl,False
vwap_mean_reversion,1,2026-07-24 09:24:00+00:00,64970.19637,2026-07-24 10:53:00+00:00,64923.424250090204,89,-0.3599505813667858,0.4,-0.7599505813667858,-0.07199011627335716,sl,False
vwap_mean_reversion,1,2026-07-24 10:55:00+00:00,64896.589009999996,2026-07-24 11:46:00+00:00,64862.1453290168,51,-0.2653735851809724,0.4,-0.6653735851809724,-0.053074717036194485,sl,False
vwap_mean_reversion,1,2026-07-24 11:48:00+00:00,64836.583009999995,2026-07-24 12:48:00+00:00,64792.17967299592,60,-0.3424250241351179,0.4,-0.7424250241351179,-0.06848500482702358,sl,False
vwap_mean_reversion,1,2026-07-24 12:50:00+00:00,64824.88184,2026-07-24 12:56:00+00:00,64778.76015725148,6,-0.3557405847831596,0.4,-0.7557405847831596,-0.07114811695663192,sl,False
vwap_mean_reversion,1,2026-07-24 12:58:00+00:00,64753.374690000004,2026-07-24 13:01:00+00:00,64701.74300149334,3,-0.3986795186647907,0.4,-0.7986795186647907,-0.07973590373295814,sl,False
vwap_mean_reversion,1,2026-07-24 13:03:00+00:00,64697.069059999994,2026-07-24 13:05:00+00:00,64646.60413052457,2,-0.3900093946189731,0.4,-0.7900093946189731,-0.07800187892379462,sl,False
vwap_mean_reversion,1,2026-07-24 13:07:00+00:00,64524.65182,2026-07-24 13:07:00+00:00,64457.44185574896,0,-0.5208084224811449,0.4,-0.9208084224811449,-0.10416168449622898,sl,False
vwap_mean_reversion,1,2026-07-24 13:09:00+00:00,64403.63972,2026-07-24 13:09:00+00:00,64329.490455212115,0,-0.5756605147648197,0.4,-0.9756605147648197,-0.11513210295296394,sl,False
vwap_mean_reversion,1,2026-07-24 13:10:00+00:00,64383.33769,2026-07-24 13:30:00+00:00,64308.47655341126,20,-0.5813704234253203,0.4,-0.9813704234253203,-0.11627408468506406,sl,False
vwap_mean_reversion,1,2026-07-24 13:32:00+00:00,64298.629219999995,2026-07-24 13:37:00+00:00,64236.97384405689,5,-0.47944549278139403,0.4,-0.8794454927813941,-0.0958890985562788,sl,False
vwap_mean_reversion,1,2026-07-24 13:38:00+00:00,64306.43,2026-07-24 13:38:00+00:00,64246.995298771275,0,-0.46212098252634837,0.4,-0.8621209825263484,-0.09242419650526967,sl,False
vwap_mean_reversion,1,2026-07-24 13:39:00+00:00,64254.4248,2026-07-24 13:42:00+00:00,64190.21378885904,3,-0.499662173778892,0.4,-0.899662173778892,-0.0999324347557784,sl,False
vwap_mean_reversion,1,2026-07-24 13:43:00+00:00,64263.125669999994,2026-07-24 13:50:00+00:00,64196.87760930453,7,-0.5154438101537262,0.4,-0.9154438101537262,-0.10308876203074524,sl,False
vwap_mean_reversion,1,2026-07-24 13:55:00+00:00,63977.89715,2026-07-24 13:55:00+00:00,63897.06814756523,0,-0.6316947417422947,0.4,-1.0316947417422946,-0.12633894834845893,sl,False
vwap_mean_reversion,1,2026-07-24 13:57:00+00:00,63961.3955,2026-07-24 14:17:00+00:00,63878.03495249247,20,-0.6516473480283058,0.4,-1.0516473480283057,-0.13032946960566116,sl,False
vwap_mean_reversion,1,2026-07-24 14:20:00+00:00,63856.68503,2026-07-24 14:20:00+00:00,63770.55221743472,0,-0.6744228307875022,0.4,-1.0744228307875021,-0.13488456615750044,sl,False
vwap_mean_reversion,1,2026-07-24 14:21:00+00:00,63776.87705,2026-07-24 14:22:00+00:00,63688.64398690367,1,-0.6917323893670946,0.4,-1.0917323893670945,-0.13834647787341892,sl,False
vwap_mean_reversion,1,2026-07-24 14:24:00+00:00,63773.076669999995,2026-07-26 16:31:00+00:00,64824.12917055655,3007,8.240566046353148,0.4,7.840566046353148,1.6481132092706297,tp,False
vwap_mean_reversion,-1,2026-07-26 16:34:00+00:00,64840.31532,2026-07-26 21:48:00+00:00,64882.99268564172,314,-0.3290959137929317,0.4,-0.7290959137929317,-0.06581918275858634,sl,False
vwap_mean_reversion,-1,2026-07-26 21:50:00+00:00,64843.515,2026-07-26 22:00:00+00:00,64886.11225024455,10,-0.3284619151548984,0.4,-0.7284619151548984,-0.06569238303097968,sl,False
vwap_mean_reversion,-1,2026-07-26 22:02:00+00:00,64993.400010000005,2026-07-26 22:02:00+00:00,65048.04458585689,0,-0.4203855764468578,0.4,-0.8203855764468578,-0.08407711528937156,sl,False
vwap_mean_reversion,-1,2026-07-26 22:04:00+00:00,65149.98435,2026-07-26 22:12:00+00:00,65220.11693596845,8,-0.5382394690356396,0.4,-0.9382394690356396,-0.10764789380712791,sl,False
vwap_mean_reversion,-1,2026-07-26 22:14:00+00:00,65187.280620000005,2026-07-26 22:32:00+00:00,65251.35423918086,18,-0.49145798514249606,0.4,-0.8914579851424961,-0.09829159702849921,sl,False
vwap_mean_reversion,-1,2026-07-26 22:34:00+00:00,65364.56289,2026-07-26 22:37:00+00:00,65431.30377720457,3,-0.5105280617946351,0.4,-0.9105280617946351,-0.10210561235892701,sl,False
vwap_mean_reversion,-1,2026-07-26 22:39:00+00:00,65400.65928,2026-07-26 22:40:00+00:00,65464.63790971104,1,-0.48912832389902405,0.4,-0.8891283238990241,-0.09782566477980481,sl,False
vwap_mean_reversion,-1,2026-07-26 22:42:00+00:00,65444.55489,2026-07-26 23:08:00+00:00,65509.18974820523,26,-0.4938138727803576,0.4,-0.8938138727803576,-0.09876277455607152,sl,False
vwap_mean_reversion,-1,2026-07-26 23:09:00+00:00,65463.15303,2026-07-26 23:09:00+00:00,65519.247879239636,0,-0.42844597795288486,0.4,-0.8284459779528849,-0.08568919559057697,sl,False
vwap_mean_reversion,-1,2026-07-26 23:10:00+00:00,65502.14913,2026-07-27 06:06:00+00:00,65561.27375215109,416,-0.45131818525334655,0.4,-0.8513181852533466,-0.09026363705066931,sl,False
vwap_mean_reversion,-1,2026-07-27 06:08:00+00:00,65579.14143,2026-07-27 06:12:00+00:00,65636.18820367381,4,-0.434946024222449,0.4,-0.834946024222449,-0.0869892048444898,sl,False
vwap_mean_reversion,-1,2026-07-27 06:14:00+00:00,65556.74367000001,2026-07-27 06:16:00+00:00,65618.29538886438,2,-0.46945375424845004,0.4,-0.8694537542484501,-0.09389075084969001,sl,False
vwap_mean_reversion,-1,2026-07-27 06:18:00+00:00,65578.54149,2026-07-27 07:37:00+00:00,65263.8117440006,79,2.3996397209244957,0.4,1.9996397209244958,0.47992794418489915,tp,False
vwap_mean_reversion,1,2026-07-27 07:41:00+00:00,65234.62281,2026-07-27 07:45:00+00:00,65275.842068119004,4,0.31593083813064027,0.4,-0.08406916186935975,0.06318616762612805,tp,False
vwap_mean_reversion,1,2026-07-27 08:01:00+00:00,65221.22147,2026-07-27 08:01:00+00:00,65183.42782358511,0,-0.2897342733167996,0.4,-0.6897342733167996,-0.057946854663359915,sl,False
vwap_mean_reversion,1,2026-07-27 08:03:00+00:00,65197.719119999994,2026-07-27 08:03:00+00:00,65160.14411089737,0,-0.28816199101588946,0.4,-0.6881619910158895,-0.05763239820317789,sl,False
vwap_mean_reversion,1,2026-07-27 08:04:00+00:00,65188.818230000004,2026-07-27 08:10:00+00:00,65150.355034404696,6,-0.29501375112833683,0.4,-0.6950137511283369,-0.059002750225667366,sl,False
vwap_mean_reversion,1,2026-07-27 08:12:00+00:00,65146.61401,2026-07-27 08:16:00+00:00,65108.701258995694,4,-0.2909802111778492,0.4,-0.6909802111778492,-0.058196042235569845,sl,False
vwap_mean_reversion,1,2026-07-27 08:17:00+00:00,65170.91644,2026-07-27 08:34:00+00:00,65131.97060190707,17,-0.29879768630214354,0.4,-0.6987976863021436,-0.05975953726042871,sl,False
vwap_mean_reversion,1,2026-07-27 08:36:00+00:00,65156.515,2026-07-27 08:52:00+00:00,65118.99217777669,16,-0.2879437476306923,0.4,-0.6879437476306923,-0.05758874952613846,sl,False
vwap_mean_reversion,1,2026-07-27 08:54:00+00:00,65127.01205,2026-07-27 09:00:00+00:00,65091.899635952715,6,-0.2695687468383112,0.4,-0.6695687468383112,-0.053913749367662245,sl,False
vwap_mean_reversion,1,2026-07-27 09:02:00+00:00,65079.20727,2026-07-27 09:35:00+00:00,65261.73727100801,33,1.402368042458857,0.4,1.002368042458857,0.2804736084917714,tp,False
vwap_mean_reversion,-1,2026-07-27 09:39:00+00:00,65272.4721,2026-07-27 09:40:00+00:00,65307.17728123888,1,-0.2658485278886902,0.4,-0.6658485278886902,-0.053169705577738036,sl,False
vwap_mean_reversion,-1,2026-07-27 09:41:00+00:00,65280.37131,2026-07-27 09:45:00+00:00,65270.331040077275,4,0.07690113981617674,0.4,-0.3230988601838233,0.015380227963235349,tp,False
vwap_mean_reversion,1,2026-07-27 09:59:00+00:00,65251.32448,2026-07-27 10:00:00+00:00,65224.85379048042,1,-0.2028364154332274,0.4,-0.6028364154332274,-0.04056728308664548,sl,False
vwap_mean_reversion,1,2026-07-27 10:02:00+00:00,65232.22257,2026-07-27 10:05:00+00:00,65206.89495253844,3,-0.19413425193648415,0.4,-0.5941342519364842,-0.03882685038729683,sl,False
vwap_mean_reversion,1,2026-07-27 10:07:00+00:00,65213.92074,2026-07-27 10:20:00+00:00,65256.96042797303,13,0.3299885015702886,0.4,-0.07001149842971144,0.06599770031405772,tp,False
vwap_mean_reversion,-1,2026-07-27 10:24:00+00:00,65327.56659,2026-07-27 10:24:00+00:00,65360.887144409186,0,-0.2550267532411832,0.4,-0.6550267532411832,-0.051005350648236636,sl,False
vwap_mean_reversion,-1,2026-07-27 10:26:00+00:00,65325.76677,2026-07-27 10:30:00+00:00,65360.51671885282,4,-0.26597428986308014,0.4,-0.6659742898630802,-0.05319485797261603,sl,False
vwap_mean_reversion,-1,2026-07-27 10:32:00+00:00,65336.76567,2026-07-27 10:39:00+00:00,65369.23949409165,7,-0.24851110824541944,0.4,-0.6485111082454195,-0.04970222164908389,sl,False
vwap_mean_reversion,-1,2026-07-27 10:42:00+00:00,65365.16283,2026-07-27 10:45:00+00:00,65397.19169090288,3,-0.24499947308465053,0.4,-0.6449994730846506,-0.048999894616930106,sl,False
vwap_mean_reversion,-1,2026-07-27 10:46:00+00:00,65373.56199,2026-07-27 11:03:00+00:00,65272.397244403444,17,0.7737435632774181,0.4,0.3737435632774181,0.15474871265548362,tp,False
vwap_mean_reversion,1,2026-07-27 11:17:00+00:00,65247.92414,2026-07-27 11:19:00+00:00,65218.28504910068,2,-0.22712669628938142,0.4,-0.6271266962893814,-0.045425339257876285,sl,False
vwap_mean_reversion,1,2026-07-27 11:21:00+00:00,65240.5234,2026-07-27 11:21:00+00:00,65212.06114513965,0,-0.21813325044806042,0.4,-0.6181332504480604,-0.043626650089612085,sl,False
vwap_mean_reversion,1,2026-07-27 11:26:00+00:00,65190.71842,2026-07-27 11:26:00+00:00,65158.66941211334,0,-0.24580959271053304,0.4,-0.6458095927105331,-0.04916191854210661,sl,False
vwap_mean_reversion,1,2026-07-27 11:28:00+00:00,65152.71462,2026-07-27 11:29:00+00:00,65118.59066462834,1,-0.26187669670163505,0.4,-0.6618766967016351,-0.05237533934032701,sl,False
vwap_mean_reversion,1,2026-07-27 11:31:00+00:00,65161.11546,2026-07-27 11:43:00+00:00,65121.15045355993,12,-0.30666300107001776,0.4,-0.7066630010700178,-0.06133260021400355,sl,False
vwap_mean_reversion,1,2026-07-27 11:44:00+00:00,65151.01445,2026-07-27 11:45:00+00:00,65117.39303022448,1,-0.25802683242426294,0.4,-0.658026832424263,-0.05160536648485259,sl,False
vwap_mean_reversion,1,2026-07-27 11:47:00+00:00,65126.41199,2026-07-27 11:48:00+00:00,65094.421433605385,1,-0.2456035532828471,0.4,-0.6456035532828471,-0.04912071065656942,sl,False
vwap_mean_reversion,1,2026-07-27 11:49:00+00:00,65121.611509999995,2026-07-27 11:51:00+00:00,65089.251281169956,2,-0.24845998186845408,0.4,-0.6484599818684541,-0.04969199637369082,sl,False
vwap_mean_reversion,1,2026-07-27 11:53:00+00:00,65092.5086,2026-07-27 11:53:00+00:00,65061.385335008716,0,-0.23906948480462153,0.4,-0.6390694848046216,-0.04781389696092431,sl,False
vwap_mean_reversion,1,2026-07-27 11:55:00+00:00,65098.5092,2026-07-27 11:59:00+00:00,65066.78485952282,4,-0.2436641089560987,0.4,-0.6436641089560987,-0.04873282179121974,sl,False
vwap_mean_reversion,1,2026-07-27 12:01:00+00:00,65096.709019999995,2026-07-27 12:13:00+00:00,65064.94112062409,12,-0.24400541789404429,0.4,-0.6440054178940443,-0.04880108357880886,sl,False
vwap_mean_reversion,1,2026-07-27 12:15:00+00:00,65068.00615,2026-07-27 12:20:00+00:00,65021.92339553987,5,-0.35411223723302854,0.4,-0.7541122372330286,-0.07082244744660571,sl,False
vwap_mean_reversion,1,2026-07-27 12:22:00+00:00,65034.5028,2026-07-27 12:29:00+00:00,64986.58928754789,7,-0.3683699451001998,0.4,-0.7683699451001998,-0.07367398902003996,sl,False
vwap_mean_reversion,1,2026-07-27 12:31:00+00:00,64989.19826999999,2026-07-27 12:31:00+00:00,64948.55650415299,0,-0.3126809295150301,0.4,-0.7126809295150301,-0.06253618590300603,sl,False
vwap_mean_reversion,1,2026-07-27 12:35:00+00:00,64856.485,2026-07-27 13:36:00+00:00,65226.92639668282,61,2.8558547127771616,0.4,2.4558547127771617,0.5711709425554323,tp,False
vwap_mean_reversion,-1,2026-07-27 13:43:00+00:00,65586.64068,2026-07-27 13:49:00+00:00,65679.08483188634,6,-0.704748336916583,0.4,-1.104748336916583,-0.1409496673833166,sl,False
vwap_mean_reversion,-1,2026-07-27 13:50:00+00:00,65578.4415,2026-07-27 13:57:00+00:00,65253.48759119277,7,2.4775970682928694,0.4,2.0775970682928695,0.4955194136585739,tp,False
vwap_mean_reversion,1,2026-07-27 14:22:00+00:00,65089.40829,2026-07-27 14:23:00+00:00,64972.48784741403,1,-0.8981526000746975,0.4,-1.2981526000746975,-0.1796305200149395,sl,False
vwap_mean_reversion,1,2026-07-27 14:25:00+00:00,65023.201669999995,2026-07-27 14:28:00+00:00,64904.46421931436,3,-0.913039097092172,0.4,-1.313039097092172,-0.1826078194184344,sl,False
vwap_mean_reversion,1,2026-07-27 14:32:00+00:00,64783.17767,2026-07-27 14:33:00+00:00,64650.202890172295,1,-1.0263064009075618,0.4,-1.4263064009075617,-0.20526128018151235,sl,False
vwap_mean_reversion,1,2026-07-27 14:36:00+00:00,64680.76743,2026-07-27 14:37:00+00:00,64551.73708619875,1,-0.9974398026499354,0.4,-1.3974398026499353,-0.19948796052998707,sl,False
vwap_mean_reversion,1,2026-07-27 14:39:00+00:00,64600.05936,2026-07-27 14:44:00+00:00,64467.40998064819,5,-1.0266970391821784,0.4,-1.4266970391821783,-0.20533940783643567,sl,False
vwap_mean_reversion,1,2026-07-27 14:46:00+00:00,64537.353090000004,2026-07-27 15:37:00+00:00,64416.39544126294,51,-0.9371134927735891,0.4,-1.337113492773589,-0.18742269855471783,sl,False
vwap_mean_reversion,1,2026-07-27 15:39:00+00:00,64492.14857,2026-07-27 22:40:00+00:00,64403.684093995354,421,-0.6858546192535786,0.4,-1.0858546192535785,-0.13717092385071572,sl,False
vwap_mean_reversion,1,2026-07-27 22:42:00+00:00,64214.02076,2026-07-27 22:42:00+00:00,64139.649082287404,0,-0.5790922047270719,0.4,-0.9790922047270719,-0.11581844094541438,sl,False
vwap_mean_reversion,1,2026-07-27 22:44:00+00:00,64221.021459999996,2026-07-27 22:44:00+00:00,64143.852133400884,0,-0.6008104888768906,0.4,-1.0008104888768905,-0.12016209777537812,sl,False
vwap_mean_reversion,1,2026-07-27 22:45:00+00:00,64189.91835,2026-07-27 22:45:00+00:00,64111.47914530082,0,-0.6109931802022461,0.4,-1.010993180202246,-0.12219863604044923,sl,False
vwap_mean_reversion,1,2026-07-27 22:48:00+00:00,64066.50601,2026-07-27 22:50:00+00:00,63987.07214806337,2,-0.6199328391985892,0.4,-1.0199328391985891,-0.12398656783971784,sl,False
vwap_mean_reversion,1,2026-07-27 22:52:00+00:00,64032.102569999995,2026-07-27 22:53:00+00:00,63946.80975484584,1,-0.666016042975559,0.4,-1.066016042975559,-0.1332032085951118,sl,False
vwap_mean_reversion,1,2026-07-27 22:55:00+00:00,63972.096569999994,2026-07-27 22:57:00+00:00,63891.53763092796,2,-0.6296412294685694,0.4,-1.0296412294685693,-0.12592824589371387,sl,False
vwap_mean_reversion,1,2026-07-27 22:59:00+00:00,63862.185580000005,2026-07-27 22:59:00+00:00,63772.43649922229,0,-0.7026778050469584,0.4,-1.1026778050469583,-0.14053556100939169,sl,False
vwap_mean_reversion,1,2026-07-27 23:02:00+00:00,63663.46571,2026-07-27 23:03:00+00:00,63564.98153024102,1,-0.7734748545389358,0.4,-1.1734748545389357,-0.15469497090778717,sl,False
vwap_mean_reversion,1,2026-07-27 23:04:00+00:00,63648.06417,2026-07-28 00:10:00+00:00,63544.93178066701,66,-0.810176952574182,0.4,-1.210176952574182,-0.1620353905148364,sl,False
vwap_mean_reversion,1,2026-07-28 00:12:00+00:00,63592.458609999994,2026-07-28 00:12:00+00:00,63603.053172952736,0,0.08330046663018731,0.4,-0.3166995333698127,0.016660093326037462,tp,False
vwap_mean_reversion,-1,2026-07-28 00:17:00+00:00,63668.03256,2026-07-28 00:18:00+00:00,63734.81361117627,1,-0.5244472656928956,0.4,-0.9244472656928956,-0.10488945313857911,sl,False
vwap_mean_reversion,-1,2026-07-28 00:20:00+00:00,63738.6255,2026-07-28 00:22:00+00:00,63628.535322311494,2,0.8636064617404404,0.4,0.4636064617404404,0.17272129234808808,tp,False
vwap_mean_reversion,-1,2026-07-28 00:23:00+00:00,63630.936270000006,2026-07-28 00:23:00+00:00,63638.205747349675,0,-0.057122193824254985,0.4,-0.457122193824255,-0.011424438764850997,tp,False
vwap_mean_reversion,1,2026-07-28 00:47:00+00:00,63597.3591,2026-07-28 00:47:00+00:00,63537.281389415235,0,-0.47232865825685977,0.4,-0.8723286582568598,-0.09446573165137195,sl,False
vwap_mean_reversion,1,2026-07-28 00:50:00+00:00,63511.75054,2026-07-28 00:55:00+00:00,63448.63097805221,5,-0.49691247218919266,0.4,-0.8969124721891927,-0.09938249443783853,sl,False
vwap_mean_reversion,1,2026-07-28 00:56:00+00:00,63542.45361,2026-07-28 00:58:00+00:00,63476.84814496915,2,-0.5162333314472356,0.4,-0.9162333314472356,-0.10324666628944712,sl,False
vwap_mean_reversion,1,2026-07-28 01:01:00+00:00,63456.845049999996,2026-07-28 01:05:00+00:00,63394.23281327381,4,-0.49334501799491726,0.4,-0.8933450179949173,-0.09866900359898345,sl,False
vwap_mean_reversion,1,2026-07-28 01:09:00+00:00,63109.21029,2026-07-28 05:07:00+00:00,63444.125361773644,238,2.6534563674195377,0.4,2.253456367419538,0.5306912734839075,tp,False
vwap_mean_reversion,-1,2026-07-28 05:09:00+00:00,63420.557310000004,2026-07-28 05:16:00+00:00,63457.78647598188,7,-0.2935102399045375,0.4,-0.6935102399045375,-0.0587020479809075,sl,False
vwap_mean_reversion,-1,2026-07-28 05:19:00+00:00,63502.54911,2026-07-28 05:19:00+00:00,63539.98669087222,0,-0.2947722681759801,0.4,-0.6947722681759801,-0.058954453635196025,sl,False
vwap_mean_reversion,-1,2026-07-28 05:21:00+00:00,63512.248139999996,2026-07-28 05:21:00+00:00,63555.641318201044,0,-0.3416126768603922,0.4,-0.7416126768603922,-0.06832253537207844,sl,False
vwap_mean_reversion,-1,2026-07-28 05:23:00+00:00,63473.652,2026-07-28 05:30:00+00:00,63521.02799742845,7,-0.373194198976079,0.4,-0.773194198976079,-0.0746388397952158,sl,False
vwap_mean_reversion,-1,2026-07-28 05:31:00+00:00,63485.450820000005,2026-07-28 05:44:00+00:00,63525.83329408098,13,-0.3180451076536528,0.4,-0.7180451076536528,-0.06360902153073056,sl,False
vwap_mean_reversion,-1,2026-07-28 05:47:00+00:00,63494.14995,2026-07-28 06:31:00+00:00,63532.95986469759,44,-0.3056180351115323,0.4,-0.7056180351115323,-0.06112360702230646,sl,False
vwap_mean_reversion,-1,2026-07-28 06:33:00+00:00,63483.75099,2026-07-28 06:35:00+00:00,63519.920546724774,2,-0.2848725552658804,0.4,-0.6848725552658804,-0.05697451105317608,sl,False
vwap_mean_reversion,-1,2026-07-28 06:38:00+00:00,63498.24954,2026-07-28 06:38:00+00:00,63534.45169333454,0,-0.2850641836333878,0.4,-0.6850641836333878,-0.05701283672667756,sl,False
vwap_mean_reversion,-1,2026-07-28 06:39:00+00:00,63523.14705,2026-07-28 06:44:00+00:00,63559.56857023921,5,-0.28667912352120517,0.4,-0.6866791235212052,-0.057335824704241034,sl,False
vwap_mean_reversion,-1,2026-07-28 06:45:00+00:00,63536.44572,2026-07-28 06:50:00+00:00,63569.20343955728,5,-0.25778684333110924,0.4,-0.6577868433311093,-0.05155736866622185,sl,False
vwap_mean_reversion,-1,2026-07-28 06:52:00+00:00,63575.841779999995,2026-07-28 06:54:00+00:00,63608.16647106021,2,-0.254221494794149,0.4,-0.654221494794149,-0.0508442989588298,sl,False
vwap_mean_reversion,-1,2026-07-28 06:57:00+00:00,63593.64,2026-07-28 06:59:00+00:00,63625.66025138914,2,-0.25175671174937353,0.4,-0.6517567117493736,-0.050351342349874706,sl,False
vwap_mean_reversion,-1,2026-07-28 07:01:00+00:00,63598.839479999995,2026-07-28 09:57:00+00:00,63355.9163204298,176,1.9098081156542768,0.4,1.5098081156542769,0.38196162313085535,tp,False
vwap_mean_reversion,1,2026-07-28 10:07:00+00:00,63318.53122,2026-07-28 10:18:00+00:00,63365.99162106861,11,0.37477496835569557,0.4,-0.025225031644304452,0.07495499367113911,tp,False
vwap_mean_reversion,1,2026-07-28 10:25:00+00:00,63354.93486,2026-07-28 10:25:00+00:00,63318.65789504591,0,-0.28629944166352894,0.4,-0.686299441663529,-0.05725988833270579,sl,False
vwap_mean_reversion,1,2026-07-28 10:28:00+00:00,63304.12978,2026-07-28 10:30:00+00:00,63364.07995767299,2,0.4735092156019638,0.4,0.07350921560196377,0.09470184312039276,tp,False
vwap_mean_reversion,-1,2026-07-28 10:39:00+00:00,63453.75399,2026-07-28 10:44:00+00:00,63499.48145479229,5,-0.3603211939162687,0.4,-0.7603211939162687,-0.07206423878325374,sl,False
vwap_mean_reversion,-1,2026-07-28 10:47:00+00:00,63501.74919,2026-07-28 11:05:00+00:00,63379.3049651882,18,0.9641011970035751,0.4,0.5641011970035751,0.19282023940071502,tp,False
vwap_mean_reversion,-1,2026-07-28 11:08:00+00:00,63367.86258,2026-07-28 11:08:00+00:00,63403.48671603773,0,-0.2810899294003466,0.4,-0.6810899294003466,-0.05621798588006932,sl,False
vwap_mean_reversion,1,2026-07-28 11:16:00+00:00,63399.93936,2026-07-28 11:16:00+00:00,63368.192401568296,0,-0.25037057410604024,0.4,-0.6503705741060403,-0.05007411482120805,tp,False
vwap_mean_reversion,-1,2026-07-28 11:21:00+00:00,63525.24684,2026-07-28 11:42:00+00:00,63381.93438409548,21,1.1279960569494096,0.4,0.7279960569494096,0.22559921138988193,tp,False
vwap_mean_reversion,-1,2026-07-28 11:50:00+00:00,63469.6524,2026-07-28 12:04:00+00:00,63514.3706630027,14,-0.3522806673091905,0.4,-0.7522806673091905,-0.0704561334618381,sl,False
vwap_mean_reversion,-1,2026-07-28 12:06:00+00:00,63473.85198,2026-07-28 12:33:00+00:00,63384.57874701739,27,0.7032284176698433,0.4,0.3032284176698433,0.14064568353396867,tp,False
vwap_mean_reversion,-1,2026-07-28 12:44:00+00:00,63438.35553,2026-07-28 12:46:00+00:00,63478.668543014224,2,-0.3177337485927856,0.4,-0.7177337485927856,-0.06354674971855712,sl,False
vwap_mean_reversion,-1,2026-07-28 12:49:00+00:00,63513.94797,2026-07-28 13:07:00+00:00,63557.84021645046,18,-0.34553234252721055,0.4,-0.7455323425272106,-0.06910646850544211,sl,False
vwap_mean_reversion,-1,2026-07-28 13:10:00+00:00,63468.85248,2026-07-28 13:22:00+00:00,63388.88567495059,12,0.6299688896582167,0.4,0.2299688896582167,0.12599377793164335,tp,False
vwap_mean_reversion,-1,2026-07-28 13:23:00+00:00,63373.662000000004,2026-07-28 13:23:00+00:00,63389.55176653417,0,-0.12536569635324124,0.4,-0.5253656963532413,-0.025073139270648248,tp,False
vwap_mean_reversion,1,2026-07-28 13:29:00+00:00,63302.42961,2026-07-28 13:30:00+00:00,63261.887230419066,1,-0.32022767396694407,0.4,-0.7202276739669441,-0.06404553479338881,sl,False
vwap_mean_reversion,1,2026-07-28 13:31:00+00:00,63307.03006999999,2026-07-28 13:31:00+00:00,63261.62307622868,0,-0.35862520893104044,0.4,-0.7586252089310405,-0.07172504178620809,sl,False
vwap_mean_reversion,1,2026-07-28 13:32:00+00:00,63308.63023,2026-07-28 13:32:00+00:00,63260.41963435522,0,-0.38075848008112256,0.4,-0.7807584800811226,-0.07615169601622451,sl,False
vwap_mean_reversion,1,2026-07-28 13:34:00+00:00,63240.023369999995,2026-07-28 13:37:00+00:00,63182.90621125526,3,-0.45159027227553716,0.4,-0.8515902722755372,-0.09031805445510743,sl,False
vwap_mean_reversion,1,2026-07-28 13:41:00+00:00,63043.40371,2026-07-28 13:41:00+00:00,62949.60072997912,0,-0.7439555488816252,0.4,-1.143955548881625,-0.14879110977632504,sl,False
vwap_mean_reversion,1,2026-07-28 13:42:00+00:00,63012.40061,2026-07-28 13:45:00+00:00,62914.875894266326,3,-0.7738533589386476,0.4,-1.1738533589386475,-0.15477067178772952,sl,False
vwap_mean_reversion,1,2026-07-28 13:49:00+00:00,62922.2916,2026-07-28 14:36:00+00:00,63319.76713427997,47,3.1584635919392756,0.4,2.7584635919392757,0.6316927183878551,tp,False
vwap_mean_reversion,1,2026-07-28 14:41:00+00:00,63284.627830000005,2026-07-28 14:41:00+00:00,63297.527542193944,0,0.1019182117069084,0.4,-0.2980817882930916,0.02038364234138168,tp,False
vwap_mean_reversion,-1,2026-07-28 14:50:00+00:00,63457.853579999995,2026-07-28 15:03:00+00:00,63311.50272237249,13,1.1531343196394261,0.4,0.7531343196394261,0.23062686392788523,tp,False
vwap_mean_reversion,-1,2026-07-28 15:14:00+00:00,63431.056260000005,2026-07-28 15:20:00+00:00,63507.215097818866,6,-0.6003276810233604,0.4,-1.0003276810233603,-0.12006553620467209,sl,False
vwap_mean_reversion,-1,2026-07-28 15:23:00+00:00,63685.33083,2026-07-28 15:23:00+00:00,63774.86557166027,0,-0.7029463496018851,0.4,-1.102946349601885,-0.140589269920377,sl,False
vwap_mean_reversion,-1,2026-07-28 15:24:00+00:00,63756.72369,2026-07-28 15:24:00+00:00,63847.766523684535,0,-0.7139861367971845,0.4,-1.1139861367971844,-0.1427972273594369,sl,False
vwap_mean_reversion,-1,2026-07-28 15:26:00+00:00,63840.41532,2026-07-28 15:27:00+00:00,63938.27595940147,1,-0.7664473900345081,0.4,-1.166447390034508,-0.15328947800690162,sl,False
vwap_mean_reversion,-1,2026-07-28 15:28:00+00:00,63793.52001,2026-07-28 15:41:00+00:00,63895.792452188005,13,-0.8015895828602515,0.4,-1.2015895828602514,-0.1603179165720503,sl,False
vwap_mean_reversion,-1,2026-07-28 15:43:00+00:00,63808.71849,2026-07-28 15:46:00+00:00,63891.48185913818,3,-0.648527122129483,0.4,-1.048527122129483,-0.1297054244258966,sl,False
vwap_mean_reversion,-1,2026-07-28 15:49:00+00:00,63898.70949,2026-07-28 16:51:00+00:00,63982.04914996665,62,-0.652123185521436,0.4,-1.052123185521436,-0.1304246371042872,sl,False
vwap_mean_reversion,-1,2026-07-28 16:54:00+00:00,64048.5945,2026-07-29 00:05:00+00:00,64105.9930951659,431,-0.4480862977086497,0.4,-0.8480862977086497,-0.08961725954172994,sl,False
vwap_mean_reversion,-1,2026-07-29 00:07:00+00:00,64018.79748,2026-07-29 00:07:00+00:00,64053.40364349542,0,-0.2702812678277988,0.4,-0.6702812678277988,-0.054056253565559764,tp,False
vwap_mean_reversion,1,2026-07-29 00:26:00+00:00,63980.29739,2026-07-29 00:28:00+00:00,63927.664124974086,2,-0.4113240104612337,0.4,-0.8113240104612337,-0.08226480209224674,sl,False
vwap_mean_reversion,1,2026-07-29 00:30:00+00:00,63992.89865,2026-07-29 00:30:00+00:00,63940.826129515684,0,-0.4068617110870587,0.4,-0.8068617110870587,-0.08137234221741174,sl,False
vwap_mean_reversion,1,2026-07-29 00:34:00+00:00,63896.28899,2026-07-29 00:35:00+00:00,63843.53901172735,1,-0.412778105790379,0.4,-0.812778105790379,-0.0825556211580758,sl,False
vwap_mean_reversion,1,2026-07-29 00:37:00+00:00,63921.29149,2026-07-29 00:37:00+00:00,63998.793991721235,0,0.6062338534990053,0.4,0.20623385349900525,0.12124677069980105,tp,False
vwap_mean_reversion,1,2026-07-29 00:38:00+00:00,64026.30199,2026-07-29 00:38:00+00:00,63998.51650292495,0,-0.21698494377664357,0.4,-0.6169849437766436,-0.043396988755328714,tp,False
vwap_mean_reversion,-1,2026-07-29 00:47:00+00:00,64068.79248,2026-07-29 00:48:00+00:00,64021.067029859165,1,0.3724547341494855,0.4,-0.027545265850514533,0.0744909468298971,tp,False
vwap_mean_reversion,1,2026-07-29 01:00:00+00:00,63933.89275,2026-07-29 01:07:00+00:00,63879.72052859659,7,-0.42365808707472974,0.4,-0.8236580870747298,-0.08473161741494595,sl,False
vwap_mean_reversion,1,2026-07-29 01:08:00+00:00,63934.29279,2026-07-29 01:09:00+00:00,63881.70981938672,1,-0.4112266541055898,0.4,-0.8112266541055898,-0.08224533082111796,sl,False
vwap_mean_reversion,1,2026-07-29 01:13:00+00:00,63837.3831,2026-07-29 01:14:00+00:00,63781.05999714525,1,-0.4411451419188417,0.4,-0.8411451419188417,-0.08822902838376834,sl,False
vwap_mean_reversion,1,2026-07-29 01:16:00+00:00,63795.67893,2026-07-29 01:45:00+00:00,63739.95306913196,29,-0.4367526280987244,0.4,-0.8367526280987244,-0.08735052561974488,sl,False
vwap_mean_reversion,1,2026-07-29 01:46:00+00:00,63786.27799,2026-07-29 01:49:00+00:00,63726.66991646087,3,-0.46724840684758684,0.4,-0.8672484068475869,-0.09344968136951737,sl,False
vwap_mean_reversion,1,2026-07-29 01:51:00+00:00,63770.476409999996,2026-07-29 01:51:00+00:00,63710.307245608536,0,-0.4717634850696095,0.4,-0.8717634850696095,-0.0943526970139219,sl,False
vwap_mean_reversion,1,2026-07-29 01:53:00+00:00,63729.17228,2026-07-29 01:57:00+00:00,63668.29445412165,4,-0.47762919005817084,0.4,-0.8776291900581709,-0.09552583801163417,sl,False
vwap_mean_reversion,1,2026-07-29 01:59:00+00:00,63700.96946,2026-07-29 02:00:00+00:00,63646.03682862277,1,-0.4311757877697997,0.4,-0.8311757877697997,-0.08623515755395994,sl,False
vwap_mean_reversion,1,2026-07-29 02:02:00+00:00,63734.67283,2026-07-29 02:02:00+00:00,63674.022830161884,0,-0.475800668184867,0.4,-0.875800668184867,-0.0951601336369734,sl,False
vwap_mean_reversion,1,2026-07-29 02:03:00+00:00,63669.066269999996,2026-07-29 02:28:00+00:00,63904.36729871169,25,1.8478441926088607,0.4,1.4478441926088608,0.36956883852177214,tp,False
vwap_mean_reversion,-1,2026-07-29 02:31:00+00:00,63982.10115,2026-07-29 02:36:00+00:00,64045.204081533346,5,-0.49312956591873736,0.4,-0.8931295659187374,-0.09862591318374747,sl,False
vwap_mean_reversion,-1,2026-07-29 02:38:00+00:00,63988.30053,2026-07-29 02:39:00+00:00,64046.8265880145,1,-0.4573184279762499,0.4,-0.8573184279762499,-0.09146368559524998,sl,False
vwap_mean_reversion,-1,2026-07-29 02:41:00+00:00,64061.69319,2026-07-29 02:47:00+00:00,63912.97865700328,6,1.1607134122699758,0.4,0.7607134122699758,0.23214268245399516,tp,False
vwap_mean_reversion,-1,2026-07-29 02:48:00+00:00,63891.01026,2026-07-29 02:48:00+00:00,63916.61896795279,0,-0.20040932087761476,0.4,-0.6004093208776148,-0.04008186417552295,tp,False
vwap_mean_reversion,-1,2026-07-29 03:11:00+00:00,63964.10295,2026-07-29 03:14:00+00:00,63916.26467356667,3,0.373946277889059,0.4,-0.026053722110941036,0.0747892555778118,tp,False
vwap_mean_reversion,1,2026-07-29 03:21:00+00:00,63898.18918,2026-07-29 03:21:00+00:00,63903.56348410405,0,0.042053649508821955,0.4,-0.35794635049117807,0.008410729901764391,tp,False
vwap_mean_reversion,1,2026-07-29 03:26:00+00:00,63851.484509999995,2026-07-29 03:27:00+00:00,63803.35368180082,1,-0.37689670466184433,0.4,-0.7768967046618444,-0.07537934093236887,sl,False
vwap_mean_reversion,1,2026-07-29 03:32:00+00:00,63720.57141999999,2026-07-29 04:01:00+00:00,63670.6144757242,29,-0.39200012776496873,0.4,-0.7920001277649688,-0.07840002555299375,sl,False
vwap_mean_reversion,1,2026-07-29 04:03:00+00:00,63692.76864,2026-07-29 04:03:00+00:00,63650.111253676754,0,-0.33486836287766053,0.4,-0.7348683628776606,-0.0669736725755321,sl,False
vwap_mean_reversion,1,2026-07-29 04:06:00+00:00,63639.86335,2026-07-29 04:06:00+00:00,63596.34947840664,0,-0.34187590374012977,0.4,-0.7418759037401298,-0.06837518074802595,sl,False
vwap_mean_reversion,1,2026-07-29 04:08:00+00:00,63653.76474,2026-07-29 04:19:00+00:00,63604.73403153431,11,-0.385135966945227,0.4,-0.785135966945227,-0.0770271933890454,sl,False
vwap_mean_reversion,1,2026-07-29 04:20:00+00:00,63668.16618,2026-07-29 04:21:00+00:00,63617.44351376013,1,-0.39833616454781895,0.4,-0.798336164547819,-0.07966723290956379,sl,False
vwap_mean_reversion,1,2026-07-29 04:23:00+00:00,63673.266690000004,2026-07-29 04:36:00+00:00,63856.20752720362,13,1.4365592242525649,0.4,1.036559224252565,0.287311844850513,tp,False
vwap_mean_reversion,-1,2026-07-29 05:03:00+00:00,63949.30443,2026-07-29 05:10:00+00:00,63990.293719303445,7,-0.3204826828751006,0.4,-0.7204826828751006,-0.06409653657502012,sl,False
vwap_mean_reversion,-1,2026-07-29 05:13:00+00:00,63964.40292,2026-07-29 05:35:00+00:00,64005.459130296695,22,-0.32093014569400946,0.4,-0.7209301456940095,-0.06418602913880189,sl,False
vwap_mean_reversion,-1,2026-07-29 05:37:00+00:00,63983.601,2026-07-29 05:40:00+00:00,64023.13914257487,3,-0.3089709078336611,0.4,-0.7089709078336611,-0.06179418156673222,sl,False
vwap_mean_reversion,-1,2026-07-29 05:42:00+00:00,63993.6,2026-07-29 05:51:00+00:00,64034.384441068934,9,-0.3186603118822129,0.4,-0.7186603118822129,-0.06373206237644258,sl,False
vwap_mean_reversion,-1,2026-07-29 05:56:00+00:00,64054.79388,2026-07-29 06:14:00+00:00,64090.00964206706,18,-0.27488779476081415,0.4,-0.6748877947608142,-0.05497755895216283,sl,False
vwap_mean_reversion,-1,2026-07-29 06:16:00+00:00,64070.392320000006,2026-07-29 06:17:00+00:00,64106.20308874576,1,-0.27946425368285954,0.4,-0.6794642536828596,-0.05589285073657191,sl,False
vwap_mean_reversion,-1,2026-07-29 06:20:00+00:00,64093.98996,2026-07-29 06:21:00+00:00,64129.22671289275,1,-0.27488344004433785,0.4,-0.6748834400443379,-0.05497668800886757,sl,False
vwap_mean_reversion,-1,2026-07-29 06:22:00+00:00,64104.88887,2026-07-29 06:23:00+00:00,64140.22327341263,1,-0.27559835166612867,0.4,-0.6755983516661287,-0.055119670333225734,sl,False
vwap_mean_reversion,-1,2026-07-29 06:27:00+00:00,64222.87707,2026-07-29 06:27:00+00:00,64264.31212763616,0,-0.32258798987627735,0.4,-0.7225879898762774,-0.06451759797525547,sl,False
vwap_mean_reversion,-1,2026-07-29 06:31:00+00:00,64373.46201,2026-07-29 06:32:00+00:00,64424.77155569832,1,-0.398530264617003,0.4,-0.798530264617003,-0.0797060529234006,sl,False
vwap_mean_reversion,-1,2026-07-29 06:34:00+00:00,64387.16064,2026-07-29 06:44:00+00:00,64443.34157638819,10,-0.4362743738794972,0.4,-0.8362743738794972,-0.08725487477589944,sl,False
vwap_mean_reversion,-1,2026-07-29 06:46:00+00:00,64384.760879999994,2026-07-29 06:53:00+00:00,64429.31293360871,7,-0.3459829080654231,0.4,-0.7459829080654231,-0.06919658161308462,sl,False
vwap_mean_reversion,-1,2026-07-29 06:54:00+00:00,64393.46001,2026-07-29 07:07:00+00:00,64435.18794965626,13,-0.32400759059836304,0.4,-0.7240075905983631,-0.06480151811967261,sl,False
vwap_mean_reversion,-1,2026-07-29 07:09:00+00:00,64421.85717,2026-07-29 07:12:00+00:00,64455.91383098217,3,-0.26432535849052474,0.4,-0.6643253584905248,-0.05286507169810495,sl,False
vwap_mean_reversion,-1,2026-07-29 07:14:00+00:00,64423.557,2026-07-29 07:19:00+00:00,64457.15077779432,5,-0.2607258847436844,0.4,-0.6607258847436844,-0.05214517694873688,sl,False
vwap_mean_reversion,-1,2026-07-29 07:22:00+00:00,64420.95726,2026-07-29 07:27:00+00:00,64457.40433111873,5,-0.2828820982248015,0.4,-0.6828820982248015,-0.056576419644960296,sl,False
vwap_mean_reversion,-1,2026-07-29 07:31:00+00:00,64454.15394,2026-07-29 07:49:00+00:00,64490.277027807955,18,-0.28022311674114064,0.4,-0.6802231167411407,-0.05604462334822813,sl,False
vwap_mean_reversion,-1,2026-07-29 07:51:00+00:00,64476.75168,2026-07-29 07:58:00+00:00,64504.642993916335,7,-0.21628969504206008,0.4,-0.6162896950420601,-0.043257939008412016,sl,False
vwap_mean_reversion,-1,2026-07-29 08:01:00+00:00,64517.24763,2026-07-29 09:39:00+00:00,64550.02269738882,98,-0.2540023683029746,0.4,-0.6540023683029746,-0.050800473660594925,sl,False
vwap_mean_reversion,-1,2026-07-29 09:42:00+00:00,64610.5383,2026-07-29 09:55:00+00:00,64657.376913174994,13,-0.36246883563728627,0.4,-0.7624688356372863,-0.07249376712745725,sl,False
vwap_mean_reversion,-1,2026-07-29 09:59:00+00:00,64676.63169,2026-07-29 13:23:00+00:00,64133.546021814145,204,4.198469014194406,0.4,3.798469014194406,0.8396938028388812,tp,False
vwap_mean_reversion,-1,2026-07-29 13:34:00+00:00,64274.77188,2026-07-29 13:34:00+00:00,64333.614089679046,0,-0.45773954506522774,0.4,-0.8577395450652278,-0.09154790901304555,sl,False
vwap_mean_reversion,-1,2026-07-29 13:35:00+00:00,64313.36802,2026-07-29 13:38:00+00:00,64194.65301462266,3,0.9229419095297953,0.4,0.5229419095297952,0.18458838190595905,tp,False
vwap_mean_reversion,-1,2026-07-29 13:41:00+00:00,64253.97396,2026-07-29 13:42:00+00:00,64334.59747394341,1,-0.6273815374718827,0.4,-1.0273815374718827,-0.12547630749437655,sl,False
vwap_mean_reversion,-1,2026-07-29 13:46:00+00:00,64439.25543,2026-07-29 13:48:00+00:00,64519.70128793742,2,-0.6241991578007644,0.4,-1.0241991578007643,-0.12483983156015288,sl,False
vwap_mean_reversion,-1,2026-07-29 13:51:00+00:00,64525.44681,2026-07-29 13:59:00+00:00,64608.379350581716,8,-0.6426343766817721,0.4,-1.042634376681772,-0.12852687533635443,sl,False
vwap_mean_reversion,-1,2026-07-29 14:01:00+00:00,64549.5444,2026-07-29 14:14:00+00:00,64216.22628894317,13,2.581878107390856,0.4,2.181878107390856,0.5163756214781712,tp,False
vwap_mean_reversion,-1,2026-07-29 14:23:00+00:00,64317.267629999995,2026-07-29 14:25:00+00:00,64223.47479731595,2,0.7291419251795328,0.4,0.3291419251795328,0.14582838503590656,tp,False
vwap_mean_reversion,1,2026-07-29 14:42:00+00:00,64112.91065,2026-07-29 14:43:00+00:00,64029.21125810835,1,-0.6527498989132852,0.4,-1.052749898913285,-0.13054997978265703,sl,False
vwap_mean_reversion,1,2026-07-29 14:45:00+00:00,64078.30719,2026-07-29 14:53:00+00:00,64208.0239098513,8,1.0121734291971274,0.4,0.6121734291971274,0.20243468583942548,tp,False
vwap_mean_reversion,1,2026-07-29 15:02:00+00:00,64119.711330000006,2026-07-29 15:18:00+00:00,64044.238488741925,16,-0.5885307317561872,0.4,-0.9885307317561872,-0.11770614635123744,sl,False
vwap_mean_reversion,1,2026-07-29 15:21:00+00:00,63983.69773,2026-07-29 15:55:00+00:00,63912.32418099513,34,-0.5577479228072724,0.4,-0.9577479228072724,-0.11154958456145447,sl,False
vwap_mean_reversion,1,2026-07-29 15:57:00+00:00,63922.09157,2026-07-29 16:36:00+00:00,63861.38154946836,39,-0.4748751100013271,0.4,-0.8748751100013271,-0.09497502200026542,sl,False
vwap_mean_reversion,1,2026-07-29 16:38:00+00:00,63832.78264,2026-07-29 16:42:00+00:00,63769.85017288216,4,-0.49294785935277696,0.4,-0.892947859352777,-0.09858957187055539,sl,False
vwap_mean_reversion,1,2026-07-29 16:45:00+00:00,63675.56692,2026-07-29 17:54:00+00:00,64167.23167836842,69,3.8607018527697656,0.4,3.4607018527697657,0.7721403705539531,tp,False
vwap_mean_reversion,-1,2026-07-29 18:02:00+00:00,64518.447510000005,2026-07-29 18:02:00+00:00,64617.05171767012,0,-0.764155148454515,0.4,-1.164155148454515,-0.152831029690903,sl,False
vwap_mean_reversion,-1,2026-07-29 18:03:00+00:00,64446.5547,2026-07-29 18:19:00+00:00,64175.47149200776,16,2.103162917351742,0.4,1.703162917351742,0.4206325834703484,tp,False
vwap_mean_reversion,1,2026-07-29 18:27:00+00:00,64061.205480000004,2026-07-29 18:31:00+00:00,63971.14083792838,4,-0.702957752642841,0.4,-1.102957752642841,-0.1405915505285682,sl,False
vwap_mean_reversion,1,2026-07-29 18:34:00+00:00,63963.29569,2026-07-29 18:35:00+00:00,63856.71736948349,1,-0.8331209279228147,0.4,-1.2331209279228146,-0.16662418558456293,sl,False
vwap_mean_reversion,1,2026-07-29 18:37:00+00:00,63973.19668,2026-07-29 18:38:00+00:00,64163.04621004618,1,1.4838208804526243,0.4,1.0838208804526244,0.29676417609052486,tp,False
vwap_mean_reversion,-1,2026-07-29 18:46:00+00:00,64342.06515,2026-07-29 18:47:00+00:00,64454.39267037427,1,-0.8728933405571793,0.4,-1.2728933405571792,-0.17457866811143585,sl,False
vwap_mean_reversion,-1,2026-07-29 18:48:00+00:00,64393.46001,2026-07-29 18:52:00+00:00,64506.22697246557,4,-0.875608815305573,0.4,-1.275608815305573,-0.1751217630611146,sl,False
vwap_mean_reversion,-1,2026-07-29 18:55:00+00:00,64569.34242,2026-07-29 19:10:00+00:00,64183.380381155584,15,2.9887406652980286,0.4,2.5887406652980287,0.5977481330596057,tp,False
vwap_mean_reversion,-1,2026-07-29 19:14:00+00:00,64270.472310000005,2026-07-29 19:16:00+00:00,64359.2314722368,2,-0.6905127583992643,0.4,-1.0905127583992642,-0.13810255167985286,sl,False
vwap_mean_reversion,-1,2026-07-29 19:18:00+00:00,64261.17324,2026-07-29 19:20:00+00:00,64189.78022957345,2,0.5554910284621406,0.4,0.15549102846214058,0.11109820569242812,tp,False
vwap_mean_reversion,1,2026-07-29 19:28:00+00:00,63986.498009999996,2026-07-29 19:33:00+00:00,63898.41727034566,5,-0.688275983165787,0.4,-1.0882759831657869,-0.1376551966331574,sl,False
vwap_mean_reversion,1,2026-07-29 19:35:00+00:00,63944.79384,2026-07-29 19:40:00+00:00,63850.38102030049,5,-0.7382369543308398,0.4,-1.1382369543308397,-0.14764739086616796,sl,False
vwap_mean_reversion,1,2026-07-29 19:41:00+00:00,63892.988659999995,2026-07-29 19:45:00+00:00,63803.9843400056,4,-0.6965108524507047,0.4,-1.0965108524507046,-0.13930217049014093,sl,False
vwap_mean_reversion,1,2026-07-29 19:47:00+00:00,63721.171480000005,2026-07-29 19:47:00+00:00,63625.58870770086,0,-0.7500079650069602,0.4,-1.1500079650069601,-0.15000159300139204,sl,False
vwap_mean_reversion,1,2026-07-29 19:49:00+00:00,63627.662130000004,2026-07-29 19:51:00+00:00,63517.355647507364,2,-0.8668123171590714,0.4,-1.2668123171590713,-0.17336246343181427,sl,False
vwap_mean_reversion,1,2026-07-29 19:52:00+00:00,63640.3634,2026-07-29 19:52:00+00:00,63529.08804338691,0,-0.8742514236891874,0.4,-1.2742514236891873,-0.17485028473783748,sl,False
vwap_mean_reversion,1,2026-07-29 19:53:00+00:00,63621.76154,2026-07-29 20:00:00+00:00,63510.094115287844,7,-0.8775882811885571,0.4,-1.277588281188557,-0.17551765623771143,sl,False
vwap_mean_reversion,1,2026-07-29 20:01:00+00:00,63544.25379,2026-07-29 20:02:00+00:00,63450.64449864973,1,-0.7365677127914028,0.4,-1.1365677127914027,-0.14731354255828055,sl,False
vwap_mean_reversion,1,2026-07-29 20:03:00+00:00,63506.35,2026-07-29 20:08:00+00:00,63407.67922756022,5,-0.7768575303082059,0.4,-1.1768575303082058,-0.15537150606164118,sl,False
vwap_mean_reversion,1,2026-07-29 20:11:00+00:00,63443.04367,2026-07-29 21:03:00+00:00,63341.70971953328,52,-0.7986214453534757,0.4,-1.1986214453534756,-0.15972428907069514,sl,False
vwap_mean_reversion,1,2026-07-29 21:06:00+00:00,63348.23419,2026-07-29 21:07:00+00:00,63272.37753939384,1,-0.5987274276552657,0.4,-0.9987274276552657,-0.11974548553105313,sl,False
vwap_mean_reversion,1,2026-07-29 21:08:00+00:00,63345.23389,2026-07-29 21:08:00+00:00,63269.42708922224,0,-0.5983623085945577,0.4,-0.9983623085945578,-0.11967246171891155,sl,False
vwap_mean_reversion,1,2026-07-29 21:09:00+00:00,63291.52852,2026-07-29 22:19:00+00:00,64098.3116893562,70,6.373547836668658,0.4,5.973547836668658,1.2747095673337316,tp,False
vwap_mean_reversion,1,2026-07-29 22:24:00+00:00,64006.4,2026-07-29 22:30:00+00:00,63939.74586982333,6,-0.520683323672888,0.4,-0.9206833236728881,-0.10413666473457761,sl,False
vwap_mean_reversion,1,2026-07-29 22:32:00+00:00,63957.095069999996,2026-07-29 22:35:00+00:00,63896.20015520581,3,-0.4760606679176105,0.4,-0.8760606679176105,-0.0952121335835221,sl,False
vwap_mean_reversion,1,2026-07-29 22:36:00+00:00,63936.29299,2026-07-29 22:52:00+00:00,63880.9172336194,16,-0.4330541683833511,0.4,-0.8330541683833511,-0.08661083367667022,sl,False
vwap_mean_reversion,1,2026-07-29 22:54:00+00:00,63914.090769999995,2026-07-29 23:06:00+00:00,63871.636047886925,12,-0.33212333619708767,0.4,-0.7321233361970877,-0.06642466723941753,sl,False
vwap_mean_reversion,1,2026-07-29 23:07:00+00:00,63927.592119999994,2026-07-29 23:08:00+00:00,63891.51531394258,1,-0.2821692860704994,0.4,-0.6821692860704994,-0.05643385721409988,sl,False
vwap_mean_reversion,1,2026-07-29 23:09:00+00:00,63958.3952,2026-07-29 23:10:00+00:00,63920.26224600151,1,-0.2981074953432028,0.4,-0.6981074953432028,-0.05962149906864056,sl,False
vwap_mean_reversion,1,2026-07-29 23:13:00+00:00,63886.988059999996,2026-07-30 00:15:00+00:00,64072.22039104692,62,1.449687461185012,0.4,1.049687461185012,0.2899374922370024,tp,False
vwap_mean_reversion,1,2026-07-30 00:26:00+00:00,63971.19648,2026-07-30 00:31:00+00:00,63925.37752525665,5,-0.3581217584204266,0.4,-0.7581217584204266,-0.07162435168408532,sl,False
vwap_mean_reversion,1,2026-07-30 00:34:00+00:00,63859.58532,2026-07-30 00:35:00+00:00,63812.132065622456,1,-0.37154370905911893,0.4,-0.771543709059119,-0.07430874181182379,sl,False
vwap_mean_reversion,1,2026-07-30 00:36:00+00:00,63837.08306999999,2026-07-30 00:37:00+00:00,63790.96083724588,1,-0.36124953190247444,0.4,-0.7612495319024745,-0.07224990638049489,sl,False
vwap_mean_reversion,1,2026-07-30 00:39:00+00:00,63808.88025,2026-07-30 00:40:00+00:00,63762.70393563018,1,-0.36183297833236594,0.4,-0.761832978332366,-0.07236659566647319,sl,False
vwap_mean_reversion,1,2026-07-30 00:41:00+00:00,63794.578819999995,2026-07-30 00:42:00+00:00,63748.5942101097,1,-0.36041157995603257,0.4,-0.7604115799560326,-0.07208231599120651,sl,False
vwap_mean_reversion,1,2026-07-30 00:44:00+00:00,63700.26939,2026-07-30 00:53:00+00:00,63651.4658299785,9,-0.3830718495294594,0.4,-0.7830718495294594,-0.07661436990589188,sl,False
vwap_mean_reversion,1,2026-07-30 00:56:00+00:00,63598.959259999996,2026-07-30 01:05:00+00:00,63801.82780565484,9,1.594904602333913,0.4,1.1949046023339132,0.3189809204667826,tp,False
vwap_mean_reversion,1,2026-07-30 01:17:00+00:00,63709.47031,2026-07-30 01:24:00+00:00,63776.83143372434,7,0.5286586389477987,0.4,0.12865863894779872,0.10573172778955975,tp,False
vwap_mean_reversion,-1,2026-07-30 01:37:00+00:00,63993.69999,2026-07-30 01:41:00+00:00,64042.34412815276,4,-0.38006974249316094,0.4,-0.780069742493161,-0.07601394849863219,sl,False
vwap_mean_reversion,-1,2026-07-30 01:43:00+00:00,64031.69619,2026-07-30 01:45:00+00:00,64081.88414334296,2,-0.3918992962019807,0.4,-0.7918992962019807,-0.07837985924039614,sl,False
vwap_mean_reversion,-1,2026-07-30 01:48:00+00:00,64182.78108,2026-07-30 01:48:00+00:00,64241.21522841087,0,-0.4552167063158752,0.4,-0.8552167063158752,-0.09104334126317504,sl,False
vwap_mean_reversion,-1,2026-07-30 01:50:00+00:00,64204.97886,2026-07-30 01:54:00+00:00,64262.69861516039,4,-0.44949594396914705,0.4,-0.8494959439691471,-0.08989918879382941,sl,False
vwap_mean_reversion,-1,2026-07-30 01:56:00+00:00,64283.77098,2026-07-30 02:09:00+00:00,64346.78697699832,13,-0.4901392376150948,0.4,-0.8901392376150948,-0.09802784752301896,sl,False
vwap_mean_reversion,-1,2026-07-30 02:10:00+00:00,64285.370820000004,2026-07-30 02:13:00+00:00,64345.95807196823,3,-0.47123669969850734,0.4,-0.8712366996985074,-0.09424733993970147,sl,False
vwap_mean_reversion,-1,2026-07-30 02:14:00+00:00,64321.06725,2026-07-30 02:22:00+00:00,64379.86056125793,8,-0.4570299730056737,0.4,-0.8570299730056737,-0.09140599460113474,sl,False
vwap_mean_reversion,-1,2026-07-30 02:23:00+00:00,64343.565,2026-07-30 05:02:00+00:00,63958.39600794156,159,2.9930653675969143,0.4,2.5930653675969144,0.5986130735193829,tp,False
vwap_mean_reversion,1,2026-07-30 05:04:00+00:00,63927.592119999994,2026-07-30 05:23:00+00:00,63888.22080481995,19,-0.3079367912539044,0.4,-0.7079367912539044,-0.06158735825078088,sl,False
vwap_mean_reversion,1,2026-07-30 05:25:00+00:00,63902.08957,2026-07-30 05:30:00+00:00,64006.7350624266,5,0.8187955443300643,0.4,0.4187955443300643,0.16375910886601286,tp,False
vwap_mean_reversion,-1,2026-07-30 05:34:00+00:00,64089.79038,2026-07-30 05:53:00+00:00,64019.85161520419,19,0.5456310933545372,0.4,0.14563109335453717,0.10912621867090744,tp,False
vwap_mean_reversion,1,2026-07-30 06:12:00+00:00,63989.79834,2026-07-30 06:19:00+00:00,63947.925661578556,7,-0.3271824533573331,0.4,-0.7271824533573331,-0.06543649067146662,sl,False
vwap_mean_reversion,1,2026-07-30 06:20:00+00:00,63964.295790000004,2026-07-30 06:25:00+00:00,64008.28265259352,5,0.34383918442515427,0.4,-0.05616081557484576,0.06876783688503085,tp,False
vwap_mean_reversion,-1,2026-07-30 06:31:00+00:00,64025.89677000001,2026-07-30 06:34:00+00:00,64021.01158890328,3,0.03815004039908754,0.4,-0.3618499596009125,0.007630008079817507,tp,False
vwap_mean_reversion,1,2026-07-30 06:38:00+00:00,63978.79724,2026-07-30 06:48:00+00:00,63942.68575845294,10,-0.2822144452918618,0.4,-0.6822144452918618,-0.05644288905837236,sl,False
vwap_mean_reversion,1,2026-07-30 06:49:00+00:00,63970.29639,2026-07-30 06:53:00+00:00,63935.20090857248,4,-0.2743107614631146,0.4,-0.6743107614631146,-0.05486215229262292,sl,False
vwap_mean_reversion,1,2026-07-30 06:54:00+00:00,63963.3957,2026-07-30 07:00:00+00:00,64007.47159157868,6,0.34453995989680575,0.4,-0.055460040103194275,0.06890799197936115,tp,False
vwap_mean_reversion,1,2026-07-30 07:01:00+00:00,64026.201980000005,2026-07-30 07:01:00+00:00,64007.22102722686,0,-0.14822800811359338,0.4,-0.5482280081135934,-0.029645601622718676,tp,False
vwap_mean_reversion,-1,2026-07-30 07:05:00+00:00,64063.692989999996,2026-07-30 07:08:00+00:00,64020.90878893772,3,0.33391925336678785,0.4,-0.06608074663321217,0.06678385067335757,tp,False
vwap_mean_reversion,-1,2026-07-30 07:14:00+00:00,64040.695289999996,2026-07-30 07:16:00+00:00,64021.168146018805,2,0.15245886926090746,0.4,-0.24754113073909256,0.030491773852181492,tp,False
vwap_mean_reversion,1,2026-07-30 07:19:00+00:00,64027.20208,2026-07-30 07:19:00+00:00,64008.27419213242,0,-0.14781129935942383,0.4,-0.5478112993594239,-0.029562259871884766,tp,False
vwap_mean_reversion,-1,2026-07-30 07:21:00+00:00,64076.891670000005,2026-07-30 07:28:00+00:00,64021.93226941533,7,0.42885507670781253,0.4,0.02885507670781251,0.0857710153415625,tp,False
vwap_mean_reversion,1,2026-07-30 07:35:00+00:00,63965.09587,2026-07-30 07:36:00+00:00,63920.81177139393,1,-0.3461583071497909,0.4,-0.7461583071497909,-0.06923166142995818,sl,False
vwap_mean_reversion,1,2026-07-30 07:38:00+00:00,63982.09757,2026-07-30 07:40:00+00:00,64009.15035148605,2,0.21140899183913486,0.4,-0.18859100816086516,0.04228179836782697,tp,False
vwap_mean_reversion,1,2026-07-30 07:52:00+00:00,63983.197680000005,2026-07-30 08:02:00+00:00,63945.24659549255,10,-0.29657070827610044,0.4,-0.6965707082761005,-0.05931414165522009,sl,False
vwap_mean_reversion,1,2026-07-30 08:03:00+00:00,64006.4,2026-07-30 08:03:00+00:00,63966.769089338806,0,-0.3095855309874773,0.4,-0.7095855309874773,-0.061917106197495464,sl,False
vwap_mean_reversion,1,2026-07-30 08:05:00+00:00,63999.3993,2026-07-30 08:05:00+00:00,64007.91275637862,0,0.06651200223550813,0.4,-0.3334879977644919,0.013302400447101626,tp,False
vwap_mean_reversion,-1,2026-07-30 08:27:00+00:00,64212.27813,2026-07-30 08:27:00+00:00,64263.89000424058,0,-0.40188477767511,0.4,-0.80188477767511,-0.080376955535022,sl,False
vwap_mean_reversion,-1,2026-07-30 08:29:00+00:00,64240.575300000004,2026-07-30 08:32:00+00:00,64296.30633248294,3,-0.43376816149820474,0.4,-0.8337681614982048,-0.08675363229964095,sl,False
vwap_mean_reversion,-1,2026-07-30 08:34:00+00:00,64254.273929999996,2026-07-30 08:44:00+00:00,64306.88734284493,10,-0.4094156670594318,0.4,-0.8094156670594318,-0.08188313341188636,sl,False
vwap_mean_reversion,-1,2026-07-30 08:46:00+00:00,64314.967860000004,2026-07-30 09:13:00+00:00,64360.61886203984,27,-0.35490184912478906,0.4,-0.7549018491247891,-0.07098036982495781,sl,False
vwap_mean_reversion,-1,2026-07-30 09:16:00+00:00,64358.563500000004,2026-07-30 09:17:00+00:00,64396.87083488435,1,-0.2976086848516246,0.4,-0.6976086848516246,-0.05952173697032492,sl,False
vwap_mean_reversion,-1,2026-07-30 09:20:00+00:00,64369.262429999995,2026-07-30 09:21:00+00:00,64409.52372938781,1,-0.31273699486300544,0.4,-0.7127369948630055,-0.06254739897260109,sl,False
vwap_mean_reversion,-1,2026-07-30 09:24:00+00:00,64455.75378,2026-07-30 09:27:00+00:00,64497.45704249779,3,-0.3235030237962455,0.4,-0.7235030237962455,-0.0647006047592491,sl,False
vwap_mean_reversion,-1,2026-07-30 09:29:00+00:00,64481.051250000004,2026-07-30 09:33:00+00:00,64523.13938222215,4,-0.32636046874423563,0.4,-0.7263604687442357,-0.06527209374884713,sl,False
vwap_mean_reversion,-1,2026-07-30 09:36:00+00:00,64541.14524,2026-07-30 09:41:00+00:00,64587.28311281184,5,-0.3574299204041065,0.4,-0.7574299204041065,-0.0714859840808213,sl,False
vwap_mean_reversion,-1,2026-07-30 09:43:00+00:00,64576.241729999994,2026-07-30 09:47:00+00:00,64619.71808959307,4,-0.33662813465407115,0.4,-0.7366281346540712,-0.06732562693081423,sl,False
vwap_mean_reversion,-1,2026-07-30 09:49:00+00:00,64576.941660000004,2026-07-30 10:21:00+00:00,64616.68762777721,32,-0.307741174756071,0.4,-0.707741174756071,-0.0615482349512142,sl,False
vwap_mean_reversion,-1,2026-07-30 10:23:00+00:00,64587.24063,2026-07-30 11:17:00+00:00,64614.59215311713,54,-0.2117409170165896,0.4,-0.6117409170165896,-0.04234818340331792,sl,False
vwap_mean_reversion,-1,2026-07-30 11:19:00+00:00,64617.83757,2026-07-30 11:37:00+00:00,64645.97704795495,18,-0.21773769452171354,0.4,-0.6177376945217136,-0.04354753890434271,sl,False
vwap_mean_reversion,-1,2026-07-30 11:39:00+00:00,64672.63209,2026-07-30 11:50:00+00:00,64706.662052098254,11,-0.2630939935373,0.4,-0.6630939935373,-0.05261879870746,sl,False
vwap_mean_reversion,-1,2026-07-30 11:52:00+00:00,64802.21913,2026-07-30 11:54:00+00:00,64845.07960454113,2,-0.33070221295317115,0.4,-0.7307022129531712,-0.06614044259063423,sl,False
vwap_mean_reversion,-1,2026-07-30 11:56:00+00:00,64800.31932,2026-07-30 12:03:00+00:00,64846.08954083688,7,-0.35316354392367355,0.4,-0.7531635439236736,-0.07063270878473471,sl,False
vwap_mean_reversion,-1,2026-07-30 12:05:00+00:00,64827.71658,2026-07-30 12:08:00+00:00,64872.73337592925,3,-0.3472033129047203,0.4,-0.7472033129047203,-0.06944066258094406,sl,False
vwap_mean_reversion,-1,2026-07-30 12:10:00+00:00,64868.41251,2026-07-30 12:12:00+00:00,64909.627183208206,2,-0.3176790645358363,0.4,-0.7176790645358363,-0.06353581290716726,sl,False
vwap_mean_reversion,-1,2026-07-30 12:14:00+00:00,64928.306520000006,2026-07-30 12:14:00+00:00,64970.33221840221,0,-0.3236315611377938,0.4,-0.7236315611377938,-0.06472631222755876,sl,False
vwap_mean_reversion,-1,2026-07-30 12:16:00+00:00,64961.20323,2026-07-30 13:45:00+00:00,65007.30955076517,89,-0.35487582181881194,0.4,-0.754875821818812,-0.07097516436376239,sl,False
vwap_mean_reversion,-1,2026-07-30 13:46:00+00:00,64978.60149,2026-07-30 13:49:00+00:00,65044.40953017681,3,-0.5063823987265792,0.4,-0.9063823987265792,-0.10127647974531584,sl,False
vwap_mean_reversion,-1,2026-07-30 13:51:00+00:00,65083.291020000004,2026-07-31 01:09:00+00:00,65155.92742223511,678,-0.558026500325437,0.4,-0.958026500325437,-0.1116053000650874,sl,False
vwap_mean_reversion,-1,2026-07-31 01:12:00+00:00,65256.37371,2026-07-31 01:20:00+00:00,65041.99754526051,8,1.642568783335907,0.4,1.2425687833359071,0.3285137566671814,tp,False
vwap_mean_reversion,-1,2026-07-31 01:28:00+00:00,65124.38691,2026-07-31 01:32:00+00:00,65063.285732563265,4,0.46911134473465177,0.4,0.06911134473465175,0.09382226894693035,tp,False
vwap_mean_reversion,1,2026-07-31 01:39:00+00:00,64931.4925,2026-07-31 01:43:00+00:00,64866.79990177506,4,-0.49816041287620294,0.4,-0.898160412876203,-0.09963208257524059,sl,False
vwap_mean_reversion,1,2026-07-31 01:46:00+00:00,64826.882040000004,2026-07-31 01:46:00+00:00,64764.82086660217,0,-0.47866850483063716,0.4,-0.8786685048306372,-0.09573370096612743,sl,False
vwap_mean_reversion,1,2026-07-31 01:50:00+00:00,64590.65842,2026-07-31 01:50:00+00:00,64516.49477357806,0,-0.574105050452467,0.4,-0.974105050452467,-0.11482101009049339,sl,False
vwap_mean_reversion,1,2026-07-31 01:52:00+00:00,64574.556809999995,2026-07-31 01:55:00+00:00,64500.089420177,3,-0.5766000844736885,0.4,-0.9766000844736885,-0.1153200168947377,sl,False
vwap_mean_reversion,1,2026-07-31 01:57:00+00:00,64564.855840000004,2026-07-31 02:02:00+00:00,64488.5656649024,5,-0.590802644140187,0.4,-0.990802644140187,-0.1181605288280374,sl,False
vwap_mean_reversion,1,2026-07-31 02:05:00+00:00,64506.45,2026-07-31 02:15:00+00:00,64434.43466306643,10,-0.5582026055810374,0.4,-0.9582026055810374,-0.11164052111620748,sl,False
vwap_mean_reversion,1,2026-07-31 02:18:00+00:00,64391.838540000004,2026-07-31 02:29:00+00:00,64330.961915045336,11,-0.4727045098801841,0.4,-0.8727045098801841,-0.09454090197603682,sl,False
vwap_mean_reversion,1,2026-07-31 02:31:00+00:00,64366.03596,2026-07-31 02:35:00+00:00,64307.4792860976,4,-0.4548724574152119,0.4,-0.8548724574152119,-0.09097449148304237,sl,False
vwap_mean_reversion,1,2026-07-31 02:37:00+00:00,64297.62912,2026-07-31 02:41:00+00:00,64241.368821804375,4,-0.4374990101938536,0.4,-0.8374990101938536,-0.08749980203877072,sl,False
vwap_mean_reversion,1,2026-07-31 02:44:00+00:00,64238.32319,2026-07-31 02:45:00+00:00,64186.31208522278,1,-0.40482925296314587,0.4,-0.8048292529631459,-0.08096585059262917,sl,False
vwap_mean_reversion,1,2026-07-31 02:46:00+00:00,64230.022359999995,2026-07-31 03:05:00+00:00,64178.007065421676,19,-0.4049141870664519,0.4,-0.8049141870664519,-0.08098283741329038,sl,False
vwap_mean_reversion,1,2026-07-31 03:07:00+00:00,64210.92045,2026-07-31 03:12:00+00:00,64162.9836990226,5,-0.3732756876980159,0.4,-0.7732756876980159,-0.07465513753960318,sl,False
vwap_mean_reversion,1,2026-07-31 03:13:00+00:00,64241.92355,2026-07-31 03:13:00+00:00,64192.85903161079,0,-0.38187304860992644,0.4,-0.7818730486099265,-0.07637460972198529,sl,False
vwap_mean_reversion,1,2026-07-31 03:14:00+00:00,64209.92035,2026-07-31 07:02:00+00:00,64160.42092149573,228,-0.38545000705852983,0.4,-0.7854500070585299,-0.07709000141170597,sl,False
vwap_mean_reversion,1,2026-07-31 07:05:00+00:00,64096.509009999994,2026-07-31 07:06:00+00:00,64051.117835901954,1,-0.35408460459956936,0.4,-0.7540846045995694,-0.07081692091991387,sl,False
vwap_mean_reversion,1,2026-07-31 07:08:00+00:00,64119.31129,2026-07-31 07:11:00+00:00,64063.34489194482,3,-0.43642388641740304,0.4,-0.8364238864174031,-0.08728477728348061,sl,False
vwap_mean_reversion,1,2026-07-31 07:13:00+00:00,64054.20478,2026-07-31 07:16:00+00:00,63999.51047720338,3,-0.4269376458927998,0.4,-0.8269376458927998,-0.08538752917855996,sl,False
vwap_mean_reversion,1,2026-07-31 07:17:00+00:00,64024.30179,2026-07-31 07:22:00+00:00,63974.62178873375,5,-0.3879776887626418,0.4,-0.7879776887626418,-0.07759553775252837,sl,False
vwap_mean_reversion,1,2026-07-31 07:26:00+00:00,63982.69763,2026-07-31 07:30:00+00:00,63937.08973377475,4,-0.3564080440073836,0.4,-0.7564080440073836,-0.07128160880147671,sl,False
vwap_mean_reversion,1,2026-07-31 07:32:00+00:00,63976.49701,2026-07-31 07:36:00+00:00,63934.33881523675,4,-0.3294818936137034,0.4,-0.7294818936137034,-0.06589637872274068,sl,False
vwap_mean_reversion,1,2026-07-31 07:39:00+00:00,63954.59482,2026-07-31 07:43:00+00:00,63910.36274817596,4,-0.34580839694575705,0.4,-0.7458083969457571,-0.06916167938915141,sl,False
vwap_mean_reversion,1,2026-07-31 07:45:00+00:00,63891.488509999996,2026-07-31 08:00:00+00:00,63845.790275045605,15,-0.3576238088993655,0.4,-0.7576238088993655,-0.0715247617798731,sl,False
vwap_mean_reversion,1,2026-07-31 08:01:00+00:00,63934.29279,2026-07-31 08:02:00+00:00,63893.60437945649,1,-0.31820490043704686,0.4,-0.7182049004370469,-0.06364098008740937,sl,False
vwap_mean_reversion,1,2026-07-31 08:04:00+00:00,63930.59241999999,2026-07-31 08:06:00+00:00,63889.44593045405,2,-0.32180594601427526,0.4,-0.7218059460142753,-0.06436118920285505,sl,False
vwap_mean_reversion,1,2026-07-31 08:11:00+00:00,63874.78684,2026-07-31 08:21:00+00:00,63835.938786026774,10,-0.3040953707644789,0.4,-0.7040953707644789,-0.06081907415289578,sl,False
vwap_mean_reversion,1,2026-07-31 08:23:00+00:00,63869.286290000004,2026-07-31 08:23:00+00:00,63830.37492436099,0,-0.3046171947368448,0.4,-0.7046171947368448,-0.06092343894736896,sl,False
vwap_mean_reversion,1,2026-07-31 08:25:00+00:00,63846.584019999995,2026-07-31 08:40:00+00:00,63807.99409018882,15,-0.30220825752469427,0.4,-0.7022082575246943,-0.060441651504938854,sl,False
vwap_mean_reversion,1,2026-07-31 08:42:00+00:00,63810.080369999996,2026-07-31 09:06:00+00:00,63771.440847709426,24,-0.302769735334274,0.4,-0.702769735334274,-0.060553947066854796,sl,False
vwap_mean_reversion,1,2026-07-31 09:08:00+00:00,63786.17798,2026-07-31 09:08:00+00:00,63753.871834939666,0,-0.25323781799924117,0.4,-0.6532378179992412,-0.05064756359984823,sl,False
vwap_mean_reversion,1,2026-07-31 09:10:00+00:00,63770.176380000004,2026-07-31 09:12:00+00:00,63737.33475303472,2,-0.25749989124684847,0.4,-0.6574998912468485,-0.05149997824936969,sl,False
vwap_mean_reversion,1,2026-07-31 09:14:00+00:00,63779.077269999994,2026-07-31 09:15:00+00:00,63743.46273720492,1,-0.2792023208826322,0.4,-0.6792023208826322,-0.05584046417652644,sl,False
vwap_mean_reversion,1,2026-07-31 09:18:00+00:00,63756.375,2026-07-31 09:19:00+00:00,63719.20326886531,1,-0.2915138379078752,0.4,-0.6915138379078752,-0.05830276758157504,sl,False
vwap_mean_reversion,1,2026-07-31 09:21:00+00:00,63711.07047,2026-07-31 09:22:00+00:00,63673.20405107401,1,-0.29717299243792183,0.4,-0.6971729924379219,-0.05943459848758437,sl,False
vwap_mean_reversion,1,2026-07-31 09:24:00+00:00,63679.967359999995,2026-07-31 09:31:00+00:00,63643.83239358951,7,-0.2837231857092948,0.4,-0.6837231857092948,-0.056744637141858956,sl,False
vwap_mean_reversion,1,2026-07-31 09:33:00+00:00,63628.56222,2026-07-31 10:05:00+00:00,63593.60587616499,32,-0.2746906626158174,0.4,-0.6746906626158174,-0.054938132523163485,sl,False
vwap_mean_reversion,1,2026-07-31 10:07:00+00:00,63606.25999,2026-07-31 13:31:00+00:00,63568.045557075544,204,-0.3003983643313224,0.4,-0.7003983643313224,-0.06007967286626448,sl,False
vwap_mean_reversion,1,2026-07-31 13:33:00+00:00,63628.06217,2026-07-31 13:33:00+00:00,63567.56468563386,0,-0.47539939378088425,0.4,-0.8753993937808843,-0.09507987875617685,sl,False
vwap_mean_reversion,1,2026-07-31 13:34:00+00:00,63623.76174,2026-07-31 13:38:00+00:00,63562.5921773743,4,-0.48071318759546067,0.4,-0.8807131875954607,-0.09614263751909213,sl,False
vwap_mean_reversion,1,2026-07-31 13:40:00+00:00,63598.959259999996,2026-07-31 13:41:00+00:00,63526.03983862292,1,-0.573275272312046,0.4,-0.973275272312046,-0.1146550544624092,sl,False
vwap_mean_reversion,1,2026-07-31 13:43:00+00:00,63481.54751999999,2026-07-31 13:46:00+00:00,63402.253598358075,3,-0.6245430738510138,0.4,-1.0245430738510137,-0.12490861477020276,sl,False
vwap_mean_reversion,1,2026-07-31 13:49:00+00:00,63345.933959999995,2026-07-31 13:51:00+00:00,63260.0582309496,2,-0.677831422492059,0.4,-1.0778314224920589,-0.1355662844984118,sl,False
vwap_mean_reversion,1,2026-07-31 13:54:00+00:00,63261.3255,2026-07-31 14:03:00+00:00,63173.58011854376,9,-0.6935151987626509,0.4,-1.0935151987626508,-0.13870303975253018,sl,False
vwap_mean_reversion,1,2026-07-31 14:08:00+00:00,62688.66824,2026-07-31 14:09:00+00:00,62577.654414915545,1,-0.8854377370041133,0.4,-1.2854377370041132,-0.17708754740082266,sl,False
vwap_mean_reversion,1,2026-07-31 14:10:00+00:00,62644.063780000004,2026-07-31 14:10:00+00:00,62530.780808013915,0,-0.9041796233393296,0.4,-1.3041796233393295,-0.1808359246678659,sl,False
vwap_mean_reversion,1,2026-07-31 14:11:00+00:00,62581.357509999994,2026-07-31 15:26:00+00:00,62458.42843601292,75,-0.9821541021016733,0.4,-1.3821541021016732,-0.19643082042033466,sl,False
vwap_mean_reversion,1,2026-07-31 15:28:00+00:00,62518.451219999995,2026-08-01 18:30:00+00:00,62457.589708513784,1622,-0.4867483942623818,0.4,-0.8867483942623818,-0.09734967885247636,sl,False
vwap_mean_reversion,1,2026-08-01 18:33:00+00:00,62363.73575,2026-08-01 18:33:00+00:00,62291.24355508146,0,-0.5812047181485425,0.4,-0.9812047181485425,-0.11624094362970849,sl,False
vwap_mean_reversion,1,2026-08-01 18:34:00+00:00,62329.03228,2026-08-01 18:45:00+00:00,62254.71340114707,11,-0.5961818765216065,0.4,-0.9961818765216065,-0.1192363753043213,sl,False
vwap_mean_reversion,1,2026-08-01 18:47:00+00:00,62325.531930000005,2026-08-01 21:34:00+00:00,62798.7209049202,167,3.796108595203407,0.4,3.396108595203407,0.7592217190406814,tp,False
vwap_mean_reversion,-1,2026-08-01 21:36:00+00:00,62783.62101,2026-08-01 21:36:00+00:00,62763.51886464513,0,0.160090681546321,0.4,-0.23990931845367902,0.0320181363092642,tp,False
vwap_mean_reversion,-1,2026-08-01 21:37:00+00:00,62749.624410000004,2026-08-01 21:37:00+00:00,62763.53259120466,0,-0.11082282432306467,0.4,-0.5108228243230647,-0.022164564864612935,tp,False
vwap_mean_reversion,-1,2026-08-01 21:50:00+00:00,62782.62111,2026-08-01 21:54:00+00:00,62763.58129419974,4,0.1516328520825838,0.4,-0.2483671479174162,0.030326570416516763,tp,False
vwap_mean_reversion,-1,2026-08-01 21:58:00+00:00,62773.522020000004,2026-08-01 22:00:00+00:00,62803.31476897723,2,-0.23730346823402915,0.4,-0.6373034682340292,-0.04746069364680583,sl,False
vwap_mean_reversion,-1,2026-08-01 22:01:00+00:00,62783.42103,2026-08-01 22:05:00+00:00,62812.173970839285,4,-0.22898513944902277,0.4,-0.6289851394490228,-0.045797027889804554,sl,False
vwap_mean_reversion,-1,2026-08-01 22:06:00+00:00,62793.72,2026-08-01 22:10:00+00:00,62825.39209464293,4,-0.2521915777797812,0.4,-0.6521915777797812,-0.05043831555595624,sl,False
vwap_mean_reversion,-1,2026-08-01 22:12:00+00:00,62805.91878,2026-08-01 22:15:00+00:00,62836.70769961733,3,-0.24511160902829232,0.4,-0.6451116090282923,-0.049022321805658464,sl,False
vwap_mean_reversion,-1,2026-08-01 22:16:00+00:00,62816.817689999996,2026-08-01 23:16:00+00:00,62764.17488231972,60,0.41901842226443886,0.4,0.01901842226443884,0.08380368445288777,tp,False
vwap_mean_reversion,-1,2026-08-01 23:17:00+00:00,62752.624110000004,2026-08-01 23:17:00+00:00,62765.504374406526,0,-0.10262729717835928,0.4,-0.5026272971783593,-0.020525459435671856,tp,False
vwap_mean_reversion,1,2026-08-01 23:22:00+00:00,62759.17529,2026-08-01 23:25:00+00:00,62752.90324150743,3,-0.04996917553157232,0.4,-0.44996917553157234,-0.009993835106314464,tp,False
vwap_mean_reversion,1,2026-08-01 23:29:00+00:00,62754.874859999996,2026-08-01 23:31:00+00:00,62752.88708790665,2,-0.015837591085754443,0.4,-0.41583759108575447,-0.0031675182171508887,tp,False
vwap_mean_reversion,1,2026-08-01 23:32:00+00:00,62764.37581,2026-08-01 23:32:00+00:00,62745.175525306746,0,-0.1529552747515095,0.4,-0.5529552747515095,-0.0305910549503019,sl,False
vwap_mean_reversion,-1,2026-08-01 23:39:00+00:00,62787.42063,2026-08-01 23:44:00+00:00,62809.11519099737,5,-0.17276200216298498,0.4,-0.572762002162985,-0.034552400432597,sl,False
vwap_mean_reversion,-1,2026-08-01 23:46:00+00:00,62790.52032,2026-08-01 23:48:00+00:00,62815.40573265471,2,-0.19816217900314737,0.4,-0.5981621790031474,-0.03963243580062947,sl,False
vwap_mean_reversion,-1,2026-08-01 23:50:00+00:00,62784.7209,2026-08-02 00:00:00+00:00,62809.077910670836,10,-0.19397243725616242,0.4,-0.5939724372561624,-0.038794487451232484,sl,False
vwap_mean_reversion,-1,2026-08-02 00:03:00+00:00,62812.21815,2026-08-02 00:03:00+00:00,62834.21897343539,0,-0.17513171866379018,0.4,-0.5751317186637902,-0.035026343732758036,sl,False
vwap_mean_reversion,-1,2026-08-02 00:07:00+00:00,62864.312939999996,2026-08-02 00:09:00+00:00,62889.14316188718,2,-0.19749060099394367,0.4,-0.5974906009939437,-0.03949812019878873,sl,False
vwap_mean_reversion,-1,2026-08-02 00:13:00+00:00,62928.80649,2026-08-02 00:18:00+00:00,62896.80089474125,5,0.25430003399029566,0.4,-0.14569996600970436,0.05086000679805913,tp,False
vwap_mean_reversion,1,2026-08-02 00:30:00+00:00,62857.98517,2026-08-02 00:35:00+00:00,62834.11178099546,5,-0.18989941325653348,0.4,-0.5898994132565335,-0.037979882651306696,sl,False
vwap_mean_reversion,1,2026-08-02 00:37:00+00:00,62836.68304,2026-08-02 00:49:00+00:00,62812.29742795814,12,-0.19403961875535947,0.4,-0.5940396187553595,-0.03880792375107189,sl,False
vwap_mean_reversion,1,2026-08-02 00:51:00+00:00,62819.88136,2026-08-02 00:52:00+00:00,62798.486611386055,1,-0.17028644555483474,0.4,-0.5702864455548348,-0.03405728911096695,sl,False
vwap_mean_reversion,1,2026-08-02 00:57:00+00:00,62813.88076,2026-08-02 00:58:00+00:00,62791.924572915064,1,-0.1747717767098811,0.4,-0.5747717767098811,-0.03495435534197622,sl,False
vwap_mean_reversion,1,2026-08-02 01:00:00+00:00,62813.78075,2026-08-02 01:06:00+00:00,62863.081961510965,6,0.39243945295364124,0.4,-0.007560547046358779,0.07848789059072825,tp,False
vwap_mean_reversion,-1,2026-08-02 01:08:00+00:00,62883.711,2026-08-02 01:10:00+00:00,62907.45958667506,2,-0.1888293987218903,0.4,-0.5888293987218903,-0.03776587974437806,sl,False
vwap_mean_reversion,-1,2026-08-02 01:12:00+00:00,62906.508720000005,2026-08-02 01:13:00+00:00,62931.32853090657,1,-0.19727538065283934,0.4,-0.5972753806528394,-0.03945507613056787,sl,False
vwap_mean_reversion,-1,2026-08-02 01:17:00+00:00,62993.79999,2026-08-02 02:06:00+00:00,63028.99540402988,49,-0.2793561750161766,0.4,-0.6793561750161766,-0.05587123500323532,sl,False
vwap_mean_reversion,-1,2026-08-02 02:09:00+00:00,63357.6636,2026-08-02 02:10:00+00:00,63427.4820937216,1,-0.5509869663312683,0.4,-0.9509869663312683,-0.11019739326625366,sl,False
vwap_mean_reversion,-1,2026-08-02 02:11:00+00:00,63354.36393,2026-08-02 02:14:00+00:00,63425.95755632117,3,-0.5650252159447033,0.4,-0.9650252159447034,-0.11300504318894067,sl,False
vwap_mean_reversion,-1,2026-08-02 02:16:00+00:00,63396.25974,2026-08-02 02:16:00+00:00,63469.67305447309,0,-0.5790035151456152,0.4,-0.9790035151456152,-0.11580070302912304,sl,False
vwap_mean_reversion,-1,2026-08-02 02:17:00+00:00,63415.95777,2026-08-02 02:19:00+00:00,63490.09461629645,2,-0.5845283182928096,0.4,-0.9845283182928096,-0.11690566365856192,sl,False
vwap_mean_reversion,-1,2026-08-02 02:21:00+00:00,63470.75229,2026-08-02 04:56:00+00:00,63545.56335733477,155,-0.5893349663870229,0.4,-0.9893349663870229,-0.11786699327740457,sl,False
vwap_mean_reversion,-1,2026-08-02 04:58:00+00:00,63578.14155,2026-08-02 05:01:00+00:00,63600.49787702346,3,-0.17581771406349755,0.4,-0.5758177140634976,-0.03516354281269951,sl,False
vwap_mean_reversion,-1,2026-08-02 05:03:00+00:00,63523.647,2026-08-02 08:38:00+00:00,63302.75009540131,215,1.7386982252348138,0.4,1.3386982252348139,0.34773964504696275,tp,False
vwap_mean_reversion,1,2026-08-02 08:41:00+00:00,63231.122480000005,2026-08-02 08:41:00+00:00,63198.95145912296,0,-0.25439229619261816,0.4,-0.6543922961926182,-0.05087845923852363,sl,False
vwap_mean_reversion,1,2026-08-02 08:42:00+00:00,63231.122480000005,2026-08-02 08:44:00+00:00,63197.567884185606,2,-0.26533291279950966,0.4,-0.6653329127995097,-0.05306658255990193,sl,False
vwap_mean_reversion,1,2026-08-02 08:46:00+00:00,63219.02127,2026-08-02 08:51:00+00:00,63182.511595542346,5,-0.28875545464174257,0.4,-0.6887554546417426,-0.057751090928348514,sl,False
vwap_mean_reversion,1,2026-08-02 08:53:00+00:00,63203.81975,2026-08-02 08:56:00+00:00,63173.65330131533,3,-0.23864418957580957,0.4,-0.6386441895758096,-0.047728837915161915,sl,False
vwap_mean_reversion,1,2026-08-02 09:00:00+00:00,63177.51712,2026-08-02 09:02:00+00:00,63149.730436030346,2,-0.21990959154721823,0.4,-0.6199095915472183,-0.043981918309443646,sl,False
vwap_mean_reversion,1,2026-08-02 09:06:00+00:00,63127.3121,2026-08-02 10:26:00+00:00,63091.76958144821,80,-0.2815145882933412,0.4,-0.6815145882933412,-0.05630291765866824,sl,False
vwap_mean_reversion,1,2026-08-02 10:28:00+00:00,63115.91096,2026-08-02 11:23:00+00:00,63083.1020758678,55,-0.25990977261658443,0.4,-0.6599097726165845,-0.05198195452331689,sl,False
vwap_mean_reversion,1,2026-08-02 11:25:00+00:00,63127.01207,2026-08-02 11:30:00+00:00,63096.47070121218,5,-0.24190412143970663,0.4,-0.6419041214397067,-0.048380824287941326,sl,False
vwap_mean_reversion,1,2026-08-02 11:33:00+00:00,63106.31,2026-08-02 11:43:00+00:00,63076.496460694005,10,-0.23621678486662745,0.4,-0.6362167848666275,-0.04724335697332549,sl,False
vwap_mean_reversion,1,2026-08-02 11:45:00+00:00,63100.909459999995,2026-08-02 11:53:00+00:00,63067.78532439447,8,-0.26246955780029335,0.4,-0.6624695578002934,-0.05249391156005867,sl,False
vwap_mean_reversion,1,2026-08-02 11:55:00+00:00,63028.902259999995,2026-08-02 11:56:00+00:00,62983.809882648624,1,-0.3577119046541677,0.4,-0.7577119046541677,-0.07154238093083354,sl,False
vwap_mean_reversion,1,2026-08-02 11:58:00+00:00,62993.89876,2026-08-02 17:24:00+00:00,63286.184249949336,326,2.3199507865271363,0.4,1.9199507865271364,0.46399015730542725,tp,False
vwap_mean_reversion,1,2026-08-02 17:25:00+00:00,63329.93236,2026-08-02 17:25:00+00:00,63295.75821655393,0,-0.2698103580137112,0.4,-0.6698103580137112,-0.053962071602742245,sl,False
vwap_mean_reversion,-1,2026-08-02 17:26:00+00:00,63225.27684,2026-08-02 17:26:00+00:00,63264.472276778055,0,-0.3099665097334725,0.4,-0.7099665097334725,-0.0619933019466945,sl,False
vwap_mean_reversion,-1,2026-08-02 17:33:00+00:00,63276.571710000004,2026-08-02 17:45:00+00:00,63312.33034649451,12,-0.28255826388945415,0.4,-0.6825582638894542,-0.05651165277789083,sl,False
vwap_mean_reversion,-1,2026-08-02 17:47:00+00:00,63299.16945,2026-08-02 18:35:00+00:00,63326.58118604676,48,-0.21652524262905093,0.4,-0.616525242629051,-0.043305048525810186,sl,False
vwap_mean_reversion,-1,2026-08-02 18:39:00+00:00,63360.563310000005,2026-08-02 18:39:00+00:00,63391.63520836612,0,-0.2451990381941993,0.4,-0.6451990381941993,-0.04903980763883986,sl,False
vwap_mean_reversion,-1,2026-08-02 18:43:00+00:00,63536.04576,2026-08-02 21:42:00+00:00,63581.91710510893,179,-0.360986779710859,0.4,-0.760986779710859,-0.0721973559421718,sl,False
vwap_mean_reversion,-1,2026-08-02 21:44:00+00:00,63678.13155,2026-08-02 21:45:00+00:00,63729.12878149462,1,-0.400429709959238,0.4,-0.800429709959238,-0.0800859419918476,sl,False
vwap_mean_reversion,-1,2026-08-02 21:47:00+00:00,63699.22944,2026-08-02 22:10:00+00:00,63755.295753361395,23,-0.44008627619429586,0.4,-0.8400862761942959,-0.08801725523885917,sl,False
vwap_mean_reversion,-1,2026-08-02 22:13:00+00:00,63710.928270000004,2026-08-02 22:17:00+00:00,63774.91665819387,4,-0.5021774908277044,0.4,-0.9021774908277044,-0.10043549816554087,sl,False
vwap_mean_reversion,-1,2026-08-02 22:18:00+00:00,63723.527010000005,2026-08-02 23:13:00+00:00,63313.820117158226,55,3.214722348760468,0.4,2.8147223487604682,0.6429444697520936,tp,False
vwap_mean_reversion,-1,2026-08-02 23:18:00+00:00,63358.363529999995,2026-08-02 23:18:00+00:00,63397.40636251051,0,-0.3081111185267993,0.4,-0.7081111185267993,-0.06162222370535986,sl,False
vwap_mean_reversion,-1,2026-08-02 23:21:00+00:00,63443.85498,2026-08-02 23:26:00+00:00,63490.86367053047,5,-0.3704747334890568,0.4,-0.7704747334890568,-0.07409494669781136,sl,False
vwap_mean_reversion,-1,2026-08-02 23:29:00+00:00,63497.049660000004,2026-08-02 23:31:00+00:00,63539.681516159755,2,-0.33569950405587523,0.4,-0.7356995040558753,-0.06713990081117505,sl,False
vwap_mean_reversion,-1,2026-08-02 23:33:00+00:00,63513.34803,2026-08-02 23:34:00+00:00,63554.26539456967,1,-0.32211626247713454,0.4,-0.7221162624771346,-0.06442325249542691,sl,False
vwap_mean_reversion,-1,2026-08-02 23:36:00+00:00,63530.84628,2026-08-03 00:00:00+00:00,63571.46029897579,24,-0.31964015398755485,0.4,-0.7196401539875549,-0.06392803079751097,sl,False
vwap_mean_reversion,-1,2026-08-03 00:01:00+00:00,63517.647600000004,2026-08-03 00:01:00+00:00,63555.611835241616,0,-0.2988479318432047,0.4,-0.6988479318432047,-0.05976958636864094,sl,False
vwap_mean_reversion,1,2026-08-03 00:08:00+00:00,63429.04227,2026-08-03 00:10:00+00:00,63387.589596049176,2,-0.3267641483089556,0.4,-0.7267641483089556,-0.06535282966179112,sl,False
vwap_mean_reversion,1,2026-08-03 00:12:00+00:00,63403.03967,2026-08-03 00:12:00+00:00,63361.84387886247,0,-0.3248723669396769,0.4,-0.7248723669396769,-0.06497447338793538,sl,False
vwap_mean_reversion,1,2026-08-03 00:14:00+00:00,63390.23839,2026-08-03 00:22:00+00:00,63348.597352539575,8,-0.3284499200352786,0.4,-0.7284499200352786,-0.06568998400705572,sl,False
vwap_mean_reversion,1,2026-08-03 00:24:00+00:00,63364.3358,2026-08-03 00:28:00+00:00,63323.08408286638,4,-0.32551210876591297,0.4,-0.725512108765913,-0.0651024217531826,sl,False
vwap_mean_reversion,1,2026-08-03 00:30:00+00:00,63245.72394,2026-08-03 00:30:00+00:00,63199.387589732236,0,-0.36632002435238453,0.4,-0.7663200243523846,-0.0732640048704769,sl,False
vwap_mean_reversion,1,2026-08-03 00:32:00+00:00,63274.3268,2026-08-03 00:39:00+00:00,63351.99965356814,7,0.6137785852202704,0.4,0.21377858522027038,0.12275571704405408,tp,False
vwap_mean_reversion,1,2026-08-03 00:49:00+00:00,63290.72844,2026-08-03 01:00:00+00:00,63245.21031069301,11,-0.3595955555333874,0.4,-0.7595955555333874,-0.07191911110667748,sl,False
vwap_mean_reversion,1,2026-08-03 01:02:00+00:00,63283.3277,2026-08-03 01:07:00+00:00,63241.90804201661,5,-0.32725568873170907,0.4,-0.7272556887317091,-0.06545113774634181,sl,False
vwap_mean_reversion,1,2026-08-03 01:09:00+00:00,63231.3225,2026-08-03 01:13:00+00:00,63187.38854428959,4,-0.34740658563964244,0.4,-0.7474065856396425,-0.06948131712792849,sl,False
vwap_mean_reversion,1,2026-08-03 01:15:00+00:00,63206.420009999994,2026-08-03 01:18:00+00:00,63159.26134686192,3,-0.37305279377169986,0.4,-0.7730527937716999,-0.07461055875433997,sl,False
vwap_mean_reversion,1,2026-08-03 01:20:00+00:00,63190.41841,2026-08-03 01:21:00+00:00,63142.65376472592,1,-0.3779421506925895,0.4,-0.7779421506925895,-0.0755884301385179,sl,False
vwap_mean_reversion,1,2026-08-03 01:22:00+00:00,63177.417109999995,2026-08-03 01:26:00+00:00,63129.01913922796,4,-0.3830322050660251,0.4,-0.7830322050660251,-0.07660644101320502,sl,False
vwap_mean_reversion,1,2026-08-03 01:28:00+00:00,63131.3125,2026-08-03 02:28:00+00:00,63077.573308762745,60,-0.4256143988551897,0.4,-0.8256143988551897,-0.08512287977103794,sl,False
vwap_mean_reversion,1,2026-08-03 02:30:00+00:00,63108.410209999995,2026-08-03 03:13:00+00:00,63067.908780389895,43,-0.32088773489402644,0.4,-0.7208877348940265,-0.06417754697880529,sl,False
vwap_mean_reversion,1,2026-08-03 03:15:00+00:00,63096.309,2026-08-03 03:19:00+00:00,63064.2169060964,4,-0.2543103900388144,0.4,-0.6543103900388144,-0.05086207800776288,sl,False
vwap_mean_reversion,1,2026-08-03 03:21:00+00:00,63081.70754,2026-08-03 03:23:00+00:00,63048.83393566602,2,-0.2605636849092874,0.4,-0.6605636849092874,-0.05211273698185748,sl,False
vwap_mean_reversion,1,2026-08-03 03:25:00+00:00,63070.106380000005,2026-08-03 03:31:00+00:00,63038.39401828995,6,-0.2514056462738501,0.4,-0.6514056462738501,-0.05028112925477002,sl,False
vwap_mean_reversion,1,2026-08-03 03:34:00+00:00,63038.70324,2026-08-03 03:45:00+00:00,63008.126076937486,11,-0.24252690403625543,0.4,-0.6425269040362555,-0.048505380807251086,sl,False
vwap_mean_reversion,1,2026-08-03 03:48:00+00:00,62893.38871,2026-08-03 03:59:00+00:00,62841.77445664698,11,-0.41033131153905833,0.4,-0.8103313115390584,-0.08206626230781167,sl,False
vwap_mean_reversion,1,2026-08-03 04:01:00+00:00,62886.288,2026-08-03 04:02:00+00:00,62841.7029158951,1,-0.3544897108961331,0.4,-0.7544897108961331,-0.07089794217922663,sl,False
vwap_mean_reversion,1,2026-08-03 04:04:00+00:00,62891.38851,2026-08-03 04:08:00+00:00,62846.99062325128,4,-0.35297270262729663,0.4,-0.7529727026272967,-0.07059454052545933,sl,False
vwap_mean_reversion,1,2026-08-03 04:12:00+00:00,62835.78295,2026-08-03 04:57:00+00:00,62791.68354921004,45,-0.35090993315900487,0.4,-0.7509099331590049,-0.07018198663180097,sl,False
vwap_mean_reversion,1,2026-08-03 05:01:00+00:00,62820.2814,2026-08-03 05:04:00+00:00,62783.404909929995,3,-0.2935078389350032,0.4,-0.6935078389350032,-0.05870156778700064,sl,False
vwap_mean_reversion,1,2026-08-03 05:07:00+00:00,62772.2766,2026-08-03 06:26:00+00:00,62732.81118733422,79,-0.3143538422005765,0.4,-0.7143538422005765,-0.0628707684401153,sl,False
vwap_mean_reversion,1,2026-08-03 06:28:00+00:00,62773.2767,2026-08-03 06:35:00+00:00,62740.74340360212,7,-0.2591333295643983,0.4,-0.6591333295643983,-0.051826665912879655,sl,False
vwap_mean_reversion,1,2026-08-03 06:38:00+00:00,62732.57263,2026-08-03 06:39:00+00:00,62693.90593087354,1,-0.3081867800522331,0.4,-0.7081867800522331,-0.06163735601044662,sl,False
vwap_mean_reversion,1,2026-08-03 06:42:00+00:00,62648.06418,2026-08-03 06:42:00+00:00,62605.22559810285,0,-0.34189868799511247,0.4,-0.7418986879951125,-0.0683797375990225,sl,False
vwap_mean_reversion,1,2026-08-03 06:43:00+00:00,62646.964069999995,2026-08-03 06:44:00+00:00,62602.9981960955,1,-0.3509018717600676,0.4,-0.7509018717600676,-0.07018037435201352,sl,False
vwap_mean_reversion,1,2026-08-03 06:46:00+00:00,62633.562730000005,2026-08-03 06:58:00+00:00,62588.46111505898,12,-0.3600435052325546,0.4,-0.7600435052325546,-0.07200870104651091,sl,False
vwap_mean_reversion,1,2026-08-03 07:00:00+00:00,62601.05948,2026-08-03 07:02:00+00:00,62563.81242337893,2,-0.29749541725387907,0.4,-0.6974954172538791,-0.059499083450775814,sl,False
vwap_mean_reversion,1,2026-08-03 07:03:00+00:00,62606.36001,2026-08-03 07:03:00+00:00,62568.22110113101,0,-0.30459292684398287,0.4,-0.7045929268439829,-0.060918585368796574,sl,False
vwap_mean_reversion,1,2026-08-03 07:04:00+00:00,62575.95697,2026-08-03 07:15:00+00:00,62537.01146890737,11,-0.31118582102790393,0.4,-0.711185821027904,-0.062237164205580786,sl,False
vwap_mean_reversion,1,2026-08-03 07:17:00+00:00,62601.75955,2026-08-03 07:17:00+00:00,62557.22123319263,0,-0.35572735596833827,0.4,-0.7557273559683383,-0.07114547119366765,sl,False
vwap_mean_reversion,1,2026-08-03 07:19:00+00:00,62569.45632,2026-08-03 08:08:00+00:00,62524.422499691595,49,-0.35987063782433326,0.4,-0.7598706378243333,-0.07197412756486665,sl,False
vwap_mean_reversion,1,2026-08-03 08:13:00+00:00,62540.85346,2026-08-03 08:16:00+00:00,62505.07977878594,3,-0.28600250264365634,0.4,-0.6860025026436564,-0.05720050052873127,sl,False
vwap_mean_reversion,1,2026-08-03 08:18:00+00:00,62508.050180000006,2026-08-03 08:18:00+00:00,62472.76214477916,0,-0.2822679248450921,0.4,-0.6822679248450921,-0.05645358496901842,sl,False
vwap_mean_reversion,1,2026-08-03 08:21:00+00:00,62462.2456,2026-08-03 08:21:00+00:00,62427.05771602764,0,-0.28167322223493496,0.4,-0.681673222234935,-0.05633464444698699,sl,False
vwap_mean_reversion,1,2026-08-03 08:23:00+00:00,62366.33601,2026-08-03 08:27:00+00:00,62322.165511166684,4,-0.35412132297008014,0.4,-0.7541213229700802,-0.07082426459401603,sl,False
vwap_mean_reversion,1,2026-08-03 08:28:00+00:00,62346.53403,2026-08-03 08:30:00+00:00,62297.42460590336,2,-0.39384245540424745,0.4,-0.7938424554042475,-0.07876849108084949,sl,False
vwap_mean_reversion,1,2026-08-03 08:31:00+00:00,62331.63254,2026-08-03 08:32:00+00:00,62281.317117193765,1,-0.4036106608786838,0.4,-0.8036106608786838,-0.08072213217573676,sl,False
vwap_mean_reversion,1,2026-08-03 08:34:00+00:00,62281.42752,2026-08-03 09:57:00+00:00,62839.40535270109,83,4.479488146943322,0.4,4.079488146943322,0.8958976293886645,tp,False
vwap_mean_reversion,1,2026-08-03 10:07:00+00:00,62761.77555,2026-08-03 10:19:00+00:00,62726.13005108251,12,-0.2839745896695556,0.4,-0.6839745896695556,-0.056794917933911115,sl,False
vwap_mean_reversion,1,2026-08-03 10:20:00+00:00,62768.47622,2026-08-03 10:22:00+00:00,62786.97005842565,2,0.14731788581923144,0.4,-0.2526821141807686,0.02946357716384629,tp,False
vwap_mean_reversion,1,2026-08-03 10:23:00+00:00,62797.2791,2026-08-03 10:23:00+00:00,62786.91302588062,0,-0.08253601324725857,0.4,-0.4825360132472586,-0.016507202649451713,tp,False
vwap_mean_reversion,1,2026-08-03 10:27:00+00:00,62768.67624,2026-08-03 10:28:00+00:00,62735.385633298254,1,-0.2651848716265781,0.4,-0.6651848716265781,-0.05303697432531562,sl,False
vwap_mean_reversion,1,2026-08-03 10:32:00+00:00,62691.468519999995,2026-08-03 10:33:00+00:00,62657.07864425613,1,-0.2742787539973812,0.4,-0.6742787539973812,-0.054855750799476244,sl,False
vwap_mean_reversion,1,2026-08-03 10:35:00+00:00,62676.16699,2026-08-03 10:35:00+00:00,62641.38589758773,0,-0.2774666518600144,0.4,-0.6774666518600144,-0.05549333037200288,sl,False
vwap_mean_reversion,1,2026-08-03 10:37:00+00:00,62665.96597,2026-08-03 10:48:00+00:00,62631.894153532274,11,-0.27185263915052715,0.4,-0.6718526391505272,-0.05437052783010543,sl,False
vwap_mean_reversion,1,2026-08-03 10:52:00+00:00,62638.063180000005,2026-08-03 11:06:00+00:00,62606.946141812725,14,-0.2483876145552566,0.4,-0.6483876145552566,-0.04967752291105132,sl,False
vwap_mean_reversion,1,2026-08-03 11:08:00+00:00,62621.66154,2026-08-03 11:08:00+00:00,62585.15545283886,0,-0.2914813042594333,0.4,-0.6914813042594333,-0.05829626085188666,sl,False
vwap_mean_reversion,1,2026-08-03 11:10:00+00:00,62583.55773,2026-08-03 11:56:00+00:00,62544.640657549826,46,-0.31092090208478806,0.4,-0.7109209020847881,-0.06218418041695761,sl,False
vwap_mean_reversion,1,2026-08-03 11:58:00+00:00,62581.95757,2026-08-03 11:58:00+00:00,62543.23478100317,0,-0.3093766198789538,0.4,-0.7093766198789538,-0.061875323975790764,sl,False
vwap_mean_reversion,1,2026-08-03 11:59:00+00:00,62545.653940000004,2026-08-03 12:03:00+00:00,62505.08218736009,4,-0.32433710485174627,0.4,-0.7243371048517463,-0.06486742097034925,sl,False
vwap_mean_reversion,1,2026-08-03 12:05:00+00:00,62521.95157,2026-08-03 12:05:00+00:00,62478.0832387601,0,-0.3508234319172243,0.4,-0.7508234319172243,-0.07016468638344486,sl,False
vwap_mean_reversion,1,2026-08-03 12:08:00+00:00,62473.14669,2026-08-03 12:08:00+00:00,62428.209281849835,0,-0.3596537915174225,0.4,-0.7596537915174225,-0.0719307583034845,sl,False
vwap_mean_reversion,1,2026-08-03 12:10:00+00:00,62463.84576,2026-08-03 12:45:00+00:00,62756.54848824968,35,2.3429771629360774,0.4,1.9429771629360775,0.4685954325872155,tp,False
vwap_mean_reversion,1,2026-08-03 12:52:00+00:00,62698.16919,2026-08-03 12:58:00+00:00,62660.5975265128,6,-0.2996232902219287,0.4,-0.6996232902219287,-0.05992465804438574,sl,False
vwap_mean_reversion,1,2026-08-03 13:00:00+00:00,62676.16699,2026-08-03 13:13:00+00:00,62748.58915375627,13,0.5777488257046048,0.4,0.17774882570460482,0.11554976514092097,tp,False
vwap_mean_reversion,-1,2026-08-03 13:21:00+00:00,62928.006570000005,2026-08-03 13:28:00+00:00,62764.105443133296,7,1.3022907907021541,0.4,0.9022907907021541,0.26045815814043083,tp,False
vwap_mean_reversion,1,2026-08-03 13:34:00+00:00,62675.46692,2026-08-03 13:35:00+00:00,62749.47917957876,1,0.5904404324041934,0.4,0.1904404324041934,0.11808808648083868,tp,False
vwap_mean_reversion,1,2026-08-03 13:36:00+00:00,62777.97717,2026-08-03 13:36:00+00:00,62749.04498662631,0,-0.23043258701488378,0.4,-0.6304325870148838,-0.04608651740297676,tp,False
vwap_mean_reversion,-1,2026-08-03 13:38:00+00:00,62780.62131,2026-08-03 13:39:00+00:00,62858.53062866159,1,-0.6204885921475833,0.4,-1.0204885921475833,-0.12409771842951667,sl,False
vwap_mean_reversion,-1,2026-08-03 13:43:00+00:00,62852.7141,2026-08-03 13:48:00+00:00,62928.72102837782,5,-0.6046431682877884,0.4,-1.0046431682877883,-0.12092863365755768,sl,False
vwap_mean_reversion,-1,2026-08-03 13:51:00+00:00,62964.702900000004,2026-08-03 13:51:00+00:00,63053.04777529023,0,-0.7015428583101446,0.4,-1.1015428583101445,-0.14030857166202892,sl,False
vwap_mean_reversion,-1,2026-08-03 13:54:00+00:00,63117.78759,2026-08-03 13:55:00+00:00,63214.33672464381,1,-0.7648330077011378,0.4,-1.1648330077011377,-0.15296660154022756,sl,False
vwap_mean_reversion,-1,2026-08-03 13:57:00+00:00,63171.18225,2026-08-03 13:58:00+00:00,63269.79427060586,1,-0.78051428747683,0.4,-1.18051428747683,-0.156102857495366,sl,False
vwap_mean_reversion,-1,2026-08-03 14:01:00+00:00,63181.38123,2026-08-03 14:10:00+00:00,63285.27304945189,9,-0.8221711636351436,0.4,-1.2221711636351436,-0.16443423272702873,sl,False
vwap_mean_reversion,-1,2026-08-03 14:12:00+00:00,63388.260539999996,2026-08-03 14:16:00+00:00,63479.441046208696,4,-0.7192223404770548,0.4,-1.1192223404770547,-0.14384446809541096,sl,False
vwap_mean_reversion,-1,2026-08-03 14:18:00+00:00,63382.961070000005,2026-08-03 14:26:00+00:00,63474.90029049529,8,-0.7252676345756992,0.4,-1.1252676345756991,-0.14505352691513984,sl,False
vwap_mean_reversion,-1,2026-08-03 14:30:00+00:00,63730.92627,2026-08-03 14:31:00+00:00,63841.71315779177,1,-0.8691768210178363,0.4,-1.2691768210178362,-0.17383536420356727,sl,False
vwap_mean_reversion,-1,2026-08-03 14:32:00+00:00,63789.42042,2026-08-03 14:55:00+00:00,63911.10530105514,23,-0.953801431757384,0.4,-1.3538014317573839,-0.1907602863514768,sl,False
vwap_mean_reversion,-1,2026-08-03 14:57:00+00:00,63875.211839999996,2026-08-03 17:24:00+00:00,63968.38036513042,147,-0.729301104815061,0.4,-1.129301104815061,-0.1458602209630122,sl,False
vwap_mean_reversion,-1,2026-08-03 17:26:00+00:00,63868.81248,2026-08-03 17:46:00+00:00,63924.851608501296,20,-0.43870495101849816,0.4,-0.8387049510184982,-0.08774099020369963,sl,False
vwap_mean_reversion,-1,2026-08-03 17:48:00+00:00,63877.71159,2026-08-03 17:49:00+00:00,63927.77219996686,1,-0.3918472399901951,0.4,-0.7918472399901951,-0.07836944799803902,sl,False
vwap_mean_reversion,-1,2026-08-03 17:51:00+00:00,63896.30973,2026-08-03 18:13:00+00:00,63942.36425892026,22,-0.3603848885394001,0.4,-0.7603848885394001,-0.07207697770788002,sl,False
vwap_mean_reversion,-1,2026-08-03 18:15:00+00:00,63928.6065,2026-08-03 19:28:00+00:00,63971.13201008353,73,-0.33260157237691157,0.4,-0.7326015723769116,-0.06652031447538231,sl,False
vwap_mean_reversion,-1,2026-08-03 19:29:00+00:00,63942.505110000006,2026-08-03 19:30:00+00:00,63979.35705308949,1,-0.2881646803334359,0.4,-0.6881646803334359,-0.05763293606668718,sl,False
vwap_mean_reversion,-1,2026-08-03 19:32:00+00:00,63966.70269,2026-08-03 19:33:00+00:00,64006.7358157863,1,-0.31292159907247985,0.4,-0.7129215990724799,-0.06258431981449597,sl,False
vwap_mean_reversion,-1,2026-08-03 19:36:00+00:00,64007.5986,2026-08-04 04:46:00+00:00,64050.5732859947,550,-0.33569987731663087,0.4,-0.7356998773166309,-0.06713997546332617,sl,False
vwap_mean_reversion,-1,2026-08-04 04:48:00+00:00,64097.78958,2026-08-04 04:48:00+00:00,64148.24949912238,0,-0.3936166867298807,0.4,-0.7936166867298807,-0.07872333734597614,sl,False
vwap_mean_reversion,-1,2026-08-04 04:49:00+00:00,64187.98056,2026-08-04 06:28:00+00:00,63746.410499570986,99,3.439663131450721,0.4,3.039663131450721,0.6879326262901442,tp,False
vwap_mean_reversion,1,2026-08-04 06:30:00+00:00,63741.173480000005,2026-08-04 06:37:00+00:00,63711.240595797644,7,-0.23480022855049132,0.4,-0.6348002285504913,-0.046960045710098264,sl,False
vwap_mean_reversion,1,2026-08-04 06:41:00+00:00,63704.3698,2026-08-04 06:41:00+00:00,63672.91144393736,0,-0.2469089338879571,0.4,-0.6469089338879571,-0.04938178677759142,sl,False
vwap_mean_reversion,1,2026-08-04 06:42:00+00:00,63687.76814,2026-08-04 06:48:00+00:00,63655.664642227544,6,-0.25203817554014796,0.4,-0.652038175540148,-0.05040763510802959,sl,False
vwap_mean_reversion,1,2026-08-04 06:52:00+00:00,63643.66373,2026-08-04 07:09:00+00:00,63614.4467342377,17,-0.22953577819034843,0.4,-0.6295357781903484,-0.045907155638069685,sl,False
vwap_mean_reversion,1,2026-08-04 07:13:00+00:00,63581.75754,2026-08-04 07:15:00+00:00,63556.147111702514,2,-0.2013976122111072,0.4,-0.6013976122111072,-0.04027952244222144,sl,False
vwap_mean_reversion,1,2026-08-04 07:17:00+00:00,63569.25629,2026-08-04 07:18:00+00:00,63544.03881273858,1,-0.19834648643973773,0.4,-0.5983464864397378,-0.03966929728794755,sl,False
vwap_mean_reversion,1,2026-08-04 07:20:00+00:00,63530.25239,2026-08-04 07:20:00+00:00,63504.01430352284,0,-0.20650072595407298,0.4,-0.606500725954073,-0.0413001451908146,sl,False
vwap_mean_reversion,1,2026-08-04 07:22:00+00:00,63507.25009,2026-08-04 07:24:00+00:00,63479.742934057955,2,-0.21656705260475473,0.4,-0.6165670526047548,-0.043313410520950946,sl,False
vwap_mean_reversion,1,2026-08-04 07:25:00+00:00,63541.553519999994,2026-08-04 09:10:00+00:00,63511.900405257045,105,-0.2333364003573868,0.4,-0.6333364003573868,-0.04666728007147736,sl,False
vwap_mean_reversion,1,2026-08-04 09:12:00+00:00,63534.95286,2026-08-04 09:18:00+00:00,63508.87716226113,6,-0.20520750047869907,0.4,-0.6052075004786991,-0.041041500095739814,sl,False
vwap_mean_reversion,1,2026-08-04 09:21:00+00:00,63529.75234,2026-08-04 09:32:00+00:00,63501.45500209684,11,-0.22270933586926445,0.4,-0.6227093358692645,-0.04454186717385289,sl,False
vwap_mean_reversion,1,2026-08-04 09:34:00+00:00,63540.85345,2026-08-04 09:37:00+00:00,63512.16424943688,3,-0.22575397563473487,0.4,-0.6257539756347349,-0.045150795126946974,sl,False
vwap_mean_reversion,1,2026-08-04 09:39:00+00:00,63525.85195,2026-08-04 10:13:00+00:00,63498.00633383508,34,-0.21916759327234026,0.4,-0.6191675932723403,-0.04383351865446805,sl,False
vwap_mean_reversion,1,2026-08-04 10:15:00+00:00,63493.24869,2026-08-04 10:15:00+00:00,63469.081627042266,0,-0.19031206826197744,0.4,-0.5903120682619775,-0.03806241365239549,sl,False
vwap_mean_reversion,1,2026-08-04 10:17:00+00:00,63454.14478,2026-08-04 10:45:00+00:00,63713.5166409545,28,2.043773987134734,0.4,1.6437739871347339,0.40875479742694676,tp,False
vwap_mean_reversion,1,2026-08-04 10:46:00+00:00,63726.77204,2026-08-04 10:46:00+00:00,63706.32974047563,0,-0.1603902007741853,0.4,-0.5603902007741853,-0.03207804015483706,tp,False
vwap_mean_reversion,-1,2026-08-04 10:54:00+00:00,63723.12705,2026-08-04 10:54:00+00:00,63720.23332100723,0,0.02270548485872048,0.4,-0.37729451514127954,0.004541096971744096,tp,False
vwap_mean_reversion,-1,2026-08-04 11:03:00+00:00,63729.12645,2026-08-04 11:03:00+00:00,63720.560968879756,0,0.06720224799383612,0.4,-0.3327977520061639,0.013440449598767223,tp,False
vwap_mean_reversion,-1,2026-08-04 11:24:00+00:00,63755.22384,2026-08-04 11:32:00+00:00,63721.25245101147,8,0.2664204353967081,0.4,-0.1335795646032919,0.053284087079341624,tp,False
vwap_mean_reversion,-1,2026-08-04 11:47:00+00:00,63825.01686,2026-08-04 11:48:00+00:00,63874.866963451524,1,-0.39052166300923563,0.4,-0.7905216630092357,-0.07810433260184713,sl,False
vwap_mean_reversion,-1,2026-08-04 11:51:00+00:00,63906.20874,2026-08-04 12:38:00+00:00,63955.52624062861,47,-0.38585844475036435,0.4,-0.7858584447503644,-0.07717168895007287,sl,False
vwap_mean_reversion,-1,2026-08-04 12:40:00+00:00,63948.104550000004,2026-08-04 12:40:00+00:00,63993.01718142369,0,-0.35116468064011475,0.4,-0.7511646806401148,-0.07023293612802295,sl,False
vwap_mean_reversion,-1,2026-08-04 12:41:00+00:00,63977.70159,2026-08-04 13:36:00+00:00,64024.49043417914,55,-0.3656652475497735,0.4,-0.7656652475497735,-0.0731330495099547,sl,False
vwap_mean_reversion,-1,2026-08-04 13:38:00+00:00,63948.80448,2026-08-04 13:39:00+00:00,64016.46361879081,1,-0.5290101929268376,0.4,-0.9290101929268376,-0.10580203858536752,sl,False
vwap_mean_reversion,-1,2026-08-04 13:42:00+00:00,64015.5978,2026-08-04 13:47:00+00:00,63760.8039203054,5,1.9900921685574446,0.4,1.5900921685574447,0.39801843371148893,tp,False
vwap_mean_reversion,1,2026-08-04 13:58:00+00:00,63652.864649999996,2026-08-04 14:00:00+00:00,63575.827484392335,2,-0.6051351029623953,0.4,-1.0051351029623952,-0.12102702059247905,sl,False
vwap_mean_reversion,1,2026-08-04 14:02:00+00:00,63652.26459,2026-08-04 14:04:00+00:00,63751.31668957095,2,0.778072078102543,0.4,0.37807207810254295,0.1556144156205086,tp,False
vwap_mean_reversion,1,2026-08-04 14:21:00+00:00,63666.46601,2026-08-04 14:25:00+00:00,63750.046669509895,4,0.6563946826950717,0.4,0.2563946826950717,0.13127893653901435,tp,False
vwap_mean_reversion,-1,2026-08-04 14:32:00+00:00,63859.21344,2026-08-04 14:34:00+00:00,63934.73604132662,2,-0.5913211051180589,0.4,-0.9913211051180589,-0.11826422102361178,sl,False
vwap_mean_reversion,-1,2026-08-04 14:36:00+00:00,63898.30953,2026-08-04 14:38:00+00:00,63973.05240108209,2,-0.5848579691063449,0.4,-0.9848579691063449,-0.11697159382126898,sl,False
vwap_mean_reversion,-1,2026-08-04 14:40:00+00:00,63960.6033,2026-08-04 14:40:00+00:00,64037.29035085291,0,-0.5994866128233856,0.4,-0.9994866128233856,-0.11989732256467711,sl,False
vwap_mean_reversion,-1,2026-08-04 14:43:00+00:00,64108.68849,2026-08-04 15:04:00+00:00,64197.514122217144,21,-0.6927737433827241,0.4,-1.092773743382724,-0.13855474867654483,sl,False
vwap_mean_reversion,-1,2026-08-04 15:05:00+00:00,64144.78488,2026-08-04 15:33:00+00:00,63789.08372448918,28,2.7726428280666626,0.4,2.3726428280666627,0.5545285656133325,tp,False
vwap_mean_reversion,-1,2026-08-04 15:34:00+00:00,63776.421720000006,2026-08-04 15:34:00+00:00,63829.730289788466,0,-0.4179332138020131,0.4,-0.8179332138020131,-0.08358664276040262,sl,False
vwap_mean_reversion,-1,2026-08-04 15:40:00+00:00,63881.41122,2026-08-04 15:42:00+00:00,63939.70023887103,2,-0.4562283280677981,0.4,-0.8562283280677981,-0.09124566561355962,sl,False
vwap_mean_reversion,-1,2026-08-04 15:44:00+00:00,63992.50011,2026-08-04 15:44:00+00:00,64050.93362056919,0,-0.4565653042836182,0.4,-0.8565653042836182,-0.09131306085672364,sl,False
vwap_mean_reversion,-1,2026-08-04 15:46:00+00:00,64095.5898,2026-08-04 15:46:00+00:00,64159.29451921526,0,-0.4969508776971887,0.4,-0.8969508776971887,-0.09939017553943774,sl,False
vwap_mean_reversion,-1,2026-08-04 15:48:00+00:00,64147.78458,2026-08-04 18:15:00+00:00,64213.34258039479,147,-0.5109919292148879,0.4,-0.9109919292148879,-0.10219838584297758,sl,False
vwap_mean_reversion,-1,2026-08-04 18:17:00+00:00,64184.78088,2026-08-04 18:18:00+00:00,64243.85658188899,1,-0.4602002303275565,0.4,-0.8602002303275565,-0.0920400460655113,sl,False
vwap_mean_reversion,-1,2026-08-04 18:22:00+00:00,64305.16884,2026-08-04 18:24:00+00:00,64361.933727556614,2,-0.44137111044573185,0.4,-0.8413711104457319,-0.08827422208914637,sl,False
vwap_mean_reversion,-1,2026-08-04 18:26:00+00:00,64313.16804,2026-08-04 18:32:00+00:00,64370.93885430119,6,-0.44913674805491244,0.4,-0.8491367480549125,-0.08982734961098249,sl,False
vwap_mean_reversion,-1,2026-08-04 18:33:00+00:00,64309.66839,2026-08-04 19:43:00+00:00,64366.17355748625,70,-0.43932093650034254,0.4,-0.8393209365003426,-0.08786418730006851,sl,False
vwap_mean_reversion,-1,2026-08-04 19:45:00+00:00,64344.66489,2026-08-04 20:43:00+00:00,64390.60342468734,58,-0.3569723672185443,0.4,-0.7569723672185443,-0.07139447344370886,sl,False
vwap_mean_reversion,-1,2026-08-04 20:45:00+00:00,64352.264129999996,2026-08-04 23:08:00+00:00,64402.78725539409,143,-0.39255126511195115,0.4,-0.7925512651119512,-0.07851025302239023,sl,False
vwap_mean_reversion,-1,2026-08-04 23:10:00+00:00,64359.66339,2026-08-04 23:13:00+00:00,64406.288435493516,3,-0.36222257107665357,0.4,-0.7622225710766536,-0.07244451421533071,sl,False
vwap_mean_reversion,-1,2026-08-04 23:15:00+00:00,64389.66039,2026-08-04 23:15:00+00:00,64432.826954279546,0,-0.335197949624888,0.4,-0.735197949624888,-0.0670395899249776,sl,False
vwap_mean_reversion,-1,2026-08-04 23:17:00+00:00,64418.45751,2026-08-04 23:17:00+00:00,64469.12049894513,0,-0.39323348387587664,0.4,-0.7932334838758767,-0.07864669677517533,sl,False
vwap_mean_reversion,-1,2026-08-04 23:18:00+00:00,64461.353220000005,2026-08-04 23:18:00+00:00,64515.75557402048,0,-0.4219765123050223,0.4,-0.8219765123050223,-0.08439530246100446,sl,False
vwap_mean_reversion,-1,2026-08-04 23:19:00+00:00,64450.95426,2026-08-04 23:59:00+00:00,64081.907549999996,40,2.8630042350594187,0.4,2.463004235059419,0.5726008470118837,eod,False
