strategy,side,entry_time,entry_price,exit_time,exit_price,bars_held,gross_pnl,fee,net_pnl,return_pct,exit_reason,partial
ema_pullback,1,2026-07-03 02:03:00+00:00,61599.25931,2026-07-03 02:03:00+00:00,61550.34435,0,-0.3970417870922671,0.4,-0.7970417870922671,-0.07940835741845342,sl,False
ema_pullback,1,2026-07-03 02:09:00+00:00,61578.05719,2026-07-03 02:09:00+00:00,61609.43844,0,0.1274043524269186,0.2,-0.0725956475730814,0.050961740970767444,tp1_partial,True
ema_pullback,1,2026-07-03 02:09:00+00:00,61578.05719,2026-07-03 02:11:00+00:00,61522.24716,2,-0.22658245707476987,0.2,-0.4265824570747699,-0.09063298282990795,sl,False
ema_pullback,1,2026-07-03 02:18:00+00:00,61535.652949999996,2026-07-03 02:26:00+00:00,61482.95109,8,-0.428222156371838,0.4,-0.828222156371838,-0.0856444312743676,sl,False
ema_pullback,1,2026-07-03 02:36:00+00:00,61410.940480000005,2026-07-03 02:42:00+00:00,61315.26786,6,-0.7789541997908489,0.4,-1.1789541997908488,-0.15579083995816978,sl,False
ema_pullback,1,2026-07-03 02:50:00+00:00,61366.336019999995,2026-07-03 02:50:00+00:00,61384.360949999995,0,0.07343166941775614,0.2,-0.12656833058224387,0.029372667767102456,tp1_partial,True
ema_pullback,1,2026-07-03 02:50:00+00:00,61366.336019999995,2026-07-03 02:53:00+00:00,61414.65791999999,3,0.1968583393354706,0.2,-0.003141660664529422,0.07874333573418824,tp2,False
ema_pullback,1,2026-07-03 02:57:00+00:00,61399.23931,2026-07-03 02:58:00+00:00,61408.65852,1,0.03835230739768214,0.2,-0.16164769260231787,0.015340922959072856,tp1_partial,True
ema_pullback,1,2026-07-03 02:57:00+00:00,61399.23931,2026-07-03 03:00:00+00:00,61365.26286,3,-0.13834230839754325,0.2,-0.33834230839754326,-0.0553369233590173,sl,False
ema_pullback,1,2026-07-03 03:04:00+00:00,61434.44283,2026-07-03 03:07:00+00:00,61375.26186,3,-0.48165953229012404,0.4,-0.8816595322901241,-0.09633190645802481,sl,False
ema_pullback,1,2026-07-03 03:17:00+00:00,61388.03819,2026-07-03 03:20:00+00:00,61430.05638,3,0.17111717216777844,0.2,-0.02888282783222157,0.06844686886711138,tp1_partial,True
ema_pullback,1,2026-07-03 03:17:00+00:00,61388.03819,2026-07-03 03:21:00+00:00,61484.45094000001,4,0.39263654957338856,0.2,0.19263654957338855,0.15705461982935542,tp2,False
ema_pullback,1,2026-07-03 03:32:00+00:00,61521.451530000006,2026-07-03 03:33:00+00:00,61496.04978,1,-0.206446283111672,0.4,-0.606446283111672,-0.0412892566223344,sl,False
ema_pullback,1,2026-07-03 03:58:00+00:00,61395.438930000004,2026-07-03 03:58:00+00:00,61419.35745000001,0,0.09739534571645558,0.2,-0.10260465428354443,0.03895813828658223,tp1_partial,True
ema_pullback,1,2026-07-03 03:58:00+00:00,61395.438930000004,2026-07-03 04:07:00+00:00,61346.96469,9,-0.19738534671634445,0.2,-0.39738534671634446,-0.07895413868653778,sl,False
ema_pullback,1,2026-07-03 04:12:00+00:00,61395.23891,2026-07-03 04:16:00+00:00,61336.96569,4,-0.47457442168624686,0.4,-0.8745744216862469,-0.09491488433724937,sl,False
ema_pullback,1,2026-07-03 04:20:00+00:00,61371.03649,2026-07-03 04:23:00+00:00,61377.661620000006,3,0.026988015760009976,0.2,-0.17301198423999004,0.01079520630400399,tp1_partial,True
ema_pullback,1,2026-07-03 04:20:00+00:00,61371.03649,2026-07-03 04:24:00+00:00,61396.459740000006,4,0.10356371447362012,0.2,-0.0964362855263799,0.04142548578944805,tp2,False
ema_pullback,1,2026-07-03 04:32:00+00:00,61425.1419,2026-07-03 04:32:00+00:00,61434.75591,0,0.0391289694358643,0.2,-0.1608710305641357,0.01565158777434572,tp1_partial,True
ema_pullback,1,2026-07-03 04:32:00+00:00,61425.1419,2026-07-03 04:34:00+00:00,61390.760310000005,2,-0.1399328879694295,0.2,-0.3399328879694295,-0.055973155187771795,sl,False
ema_pullback,1,2026-07-03 04:37:00+00:00,61441.443530000004,2026-07-03 04:37:00+00:00,61473.75201000001,0,0.1314604530093244,0.2,-0.0685395469906756,0.05258418120372976,tp1_partial,True
ema_pullback,1,2026-07-03 04:37:00+00:00,61441.443530000004,2026-07-03 04:48:00+00:00,61384.56093,11,-0.23145045400924102,0.2,-0.43145045400924104,-0.09258018160369641,sl,False
ema_pullback,1,2026-07-03 04:58:00+00:00,61425.44193,2026-07-03 04:58:00+00:00,61445.55483000001,0,0.08185899591461876,0.2,-0.11814100408538125,0.032743598365847504,tp1_partial,True
ema_pullback,1,2026-07-03 04:58:00+00:00,61425.44193,2026-07-03 05:02:00+00:00,61477.951590000004,4,0.21371299232914032,0.2,0.013712992329140306,0.08548519693165613,tp2,False
ema_pullback,1,2026-07-03 05:04:00+00:00,61506.35002,2026-07-03 05:18:00+00:00,61561.74320999999,14,0.22515232159764365,0.2,0.025152321597643634,0.09006092863905746,tp1_partial,True
ema_pullback,1,2026-07-03 05:04:00+00:00,61506.35002,2026-07-03 05:26:00+00:00,61629.43643999999,22,0.5002996436951901,0.2,0.3002996436951901,0.20011985747807604,tp2,False
ema_pullback,1,2026-07-03 05:27:00+00:00,61652.06459,2026-07-03 05:34:00+00:00,61706.02878000001,7,0.21882555904201295,0.2,0.01882555904201294,0.08753022361680518,tp1_partial,True
ema_pullback,1,2026-07-03 05:27:00+00:00,61652.06459,2026-07-03 05:35:00+00:00,61772.42214000001,8,0.488051579458082,0.2,0.28805157945808196,0.1952206317832328,tp2,False
ema_pullback,1,2026-07-03 05:38:00+00:00,61743.87377,2026-07-03 05:40:00+00:00,61670.73231,2,-0.5922973044455992,0.4,-0.9922973044455993,-0.11845946088911985,sl,False
ema_pullback,1,2026-07-03 05:45:00+00:00,61682.667649999996,2026-07-03 05:45:00+00:00,61652.63412,0,-0.24345193831765144,0.4,-0.6434519383176515,-0.04869038766353029,sl,False
ema_pullback,1,2026-07-03 05:49:00+00:00,61666.26601,2026-07-03 05:49:00+00:00,61666.23275999999,0,-0.0001347981731236736,0.2,-0.20013479817312368,-5.391926924946944e-05,tp1_partial,True
ema_pullback,1,2026-07-03 05:49:00+00:00,61666.26601,2026-07-03 05:50:00+00:00,61678.53152999999,1,0.04972540415371096,0.2,-0.15027459584628905,0.019890161661484385,tp2,False
ema_pullback,1,2026-07-03 05:52:00+00:00,61697.56914,2026-07-03 05:54:00+00:00,61707.92859,2,0.04197673483902209,0.2,-0.15802326516097792,0.016790693935608836,tp1_partial,True
ema_pullback,1,2026-07-03 05:52:00+00:00,61697.56914,2026-07-03 06:00:00+00:00,61662.533129999996,8,-0.14196673583891095,0.2,-0.34196673583891096,-0.05678669433556438,sl,False
ema_pullback,1,2026-07-03 06:03:00+00:00,61715.27091,2026-07-03 06:03:00+00:00,61735.425839999996,0,0.08164482510897297,0.2,-0.11835517489102704,0.03265793004358919,tp1_partial,True
ema_pullback,1,2026-07-03 06:03:00+00:00,61715.27091,2026-07-03 06:04:00+00:00,61767.92259,1,0.21328465071790426,0.2,0.013284650717904245,0.0853138602871617,tp2,False
ema_pullback,1,2026-07-03 06:09:00+00:00,61789.1783,2026-07-03 06:13:00+00:00,61743.825,4,-0.3670003489915641,0.4,-0.7670003489915641,-0.07340006979831282,sl,False
ema_pullback,1,2026-07-03 06:18:00+00:00,61772.97668,2026-07-03 06:20:00+00:00,61697.42964,2,-0.6114893927756659,0.4,-1.0114893927756659,-0.12229787855513319,sl,False
ema_pullback,1,2026-07-03 06:25:00+00:00,61715.07089,2026-07-03 06:31:00+00:00,61746.524730000005,6,0.12741555484907519,0.2,-0.07258444515092483,0.050966221939630074,tp1_partial,True
ema_pullback,1,2026-07-03 06:25:00+00:00,61715.07089,2026-07-03 06:37:00+00:00,61658.933489999996,12,-0.22740555584901956,0.2,-0.42740555584901957,-0.09096222233960782,sl,False
ema_pullback,1,2026-07-03 06:46:00+00:00,61660.765459999995,2026-07-03 06:48:00+00:00,61609.8384,2,-0.41296162657139535,0.4,-0.8129616265713954,-0.08259232531427907,sl,False
ema_pullback,1,2026-07-03 06:50:00+00:00,61649.66435,2026-07-03 06:51:00+00:00,61627.93659,1,-0.1762196131080973,0.4,-0.5762196131080973,-0.03524392262161946,sl,False
ema_pullback,1,2026-07-03 06:53:00+00:00,61672.56664,2026-07-03 06:53:00+00:00,61686.03078000001,0,0.054579129479925825,0.2,-0.14542087052007419,0.02183165179197033,tp1_partial,True
ema_pullback,1,2026-07-03 06:53:00+00:00,61672.56664,2026-07-03 06:54:00+00:00,61711.82820000001,1,0.15915325945975445,0.2,-0.04084674054024556,0.06366130378390178,tp2,False
ema_pullback,1,2026-07-03 07:02:00+00:00,61696.66905,2026-07-03 07:02:00+00:00,61677.8316,0,-0.1526618072746344,0.4,-0.5526618072746344,-0.030532361454926882,sl,False
ema_pullback,1,2026-07-03 07:03:00+00:00,61713.27071,2026-07-03 07:04:00+00:00,61673.832,1,-0.31953184093358455,0.4,-0.7195318409335846,-0.06390636818671691,sl,False
ema_pullback,1,2026-07-03 07:08:00+00:00,61749.074290000004,2026-07-03 07:10:00+00:00,61671.03228,2,-0.6319285827143251,0.4,-1.031928582714325,-0.126385716542865,sl,False
ema_pullback,1,2026-07-03 07:16:00+00:00,61705.669949999996,2026-07-03 07:19:00+00:00,61716.327750000004,3,0.043179986574326534,0.2,-0.15682001342567348,0.017271994629730614,tp1_partial,True
ema_pullback,1,2026-07-03 07:16:00+00:00,61705.669949999996,2026-07-03 07:30:00+00:00,61739.325450000004,14,0.13635497364861138,0.2,-0.06364502635138863,0.05454198945944455,tp2,False
ema_pullback,1,2026-07-03 07:33:00+00:00,61737.57314,2026-07-03 07:33:00+00:00,61739.72541,0,0.008715397652236945,0.2,-0.19128460234776307,0.003486159060894778,tp1_partial,True
ema_pullback,1,2026-07-03 07:33:00+00:00,61737.57314,2026-07-03 07:34:00+00:00,61754.22396,1,0.06742579580448771,0.2,-0.1325742041955123,0.026970318321795084,tp2,False
ema_pullback,1,2026-07-03 07:36:00+00:00,61825.08189,2026-07-03 07:36:00+00:00,61742.72511,0,-0.6660466713698243,0.4,-1.0660466713698242,-0.13320933427396486,sl,False
ema_pullback,1,2026-07-03 07:38:00+00:00,61755.774959999995,2026-07-03 07:41:00+00:00,61769.722409999995,3,0.05646212847720822,0.2,-0.1435378715227918,0.022584851390883287,tp1_partial,True
ema_pullback,1,2026-07-03 07:38:00+00:00,61755.774959999995,2026-07-03 07:44:00+00:00,61795.91978999999,6,0.16251447749621173,0.2,-0.03748552250378828,0.06500579099848469,tp2,False
ema_pullback,1,2026-07-03 08:02:00+00:00,61785.1779,2026-07-03 08:04:00+00:00,61737.32565,2,-0.38724700345971197,0.4,-0.787247003459712,-0.0774494006919424,sl,False
ema_pullback,1,2026-07-03 08:07:00+00:00,61758.67525,2026-07-03 08:07:00+00:00,61732.226160000006,0,-0.21413258860336626,0.4,-0.6141325886033663,-0.04282651772067325,sl,False
ema_pullback,1,2026-07-03 08:13:00+00:00,61742.87366999999,2026-07-03 08:13:00+00:00,61716.527729999994,0,-0.21335207153472258,0.4,-0.6133520715347226,-0.042670414306944515,sl,False
ema_pullback,1,2026-07-03 08:17:00+00:00,61761.87557,2026-07-03 08:17:00+00:00,61722.627120000005,0,-0.3177401077749664,0.4,-0.7177401077749664,-0.06354802155499328,sl,False
ema_pullback,1,2026-07-03 08:26:00+00:00,61741.1735,2026-07-03 08:26:00+00:00,61749.62441999999,0,0.034219142271363356,0.2,-0.16578085772863665,0.013687656908545343,tp1_partial,True
ema_pullback,1,2026-07-03 08:26:00+00:00,61741.1735,2026-07-03 08:27:00+00:00,61770.322349999995,1,0.11802840935637438,0.2,-0.08197159064362564,0.04721136374254975,tp2,False
ema_pullback,1,2026-07-03 08:32:00+00:00,61764.375819999994,2026-07-03 08:43:00+00:00,61810.418340000004,11,0.1863635768545313,0.2,-0.013636423145468701,0.07454543074181252,tp1_partial,True
ema_pullback,1,2026-07-03 08:32:00+00:00,61764.375819999994,2026-07-03 08:51:00+00:00,61693.83,19,-0.28554413067163886,0.2,-0.4855441306716389,-0.11421765226865555,sl,False
ema_pullback,1,2026-07-03 09:03:00+00:00,61579.457330000005,2026-07-03 09:03:00+00:00,61560.54333,0,-0.1535739418638271,0.4,-0.5535739418638271,-0.030714788372765423,sl,False
ema_pullback,1,2026-07-03 09:06:00+00:00,61592.95868,2026-07-03 09:06:00+00:00,61553.94399,0,-0.31671388123033495,0.4,-0.716713881230335,-0.06334277624606699,sl,False
ema_pullback,1,2026-07-03 09:07:00+00:00,61617.66115,2026-07-03 09:14:00+00:00,61665.63282,7,0.19463441611011767,0.2,-0.005365583889882342,0.07785376644404707,tp1_partial,True
ema_pullback,1,2026-07-03 09:07:00+00:00,61617.66115,2026-07-03 09:36:00+00:00,61545.24486,29,-0.29381304259387675,0.2,-0.49381304259387676,-0.1175252170375507,sl,False
ema_pullback,1,2026-07-03 09:42:00+00:00,61597.45913,2026-07-03 09:43:00+00:00,61597.83960000001,1,0.001544178953871711,0.2,-0.1984558210461283,0.0006176715815486844,tp1_partial,True
ema_pullback,1,2026-07-03 09:42:00+00:00,61597.45913,2026-07-03 09:44:00+00:00,61610.53833000001,2,0.05308335840770173,0.2,-0.14691664159229828,0.021233343363080692,tp2,False
ema_pullback,1,2026-07-03 09:54:00+00:00,61702.96968,2026-07-03 09:55:00+00:00,61702.72910999999,1,-0.0009747099744827903,0.2,-0.2009747099744828,-0.0003898839897931161,tp1_partial,True
ema_pullback,1,2026-07-03 09:54:00+00:00,61702.96968,2026-07-03 10:00:00+00:00,61678.33155,6,-0.09982554376142261,0.2,-0.2998255437614226,-0.03993021750456904,sl,False
ema_pullback,1,2026-07-03 10:01:00+00:00,61719.67135,2026-07-03 10:01:00+00:00,61664.43294,0,-0.44749436275148824,0.4,-0.8474943627514883,-0.08949887255029765,sl,False
ema_pullback,1,2026-07-03 10:05:00+00:00,61704.169799999996,2026-07-03 10:07:00+00:00,61669.53243,2,-0.28067284684540894,0.4,-0.680672846845409,-0.05613456936908179,sl,False
ema_pullback,1,2026-07-03 10:09:00+00:00,61691.468530000006,2026-07-03 10:09:00+00:00,61654.63392,0,-0.29853892991776876,0.4,-0.6985389299177688,-0.05970778598355375,sl,False
ema_pullback,1,2026-07-03 10:11:00+00:00,61686.46803,2026-07-03 10:12:00+00:00,61709.22846,1,0.0922423941865369,0.2,-0.10775760581346311,0.03689695767461476,tp1_partial,True
ema_pullback,1,2026-07-03 10:11:00+00:00,61686.46803,2026-07-03 10:16:00+00:00,61638.8355,5,-0.19304286467186627,0.2,-0.3930428646718663,-0.0772171458687465,sl,False
ema_pullback,1,2026-07-03 10:22:00+00:00,61716.67105,2026-07-03 10:37:00+00:00,61768.42254,15,0.20963334995044436,0.2,0.009633349950444348,0.08385333998017774,tp1_partial,True
ema_pullback,1,2026-07-03 10:22:00+00:00,61716.67105,2026-07-03 10:38:00+00:00,61832.516129999996,16,0.4692617004007915,0.2,0.2692617004007915,0.1877046801603166,tp2,False
ema_pullback,1,2026-07-03 10:44:00+00:00,61906.29001,2026-07-03 10:44:00+00:00,62006.89869,0,0.4062942553323401,0.2,0.20629425533234008,0.16251770213293604,tp1_partial,True
ema_pullback,1,2026-07-03 10:44:00+00:00,61906.29001,2026-07-03 12:01:00+00:00,62119.887389999996,77,0.862583511164583,0.2,0.662583511164583,0.3450334044658332,tp2,False
ema_pullback,1,2026-07-03 12:02:00+00:00,62130.81246,2026-07-03 12:18:00+00:00,62007.99858,16,-0.9883492194719956,0.4,-1.3883492194719955,-0.19766984389439912,sl,False
ema_pullback,1,2026-07-03 12:35:00+00:00,61933.69275,2026-07-03 12:35:00+00:00,61899.60942,0,-0.2751598401986022,0.4,-0.6751598401986022,-0.055031968039720436,sl,False
ema_pullback,1,2026-07-03 12:41:00+00:00,61915.290909999996,2026-07-03 12:42:00+00:00,61934.70591,1,0.07839339731208206,0.2,-0.12160660268791795,0.03135735892483282,tp1_partial,True
ema_pullback,1,2026-07-03 12:41:00+00:00,61915.290909999996,2026-07-03 12:51:00+00:00,61966.50272999999,10,0.2067817951240669,0.2,0.006781795124066903,0.08271271804962677,tp2,False
ema_pullback,1,2026-07-03 12:54:00+00:00,61962.69565,2026-07-03 12:56:00+00:00,61930.206360000004,2,-0.26216814535889865,0.4,-0.6621681453588987,-0.05243362907177973,sl,False
ema_pullback,1,2026-07-03 12:58:00+00:00,61950.49443,2026-07-03 13:00:00+00:00,61958.70350999999,2,0.033127580641278964,0.2,-0.16687241935872105,0.013251032256511586,tp1_partial,True
ema_pullback,1,2026-07-03 12:58:00+00:00,61950.49443,2026-07-03 13:01:00+00:00,61979.401439999994,3,0.11665366945801114,0.2,-0.08334633054198887,0.04666146778320446,tp2,False
ema_pullback,1,2026-07-03 13:08:00+00:00,61985.59794,2026-07-03 13:09:00+00:00,61948.70451,1,-0.29759679043273035,0.4,-0.6975967904327304,-0.05951935808654607,sl,False
ema_pullback,1,2026-07-03 13:11:00+00:00,62002.299609999995,2026-07-03 13:12:00+00:00,62010.7983,1,0.03426764028696683,0.2,-0.16573235971303318,0.013707056114786731,tp1_partial,True
ema_pullback,1,2026-07-03 13:11:00+00:00,62002.299609999995,2026-07-03 13:13:00+00:00,62031.796200000004,2,0.11893345160401969,0.2,-0.08106654839598032,0.047573380641607876,tp2,False
ema_pullback,1,2026-07-03 13:22:00+00:00,62051.90457,2026-07-03 13:25:00+00:00,61994.09997,3,-0.46577619494969635,0.4,-0.8657761949496964,-0.09315523898993927,sl,False
ema_pullback,1,2026-07-03 13:27:00+00:00,62030.002380000005,2026-07-03 13:27:00+00:00,62050.394340000006,0,0.0821858746477,0.2,-0.11781412535230001,0.03287434985908,tp1_partial,True
ema_pullback,1,2026-07-03 13:27:00+00:00,62030.002380000005,2026-07-03 13:28:00+00:00,62083.19106000001,1,0.2143667497954138,0.2,0.014366749795413802,0.08574669991816553,tp2,False
ema_pullback,1,2026-07-03 13:33:00+00:00,62067.70615,2026-07-03 13:34:00+00:00,62020.69731,1,-0.3786900057687892,0.4,-0.7786900057687892,-0.07573800115375784,sl,False
ema_pullback,1,2026-07-03 13:41:00+00:00,62033.2027,2026-07-03 13:41:00+00:00,62032.7961,0,-0.0016386385931488334,0.2,-0.20163863859314884,-0.0006554554372595334,tp1_partial,True
ema_pullback,1,2026-07-03 13:41:00+00:00,62033.2027,2026-07-03 13:42:00+00:00,62044.7949,1,0.04671772331366064,0.2,-0.15328227668633937,0.018687089325464257,tp2,False
ema_pullback,1,2026-07-03 13:48:00+00:00,62117.61114,2026-07-03 13:48:00+00:00,62067.7926,0,-0.4010017375565278,0.4,-0.8010017375565278,-0.08020034751130556,sl,False
ema_pullback,1,2026-07-03 13:52:00+00:00,62106.21,2026-07-03 13:53:00+00:00,62129.98638,1,0.09570854508755833,0.2,-0.10429145491244168,0.03828341803502333,tp1_partial,True
ema_pullback,1,2026-07-03 13:52:00+00:00,62106.21,2026-07-03 13:58:00+00:00,62057.39364,6,-0.19650353805197862,0.2,-0.39650353805197863,-0.07860141522079145,sl,False
ema_pullback,1,2026-07-03 14:18:00+00:00,61846.284009999996,2026-07-03 14:18:00+00:00,61790.92029,0,-0.44759132166327653,0.4,-0.8475913216632766,-0.0895182643326553,sl,False
ema_pullback,1,2026-07-03 14:24:00+00:00,61869.98638,2026-07-03 14:40:00+00:00,61933.30605000001,16,0.25585778220110766,0.2,0.05585778220110765,0.10234311288044307,tp1_partial,True
ema_pullback,1,2026-07-03 14:24:00+00:00,61869.98638,2026-07-03 14:41:00+00:00,62008.99848000001,17,0.5617105649022291,0.2,0.36171056490222914,0.22468422596089166,tp2,False
ema_pullback,1,2026-07-03 14:48:00+00:00,62057.60514,2026-07-03 14:53:00+00:00,62104.88889000001,5,0.19048330133486502,0.2,-0.009516698665134993,0.07619332053394601,tp1_partial,True
ema_pullback,1,2026-07-03 14:48:00+00:00,62057.60514,2026-07-03 14:54:00+00:00,62164.58292000001,6,0.43096160316963283,0.2,0.23096160316963282,0.17238464126785313,tp2,False
ema_pullback,1,2026-07-03 14:55:00+00:00,62245.72395,2026-07-03 15:08:00+00:00,62379.561420000005,13,0.5375368037630612,0.2,0.3375368037630612,0.2150147215052245,tp1_partial,True
ema_pullback,1,2026-07-03 14:55:00+00:00,62245.72395,2026-07-03 15:15:00+00:00,62086.990679999995,20,-0.6375268047629779,0.2,-0.8375268047629778,-0.25501072190519114,sl,False
ema_pullback,1,2026-07-03 15:32:00+00:00,62084.607840000004,2026-07-03 15:38:00+00:00,61961.8032,6,-0.9890103543577777,0.4,-1.3890103543577776,-0.19780207087155555,sl,False
ema_pullback,1,2026-07-03 15:52:00+00:00,61860.78546,2026-07-03 15:52:00+00:00,61869.91238999999,0,0.036884958427740866,0.2,-0.16311504157225915,0.014753983371096346,tp1_partial,True
ema_pullback,1,2026-07-03 15:52:00+00:00,61860.78546,2026-07-03 15:53:00+00:00,61891.31024999999,1,0.12336082452318875,0.2,-0.07663917547681126,0.0493443298092755,tp2,False
ema_pullback,1,2026-07-03 15:59:00+00:00,61901.48953,2026-07-03 16:00:00+00:00,61904.30894999999,1,0.011386721149198031,0.2,-0.18861327885080198,0.0045546884596792125,tp1_partial,True
ema_pullback,1,2026-07-03 15:59:00+00:00,61901.48953,2026-07-03 16:01:00+00:00,61919.607419999986,2,0.07317226991448988,0.2,-0.12682773008551013,0.029268907965795954,tp2,False
ema_pullback,1,2026-07-03 16:03:00+00:00,61910.1904,2026-07-03 16:03:00+00:00,61912.40814,0,0.008955472377281115,0.2,-0.1910445276227189,0.003582188950912446,tp1_partial,True
ema_pullback,1,2026-07-03 16:03:00+00:00,61910.1904,2026-07-03 16:04:00+00:00,61927.00668,1,0.06790594525452054,0.2,-0.13209405474547947,0.027162378101808216,tp2,False
ema_pullback,1,2026-07-03 16:10:00+00:00,61939.1933,2026-07-03 16:10:00+00:00,61949.60442,0,0.04202153533700015,0.2,-0.15797846466299986,0.01680861413480006,tp1_partial,True
ema_pullback,1,2026-07-03 16:10:00+00:00,61939.1933,2026-07-03 16:13:00+00:00,61904.00898,3,-0.142011536336889,0.2,-0.342011536336889,-0.056804614534755604,sl,False
ema_pullback,1,2026-07-03 16:16:00+00:00,61948.99428,2026-07-03 16:22:00+00:00,61979.20146000001,6,0.12190343181150975,0.2,-0.07809656818849026,0.0487613727246039,tp1_partial,True
ema_pullback,1,2026-07-03 16:16:00+00:00,61948.99428,2026-07-03 16:23:00+00:00,62021.797200000015,7,0.2938018641229223,0.2,0.0938018641229223,0.11752074564916892,tp2,False
ema_pullback,1,2026-07-03 16:28:00+00:00,62031.2025,2026-07-03 16:30:00+00:00,62043.89499000001,2,0.05115365126129312,0.2,-0.1488463487387069,0.020461460504517248,tp1_partial,True
ema_pullback,1,2026-07-03 16:28:00+00:00,62031.2025,2026-07-03 16:32:00+00:00,61993.500029999996,4,-0.15194961761383352,0.2,-0.35194961761383353,-0.06077984704553341,sl,False
ema_pullback,1,2026-07-03 16:35:00+00:00,62021.50153,2026-07-03 16:56:00+00:00,62064.292949999995,21,0.1724862303571495,0.2,-0.027513769642850516,0.0689944921428598,tp1_partial,True
ema_pullback,1,2026-07-03 16:35:00+00:00,62021.50153,2026-07-03 17:01:00+00:00,62119.58741999999,26,0.3953705069222879,0.2,0.1953705069222879,0.15814820276891517,tp2,False
ema_pullback,1,2026-07-03 17:04:00+00:00,62116.210999999996,2026-07-03 17:04:00+00:00,62120.38734000001,0,0.016808575139970472,0.2,-0.18319142486002954,0.006723430055988189,tp1_partial,True
ema_pullback,1,2026-07-03 17:04:00+00:00,62116.210999999996,2026-07-03 17:05:00+00:00,62137.08567000001,1,0.08401458195839151,0.2,-0.1159854180416085,0.033605832783356604,tp2,False
ema_pullback,1,2026-07-03 17:06:00+00:00,62206.320009999996,2026-07-03 17:24:00+00:00,62113.788,18,-0.7437508759971512,0.4,-1.143750875997151,-0.14875017519943023,sl,False
ema_pullback,1,2026-07-03 17:27:00+00:00,62166.91607,2026-07-03 17:42:00+00:00,62218.577520000006,15,0.20775298690156596,0.2,0.00775298690156595,0.08310119476062638,tp1_partial,True
ema_pullback,1,2026-07-03 17:27:00+00:00,62166.91607,2026-07-03 18:06:00+00:00,62090.59032,39,-0.30693878201248914,0.2,-0.5069387820124891,-0.12277551280499566,sl,False
ema_pullback,1,2026-07-03 18:11:00+00:00,62136.212999999996,2026-07-03 18:15:00+00:00,62156.38374,4,0.08115533207664338,0.2,-0.11884466792335663,0.03246213283065735,tp1_partial,True
ema_pullback,1,2026-07-03 18:11:00+00:00,62136.212999999996,2026-07-03 18:34:00+00:00,62188.98048,23,0.21230566465324507,0.2,0.012305664653245063,0.08492226586129803,tp2,False
ema_pullback,1,2026-07-03 18:39:00+00:00,62207.02008,2026-07-03 18:42:00+00:00,62170.48233,3,-0.293678671257791,0.4,-0.693678671257791,-0.0587357342515582,sl,False
ema_pullback,1,2026-07-03 18:44:00+00:00,62198.01918,2026-07-03 18:45:00+00:00,62179.081470000005,1,-0.15223724364271662,0.4,-0.5522372436427166,-0.030447448728543325,sl,False
ema_pullback,1,2026-07-03 18:47:00+00:00,62205.41991999999,2026-07-03 18:47:00+00:00,62180.38134,0,-0.20125722189640038,0.4,-0.6012572218964004,-0.04025144437928008,sl,False
ema_pullback,1,2026-07-03 18:51:00+00:00,62195.01888,2026-07-03 18:56:00+00:00,62198.479530000004,5,0.013910478935119652,0.2,-0.18608952106488036,0.005564191574047861,tp1_partial,True
ema_pullback,1,2026-07-03 18:51:00+00:00,62195.01888,2026-07-03 18:59:00+00:00,62166.68271,8,-0.11390047993503627,0.2,-0.3139004799350363,-0.04556019197401451,sl,False
ema_pullback,1,2026-07-03 19:03:00+00:00,62199.61934,2026-07-03 19:03:00+00:00,62202.47913000001,0,0.011494403142464638,0.2,-0.18850559685753537,0.004597761256985855,tp1_partial,True
ema_pullback,1,2026-07-03 19:03:00+00:00,62199.61934,2026-07-03 19:04:00+00:00,62171.88219,1,-0.11148440414232574,0.2,-0.31148440414232575,-0.0445937616569303,sl,False
ema_pullback,1,2026-07-03 19:10:00+00:00,62170.61644,2026-07-03 19:10:00+00:00,62131.28625,0,-0.3163085091649198,0.4,-0.7163085091649198,-0.06326170183298396,sl,False
ema_pullback,1,2026-07-03 19:14:00+00:00,62190.61844,2026-07-03 19:15:00+00:00,62212.578120000006,1,0.08827569395047918,0.2,-0.11172430604952083,0.035310277580191674,tp1_partial,True
ema_pullback,1,2026-07-03 19:14:00+00:00,62190.61844,2026-07-03 19:16:00+00:00,62246.97468000001,2,0.22654638840091668,0.2,0.026546388400916665,0.09061855536036667,tp2,False
ema_pullback,1,2026-07-03 19:21:00+00:00,62244.82386,2026-07-03 19:21:00+00:00,62203.07907000001,0,-0.3353274008283669,0.4,-0.7353274008283669,-0.06706548016567337,sl,False
ema_pullback,1,2026-07-03 19:23:00+00:00,62232.42262,2026-07-03 19:23:00+00:00,62211.17826,0,-0.17068562580085933,0.4,-0.5706856258008594,-0.034137125160171866,sl,False
ema_pullback,1,2026-07-03 19:28:00+00:00,62213.62074,2026-07-03 19:30:00+00:00,62176.98168,2,-0.2944617236884661,0.4,-0.6944617236884661,-0.058892344737693225,sl,False
ema_pullback,1,2026-07-03 19:34:00+00:00,62231.922569999995,2026-07-03 20:06:00+00:00,62295.26985,32,0.2544806482908668,0.2,0.054480648290866796,0.10179225931634672,tp1_partial,True
ema_pullback,1,2026-07-03 19:34:00+00:00,62231.922569999995,2026-07-03 20:07:00+00:00,62371.06226999999,33,0.5589562970816364,0.2,0.3589562970816364,0.22358251883265456,tp2,False
ema_pullback,1,2026-07-03 20:15:00+00:00,62411.64054,2026-07-03 20:19:00+00:00,62450.15436000001,4,0.15427338420676007,0.2,-0.045726615793239944,0.06170935368270403,tp1_partial,True
ema_pullback,1,2026-07-03 20:15:00+00:00,62411.64054,2026-07-03 20:20:00+00:00,62501.249250000015,5,0.35894229515798237,0.2,0.15894229515798236,0.14357691806319295,tp2,False
ema_pullback,1,2026-07-03 20:25:00+00:00,62606.26,2026-07-03 20:35:00+00:00,62681.7312,10,0.30137241866867726,0.2,0.10137241866867724,0.1205489674674709,tp1_partial,True
ema_pullback,1,2026-07-03 20:25:00+00:00,62606.26,2026-07-03 20:36:00+00:00,62769.62241,11,0.6523405566791762,0.2,0.4523405566791762,0.2609362226716705,tp2,False
ema_pullback,1,2026-07-03 20:43:00+00:00,62682.2676,2026-07-03 20:45:00+00:00,62725.726800000004,2,0.17333131706936955,0.2,-0.02666868293063046,0.06933252682774782,tp1_partial,True
ema_pullback,1,2026-07-03 20:43:00+00:00,62682.2676,2026-07-03 20:48:00+00:00,62781.7212,5,0.3966576346385864,0.2,0.19665763463858638,0.15866305385543455,tp2,False
ema_pullback,1,2026-07-03 20:54:00+00:00,62799.17929,2026-07-03 20:55:00+00:00,62754.32394,1,-0.3571332500450497,0.4,-0.7571332500450497,-0.07142665000900994,sl,False
ema_pullback,1,2026-07-03 21:00:00+00:00,62765.57593,2026-07-03 21:01:00+00:00,62797.01967,1,0.12524277653036542,0.2,-0.07475722346963459,0.05009711061214617,tp1_partial,True
ema_pullback,1,2026-07-03 21:00:00+00:00,62765.57593,2026-07-03 21:05:00+00:00,62709.028470000005,5,-0.22523277753022652,0.2,-0.42523277753022654,-0.09009311101209061,sl,False
ema_pullback,1,2026-07-03 21:08:00+00:00,62764.87586,2026-07-03 21:08:00+00:00,62733.62601,0,-0.24894377286510672,0.4,-0.6489437728651067,-0.04978875457302134,sl,False
ema_pullback,1,2026-07-03 21:10:00+00:00,62765.17589,2026-07-03 21:11:00+00:00,62785.02087,1,0.07904454866336508,0.2,-0.12095545133663493,0.03161781946534603,tp1_partial,True
ema_pullback,1,2026-07-03 21:10:00+00:00,62765.17589,2026-07-03 21:12:00+00:00,62817.31764000001,2,0.2076858276132132,0.2,0.007685827613213181,0.08307433104528528,tp2,False
ema_pullback,1,2026-07-03 21:44:00+00:00,62590.858459999996,2026-07-03 21:46:00+00:00,62619.137460000005,2,0.11295179797732313,0.2,-0.08704820202267688,0.04518071919092925,tp1_partial,True
ema_pullback,1,2026-07-03 21:44:00+00:00,62590.858459999996,2026-07-03 21:48:00+00:00,62660.033370000005,4,0.27629797586264937,0.2,0.07629797586264936,0.11051919034505975,tp2,False
ema_pullback,1,2026-07-03 21:53:00+00:00,62662.96567,2026-07-03 21:53:00+00:00,62673.33204,0,0.04135764198665015,0.2,-0.15864235801334986,0.01654305679466006,tp1_partial,True
ema_pullback,1,2026-07-03 21:53:00+00:00,62662.96567,2026-07-03 21:54:00+00:00,62696.32974,1,0.13310920430942286,0.2,-0.06689079569057715,0.05324368172376914,tp2,False
ema_pullback,1,2026-07-03 22:17:00+00:00,62621.16149,2026-07-03 22:19:00+00:00,62628.736500000006,2,0.030241414482601314,0.2,-0.1697585855173987,0.012096565793040526,tp1_partial,True
ema_pullback,1,2026-07-03 22:17:00+00:00,62621.16149,2026-07-03 22:22:00+00:00,62648.93448000001,5,0.11087701560935637,0.2,-0.08912298439064364,0.04435080624374255,tp2,False
ema_pullback,1,2026-07-03 22:25:00+00:00,62654.964869999996,2026-07-03 22:25:00+00:00,62679.931379999995,0,0.09961904077276929,0.2,-0.10038095922723073,0.039847616309107714,tp1_partial,True
ema_pullback,1,2026-07-03 22:25:00+00:00,62654.964869999996,2026-07-03 22:28:00+00:00,62604.938879999994,3,-0.19960904177265815,0.2,-0.39960904177265816,-0.07984361670906326,sl,False
ema_pullback,1,2026-07-03 22:38:00+00:00,62606.15999,2026-07-03 22:39:00+00:00,62573.24205,1,-0.26289697375830867,0.4,-0.6628969737583087,-0.052579394751661734,sl,False
ema_pullback,1,2026-07-03 22:44:00+00:00,62589.85836,2026-07-03 22:45:00+00:00,62598.93948,1,0.036272330046549506,0.2,-0.1637276699534505,0.014508932018619802,tp1_partial,True
ema_pullback,1,2026-07-03 22:44:00+00:00,62589.85836,2026-07-03 22:46:00+00:00,62620.43733,2,0.12214027480345058,0.2,-0.07785972519654943,0.04885610992138023,tp2,False
ema_pullback,1,2026-07-03 22:52:00+00:00,62588.958269999996,2026-07-03 22:52:00+00:00,62567.24265,0,-0.1734780430944216,0.4,-0.5734780430944216,-0.03469560861888432,sl,False
ema_pullback,1,2026-07-03 22:56:00+00:00,62584.557830000005,2026-07-03 22:58:00+00:00,62556.24375,2,-0.2262065993732243,0.4,-0.6262065993732243,-0.04524131987464486,sl,False
ema_pullback,1,2026-07-03 23:03:00+00:00,62582.55763,2026-07-03 23:04:00+00:00,62555.34384,1,-0.21742312099876093,0.4,-0.617423120998761,-0.043484624199752187,sl,False
ema_pullback,1,2026-07-03 23:12:00+00:00,62542.05358,2026-07-03 23:12:00+00:00,62535.34584000001,0,-0.026812918732382895,0.2,-0.2268129187323829,-0.010725167492953158,tp1_partial,True
ema_pullback,1,2026-07-03 23:12:00+00:00,62542.05358,2026-07-03 23:13:00+00:00,62541.04527000001,1,-0.004030528029830283,0.2,-0.2040305280298303,-0.001612211211932113,tp2,False
ema_pullback,1,2026-07-03 23:16:00+00:00,62559.955369999996,2026-07-03 23:16:00+00:00,62565.842789999995,0,0.02352711077391323,0.2,-0.17647288922608678,0.009410844309565292,tp1_partial,True
ema_pullback,1,2026-07-03 23:16:00+00:00,62559.955369999996,2026-07-03 23:17:00+00:00,62584.240949999985,1,0.09704922204767374,0.2,-0.10295077795232627,0.0388196888190695,tp2,False
ema_pullback,1,2026-07-03 23:20:00+00:00,62602.05958,2026-07-03 23:20:00+00:00,62626.63671,0,0.0981482484956886,0.2,-0.10185175150431142,0.03925929939827544,tp1_partial,True
ema_pullback,1,2026-07-03 23:20:00+00:00,62602.05958,2026-07-03 23:26:00+00:00,62552.64411,6,-0.19733963359805373,0.2,-0.39733963359805374,-0.07893585343922149,sl,False
ema_pullback,1,2026-07-03 23:30:00+00:00,62609.060280000005,2026-07-03 23:30:00+00:00,62610.03837,0,0.0039055449627678485,0.2,-0.19609445503723216,0.0015622179851071394,tp1_partial,True
ema_pullback,1,2026-07-03 23:30:00+00:00,62609.060280000005,2026-07-03 23:31:00+00:00,62623.53702,1,0.057806090425494006,0.2,-0.142193909574506,0.023122436170197602,tp2,False
ema_pullback,1,2026-07-03 23:40:00+00:00,62673.76675,2026-07-03 23:45:00+00:00,62632.536120000004,5,-0.3289305249871144,0.4,-0.7289305249871144,-0.06578610499742288,sl,False
ema_pullback,1,2026-07-03 23:59:00+00:00,62594.258799999996,2026-07-03 23:59:00+00:00,62569.34244,0,-0.19903071366023095,0.4,-0.599030713660231,-0.03980614273204619,sl,False
ema_pullback,1,2026-07-04 00:01:00+00:00,62589.2583,2026-07-04 00:05:00+00:00,62599.23945,4,0.039867663681858456,0.2,-0.16013233631814155,0.015947065472743382,tp1_partial,True
ema_pullback,1,2026-07-04 00:01:00+00:00,62589.2583,2026-07-04 00:06:00+00:00,62621.7372,5,0.1297303278636197,0.2,-0.0702696721363803,0.051892131145447884,tp2,False
ema_pullback,1,2026-07-04 00:07:00+00:00,62760.875459999996,2026-07-04 00:09:00+00:00,62884.41093,2,0.49208790147747816,0.2,0.29208790147747815,0.19683516059099126,tp1_partial,True
ema_pullback,1,2026-07-04 00:07:00+00:00,62760.875459999996,2026-07-04 01:02:00+00:00,62612.438129999995,55,-0.5912813074707979,0.2,-0.7912813074707978,-0.23651252298831915,sl,False
ema_pullback,1,2026-07-04 01:17:00+00:00,62538.2532,2026-07-04 01:24:00+00:00,62462.7531,7,-0.6036313467098764,0.4,-1.0036313467098763,-0.12072626934197528,sl,False
ema_pullback,1,2026-07-04 01:30:00+00:00,62476.947069999995,2026-07-04 01:31:00+00:00,62513.44803,1,0.1460577129317464,0.2,-0.0539422870682536,0.05842308517269856,tp1_partial,True
ema_pullback,1,2026-07-04 01:30:00+00:00,62476.947069999995,2026-07-04 01:40:00+00:00,62415.25785,10,-0.24684792908843955,0.2,-0.44684792908843957,-0.09873917163537582,sl,False
ema_pullback,1,2026-07-04 01:49:00+00:00,62436.243,2026-07-04 01:49:00+00:00,62403.759,0,-0.260137369252067,0.4,-0.660137369252067,-0.0520274738504134,sl,False
ema_pullback,1,2026-07-04 01:52:00+00:00,62436.74305,2026-07-04 01:52:00+00:00,62436.55572,0,-0.0007500791635306481,0.2,-0.20075007916353066,-0.00030003166541225923,tp1_partial,True
ema_pullback,1,2026-07-04 01:52:00+00:00,62436.74305,2026-07-04 01:53:00+00:00,62448.754499999995,1,0.04809447695880431,0.2,-0.1519055230411957,0.019237790783521724,tp2,False
ema_pullback,1,2026-07-04 02:01:00+00:00,62469.04628,2026-07-04 02:01:00+00:00,62469.15246,0,0.00042493045082636627,0.2,-0.19957506954917364,0.0001699721803305465,tp1_partial,True
ema_pullback,1,2026-07-04 02:01:00+00:00,62469.04628,2026-07-04 02:02:00+00:00,62481.851189999994,1,0.0512450195837566,0.2,-0.1487549804162434,0.02049800783350264,tp2,False
ema_pullback,1,2026-07-04 02:03:00+00:00,62508.15019,2026-07-04 02:12:00+00:00,62534.94588,9,0.10716878486466408,0.2,-0.09283121513533593,0.04286751394586563,tp1_partial,True
ema_pullback,1,2026-07-04 02:03:00+00:00,62508.15019,2026-07-04 02:18:00+00:00,62456.55372,15,-0.2063589701629398,0.2,-0.4063589701629398,-0.08254358806517592,sl,False
ema_pullback,1,2026-07-04 02:25:00+00:00,62469.64634,2026-07-04 02:30:00+00:00,62426.156760000005,5,-0.3480856907953078,0.4,-0.7480856907953078,-0.06961713815906156,sl,False
ema_pullback,1,2026-07-04 02:32:00+00:00,62483.84776,2026-07-04 02:34:00+00:00,62418.45753,2,-0.5232570683799675,0.4,-0.9232570683799676,-0.10465141367599351,sl,False
ema_pullback,1,2026-07-04 02:38:00+00:00,62450.34441,2026-07-04 02:38:00+00:00,62455.55382,0,0.02085420844838426,0.2,-0.17914579155161575,0.008341683379353704,tp1_partial,True
ema_pullback,1,2026-07-04 02:38:00+00:00,62450.34441,2026-07-04 02:45:00+00:00,62473.352040000005,7,0.09210369541340357,0.2,-0.10789630458659644,0.03684147816536143,tp2,False
ema_pullback,1,2026-07-04 02:50:00+00:00,62475.94697,2026-07-04 02:51:00+00:00,62484.45093,1,0.03402893598430934,0.2,-0.16597106401569067,0.013611574393723735,tp1_partial,True
ema_pullback,1,2026-07-04 02:50:00+00:00,62475.94697,2026-07-04 02:52:00+00:00,62505.548819999996,2,0.11845298645180025,0.2,-0.08154701354819976,0.0473811945807201,tp2,False
ema_pullback,1,2026-07-04 02:59:00+00:00,62524.05178,2026-07-04 03:00:00+00:00,62523.547020000005,1,-0.0020182633147791673,0.2,-0.20201826331477918,-0.0008073053259116669,tp1_partial,True
ema_pullback,1,2026-07-04 02:59:00+00:00,62524.05178,2026-07-04 03:01:00+00:00,62535.445830000004,2,0.045558667727152447,0.2,-0.15444133227284756,0.01822346709086098,tp2,False
ema_pullback,1,2026-07-04 03:11:00+00:00,62505.64994,2026-07-04 03:13:00+00:00,62509.64841,2,0.01599243429928343,0.2,-0.18400756570071658,0.0063969737197133725,tp1_partial,True
ema_pullback,1,2026-07-04 03:11:00+00:00,62505.64994,2026-07-04 03:14:00+00:00,62526.14676,3,0.08197986909852517,0.2,-0.11802013090147484,0.03279194763941007,tp2,False
ema_pullback,1,2026-07-04 03:22:00+00:00,62544.553830000004,2026-07-04 03:22:00+00:00,62525.7468,0,-0.15034906197525233,0.4,-0.5503490619752524,-0.030069812395050466,sl,False
ema_pullback,1,2026-07-04 03:25:00+00:00,62543.55373,2026-07-04 03:25:00+00:00,62528.94648,0,-0.11677662307979508,0.4,-0.5167766230797951,-0.023355324615959017,sl,False
ema_pullback,1,2026-07-04 03:26:00+00:00,62550.854459999995,2026-07-04 03:29:00+00:00,62521.34724,3,-0.23586584271889643,0.4,-0.6358658427188965,-0.04717316854377929,sl,False
ema_pullback,1,2026-07-04 03:30:00+00:00,62550.75445,2026-07-04 03:30:00+00:00,62518.04757,0,-0.2614427298885946,0.4,-0.6614427298885946,-0.052288545977718925,sl,False
ema_pullback,1,2026-07-04 03:33:00+00:00,62569.55633,2026-07-04 03:33:00+00:00,62633.63601000001,0,0.2560337796789214,0.2,0.05603377967892137,0.10241351187156855,tp1_partial,True
ema_pullback,1,2026-07-04 03:33:00+00:00,62569.55633,2026-07-04 03:35:00+00:00,62710.22835000001,2,0.5620625598577456,0.2,0.36206255985774555,0.22482502394309822,tp2,False
ema_pullback,1,2026-07-04 03:45:00+00:00,62691.168490000004,2026-07-04 03:45:00+00:00,62694.82989,0,0.014600940165032661,0.2,-0.18539905983496735,0.005840376066013064,tp1_partial,True
ema_pullback,1,2026-07-04 03:45:00+00:00,62691.168490000004,2026-07-04 03:46:00+00:00,62662.63311,1,-0.1137934604160118,0.2,-0.3137934604160118,-0.04551738416640472,sl,False
ema_pullback,1,2026-07-04 03:50:00+00:00,62676.96707,2026-07-04 03:50:00+00:00,62651.83419,0,-0.20049534282606807,0.4,-0.6004953428260681,-0.040099068565213614,sl,False
ema_pullback,1,2026-07-04 03:52:00+00:00,62671.16649,2026-07-04 03:52:00+00:00,62647.23465,0,-0.1909318219234235,0.4,-0.5909318219234235,-0.0381863643846847,sl,False
ema_pullback,1,2026-07-04 04:07:00+00:00,62626.16199,2026-07-04 04:07:00+00:00,62633.53602000001,0,0.029436699318985404,0.2,-0.1705633006810146,0.011774679727594162,tp1_partial,True
ema_pullback,1,2026-07-04 04:07:00+00:00,62626.16199,2026-07-04 04:10:00+00:00,62653.434030000004,3,0.1088683991378736,0.2,-0.0911316008621264,0.04354735965514944,tp2,False
ema_pullback,1,2026-07-04 04:23:00+00:00,62643.963769999995,2026-07-04 04:23:00+00:00,62667.132659999996,0,0.09246257981482264,0.2,-0.10753742018517737,0.03698503192592906,tp1_partial,True
ema_pullback,1,2026-07-04 04:23:00+00:00,62643.963769999995,2026-07-04 04:33:00+00:00,62702.82908999999,10,0.23492016012954808,0.2,0.03492016012954807,0.09396806405181923,tp2,False
ema_pullback,1,2026-07-04 04:38:00+00:00,62711.07048,2026-07-04 04:42:00+00:00,62642.53512,4,-0.5464374908243363,0.4,-0.9464374908243364,-0.10928749816486727,sl,False
ema_pullback,1,2026-07-04 04:45:00+00:00,62665.96597,2026-07-04 04:45:00+00:00,62668.33253999999,0,0.009441209288640895,0.2,-0.19055879071135912,0.003776483715456358,tp1_partial,True
ema_pullback,1,2026-07-04 04:45:00+00:00,62665.96597,2026-07-04 04:46:00+00:00,62683.23104999999,1,0.06887741907729561,0.2,-0.1311225809227044,0.027550967630918244,tp2,False
ema_pullback,1,2026-07-04 04:51:00+00:00,62710.57043,2026-07-04 04:52:00+00:00,62674.43193,1,-0.2881372291162476,0.4,-0.6881372291162476,-0.057627445823249523,sl,False
ema_pullback,1,2026-07-04 05:00:00+00:00,62667.86616,2026-07-04 05:00:00+00:00,62623.23705,0,-0.35607650886060327,0.4,-0.7560765088606033,-0.07121530177212065,sl,False
ema_pullback,1,2026-07-04 05:28:00+00:00,62509.550330000005,2026-07-04 05:28:00+00:00,62473.652010000005,0,-0.28714268308188684,0.4,-0.6871426830818869,-0.05742853661637737,sl,False
ema_pullback,1,2026-07-04 05:32:00+00:00,62508.55023,2026-07-04 05:32:00+00:00,62483.751000000004,0,-0.19836670270506618,0.4,-0.5983667027050662,-0.039673340541013236,sl,False
ema_pullback,1,2026-07-04 05:34:00+00:00,62504.2498,2026-07-04 05:34:00+00:00,62487.7506,0,-0.13198462546781808,0.4,-0.5319846254678181,-0.026396925093563617,sl,False
ema_pullback,1,2026-07-04 05:36:00+00:00,62510.75045,2026-07-04 05:36:00+00:00,62478.351539999996,0,-0.2591467049009033,0.4,-0.6591467049009033,-0.05182934098018066,sl,False
ema_pullback,1,2026-07-04 05:38:00+00:00,62502.949669999995,2026-07-04 05:40:00+00:00,62497.7496,2,-0.02079929838288974,0.2,-0.22079929838288975,-0.008319719353155897,tp1_partial,True
ema_pullback,1,2026-07-04 05:38:00+00:00,62502.949669999995,2026-07-04 05:41:00+00:00,62505.14886,3,0.00879634485900782,0.2,-0.1912036551409922,0.0035185379436031283,tp2,False
ema_pullback,1,2026-07-04 06:02:00+00:00,62470.946469999995,2026-07-04 06:02:00+00:00,62448.95448,0,-0.1760177429883658,0.4,-0.5760177429883658,-0.03520354859767316,sl,False
ema_pullback,1,2026-07-04 06:04:00+00:00,62468.2462,2026-07-04 06:04:00+00:00,62462.553120000004,0,-0.02278389560422811,0.2,-0.22278389560422812,-0.009113558241691244,tp1_partial,True
ema_pullback,1,2026-07-04 06:04:00+00:00,62468.2462,2026-07-04 06:05:00+00:00,62469.35244000001,1,0.004427209291502088,0.2,-0.19557279070849792,0.001770883716600835,tp2,False
ema_pullback,1,2026-07-04 06:06:00+00:00,62503.64974,2026-07-04 06:07:00+00:00,62520.04737,1,0.06558669001016648,0.2,-0.13441330998983353,0.026234676004066593,tp1_partial,True
ema_pullback,1,2026-07-04 06:06:00+00:00,62503.64974,2026-07-04 06:09:00+00:00,62462.253150000004,3,-0.1655766910100276,0.2,-0.3655766910100276,-0.06623067640401104,sl,False
ema_pullback,1,2026-07-04 06:29:00+00:00,62379.2373,2026-07-04 06:29:00+00:00,62398.55952,0,0.07743850693092691,0.2,-0.1225614930690731,0.030975402772370764,tp1_partial,True
ema_pullback,1,2026-07-04 06:29:00+00:00,62379.2373,2026-07-04 06:30:00+00:00,62430.45633000001,1,0.20527274866188883,0.2,0.005272748661888815,0.08210909946475553,tp2,False
ema_pullback,1,2026-07-04 06:40:00+00:00,62461.2455,2026-07-04 06:48:00+00:00,62479.25145,8,0.07206848765128893,0.2,-0.12793151234871109,0.02882739506051557,tp1_partial,True
ema_pullback,1,2026-07-04 06:40:00+00:00,62461.2455,2026-07-04 07:10:00+00:00,62509.84839,30,0.19453218396037197,0.2,-0.005467816039628037,0.07781287358414879,tp2,False
ema_pullback,1,2026-07-04 07:11:00+00:00,62523.351709999995,2026-07-04 07:24:00+00:00,62567.34264,13,0.17589799969475184,0.2,-0.024102000305248172,0.07035919987790074,tp1_partial,True
ema_pullback,1,2026-07-04 07:11:00+00:00,62523.351709999995,2026-07-04 07:35:00+00:00,62454.15396,24,-0.2766876219342518,0.2,-0.4766876219342518,-0.11067504877370071,sl,False
ema_pullback,1,2026-07-04 07:42:00+00:00,62499.84936,2026-07-04 07:44:00+00:00,62470.7523,2,-0.23277704104851527,0.4,-0.6327770410485153,-0.04655540820970305,sl,False
ema_pullback,1,2026-07-04 07:46:00+00:00,62511.2505,2026-07-04 07:47:00+00:00,62538.7455,1,0.10996020628317726,0.2,-0.09003979371682275,0.043984082513270906,tp1_partial,True
ema_pullback,1,2026-07-04 07:46:00+00:00,62511.2505,2026-07-04 08:35:00+00:00,62578.741500000004,49,0.26991541306631284,0.2,0.06991541306631283,0.10796616522652513,tp2,False
ema_pullback,1,2026-07-04 08:40:00+00:00,62614.06078,2026-07-04 09:00:00+00:00,62507.54862,20,-0.8505450586748786,0.4,-1.2505450586748785,-0.17010901173497572,sl,False
ema_pullback,1,2026-07-04 09:07:00+00:00,62516.15099,2026-07-04 09:15:00+00:00,62461.653210000004,8,-0.43586960439001565,0.4,-0.8358696043900157,-0.08717392087800313,sl,False
ema_pullback,1,2026-07-04 09:30:00+00:00,62460.2454,2026-07-04 09:31:00+00:00,62424.15696,1,-0.28889127611397836,0.4,-0.6888912761139784,-0.05777825522279567,sl,False
ema_pullback,1,2026-07-04 09:33:00+00:00,62450.54443,2026-07-04 09:34:00+00:00,62423.757,1,-0.2144691471027138,0.4,-0.6144691471027138,-0.04289382942054276,sl,False
ema_pullback,1,2026-07-04 09:36:00+00:00,62448.64424,2026-07-04 09:36:00+00:00,62417.25765,0,-0.25129921059119376,0.4,-0.6512992105911938,-0.05025984211823875,sl,False
ema_pullback,1,2026-07-04 09:41:00+00:00,62430.74245,2026-07-04 09:45:00+00:00,62437.05567,4,0.02528089428482927,0.2,-0.17471910571517074,0.010112357713931708,tp1_partial,True
ema_pullback,1,2026-07-04 09:41:00+00:00,62430.74245,2026-07-04 09:47:00+00:00,62455.85379000001,6,0.10055678906961685,0.2,-0.09944321093038316,0.04022271562784674,tp2,False
ema_pullback,1,2026-07-04 09:55:00+00:00,62484.14779,2026-07-04 10:02:00+00:00,62454.15396,7,-0.24001151540709031,0.4,-0.6400115154070903,-0.04800230308141806,sl,False
ema_pullback,1,2026-07-04 10:06:00+00:00,62474.54683,2026-07-04 10:11:00+00:00,62430.7563,5,-0.35046696792501164,0.4,-0.7504669679250117,-0.07009339358500233,sl,False
ema_pullback,1,2026-07-04 10:13:00+00:00,62464.2458,2026-07-04 10:15:00+00:00,62427.35664,2,-0.2952822012620704,0.4,-0.6952822012620704,-0.05905644025241408,sl,False
ema_pullback,1,2026-07-04 10:18:00+00:00,62476.64704,2026-07-04 10:56:00+00:00,62504.44893,38,0.11124912794291397,0.2,-0.08875087205708604,0.04449965117716559,tp1_partial,True
ema_pullback,1,2026-07-04 10:18:00+00:00,62476.64704,2026-07-04 11:45:00+00:00,62424.056970000005,87,-0.21043890994312808,0.2,-0.4104389099431281,-0.08417556397725123,sl,False
ema_pullback,1,2026-07-04 11:47:00+00:00,62484.2478,2026-07-04 11:47:00+00:00,62454.85389,0,-0.2352105613408484,0.4,-0.6352105613408484,-0.04704211226816968,sl,False
ema_pullback,1,2026-07-04 11:51:00+00:00,62474.2468,2026-07-04 11:56:00+00:00,62474.55192,5,0.0012209831075638,0.2,-0.1987790168924362,0.00048839324302552,tp1_partial,True
ema_pullback,1,2026-07-04 11:51:00+00:00,62474.2468,2026-07-04 12:01:00+00:00,62487.250649999994,10,0.05203684184307278,0.2,-0.14796315815692723,0.02081473673722911,tp2,False
ema_pullback,1,2026-07-04 12:19:00+00:00,62553.95477,2026-07-04 12:20:00+00:00,62520.7473,1,-0.26543062003109297,0.4,-0.665430620031093,-0.053086124006218594,sl,False
ema_pullback,1,2026-07-04 12:23:00+00:00,62545.953969999995,2026-07-04 12:24:00+00:00,62524.146960000005,1,-0.17432790305227375,0.4,-0.5743279030522738,-0.03486558061045475,sl,False
ema_pullback,1,2026-07-04 12:27:00+00:00,62546.45402,2026-07-04 12:27:00+00:00,62542.94508,0,-0.014025335468570432,0.2,-0.21402533546857044,-0.005610134187428173,tp1_partial,True
ema_pullback,1,2026-07-04 12:27:00+00:00,62546.45402,2026-07-04 12:28:00+00:00,62552.044169999994,1,0.022343992507611876,0.2,-0.17765600749238813,0.00893759700304475,tp2,False
ema_pullback,1,2026-07-04 12:34:00+00:00,62626.262,2026-07-04 12:36:00+00:00,62564.7429,2,-0.4911605613632797,0.4,-0.8911605613632797,-0.09823211227265594,sl,False
ema_pullback,1,2026-07-04 12:39:00+00:00,62592.758649999996,2026-07-04 12:47:00+00:00,62563.64301,8,-0.2325799391811878,0.4,-0.6325799391811878,-0.04651598783623756,sl,False
ema_pullback,1,2026-07-04 12:52:00+00:00,62586.258,2026-07-04 12:54:00+00:00,62585.640810000004,2,-0.0024653574910715736,0.2,-0.20246535749107158,-0.0009861429964286295,tp1_partial,True
ema_pullback,1,2026-07-04 12:52:00+00:00,62586.258,2026-07-04 12:57:00+00:00,62597.53962,5,0.04506428551775965,0.2,-0.15493571448224036,0.01802571420710386,tp2,False
ema_pullback,1,2026-07-04 13:11:00+00:00,62596.75905,2026-07-04 13:11:00+00:00,62581.04127,0,-0.1255478737121618,0.4,-0.5255478737121618,-0.02510957474243236,sl,False
ema_pullback,1,2026-07-04 13:15:00+00:00,62591.258499999996,2026-07-04 13:16:00+00:00,62598.439529999996,1,0.02868224002877673,0.2,-0.17131775997122328,0.011472896011510691,tp1_partial,True
ema_pullback,1,2026-07-04 13:15:00+00:00,62591.258499999996,2026-07-04 13:18:00+00:00,62618.03756999999,3,0.10696010370198072,0.2,-0.09303989629801929,0.04278404148079229,tp2,False
ema_pullback,1,2026-07-04 13:25:00+00:00,62649.16429,2026-07-04 13:25:00+00:00,62649.53442,0,0.0014769949615578426,0.2,-0.19852300503844217,0.000590797984623137,tp1_partial,True
ema_pullback,1,2026-07-04 13:25:00+00:00,62649.16429,2026-07-04 13:27:00+00:00,62623.53702,2,-0.10226501139493083,0.2,-0.30226501139493084,-0.04090600455797233,sl,False
ema_pullback,1,2026-07-04 13:41:00+00:00,62579.857359999995,2026-07-04 13:41:00+00:00,62556.44373,0,-0.18707001731649298,0.4,-0.587070017316493,-0.037414003463298595,sl,False
ema_pullback,1,2026-07-04 13:44:00+00:00,62580.15739,2026-07-04 13:45:00+00:00,62520.7473,1,-0.4746719445730685,0.4,-0.8746719445730685,-0.0949343889146137,sl,False
ema_pullback,1,2026-07-04 13:50:00+00:00,62556.255,2026-07-04 14:00:00+00:00,62570.64231,10,0.05749748766131768,0.2,-0.14250251233868233,0.022998995064527072,tp1_partial,True
ema_pullback,1,2026-07-04 13:50:00+00:00,62556.255,2026-07-04 14:01:00+00:00,62597.53962,11,0.16498997582259367,0.2,-0.03501002417740634,0.06599599032903747,tp2,False
ema_pullback,1,2026-07-04 14:08:00+00:00,62615.2609,2026-07-04 14:08:00+00:00,62578.44153,0,-0.29401274921464493,0.4,-0.694012749214645,-0.058802549842928986,sl,False
ema_pullback,1,2026-07-04 14:10:00+00:00,62606.26,2026-07-04 14:11:00+00:00,62622.23715,1,0.06380012957168946,0.2,-0.13619987042831055,0.025520051828675783,tp1_partial,True
ema_pullback,1,2026-07-04 14:10:00+00:00,62606.26,2026-07-04 14:12:00+00:00,62650.734300000004,2,0.17759525964339273,0.2,-0.022404740356607278,0.0710381038573571,tp2,False
ema_pullback,1,2026-07-04 14:24:00+00:00,62664.56583,2026-07-04 14:28:00+00:00,62622.23715,4,-0.337740152184518,0.4,-0.737740152184518,-0.0675480304369036,sl,False
ema_pullback,1,2026-07-04 14:30:00+00:00,62653.464719999996,2026-07-04 14:30:00+00:00,62623.93698,0,-0.23564331303910224,0.4,-0.6356433130391023,-0.04712866260782045,sl,False
ema_pullback,1,2026-07-04 14:36:00+00:00,62644.2638,2026-07-04 14:37:00+00:00,62603.739,1,-0.32345180182324906,0.4,-0.7234518018232491,-0.06469036036464981,sl,False
ema_pullback,1,2026-07-04 14:41:00+00:00,62636.263,2026-07-04 14:41:00+00:00,62642.63511,0,0.02543299079005301,0.2,-0.174567009209947,0.010173196316021205,tp1_partial,True
ema_pullback,1,2026-07-04 14:41:00+00:00,62636.263,2026-07-04 14:44:00+00:00,62661.63321,3,0.10126007198096865,0.2,-0.09873992801903136,0.04050402879238746,tp2,False
ema_pullback,1,2026-07-04 14:54:00+00:00,62658.2652,2026-07-04 14:54:00+00:00,62639.03547,0,-0.1534492691316891,0.4,-0.5534492691316891,-0.03068985382633782,sl,False
ema_pullback,1,2026-07-04 14:59:00+00:00,62670.96647,2026-07-04 15:04:00+00:00,62690.93028,5,0.07963739481164911,0.2,-0.1203626051883509,0.031854957924659644,tp1_partial,True
ema_pullback,1,2026-07-04 14:59:00+00:00,62670.96647,2026-07-04 15:09:00+00:00,62723.42703,10,0.20926979012325653,0.2,0.009269790123256516,0.08370791604930261,tp2,False
ema_pullback,1,2026-07-04 15:10:00+00:00,62838.08318,2026-07-04 15:10:00+00:00,62958.30354,0,0.4782941884765579,0.2,0.2782941884765579,0.19131767539062317,tp1_partial,True
ema_pullback,1,2026-07-04 15:10:00+00:00,62838.08318,2026-07-04 17:33:00+00:00,63091.79019,143,1.0093680343226663,0.2,0.8093680343226664,0.4037472137290665,tp2,False
ema_pullback,1,2026-07-04 17:39:00+00:00,63164.11578,2026-07-04 17:50:00+00:00,63251.17425000001,11,0.34457250341013435,0.2,0.14457250341013433,0.13782900136405374,tp1_partial,True
ema_pullback,1,2026-07-04 17:39:00+00:00,63164.11578,2026-07-04 17:51:00+00:00,63350.86428000001,12,0.7391400073201715,0.2,0.5391400073201715,0.2956560029280686,tp2,False
ema_pullback,1,2026-07-04 18:07:00+00:00,63266.326,2026-07-04 18:07:00+00:00,63220.87728,0,-0.3591857064688675,0.4,-0.7591857064688675,-0.0718371412937735,sl,False
ema_pullback,1,2026-07-04 18:12:00+00:00,63230.42241,2026-07-04 18:13:00+00:00,63255.17385,1,0.0978620696201471,0.2,-0.10213793037985291,0.03914482784805884,tp1_partial,True
ema_pullback,1,2026-07-04 18:12:00+00:00,63230.42241,2026-07-04 18:14:00+00:00,63292.57011,2,0.245719139740308,0.2,0.045719139740308,0.0982876558961232,tp2,False
ema_pullback,1,2026-07-04 18:18:00+00:00,63289.62833,2026-07-04 18:18:00+00:00,63229.476420000006,0,-0.47521143343071115,0.4,-0.8752114334307112,-0.09504228668614223,sl,False
ema_pullback,1,2026-07-04 18:42:00+00:00,63113.3107,2026-07-04 18:50:00+00:00,63065.39283,8,-0.3796177816418056,0.4,-0.7796177816418056,-0.07592355632836112,sl,False
ema_pullback,1,2026-07-04 18:52:00+00:00,63118.11118,2026-07-04 18:52:00+00:00,63141.98517000001,0,0.09456077484609748,0.2,-0.10543922515390253,0.037824309938438994,tp1_partial,True
ema_pullback,1,2026-07-04 18:52:00+00:00,63118.11118,2026-07-04 19:01:00+00:00,63178.381530000006,9,0.23872050697193448,0.2,0.038720506971934465,0.09548820278877379,tp2,False
ema_pullback,1,2026-07-04 19:09:00+00:00,63203.419709999995,2026-07-04 19:13:00+00:00,63164.88288,4,-0.3048634882164558,0.4,-0.7048634882164558,-0.06097269764329116,sl,False
ema_pullback,1,2026-07-04 19:17:00+00:00,63188.21819,2026-07-04 19:19:00+00:00,63208.77849,2,0.08134546513943741,0.2,-0.1186545348605626,0.032538186055774965,tp1_partial,True
ema_pullback,1,2026-07-04 19:17:00+00:00,63188.21819,2026-07-04 19:22:00+00:00,63241.875179999995,5,0.21229032696673533,0.2,0.012290326966735321,0.08491613078669413,tp2,False
ema_pullback,1,2026-07-04 19:28:00+00:00,63330.932459999996,2026-07-04 19:34:00+00:00,63373.861979999994,6,0.16946505574944037,0.2,-0.030534944250559637,0.06778602229977615,tp1_partial,True
ema_pullback,1,2026-07-04 19:28:00+00:00,63330.932459999996,2026-07-04 19:37:00+00:00,63262.6731,9,-0.269455056749357,0.2,-0.469455056749357,-0.1077820226997428,sl,False
ema_pullback,1,2026-07-04 19:42:00+00:00,63316.83105,2026-07-04 19:46:00+00:00,63267.27264,4,-0.3913525770175008,0.4,-0.7913525770175008,-0.07827051540350016,sl,False
ema_pullback,1,2026-07-04 19:51:00+00:00,63305.12988,2026-07-04 19:54:00+00:00,63257.87358,3,-0.37324226401225236,0.4,-0.7732422640122524,-0.07464845280245047,sl,False
ema_pullback,1,2026-07-04 19:58:00+00:00,63296.02897,2026-07-04 19:59:00+00:00,63265.37283,1,-0.2421647968984808,0.4,-0.6421647968984808,-0.04843295937969616,sl,False
ema_pullback,1,2026-07-04 20:02:00+00:00,63347.3341,2026-07-04 20:18:00+00:00,63265.6728,16,-0.6445519859690219,0.4,-1.0445519859690218,-0.12891039719380437,sl,False
ema_pullback,1,2026-07-04 20:32:00+00:00,63178.61723,2026-07-04 20:32:00+00:00,63185.6808,0,0.027950793756226222,0.2,-0.1720492062437738,0.011180317502490489,tp1_partial,True
ema_pullback,1,2026-07-04 20:32:00+00:00,63178.61723,2026-07-04 20:33:00+00:00,63205.27884,1,0.10550092408218026,0.2,-0.09449907591781975,0.0422003696328721,tp2,False
ema_pullback,1,2026-07-04 20:41:00+00:00,63249.424309999995,2026-07-04 20:41:00+00:00,63273.07205999999,0,0.0934702183378322,0.2,-0.10652978166216781,0.03738808733513288,tp1_partial,True
ema_pullback,1,2026-07-04 20:41:00+00:00,63249.424309999995,2026-07-04 20:58:00+00:00,63200.479320000006,17,-0.19346021933772106,0.2,-0.3934602193377211,-0.07738408773508842,sl,False
ema_pullback,1,2026-07-04 21:06:00+00:00,63232.022569999994,2026-07-04 21:09:00+00:00,63200.479320000006,3,-0.2494246484450735,0.4,-0.6494246484450735,-0.0498849296890147,sl,False
ema_pullback,1,2026-07-04 21:12:00+00:00,63247.42411,2026-07-04 21:13:00+00:00,63283.87098,1,0.14406464181299095,0.2,-0.055935358187009065,0.05762585672519638,tp1_partial,True
ema_pullback,1,2026-07-04 21:12:00+00:00,63247.42411,2026-07-04 21:14:00+00:00,63332.86608,2,0.3377290506385022,0.2,0.13772905063850222,0.1350916202554009,tp2,False
ema_pullback,1,2026-07-04 21:28:00+00:00,63390.438409999995,2026-07-04 21:28:00+00:00,63393.360029999996,0,0.011522321320400764,0.2,-0.18847767867959925,0.004608928528160305,tp1_partial,True
ema_pullback,1,2026-07-04 21:28:00+00:00,63390.438409999995,2026-07-04 21:31:00+00:00,63409.05845999999,3,0.07343398494724651,0.2,-0.1265660150527535,0.029373593978898604,tp2,False
ema_pullback,1,2026-07-04 21:32:00+00:00,63425.3419,2026-07-04 21:34:00+00:00,63379.16145,2,-0.36405361497943156,0.4,-0.7640536149794316,-0.07281072299588631,sl,False
ema_pullback,1,2026-07-04 21:53:00+00:00,63296.02897,2026-07-04 22:02:00+00:00,63253.27404,9,-0.3377378541414289,0.4,-0.7377378541414289,-0.06754757082828577,sl,False
ema_pullback,1,2026-07-04 22:10:00+00:00,63263.825749999996,2026-07-04 22:10:00+00:00,63239.17545,0,-0.19482144580856842,0.4,-0.5948214458085684,-0.03896428916171368,sl,False
ema_pullback,1,2026-07-04 22:14:00+00:00,63253.22469,2026-07-04 22:18:00+00:00,63277.57161,4,0.09622797936120753,0.2,-0.10377202063879248,0.03849119174448301,tp1_partial,True
ema_pullback,1,2026-07-04 22:14:00+00:00,63253.22469,2026-07-04 22:22:00+00:00,63203.57901,8,-0.19621798036112414,0.2,-0.39621798036112416,-0.07848719214444966,sl,False
ema_pullback,1,2026-07-04 22:32:00+00:00,63211.420509999996,2026-07-04 22:34:00+00:00,63180.18135,2,-0.2471006010302812,0.4,-0.6471006010302812,-0.04942012020605624,sl,False
ema_pullback,1,2026-07-04 22:36:00+00:00,63225.22189,2026-07-04 22:39:00+00:00,63180.18135,3,-0.35619123708546807,0.4,-0.7561912370854681,-0.07123824741709361,sl,False
ema_pullback,1,2026-07-04 22:50:00+00:00,63184.71784,2026-07-04 22:52:00+00:00,63215.377830000005,2,0.12131093976569529,0.2,-0.07868906023430472,0.04852437590627812,tp1_partial,True
ema_pullback,1,2026-07-04 22:50:00+00:00,63184.71784,2026-07-04 23:01:00+00:00,63128.78649,11,-0.22130094076558415,0.2,-0.42130094076558416,-0.08852037630623366,sl,False
ema_pullback,1,2026-07-04 23:05:00+00:00,63185.61793,2026-07-04 23:12:00+00:00,63130.98627,7,-0.4323108785651564,0.4,-0.8323108785651564,-0.08646217571303128,sl,False
ema_pullback,1,2026-07-04 23:21:00+00:00,63039.10328,2026-07-04 23:27:00+00:00,63059.89338,6,0.08244922166666946,0.2,-0.11755077833333055,0.032979688666667784,tp1_partial,True
ema_pullback,1,2026-07-04 23:21:00+00:00,63039.10328,2026-07-04 23:30:00+00:00,63093.390029999995,9,0.2152899834205746,0.2,0.015289983420574582,0.08611599336822984,tp2,False
ema_pullback,1,2026-07-04 23:40:00+00:00,63117.511119999996,2026-07-04 23:41:00+00:00,63115.88778,1,-0.006429832114712708,0.2,-0.20642983211471272,-0.002571932845885083,tp1_partial,True
ema_pullback,1,2026-07-04 23:40:00+00:00,63117.511119999996,2026-07-04 23:43:00+00:00,63126.886679999996,3,0.03713533627053289,0.2,-0.16286466372946712,0.014854134508213157,tp2,False
ema_pullback,1,2026-07-04 23:44:00+00:00,63179.91736,2026-07-05 00:00:00+00:00,63094.28994,16,-0.6776474517376507,0.4,-1.0776474517376506,-0.13552949034753015,sl,False
ema_pullback,1,2026-07-05 00:14:00+00:00,63034.00277,2026-07-05 00:15:00+00:00,63009.89838,1,-0.1912014860293021,0.4,-0.5912014860293021,-0.03824029720586042,sl,False
ema_pullback,1,2026-07-05 00:16:00+00:00,63031.3025,2026-07-05 00:17:00+00:00,62995.499820000005,1,-0.2840071407376743,0.4,-0.6840071407376743,-0.05680142814753486,sl,False
ema_pullback,1,2026-07-05 00:23:00+00:00,63017.10108,2026-07-05 00:39:00+00:00,63068.692500000005,16,0.20467229972426226,0.2,0.004672299724262252,0.0818689198897049,tp1_partial,True
ema_pullback,1,2026-07-05 00:23:00+00:00,63017.10108,2026-07-05 00:55:00+00:00,62940.30534,32,-0.3046623007241789,0.2,-0.5046623007241788,-0.12186492028967155,sl,False
ema_pullback,1,2026-07-05 01:00:00+00:00,62968.89626,2026-07-05 01:02:00+00:00,62986.90068,2,0.07148140220553101,0.2,-0.128518597794469,0.028592560882212403,tp1_partial,True
ema_pullback,1,2026-07-05 01:00:00+00:00,62968.89626,2026-07-05 01:05:00+00:00,62925.50682,5,-0.17226536662182101,0.2,-0.372265366621821,-0.0689061466487284,sl,False
ema_pullback,1,2026-07-05 01:07:00+00:00,63011.500519999994,2026-07-05 01:16:00+00:00,62897.00967000001,9,-0.9084916963979506,0.4,-1.3084916963979505,-0.18169833927959012,sl,False
ema_pullback,1,2026-07-05 01:27:00+00:00,62878.487219999995,2026-07-05 01:27:00+00:00,62889.410429999996,0,0.04342983778293785,0.2,-0.15657016221706216,0.01737193511317514,tp1_partial,True
ema_pullback,1,2026-07-05 01:27:00+00:00,62878.487219999995,2026-07-05 01:28:00+00:00,62912.90808,1,0.136854676065834,0.2,-0.063145323934166,0.054741870426333605,tp2,False
ema_pullback,1,2026-07-05 01:40:00+00:00,62835.582930000004,2026-07-05 01:46:00+00:00,62862.213149999996,6,0.10595198913671,0.2,-0.09404801086329001,0.042380795654684,tp1_partial,True
ema_pullback,1,2026-07-05 01:40:00+00:00,62835.582930000004,2026-07-05 02:05:00+00:00,62783.62101,25,-0.2067376380429642,0.2,-0.4067376380429642,-0.08269505521718568,sl,False
ema_pullback,1,2026-07-05 02:20:00+00:00,62735.972969999995,2026-07-05 02:20:00+00:00,62753.22404999999,0,0.06874476948115493,0.2,-0.13125523051884508,0.027497907792461973,tp1_partial,True
ema_pullback,1,2026-07-05 02:20:00+00:00,62735.972969999995,2026-07-05 02:24:00+00:00,62693.63001,4,-0.1687347704810438,0.2,-0.3687347704810438,-0.06749390819241752,sl,False
ema_pullback,1,2026-07-05 02:26:00+00:00,62734.07278,2026-07-05 02:27:00+00:00,62651.13426,1,-0.6610324846185178,0.4,-1.0610324846185177,-0.13220649692370356,sl,False
ema_pullback,1,2026-07-05 02:30:00+00:00,62738.07318,2026-07-05 02:43:00+00:00,62681.03127000001,13,-0.45460361713961506,0.4,-0.8546036171396151,-0.09092072342792301,sl,False
ema_pullback,1,2026-07-05 02:56:00+00:00,62637.2631,2026-07-05 02:56:00+00:00,62648.23455,0,0.04378962879686421,0.2,-0.1562103712031358,0.017515851518745684,tp1_partial,True
ema_pullback,1,2026-07-05 02:56:00+00:00,62637.2631,2026-07-05 03:00:00+00:00,62671.7322,4,0.13757425809368673,0.2,-0.06242574190631328,0.05502970323747469,tp2,False
ema_pullback,1,2026-07-05 03:16:00+00:00,62749.2743,2026-07-05 03:18:00+00:00,62722.82709,2,-0.21073717819869442,0.4,-0.6107371781986944,-0.042147435639738884,sl,False
ema_pullback,1,2026-07-05 03:31:00+00:00,62679.66734,2026-07-05 03:32:00+00:00,62702.32914000001,1,0.09038736547961612,0.2,-0.10961263452038389,0.03615494619184645,tp1_partial,True
ema_pullback,1,2026-07-05 03:31:00+00:00,62679.66734,2026-07-05 03:39:00+00:00,62737.52562000001,8,0.23076973145919055,0.2,0.03076973145919054,0.09230789258367622,tp2,False
ema_pullback,1,2026-07-05 03:47:00+00:00,62745.17389,2026-07-05 03:53:00+00:00,62703.32904,6,-0.333450745338304,0.4,-0.733450745338304,-0.0666901490676608,sl,False
ema_pullback,1,2026-07-05 03:55:00+00:00,62751.87456,2026-07-05 04:00:00+00:00,62696.62971,5,-0.44018485812064023,0.4,-0.8401848581206403,-0.08803697162412805,sl,False
ema_pullback,1,2026-07-05 04:04:00+00:00,62728.97227,2026-07-05 04:10:00+00:00,62752.42413,6,0.09346502561469183,0.2,-0.10653497438530818,0.03738601024587673,tp1_partial,True
ema_pullback,1,2026-07-05 04:04:00+00:00,62728.97227,2026-07-05 04:13:00+00:00,62788.52052,9,0.23732355180189346,0.2,0.03732355180189345,0.09492942072075738,tp2,False
ema_pullback,1,2026-07-05 04:16:00+00:00,62785.67794,2026-07-05 04:16:00+00:00,62755.92378,0,-0.2369502168029225,0.4,-0.6369502168029225,-0.0473900433605845,sl,False
ema_pullback,1,2026-07-05 04:18:00+00:00,62781.2775,2026-07-05 04:20:00+00:00,62783.721,2,0.009730209774738707,0.2,-0.1902697902252613,0.003892083909895483,tp1_partial,True
ema_pullback,1,2026-07-05 04:18:00+00:00,62781.2775,2026-07-05 04:21:00+00:00,62798.7195,3,0.06945542004938021,0.2,-0.1305445799506198,0.027782168019752085,tp2,False
ema_pullback,1,2026-07-05 04:39:00+00:00,62901.589530000005,2026-07-05 04:42:00+00:00,62911.908180000006,3,0.041011086035769306,0.2,-0.1589889139642307,0.016404434414307723,tp1_partial,True
ema_pullback,1,2026-07-05 04:39:00+00:00,62901.589530000005,2026-07-05 04:46:00+00:00,62866.11276,7,-0.14100108703565817,0.2,-0.3410010870356582,-0.05640043481426327,sl,False
ema_pullback,1,2026-07-05 05:14:00+00:00,62744.973869999994,2026-07-05 05:14:00+00:00,62727.426629999994,0,-0.1398298454658442,0.4,-0.5398298454658442,-0.02796596909316884,sl,False
ema_pullback,1,2026-07-05 05:17:00+00:00,62743.473719999995,2026-07-05 05:18:00+00:00,62718.12756,1,-0.20198244133806664,0.4,-0.6019824413380667,-0.04039648826761333,sl,False
ema_pullback,1,2026-07-05 05:19:00+00:00,62741.17349,2026-07-05 05:19:00+00:00,62740.22535,0,-0.0037779816158267643,0.2,-0.20377798161582678,-0.0015111926463307057,tp1_partial,True
ema_pullback,1,2026-07-05 05:19:00+00:00,62741.17349,2026-07-05 05:20:00+00:00,62751.82419,1,0.04243903726830478,0.2,-0.15756096273169523,0.016975614907321912,tp2,False
ema_pullback,1,2026-07-05 05:27:00+00:00,62747.57413,2026-07-05 05:31:00+00:00,62751.12426000001,4,0.014144491039036478,0.2,-0.18585550896096353,0.005657796415614591,tp1_partial,True
ema_pullback,1,2026-07-05 05:27:00+00:00,62747.57413,2026-07-05 05:32:00+00:00,62767.22265000002,5,0.07828398257797575,0.2,-0.12171601742202426,0.0313135930311903,tp2,False
ema_pullback,1,2026-07-05 05:35:00+00:00,62772.37661,2026-07-05 05:38:00+00:00,62735.32584,3,-0.29512001935338983,0.4,-0.6951200193533899,-0.059024003870677966,sl,False
ema_pullback,1,2026-07-05 05:50:00+00:00,62697.469119999994,2026-07-05 05:52:00+00:00,62710.92828,2,0.05366707854764785,0.2,-0.14633292145235216,0.02146683141905914,tp1_partial,True
ema_pullback,1,2026-07-05 05:50:00+00:00,62697.469119999994,2026-07-05 05:53:00+00:00,62737.025669999995,3,0.15772785789924804,0.2,-0.042272142100751975,0.06309114315969921,tp2,False
ema_pullback,1,2026-07-05 05:56:00+00:00,62746.17399,2026-07-05 06:00:00+00:00,62705.22885,4,-0.3262759894056,0.4,-0.7262759894056,-0.06525519788112,sl,False
ema_pullback,1,2026-07-05 06:06:00+00:00,62706.16999,2026-07-05 06:07:00+00:00,62674.33194,1,-0.25386696400914177,0.4,-0.6538669640091418,-0.050773392801828354,sl,False
ema_pullback,1,2026-07-05 06:12:00+00:00,62692.56863,2026-07-05 06:15:00+00:00,62694.82989000001,3,0.009017256946963759,0.2,-0.19098274305303625,0.0036069027787855035,tp1_partial,True
ema_pullback,1,2026-07-05 06:12:00+00:00,62692.56863,2026-07-05 06:16:00+00:00,62709.62841000001,4,0.06802951439388583,0.2,-0.13197048560611419,0.02721180575755433,tp2,False
ema_pullback,1,2026-07-05 06:19:00+00:00,62724.37181,2026-07-05 06:19:00+00:00,62743.525019999994,0,0.07633878764867763,0.2,-0.12366121235132238,0.030535515059471052,tp1_partial,True
ema_pullback,1,2026-07-05 06:19:00+00:00,62724.37181,2026-07-05 06:33:00+00:00,62775.221849999994,14,0.20267257579731357,0.2,0.002672575797313559,0.08106903031892543,tp2,False
ema_pullback,1,2026-07-05 06:48:00+00:00,62746.57403,2026-07-05 06:48:00+00:00,62738.32553999999,0,-0.03286430425694653,0.2,-0.23286430425694654,-0.013145721702778612,tp1_partial,True
ema_pullback,1,2026-07-05 06:48:00+00:00,62746.57403,2026-07-05 06:49:00+00:00,62729.52642,1,-0.06792247331244283,0.2,-0.26792247331244284,-0.027168989324977133,sl,False
ema_pullback,1,2026-07-05 06:50:00+00:00,62754.67484,2026-07-05 07:15:00+00:00,62715.22785,25,-0.3142952305989488,0.4,-0.7142952305989488,-0.06285904611978976,sl,False
ema_pullback,1,2026-07-05 07:17:00+00:00,62740.07338,2026-07-05 07:19:00+00:00,62751.32424000001,2,0.04483123542053935,0.2,-0.15516876457946066,0.01793249416821574,tp1_partial,True
ema_pullback,1,2026-07-05 07:17:00+00:00,62740.07338,2026-07-05 07:20:00+00:00,62703.729,3,-0.1448212364204282,0.2,-0.3448212364204282,-0.057928494568171285,sl,False
ema_pullback,1,2026-07-05 07:23:00+00:00,62742.073580000004,2026-07-05 07:31:00+00:00,62770.022370000006,8,0.11136382815102319,0.2,-0.08863617184897682,0.04454553126040928,tp1_partial,True
ema_pullback,1,2026-07-05 07:23:00+00:00,62742.073580000004,2026-07-05 07:33:00+00:00,62810.41833000001,10,0.2723242399410575,0.2,0.07232423994105747,0.10892969597642299,tp2,False
ema_pullback,1,2026-07-05 07:46:00+00:00,62906.089980000004,2026-07-05 07:50:00+00:00,62925.306840000005,4,0.07637122258796758,0.2,-0.12362877741203243,0.030548489035187032,tp1_partial,True
ema_pullback,1,2026-07-05 07:46:00+00:00,62906.089980000004,2026-07-05 07:51:00+00:00,62957.10366000001,5,0.20273744567583796,0.2,0.002737445675837946,0.08109497827033518,tp2,False
ema_pullback,1,2026-07-05 08:01:00+00:00,63036.10298,2026-07-05 08:01:00+00:00,63074.59191,0,0.15264637319112317,0.2,-0.047353626808876836,0.06105854927644927,tp1_partial,True
ema_pullback,1,2026-07-05 08:01:00+00:00,63036.10298,2026-07-05 08:05:00+00:00,62972.60211,4,-0.25184325726856915,0.2,-0.45184325726856917,-0.10073730290742766,sl,False
ema_pullback,1,2026-07-05 08:14:00+00:00,63003.09968,2026-07-05 08:17:00+00:00,62949.30444,3,-0.42692534393729,0.4,-0.82692534393729,-0.085385068787458,sl,False
ema_pullback,1,2026-07-05 08:31:00+00:00,62948.19419,2026-07-05 08:34:00+00:00,62904.00897,3,-0.350964952756494,0.4,-0.750964952756494,-0.0701929905512988,sl,False
ema_pullback,1,2026-07-05 08:39:00+00:00,62942.39361,2026-07-05 08:50:00+00:00,62899.009470000005,11,-0.3446337000528321,0.4,-0.7446337000528321,-0.06892674001056642,sl,False
ema_pullback,1,2026-07-05 08:57:00+00:00,62918.391209999994,2026-07-05 09:00:00+00:00,62875.01187,3,-0.3447270278669756,0.4,-0.7447270278669756,-0.06894540557339512,sl,False
ema_pullback,1,2026-07-05 09:10:00+00:00,62884.38781,2026-07-05 09:14:00+00:00,62851.514220000005,4,-0.2613811722181336,0.4,-0.6613811722181336,-0.05227623444362672,sl,False
ema_pullback,1,2026-07-05 09:46:00+00:00,62575.75695,2026-07-05 10:07:00+00:00,62651.43423,21,0.30234264709122494,0.2,0.10234264709122493,0.12093705883648997,tp1_partial,True
ema_pullback,1,2026-07-05 09:46:00+00:00,62575.75695,2026-07-05 11:00:00+00:00,62739.62540999999,74,0.6546802946823527,0.2,0.45468029468235266,0.26187211787294107,tp2,False
ema_pullback,1,2026-07-05 11:13:00+00:00,62699.569330000006,2026-07-05 11:15:00+00:00,62646.93468,2,-0.41973693410063406,0.4,-0.8197369341006341,-0.08394738682012681,sl,False
ema_pullback,1,2026-07-05 11:32:00+00:00,62644.46382,2026-07-05 11:32:00+00:00,62662.933079999995,0,0.07370667283967958,0.2,-0.12629332716032043,0.02948266913587183,tp1_partial,True
ema_pullback,1,2026-07-05 11:32:00+00:00,62644.46382,2026-07-05 11:47:00+00:00,62693.92998,15,0.19740834617937297,0.2,-0.002591653820627038,0.07896333847174919,tp2,False
ema_pullback,1,2026-07-05 12:07:00+00:00,62604.45982,2026-07-05 12:09:00+00:00,62577.64161,2,-0.21418769586944997,0.4,-0.61418769586945,-0.042837539173889994,sl,False
ema_pullback,1,2026-07-05 12:12:00+00:00,62604.15979,2026-07-05 12:15:00+00:00,62598.839490000006,3,-0.021245792683088904,0.2,-0.22124579268308892,-0.008498317073235562,tp1_partial,True
ema_pullback,1,2026-07-05 12:12:00+00:00,62604.15979,2026-07-05 12:16:00+00:00,62606.038770000014,4,0.007503415133724989,0.2,-0.19249658486627502,0.0030013660534899955,tp2,False
ema_pullback,1,2026-07-05 12:20:00+00:00,62630.76245,2026-07-05 12:22:00+00:00,62630.83629000001,2,0.000294743338236092,0.2,-0.19970525666176392,0.0001178973352944368,tp1_partial,True
ema_pullback,1,2026-07-05 12:20:00+00:00,62630.76245,2026-07-05 12:23:00+00:00,62643.53502000001,3,0.050983612127519784,0.2,-0.14901638787248023,0.020393444851007914,tp2,False
ema_pullback,1,2026-07-05 12:37:00+00:00,62715.57093,2026-07-05 13:08:00+00:00,62761.7232,31,0.18397452704171924,0.2,-0.016025472958280773,0.0735898108166877,tp1_partial,True
ema_pullback,1,2026-07-05 12:37:00+00:00,62715.57093,2026-07-05 13:27:00+00:00,62644.534920000006,50,-0.28316735759004175,0.2,-0.48316735759004176,-0.1132669430360167,sl,False
ema_pullback,1,2026-07-05 13:32:00+00:00,62701.2695,2026-07-05 13:32:00+00:00,62678.93148,0,-0.17813052413556685,0.4,-0.5781305241355669,-0.03562610482711337,sl,False
ema_pullback,1,2026-07-05 13:38:00+00:00,62683.56773,2026-07-05 13:39:00+00:00,62686.23075000001,1,0.010620885570356009,0.2,-0.189379114429644,0.004248354228142404,tp1_partial,True
ema_pullback,1,2026-07-05 13:38:00+00:00,62683.56773,2026-07-05 13:42:00+00:00,62701.42923000001,4,0.07123677164061482,0.2,-0.1287632283593852,0.028494708656245926,tp2,False
ema_pullback,1,2026-07-05 13:54:00+00:00,62767.47612,2026-07-05 14:01:00+00:00,62782.82108999999,7,0.06111831695548853,0.2,-0.13888168304451148,0.02444732678219541,tp1_partial,True
ema_pullback,1,2026-07-05 13:54:00+00:00,62767.47612,2026-07-05 14:03:00+00:00,62727.02667000001,9,-0.1611083179553774,0.2,-0.3611083179553774,-0.06444332718215096,sl,False
ema_pullback,1,2026-07-05 14:11:00+00:00,62729.67234,2026-07-05 14:12:00+00:00,62697.02967,1,-0.26018524234489027,0.4,-0.6601852423448903,-0.05203704846897805,sl,False
ema_pullback,1,2026-07-05 14:15:00+00:00,62721.77155,2026-07-05 14:15:00+00:00,62703.52902,0,-0.14542422470842364,0.4,-0.5454242247084237,-0.02908484494168473,sl,False
ema_pullback,1,2026-07-05 14:23:00+00:00,62696.56903,2026-07-05 14:23:00+00:00,62674.83189,0,-0.17335191013079232,0.4,-0.5733519101307923,-0.034670382026158464,sl,False
ema_pullback,1,2026-07-05 14:26:00+00:00,62690.068380000004,2026-07-05 14:27:00+00:00,62691.23024999999,1,0.00463338942680025,0.2,-0.19536661057319976,0.0018533557707200998,tp1_partial,True
ema_pullback,1,2026-07-05 14:26:00+00:00,62690.068380000004,2026-07-05 14:32:00+00:00,62663.633010000005,6,-0.10542088517020987,0.2,-0.3054208851702099,-0.042168354068083946,sl,False
ema_pullback,1,2026-07-05 14:37:00+00:00,62672.2666,2026-07-05 14:38:00+00:00,62689.23045,1,0.06766888657572245,0.2,-0.13233111342427756,0.02706755463028898,tp1_partial,True
ema_pullback,1,2026-07-05 14:37:00+00:00,62672.2666,2026-07-05 14:39:00+00:00,62718.7275,2,0.18533277365140322,0.2,-0.014667226348596796,0.07413310946056129,tp2,False
ema_pullback,1,2026-07-05 14:48:00+00:00,62708.67024,2026-07-05 14:48:00+00:00,62704.02897000001,0,-0.018503302582517644,0.2,-0.21850330258251766,-0.007401321033007058,tp1_partial,True
ema_pullback,1,2026-07-05 14:48:00+00:00,62708.67024,2026-07-05 14:51:00+00:00,62688.23055,3,-0.08148669841734346,0.2,-0.2814866984173435,-0.032594679366937385,sl,False
ema_pullback,1,2026-07-05 14:55:00+00:00,62711.67054,2026-07-05 14:55:00+00:00,62709.22845000001,0,-0.0097353888796059,0.2,-0.2097353888796059,-0.00389415555184236,tp1_partial,True
ema_pullback,1,2026-07-05 14:55:00+00:00,62711.67054,2026-07-05 14:56:00+00:00,62719.42743000001,1,0.030922832756741236,0.2,-0.16907716724325877,0.012369133102696495,tp2,False
ema_pullback,1,2026-07-05 15:04:00+00:00,62908.89026,2026-07-05 15:15:00+00:00,62751.42423,11,-1.251540357405767,0.4,-1.651540357405767,-0.2503080714811534,sl,False
ema_pullback,1,2026-07-05 15:27:00+00:00,62761.675540000004,2026-07-05 15:27:00+00:00,62754.62391,0,-0.02808891707928307,0.2,-0.22808891707928308,-0.011235566831713228,tp1_partial,True
ema_pullback,1,2026-07-05 15:27:00+00:00,62761.675540000004,2026-07-05 15:29:00+00:00,62743.62501,2,-0.07190108392060579,0.2,-0.2719010839206058,-0.028760433568242316,sl,False
ema_pullback,1,2026-07-05 15:31:00+00:00,62767.976169999994,2026-07-05 15:31:00+00:00,62782.32114000001,0,0.057134907301914506,0.2,-0.1428650926980855,0.022853962920765802,tp1_partial,True
ema_pullback,1,2026-07-05 15:31:00+00:00,62767.976169999994,2026-07-05 15:36:00+00:00,62809.11846000001,5,0.16386656265843236,0.2,-0.036133437341567654,0.06554662506337294,tp2,False
ema_pullback,1,2026-07-05 15:51:00+00:00,62718.37121,2026-07-05 15:52:00+00:00,62725.326839999994,1,0.027725648266252456,0.2,-0.17227435173374755,0.011090259306500982,tp1_partial,True
ema_pullback,1,2026-07-05 15:51:00+00:00,62718.37121,2026-07-05 16:04:00+00:00,62686.53072,13,-0.12691851440699287,0.2,-0.3269185144069929,-0.050767405762797146,sl,False
ema_pullback,1,2026-07-05 16:06:00+00:00,62741.57353,2026-07-05 16:09:00+00:00,62678.93148,3,-0.49920687731913604,0.4,-0.8992068773191361,-0.09984137546382721,sl,False
ema_pullback,1,2026-07-05 16:12:00+00:00,62709.87036,2026-07-05 16:13:00+00:00,62689.83039,1,-0.1597832198101945,0.4,-0.5597832198101945,-0.0319566439620389,sl,False
ema_pullback,1,2026-07-05 16:20:00+00:00,62696.46902,2026-07-05 16:21:00+00:00,62662.33314,1,-0.2722312797958648,0.4,-0.6722312797958648,-0.05444625595917296,sl,False
ema_pullback,1,2026-07-05 16:25:00+00:00,62695.06888,2026-07-05 16:26:00+00:00,62659.53342000001,1,-0.28339916228503625,0.4,-0.6833991622850363,-0.05667983245700725,sl,False
ema_pullback,1,2026-07-05 16:36:00+00:00,62645.96397,2026-07-05 16:38:00+00:00,62603.739,2,-0.3370126926310335,0.4,-0.7370126926310335,-0.0674025385262067,sl,False
ema_pullback,1,2026-07-05 16:42:00+00:00,62623.46172,2026-07-05 16:42:00+00:00,62606.83869,0,-0.13272206249415053,0.4,-0.5327220624941506,-0.026544412498830106,sl,False
ema_pullback,1,2026-07-05 16:47:00+00:00,62620.06138,2026-07-05 16:48:00+00:00,62596.23975,1,-0.1902076545042264,0.4,-0.5902076545042264,-0.03804153090084528,sl,False
ema_pullback,1,2026-07-05 16:54:00+00:00,62607.96017,2026-07-05 16:55:00+00:00,62613.13806000001,1,0.020675845315676344,0.2,-0.17932415468432367,0.008270338126270538,tp1_partial,True
ema_pullback,1,2026-07-05 16:54:00+00:00,62607.96017,2026-07-05 17:00:00+00:00,62630.73630000002,6,0.09094742081589002,0.2,-0.10905257918410999,0.03637896832635601,tp2,False
ema_pullback,1,2026-07-05 17:01:00+00:00,62643.86376,2026-07-05 17:01:00+00:00,62656.933679999995,0,0.05215961793986201,0.2,-0.147840382060138,0.020863847175944805,tp1_partial,True
ema_pullback,1,2026-07-05 17:01:00+00:00,62643.86376,2026-07-05 17:04:00+00:00,62682.53112,3,0.15431423637973785,0.2,-0.045685763620262165,0.06172569455189514,tp2,False
ema_pullback,1,2026-07-05 17:15:00+00:00,62694.868859999995,2026-07-05 17:21:00+00:00,62664.93288,6,-0.2387434613416728,0.4,-0.6387434613416728,-0.04774869226833456,sl,False
ema_pullback,1,2026-07-05 17:23:00+00:00,62793.2787,2026-07-05 17:28:00+00:00,62661.533220000005,5,-1.0490412567037977,0.4,-1.4490412567037976,-0.20980825134075953,sl,False
ema_pullback,1,2026-07-05 17:38:00+00:00,62676.96707,2026-07-05 17:40:00+00:00,62643.735,2,-0.26510591971434794,0.4,-0.665105919714348,-0.05302118394286959,sl,False
ema_pullback,1,2026-07-05 17:48:00+00:00,62632.2626,2026-07-05 17:52:00+00:00,62588.94048,4,-0.34584508208396203,0.4,-0.745845082083962,-0.0691690164167924,sl,False
ema_pullback,1,2026-07-05 17:58:00+00:00,62606.059980000005,2026-07-05 18:02:00+00:00,62606.53872,4,0.0019117158951975632,0.2,-0.19808828410480245,0.0007646863580790253,tp1_partial,True
ema_pullback,1,2026-07-05 17:58:00+00:00,62606.059980000005,2026-07-05 18:04:00+00:00,62619.637409999996,6,0.05421771472413628,0.2,-0.14578228527586373,0.02168708588965451,tp2,False
ema_pullback,1,2026-07-05 18:05:00+00:00,62636.863059999996,2026-07-05 18:07:00+00:00,62656.13376,2,0.07691437221857278,0.2,-0.12308562778142723,0.030765748887429112,tp1_partial,True
ema_pullback,1,2026-07-05 18:05:00+00:00,62636.863059999996,2026-07-05 18:08:00+00:00,62592.540120000005,3,-0.17690437321843389,0.2,-0.3769043732184339,-0.07076174928737355,sl,False
ema_pullback,1,2026-07-05 18:10:00+00:00,62641.2635,2026-07-05 18:16:00+00:00,62656.33374,6,0.060145019265156474,0.2,-0.13985498073484354,0.02405800770606259,tp1_partial,True
ema_pullback,1,2026-07-05 18:10:00+00:00,62641.2635,2026-07-05 18:26:00+00:00,62683.93098,16,0.17028503903021575,0.2,-0.029714960969784265,0.0681140156120863,tp2,False
ema_pullback,1,2026-07-05 18:32:00+00:00,62678.16719,2026-07-05 18:32:00+00:00,62660.33334,0,-0.1422652480084774,0.4,-0.5422652480084774,-0.02845304960169548,sl,False
ema_pullback,1,2026-07-05 18:34:00+00:00,62686.16799,2026-07-05 18:39:00+00:00,62696.92968000001,5,0.0429189179410594,0.2,-0.1570810820589406,0.01716756717642376,tp1_partial,True
ema_pullback,1,2026-07-05 18:34:00+00:00,62686.16799,2026-07-05 18:40:00+00:00,62720.22735000001,6,0.1358328363820216,0.2,-0.06416716361797842,0.05433313455280864,tp2,False
ema_pullback,1,2026-07-05 18:49:00+00:00,62734.07278,2026-07-05 18:49:00+00:00,62736.92568,0,0.011369021145846148,0.2,-0.18863097885415386,0.004547608458338459,tp1_partial,True
ema_pullback,1,2026-07-05 18:49:00+00:00,62734.07278,2026-07-05 18:50:00+00:00,62752.42413,1,0.07313151046461908,0.2,-0.12686848953538093,0.02925260418584763,tp2,False
ema_pullback,1,2026-07-05 18:57:00+00:00,62796.17899,2026-07-05 19:00:00+00:00,62763.22305,3,-0.26240402306365596,0.4,-0.662404023063656,-0.05248080461273119,sl,False
ema_pullback,1,2026-07-05 19:03:00+00:00,62792.37861,2026-07-05 19:03:00+00:00,62796.119759999994,0,0.014894920700614378,0.2,-0.18510507929938563,0.005957968280245751,tp1_partial,True
ema_pullback,1,2026-07-05 19:03:00+00:00,62792.37861,2026-07-05 19:06:00+00:00,62763.723,3,-0.11408872634838252,0.2,-0.31408872634838253,-0.04563549053935301,sl,False
ema_pullback,1,2026-07-05 19:10:00+00:00,62794.17879,2026-07-05 19:12:00+00:00,62805.41883,2,0.04474953019767414,0.2,-0.15525046980232587,0.017899812079069655,tp1_partial,True
ema_pullback,1,2026-07-05 19:10:00+00:00,62794.17879,2026-07-05 19:13:00+00:00,62829.21645000001,3,0.13949406089530658,0.2,-0.06050593910469343,0.05579762435812263,tp2,False
ema_pullback,1,2026-07-05 19:30:00+00:00,62763.175690000004,2026-07-05 19:32:00+00:00,62776.02177000001,2,0.05116885760947376,0.2,-0.14883114239052625,0.020467543043789505,tp1_partial,True
ema_pullback,1,2026-07-05 19:30:00+00:00,62763.175690000004,2026-07-05 20:09:00+00:00,62801.319240000004,39,0.15193443281297236,0.2,-0.04806556718702765,0.060773773125188946,tp2,False
ema_pullback,1,2026-07-05 20:35:00+00:00,62710.67044,2026-07-05 21:00:00+00:00,62663.733,25,-0.3742380656328037,0.4,-0.7742380656328037,-0.07484761312656074,sl,False
ema_pullback,1,2026-07-05 21:11:00+00:00,62656.36501,2026-07-05 21:12:00+00:00,62677.031670000004,1,0.08246033741626801,0.2,-0.117539662583732,0.032984134966507206,tp1_partial,True
ema_pullback,1,2026-07-05 21:11:00+00:00,62656.36501,2026-07-05 21:13:00+00:00,62710.32834000001,2,0.21531463719365318,0.2,0.015314637193653169,0.08612585487746127,tp2,False
ema_pullback,1,2026-07-05 21:37:00+00:00,62927.79215,2026-07-05 21:43:00+00:00,62956.80369,6,0.1152572615722991,0.2,-0.08474273842770091,0.04610290462891964,tp1_partial,True
ema_pullback,1,2026-07-05 21:37:00+00:00,62927.79215,2026-07-05 21:44:00+00:00,62998.399529999995,7,0.2805095236445565,0.2,0.08050952364455649,0.1122038094578226,tp2,False
ema_pullback,1,2026-07-05 21:55:00+00:00,63031.70254,2026-07-05 21:55:00+00:00,63117.48762000001,0,0.3402457673801762,0.2,0.1402457673801762,0.13609830695207048,tp1_partial,True
ema_pullback,1,2026-07-05 21:55:00+00:00,63031.70254,2026-07-05 22:16:00+00:00,63215.87778,21,0.7304865352602552,0.2,0.5304865352602552,0.2921946141041021,tp2,False
ema_pullback,1,2026-07-05 22:46:00+00:00,63621.16148,2026-07-05 22:47:00+00:00,63677.23163999999,1,0.2203282630167669,0.2,0.02032826301676688,0.08813130520670676,tp1_partial,True
ema_pullback,1,2026-07-05 22:46:00+00:00,63621.16148,2026-07-05 22:50:00+00:00,63539.445420000004,4,-0.32110408745714136,0.2,-0.5211040874571413,-0.12844163498285655,sl,False
ema_pullback,1,2026-07-05 22:52:00+00:00,63606.36,2026-07-05 22:57:00+00:00,63641.73519,5,0.13903951585975127,0.2,-0.06096048414024874,0.05561580634390051,tp1_partial,True
ema_pullback,1,2026-07-05 22:52:00+00:00,63606.36,2026-07-05 22:58:00+00:00,63689.83038,6,0.32807403221940534,0.2,0.12807403221940533,0.13122961288776214,tp2,False
ema_pullback,1,2026-07-05 23:09:00+00:00,63813.58072,2026-07-05 23:09:00+00:00,63761.52321,0,-0.4078873917796044,0.4,-0.8078873917796044,-0.08157747835592088,sl,False
ema_pullback,1,2026-07-05 23:19:00+00:00,63905.48991,2026-07-05 23:19:00+00:00,63874.91187,0,-0.23924423428295372,0.4,-0.6392442342829537,-0.04784884685659074,sl,False
ema_pullback,1,2026-07-05 23:20:00+00:00,63910.3904,2026-07-05 23:20:00+00:00,63870.11235,0,-0.3151134717524484,0.4,-0.7151134717524484,-0.06302269435048968,sl,False
ema_pullback,1,2026-07-05 23:22:00+00:00,63887.18808,2026-07-05 23:22:00+00:00,63809.01846,0,-0.6117785298526135,0.4,-1.0117785298526134,-0.1223557059705227,sl,False
ema_pullback,1,2026-07-05 23:42:00+00:00,63684.3678,2026-07-05 23:45:00+00:00,63622.13715,3,-0.4885865413269963,0.4,-0.8885865413269963,-0.09771730826539926,sl,False
ema_pullback,1,2026-07-05 23:51:00+00:00,63634.3628,2026-07-05 23:52:00+00:00,63578.74149,1,-0.4370383198054051,0.4,-0.8370383198054051,-0.08740766396108102,sl,False
ema_pullback,1,2026-07-05 23:59:00+00:00,63594.95886,2026-07-05 23:59:00+00:00,63604.93887,0,0.03923270876693419,0.2,-0.16076729123306582,0.015693083506773675,tp1_partial,True
ema_pullback,1,2026-07-05 23:59:00+00:00,63594.95886,2026-07-06 00:00:00+00:00,63627.536609999996,1,0.12806734442472045,0.2,-0.07193265557527956,0.05122693776988818,tp2,False
ema_pullback,1,2026-07-06 00:03:00+00:00,63643.063669999996,2026-07-06 00:07:00+00:00,63535.245839999996,4,-0.8470509100493295,0.4,-1.2470509100493294,-0.1694101820098659,sl,False
ema_pullback,1,2026-07-06 00:15:00+00:00,63582.25759,2026-07-06 00:15:00+00:00,63633.13605,0,0.20004975416287873,0.2,4.9754162878723474e-05,0.0800199016651515,tp1_partial,True
ema_pullback,1,2026-07-06 00:15:00+00:00,63582.25759,2026-07-06 00:19:00+00:00,63505.94877,4,-0.3000397551627676,0.2,-0.5000397551627676,-0.12001590206510704,sl,False
ema_pullback,1,2026-07-06 00:32:00+00:00,63460.645430000004,2026-07-06 00:32:00+00:00,63488.150550000006,0,0.10835502780359718,0.2,-0.09164497219640283,0.04334201112143887,tp1_partial,True
ema_pullback,1,2026-07-06 00:32:00+00:00,63460.645430000004,2026-07-06 00:33:00+00:00,63407.75859,1,-0.20834502880348604,0.2,-0.40834502880348605,-0.08333801152139442,sl,False
ema_pullback,1,2026-07-06 00:35:00+00:00,63456.24499,2026-07-06 00:38:00+00:00,63508.6485,3,0.20645529060325796,0.2,0.006455290603257946,0.08258211624130318,tp1_partial,True
ema_pullback,1,2026-07-06 00:35:00+00:00,63456.24499,2026-07-06 00:40:00+00:00,63573.642,5,0.46251164884758555,0.2,0.26251164884758554,0.18500465953903422,tp2,False
ema_pullback,1,2026-07-06 00:49:00+00:00,63715.97096,2026-07-06 01:08:00+00:00,63832.416119999994,19,0.4568915699059706,0.2,0.25689156990597056,0.18275662796238823,tp1_partial,True
ema_pullback,1,2026-07-06 00:49:00+00:00,63715.97096,2026-07-06 01:27:00+00:00,63574.04196,38,-0.5568815709058872,0.2,-0.7568815709058871,-0.22275262836235488,sl,False
ema_pullback,1,2026-07-06 01:30:00+00:00,63715.47091,2026-07-06 01:30:00+00:00,63656.6337,0,-0.4617183955455961,0.4,-0.8617183955455961,-0.09234367910911923,sl,False
ema_pullback,1,2026-07-06 01:32:00+00:00,63779.87735,2026-07-06 01:32:00+00:00,63843.71499000001,0,0.25022641408389834,0.2,0.05022641408389833,0.10009056563355934,tp1_partial,True
ema_pullback,1,2026-07-06 01:32:00+00:00,63779.87735,2026-07-06 01:44:00+00:00,63690.33033,12,-0.3510002830069969,0.2,-0.5510002830069969,-0.14040011320279877,sl,False
ema_pullback,1,2026-07-06 02:01:00+00:00,63578.15718,2026-07-06 02:01:00+00:00,63592.94007,0,0.05812880813038657,0.2,-0.14187119186961344,0.023251523252154627,tp1_partial,True
ema_pullback,1,2026-07-06 02:01:00+00:00,63578.15718,2026-07-06 02:02:00+00:00,63620.53730999999,1,0.16664579424663373,0.2,-0.033354205753366284,0.06665831769865349,tp2,False
ema_pullback,1,2026-07-06 02:03:00+00:00,63644.3638,2026-07-06 02:05:00+00:00,63565.74279,2,-0.6176588570125929,0.4,-1.0176588570125928,-0.12353177140251859,sl,False
ema_pullback,1,2026-07-06 02:17:00+00:00,63468.046169999994,2026-07-06 02:20:00+00:00,63506.848679999996,3,0.15284269936427508,0.2,-0.04715730063572493,0.06113707974571003,tp1_partial,True
ema_pullback,1,2026-07-06 02:17:00+00:00,63468.046169999994,2026-07-06 02:22:00+00:00,63558.44351999999,5,0.3560742588399335,0.2,0.15607425883993348,0.1424297035359734,tp2,False
ema_pullback,1,2026-07-06 02:29:00+00:00,63560.455409999995,2026-07-06 02:29:00+00:00,63542.24514,0,-0.14325156956890295,0.4,-0.543251569568903,-0.02865031391378059,sl,False
ema_pullback,1,2026-07-06 02:32:00+00:00,63580.95746,2026-07-06 02:33:00+00:00,63476.85168,1,-0.8186867905024542,0.4,-1.218686790502454,-0.16373735810049084,sl,False
ema_pullback,1,2026-07-06 02:39:00+00:00,63536.353,2026-07-06 02:39:00+00:00,63493.65,0,-0.3360517088539794,0.4,-0.7360517088539794,-0.06721034177079588,sl,False
ema_pullback,1,2026-07-06 02:47:00+00:00,63433.64273,2026-07-06 02:47:00+00:00,63404.6589,0,-0.22845787150649333,0.4,-0.6284578715064933,-0.045691574301298665,sl,False
ema_pullback,1,2026-07-06 02:55:00+00:00,63425.041869999994,2026-07-06 02:56:00+00:00,63371.06226,1,-0.42553862329830494,0.4,-0.825538623298305,-0.08510772465966099,sl,False
ema_pullback,1,2026-07-06 02:58:00+00:00,63425.541919999996,2026-07-06 03:04:00+00:00,63466.152749999994,6,0.1600728538165841,0.2,-0.03992714618341592,0.06402914152663364,tp1_partial,True
ema_pullback,1,2026-07-06 02:58:00+00:00,63425.541919999996,2026-07-06 03:15:00+00:00,63359.56341,17,-0.2600628548165007,0.2,-0.4600628548165007,-0.10402514192660028,sl,False
ema_pullback,1,2026-07-06 03:36:00+00:00,63227.02207,2026-07-06 03:38:00+00:00,63275.17184999999,2,0.19038450026431786,0.2,-0.009615499735682154,0.07615380010572714,tp1_partial,True
ema_pullback,1,2026-07-06 03:36:00+00:00,63227.02207,2026-07-06 04:04:00+00:00,63335.96576999999,28,0.430764001028594,0.2,0.230764001028594,0.1723056004114376,tp2,False
ema_pullback,1,2026-07-06 04:11:00+00:00,63269.72634,2026-07-06 04:13:00+00:00,63308.6685,2,0.15387359110236032,0.2,-0.04612640889763969,0.06154943644094413,tp1_partial,True
ema_pullback,1,2026-07-06 04:11:00+00:00,63269.72634,2026-07-06 04:25:00+00:00,63205.478820000004,14,-0.2538635921022492,0.2,-0.4538635921022492,-0.10154543684089967,sl,False
ema_pullback,1,2026-07-06 04:34:00+00:00,63267.3261,2026-07-06 04:39:00+00:00,63304.16895,5,0.14558403314596235,0.2,-0.054415966854037656,0.05823361325838494,tp1_partial,True
ema_pullback,1,2026-07-06 04:34:00+00:00,63267.3261,2026-07-06 04:41:00+00:00,63353.664000000004,7,0.34116306679193853,0.2,0.14116306679193852,0.1364652267167754,tp2,False
ema_pullback,1,2026-07-06 04:49:00+00:00,63306.22999,2026-07-06 04:49:00+00:00,63313.068060000005,0,0.027003937847380755,0.2,-0.17299606215261926,0.010801575138952302,tp1_partial,True
ema_pullback,1,2026-07-06 04:49:00+00:00,63306.22999,2026-07-06 04:50:00+00:00,63274.27194,1,-0.1262042061462576,0.2,-0.3262042061462576,-0.05048168245850304,sl,False
ema_pullback,1,2026-07-06 04:51:00+00:00,63310.13038,2026-07-06 04:58:00+00:00,63273.672,7,-0.28793480428151996,0.4,-0.68793480428152,-0.05758696085630399,sl,False
ema_pullback,1,2026-07-06 05:11:00+00:00,63222.52162,2026-07-06 05:15:00+00:00,63167.88258,4,-0.4321168991677782,0.4,-0.8321168991677782,-0.08642337983355564,sl,False
ema_pullback,1,2026-07-06 05:17:00+00:00,63205.41991,2026-07-06 05:19:00+00:00,63144.38493,2,-0.4828302706231802,0.4,-0.8828302706231802,-0.09656605412463604,sl,False
ema_pullback,1,2026-07-06 05:36:00+00:00,63042.70364,2026-07-06 05:37:00+00:00,63103.689,1,0.24184146807954,0.2,0.04184146807953998,0.096736587231816,tp1_partial,True
ema_pullback,1,2026-07-06 05:36:00+00:00,63042.70364,2026-07-06 06:27:00+00:00,62956.50372,51,-0.34183146907942885,0.2,-0.5418314690794288,-0.13673258763177154,sl,False
ema_pullback,1,2026-07-06 06:38:00+00:00,63017.00107,2026-07-06 06:44:00+00:00,63042.595109999995,6,0.10153625039838188,0.2,-0.09846374960161813,0.04061450015935275,tp1_partial,True
ema_pullback,1,2026-07-06 06:38:00+00:00,63017.00107,2026-07-06 06:52:00+00:00,62966.202750000004,14,-0.20152625139827074,0.2,-0.40152625139827075,-0.0806105005593083,sl,False
ema_pullback,1,2026-07-06 07:06:00+00:00,62928.292199999996,2026-07-06 07:11:00+00:00,62869.81239,5,-0.4646543546274473,0.4,-0.8646543546274473,-0.09293087092548946,sl,False
ema_pullback,1,2026-07-06 07:13:00+00:00,62913.99077,2026-07-06 07:17:00+00:00,62945.204849999995,4,0.12403473225103268,0.2,-0.07596526774896734,0.04961389290041307,tp1_partial,True
ema_pullback,1,2026-07-06 07:13:00+00:00,62913.99077,2026-07-06 07:21:00+00:00,62989.00046999999,8,0.29806446500196815,0.2,0.09806446500196814,0.11922578600078726,tp2,False
ema_pullback,1,2026-07-06 07:22:00+00:00,63009.60033,2026-07-06 07:29:00+00:00,62938.60551,7,-0.5633651033190024,0.4,-0.9633651033190024,-0.11267302066380047,sl,False
ema_pullback,1,2026-07-06 07:35:00+00:00,62961.2955,2026-07-06 07:36:00+00:00,62969.80239,1,0.03377825191031025,0.2,-0.16622174808968976,0.013511300764124101,tp1_partial,True
ema_pullback,1,2026-07-06 07:35:00+00:00,62961.2955,2026-07-06 07:37:00+00:00,62990.900279999994,2,0.11755150432057881,0.2,-0.0824484956794212,0.047020601728231526,tp2,False
ema_pullback,1,2026-07-06 07:54:00+00:00,63066.00597,2026-07-06 07:56:00+00:00,63068.09256,2,0.008271452932140377,0.2,-0.19172854706785963,0.003308581172856151,tp1_partial,True
ema_pullback,1,2026-07-06 07:54:00+00:00,63066.00597,2026-07-06 07:58:00+00:00,63082.79108999999,4,0.06653790636423906,0.2,-0.13346209363576095,0.026615162545695625,tp2,False
ema_pullback,1,2026-07-06 08:01:00+00:00,63131.21249,2026-07-06 08:05:00+00:00,63179.181450000004,4,0.18995738442217913,0.2,-0.01004261557782088,0.07598295376887165,tp1_partial,True
ema_pullback,1,2026-07-06 08:01:00+00:00,63131.21249,2026-07-06 08:11:00+00:00,63058.19355,10,-0.2891554633595861,0.2,-0.4891554633595861,-0.11566218534383443,sl,False
ema_pullback,1,2026-07-06 08:20:00+00:00,63045.603930000005,2026-07-06 08:20:00+00:00,63056.89368000001,0,0.0447681888040008,0.2,-0.15523181119599921,0.01790727552160032,tp1_partial,True
ema_pullback,1,2026-07-06 08:20:00+00:00,63045.603930000005,2026-07-06 08:31:00+00:00,63009.09846,11,-0.14475818980391741,0.2,-0.3447581898039174,-0.057903275921566966,sl,False
ema_pullback,1,2026-07-06 08:42:00+00:00,62902.08958,2026-07-06 09:01:00+00:00,62848.11456,19,-0.4290399600426209,0.4,-0.8290399600426209,-0.08580799200852418,sl,False
ema_pullback,1,2026-07-06 09:03:00+00:00,62898.2892,2026-07-06 09:04:00+00:00,62865.7128,1,-0.25896093847971313,0.4,-0.6589609384797132,-0.051792187695942626,sl,False
ema_pullback,1,2026-07-06 09:14:00+00:00,62864.58583,2026-07-06 09:14:00+00:00,62839.51542,0,-0.19940010475688608,0.4,-0.5994001047568861,-0.039880020951377215,sl,False
ema_pullback,1,2026-07-06 09:18:00+00:00,62861.68554,2026-07-06 09:19:00+00:00,62832.41613,1,-0.23280802724717775,0.4,-0.6328080272471778,-0.04656160544943555,sl,False
ema_pullback,-1,2026-07-06 09:22:00+00:00,62749.32444,2026-07-06 09:31:00+00:00,62690.768449999996,9,0.23329330842433715,0.2,0.03329330842433714,0.09331732336973486,tp1_partial,True
ema_pullback,-1,2026-07-06 09:22:00+00:00,62749.32444,2026-07-06 09:39:00+00:00,62619.66134,17,0.5165916173487384,0.2,0.31659161734873836,0.20663664693949535,tp2,False
ema_pullback,-1,2026-07-06 09:46:00+00:00,62639.135460000005,2026-07-06 09:47:00+00:00,62676.367009999994,1,-0.2971908035334092,0.4,-0.6971908035334092,-0.05943816070668184,sl,False
ema_pullback,-1,2026-07-06 09:49:00+00:00,62636.63571,2026-07-06 10:00:00+00:00,62688.06818,11,-0.4105622006753684,0.4,-0.8105622006753684,-0.08211244013507368,sl,False
ema_pullback,1,2026-07-06 10:23:00+00:00,62855.2849,2026-07-06 10:33:00+00:00,62876.51172,10,0.08442734781083372,0.2,-0.11557265218916629,0.03377093912433349,tp1_partial,True
ema_pullback,1,2026-07-06 10:23:00+00:00,62855.2849,2026-07-06 10:34:00+00:00,62910.408330000006,11,0.2192473953769869,0.2,0.019247395376986887,0.08769895815079476,tp2,False
ema_pullback,1,2026-07-06 11:01:00+00:00,62867.98617,2026-07-06 11:09:00+00:00,62791.420229999996,8,-0.6089422030551295,0.4,-1.0089422030551294,-0.1217884406110259,sl,False
ema_pullback,1,2026-07-06 11:20:00+00:00,62848.88426,2026-07-06 11:23:00+00:00,62879.41143,3,0.12143083508736607,0.2,-0.07856916491263394,0.04857233403494643,tp1_partial,True
ema_pullback,1,2026-07-06 11:20:00+00:00,62848.88426,2026-07-06 11:32:00+00:00,62922.507119999995,12,0.29285667067463494,0.2,0.09285667067463493,0.11714266826985398,tp2,False
ema_pullback,1,2026-07-06 11:44:00+00:00,62906.29,2026-07-06 11:44:00+00:00,62918.107560000004,0,0.04696493784644984,0.2,-0.15303506215355017,0.018785975138579936,tp1_partial,True
ema_pullback,1,2026-07-06 11:44:00+00:00,62906.29,2026-07-06 11:45:00+00:00,62942.605110000004,1,0.14432225298932622,0.2,-0.055677747010673795,0.057728901195730487,tp2,False
ema_pullback,1,2026-07-06 11:50:00+00:00,62931.292499999996,2026-07-06 11:50:00+00:00,62913.40803,0,-0.14209520645075413,0.4,-0.5420952064507542,-0.028419041290150826,sl,False
ema_pullback,1,2026-07-06 11:56:00+00:00,62925.2919,2026-07-06 11:56:00+00:00,62899.7094,0,-0.20327676858972188,0.4,-0.6032767685897219,-0.040655353717944376,sl,False
ema_pullback,-1,2026-07-06 11:58:00+00:00,62625.63681,2026-07-06 12:00:00+00:00,62366.236,2,1.0355216458197702,0.2,0.8355216458197703,0.4142086583279081,tp1_partial,True
ema_pullback,-1,2026-07-06 11:58:00+00:00,62625.63681,2026-07-06 12:02:00+00:00,62094.308809999995,4,2.121048292139549,0.2,1.921048292139549,0.8484193168558196,tp2,False
ema_pullback,-1,2026-07-06 12:14:00+00:00,62026.49673,2026-07-06 12:16:00+00:00,61950.19440000001,2,0.30753925347473676,0.2,0.10753925347473675,0.1230157013898947,tp1_partial,True
ema_pullback,-1,2026-07-06 12:14:00+00:00,62026.49673,2026-07-06 12:19:00+00:00,62127.81216,5,-0.40835544219525177,0.2,-0.6083554421952517,-0.1633421768781007,sl,False
ema_pullback,-1,2026-07-06 12:21:00+00:00,62015.89779,2026-07-06 12:22:00+00:00,61968.59623999999,1,0.19068316224407633,0.2,-0.00931683775592368,0.07627326489763053,tp1_partial,True
ema_pullback,-1,2026-07-06 12:21:00+00:00,62015.89779,2026-07-06 12:28:00+00:00,62088.008180000004,7,-0.29069316324414896,0.2,-0.49069316324414897,-0.11627726529765958,sl,False
ema_pullback,-1,2026-07-06 12:37:00+00:00,62079.09147000001,2026-07-06 12:37:00+00:00,62073.10669,0,0.024101431972872733,0.2,-0.17589856802712728,0.009640572789149093,tp1_partial,True
ema_pullback,-1,2026-07-06 12:37:00+00:00,62079.09147000001,2026-07-06 12:38:00+00:00,62054.60484,1,0.09861061679616867,0.2,-0.10138938320383134,0.03944424671846747,tp2,False
ema_pullback,-1,2026-07-06 12:58:00+00:00,61764.42294,2026-07-06 12:59:00+00:00,61732.47263,1,0.1293232757595686,0.2,-0.07067672424043142,0.051729310303827436,tp1_partial,True
ema_pullback,-1,2026-07-06 12:58:00+00:00,61764.42294,2026-07-06 13:00:00+00:00,61688.16819999999,2,0.30865155201920125,0.2,0.10865155201920124,0.1234606208076805,tp2,False
ema_pullback,-1,2026-07-06 13:03:00+00:00,61626.8367,2026-07-06 13:10:00+00:00,61764.57584,7,-1.1175256379822862,0.4,-1.5175256379822861,-0.22350512759645724,sl,False
ema_pullback,-1,2026-07-06 13:13:00+00:00,61709.72841,2026-07-06 13:14:00+00:00,61658.265210000005,1,0.2084890070252754,0.2,0.008489007025275386,0.08339560281011016,tp1_partial,True
ema_pullback,-1,2026-07-06 13:13:00+00:00,61709.72841,2026-07-06 13:16:00+00:00,61594.45883000001,3,0.46698301455055935,0.2,0.26698301455055934,0.18679320582022374,tp2,False
ema_pullback,-1,2026-07-06 13:23:00+00:00,61567.94259,2026-07-06 13:23:00+00:00,61601.35952,0,-0.2713825458041663,0.4,-0.6713825458041663,-0.054276509160833264,sl,False
ema_pullback,-1,2026-07-06 13:25:00+00:00,61551.54423,2026-07-06 13:25:00+00:00,61533.05269,0,0.07510591420301083,0.2,-0.12489408579698918,0.03004236568120433,tp1_partial,True
ema_pullback,-1,2026-07-06 13:25:00+00:00,61551.54423,2026-07-06 13:26:00+00:00,61502.24960999999,1,0.20021682890605796,0.2,0.00021682890605795313,0.08008673156242319,tp2,False
ema_pullback,-1,2026-07-06 13:32:00+00:00,61383.06108,2026-07-06 13:33:00+00:00,61649.36431999999,1,-2.1691915922287253,0.4,-2.569191592228725,-0.43383831844574505,sl,False
ema_pullback,-1,2026-07-06 13:37:00+00:00,61380.66132000001,2026-07-06 13:41:00+00:00,61604.85986999999,4,-1.8262963055346582,0.4,-2.226296305534658,-0.36525926110693163,sl,False
ema_pullback,-1,2026-07-06 13:43:00+00:00,61489.8504,2026-07-06 13:44:00+00:00,61569.65635,1,-0.6489359583804477,0.4,-1.0489359583804476,-0.12978719167608954,sl,False
ema_pullback,-1,2026-07-06 13:57:00+00:00,61849.21446,2026-07-06 13:58:00+00:00,61802.77966,1,0.18769357220388416,0.2,-0.012306427796115849,0.07507742888155367,tp1_partial,True
ema_pullback,-1,2026-07-06 13:57:00+00:00,61849.21446,2026-07-06 14:00:00+00:00,61743.87377,3,0.4257963941810827,0.2,0.22579639418108272,0.1703185576724331,tp2,False
ema_pullback,-1,2026-07-06 14:03:00+00:00,61789.42044,2026-07-06 14:09:00+00:00,61898.289209999995,6,-0.8809661041060401,0.4,-1.28096610410604,-0.17619322082120803,sl,False
ema_pullback,-1,2026-07-06 14:12:00+00:00,61781.221260000006,2026-07-06 14:13:00+00:00,61897.38912,1,-0.9401550959240446,0.4,-1.3401550959240445,-0.1880310191848089,sl,False
ema_pullback,-1,2026-07-06 14:18:00+00:00,61885.61082,2026-07-06 14:18:00+00:00,61819.681350000006,0,0.2663360235376777,0.2,0.0663360235376777,0.10653440941507109,tp1_partial,True
ema_pullback,-1,2026-07-06 14:18:00+00:00,61885.61082,2026-07-06 14:21:00+00:00,61741.37352000001,3,0.5826770475754195,0.2,0.3826770475754195,0.2330708190301678,tp2,False
ema_pullback,-1,2026-07-06 14:30:00+00:00,62047.69461,2026-07-06 14:31:00+00:00,62140.81346,1,-0.7503812235514218,0.4,-1.1503812235514217,-0.15007624471028436,sl,False
ema_pullback,-1,2026-07-06 14:34:00+00:00,62067.59262,2026-07-06 14:34:00+00:00,61987.29811,0,0.32341559665280406,0.2,0.12341559665280405,0.12936623866112162,tp1_partial,True
ema_pullback,-1,2026-07-06 14:34:00+00:00,62067.59262,2026-07-06 14:49:00+00:00,61894.58884000001,15,0.6968361938056167,0.2,0.49683619380561667,0.27873447752224667,tp2,False
ema_pullback,-1,2026-07-06 14:50:00+00:00,61890.51033,2026-07-06 14:54:00+00:00,62005.399919999996,4,-0.9281680615284005,0.4,-1.3281680615284004,-0.1856336123056801,sl,False
ema_pullback,-1,2026-07-06 14:59:00+00:00,61962.50313,2026-07-06 15:00:00+00:00,62036.40302,1,-0.5963275066934726,0.4,-0.9963275066934726,-0.11926550133869451,sl,False
ema_pullback,-1,2026-07-06 15:19:00+00:00,62411.65821,2026-07-06 15:19:00+00:00,62453.944769999995,0,-0.3387713226405964,0.4,-0.7387713226405964,-0.06775426452811928,sl,False
ema_pullback,-1,2026-07-06 15:21:00+00:00,62362.163160000004,2026-07-06 15:23:00+00:00,62433.44272,2,-0.5714968531248532,0.4,-0.9714968531248532,-0.11429937062497064,sl,False
ema_pullback,-1,2026-07-06 15:24:00+00:00,62360.7633,2026-07-06 15:27:00+00:00,62291.92857,3,0.2759536860896805,0.2,0.0759536860896805,0.1103814744358722,tp1_partial,True
ema_pullback,-1,2026-07-06 15:24:00+00:00,62360.7633,2026-07-06 15:41:00+00:00,62454.74485,17,-0.3767655534774317,0.2,-0.5767655534774316,-0.15070622139097267,sl,False
ema_pullback,1,2026-07-06 16:02:00+00:00,63525.95196,2026-07-06 16:08:00+00:00,63651.434219999996,6,0.4938228240916609,0.2,0.2938228240916609,0.19752912963666436,tp1_partial,True
ema_pullback,1,2026-07-06 16:02:00+00:00,63525.95196,2026-07-06 16:13:00+00:00,63789.62039999999,11,1.03764064868328,0.2,0.8376406486832801,0.41505625947331204,tp2,False
ema_pullback,1,2026-07-06 16:20:00+00:00,63718.87125,2026-07-06 16:22:00+00:00,63596.539710000005,2,-0.9599317878688507,0.4,-1.3599317878688506,-0.19198635757377014,sl,False
ema_pullback,1,2026-07-06 16:32:00+00:00,63553.65473,2026-07-06 16:32:00+00:00,63472.35213,0,-0.6396374869817034,0.4,-1.0396374869817033,-0.12792749739634068,sl,False
ema_pullback,1,2026-07-06 16:34:00+00:00,63607.3601,2026-07-06 16:37:00+00:00,63695.82978,3,0.34771793649712723,0.2,0.14771793649712722,0.1390871745988509,tp1_partial,True
ema_pullback,1,2026-07-06 16:34:00+00:00,63607.3601,2026-07-06 17:06:00+00:00,63797.01966,32,0.7454308734941573,0.2,0.5454308734941573,0.2981723493976629,tp2,False
ema_pullback,1,2026-07-06 17:13:00+00:00,63811.580519999996,2026-07-06 17:19:00+00:00,63879.91137,6,0.26770552242705303,0.2,0.06770552242705302,0.10708220897082121,tp1_partial,True
ema_pullback,1,2026-07-06 17:13:00+00:00,63811.580519999996,2026-07-06 17:26:00+00:00,63960.90327,13,0.585014306114906,0.2,0.385014306114906,0.2340057224459624,tp2,False
ema_pullback,1,2026-07-06 17:31:00+00:00,63886.688030000005,2026-07-06 17:34:00+00:00,63812.31813,3,-0.5820453547778492,0.4,-0.9820453547778493,-0.11640907095556985,sl,False
ema_pullback,1,2026-07-06 17:51:00+00:00,63739.673330000005,2026-07-06 17:52:00+00:00,63647.034660000005,1,-0.7266955191344016,0.4,-1.1266955191344015,-0.1453391038268803,sl,False
ema_pullback,1,2026-07-06 18:03:00+00:00,63619.46131,2026-07-06 18:03:00+00:00,63659.93337,0,0.15903962076474487,0.2,-0.04096037923525514,0.06361584830589795,tp1_partial,True
ema_pullback,1,2026-07-06 18:03:00+00:00,63619.46131,2026-07-06 18:05:00+00:00,63713.12804999999,2,0.36807424202944805,0.2,0.16807424202944804,0.14722969681177922,tp2,False
ema_pullback,1,2026-07-06 18:11:00+00:00,63691.86855,2026-07-06 18:11:00+00:00,63711.92817,0,0.07873697403087965,0.2,-0.12126302596912036,0.03149478961235186,tp1_partial,True
ema_pullback,1,2026-07-06 18:11:00+00:00,63691.86855,2026-07-06 18:13:00+00:00,63646.53471,2,-0.17794202396656522,0.2,-0.37794202396656523,-0.07117680958662609,sl,False
ema_pullback,1,2026-07-06 18:16:00+00:00,63716.17098,2026-07-06 18:17:00+00:00,63664.33293,1,-0.406788804181879,0.4,-0.806788804181879,-0.0813577608363758,sl,False
ema_pullback,1,2026-07-06 18:21:00+00:00,63756.27499,2026-07-06 18:26:00+00:00,63839.51541,5,0.3264008915712657,0.2,0.12640089157126572,0.1305603566285063,tp1_partial,True
ema_pullback,1,2026-07-06 18:21:00+00:00,63756.27499,2026-07-06 19:03:00+00:00,63647.53461,42,-0.4263908925711546,0.2,-0.6263908925711545,-0.17055635702846184,sl,False
ema_pullback,1,2026-07-06 19:07:00+00:00,63698.26919,2026-07-06 19:07:00+00:00,63655.93377,0,-0.3323121690615993,0.4,-0.7323121690615993,-0.06646243381231987,sl,False
ema_pullback,1,2026-07-06 19:10:00+00:00,63688.76824,2026-07-06 19:14:00+00:00,63720.72729000001,4,0.1254501024402499,0.2,-0.07454989755975011,0.05018004097609996,tp1_partial,True
ema_pullback,1,2026-07-06 19:10:00+00:00,63688.76824,2026-07-06 19:15:00+00:00,63765.52281000001,5,0.30128770001791594,0.2,0.10128770001791593,0.12051508000716638,tp2,False
ema_pullback,1,2026-07-06 19:23:00+00:00,63820.78144,2026-07-06 19:24:00+00:00,63850.71429,1,0.11725353922587001,0.2,-0.08274646077413,0.046901415690348,tp1_partial,True
ema_pullback,1,2026-07-06 19:23:00+00:00,63820.78144,2026-07-06 19:31:00+00:00,63765.32283,8,-0.21724354022575887,0.2,-0.4172435402257589,-0.08689741609030355,sl,False
ema_pullback,1,2026-07-06 19:42:00+00:00,63806.38,2026-07-06 19:48:00+00:00,63843.21504,6,0.14432349868465089,0.2,-0.055676501315349125,0.057729399473860354,tp1_partial,True
ema_pullback,1,2026-07-06 19:42:00+00:00,63806.38,2026-07-06 19:50:00+00:00,63744.02496,8,-0.24431349968448424,0.2,-0.44431349968448425,-0.0977253998737937,sl,False
ema_pullback,1,2026-07-06 19:54:00+00:00,63830.68243,2026-07-06 19:54:00+00:00,63786.02076,0,-0.3498448418515765,0.4,-0.7498448418515765,-0.0699689683703153,sl,False
ema_pullback,1,2026-07-06 20:16:00+00:00,63612.660630000006,2026-07-06 20:17:00+00:00,63573.94197000001,1,-0.30433139894275874,0.4,-0.7043313989427588,-0.06086627978855175,sl,False
ema_pullback,1,2026-07-06 20:20:00+00:00,63607.960159999995,2026-07-06 20:20:00+00:00,63608.33853,0,0.0014871173318886655,0.2,-0.19851288266811135,0.0005948469327554662,tp1_partial,True
ema_pullback,1,2026-07-06 20:20:00+00:00,63607.960159999995,2026-07-06 20:21:00+00:00,63621.537209999995,1,0.053362228429609804,0.2,-0.1466377715703902,0.02134489137184392,tp2,False
ema_pullback,1,2026-07-06 20:22:00+00:00,63648.66423,2026-07-06 20:25:00+00:00,63676.531709999996,3,0.10945822798141824,0.2,-0.09054177201858177,0.0437832911925673,tp1_partial,True
ema_pullback,1,2026-07-06 20:22:00+00:00,63648.66423,2026-07-06 20:28:00+00:00,63717.22763999999,6,0.26930419840481834,0.2,0.06930419840481833,0.10772167936192734,tp2,False
ema_pullback,1,2026-07-06 20:41:00+00:00,63856.385,2026-07-06 20:42:00+00:00,63814.917870000005,1,-0.3246905536540834,0.4,-0.7246905536540834,-0.06493811073081668,sl,False
ema_pullback,1,2026-07-06 20:53:00+00:00,63830.48241,2026-07-06 20:54:00+00:00,63857.613600000004,1,0.10626267018370994,0.2,-0.09373732981629007,0.042505068073483976,tp1_partial,True
ema_pullback,1,2026-07-06 20:53:00+00:00,63830.48241,2026-07-06 21:02:00+00:00,63777.821579999996,9,-0.2062526711835988,0.2,-0.4062526711835988,-0.08250106847343952,sl,False
ema_pullback,1,2026-07-06 21:06:00+00:00,63824.58182,2026-07-06 21:06:00+00:00,63838.715489999995,0,0.055361388970220915,0.2,-0.1446386110297791,0.022144555588088366,tp1_partial,True
ema_pullback,1,2026-07-06 21:06:00+00:00,63824.58182,2026-07-06 21:07:00+00:00,63865.61279999999,1,0.16071777844040014,0.2,-0.03928222155959987,0.06428711137616006,tp2,False
ema_pullback,1,2026-07-06 21:10:00+00:00,64418.141169999995,2026-07-07 01:04:00+00:00,63899.50941,234,-4.025510132551979,0.4,-4.425510132551979,-0.8051020265103959,sl,False
ema_pullback,1,2026-07-07 01:11:00+00:00,64026.201980000005,2026-07-07 01:13:00+00:00,63950.6043,2,-0.5903651759917028,0.4,-0.9903651759917028,-0.11807303519834056,sl,False
ema_pullback,1,2026-07-07 01:19:00+00:00,63994.09877,2026-07-07 01:21:00+00:00,63940.90527,2,-0.41561254101862843,0.4,-0.8156125410186285,-0.08312250820372569,sl,False
ema_pullback,1,2026-07-07 01:23:00+00:00,63978.99726,2026-07-07 01:23:00+00:00,63998.99945999999,0,0.07815924309784172,0.2,-0.12184075690215829,0.03126369723913669,tp1_partial,True
ema_pullback,1,2026-07-07 01:23:00+00:00,63978.99726,2026-07-07 01:25:00+00:00,63933.606,2,-0.17736781578309158,0.2,-0.3773678157830916,-0.07094712631323663,sl,False
ema_pullback,1,2026-07-07 01:42:00+00:00,63870.28639,2026-07-07 01:42:00+00:00,63836.21574,0,-0.2667175295877344,0.4,-0.6667175295877344,-0.053343505917546885,sl,False
ema_pullback,1,2026-07-07 01:44:00+00:00,63903.88975,2026-07-07 01:47:00+00:00,63964.002960000005,3,0.23517038726111883,0.2,0.03517038726111882,0.09406815490444753,tp1_partial,True
ema_pullback,1,2026-07-07 01:44:00+00:00,63903.88975,2026-07-07 01:59:00+00:00,63818.21754,15,-0.33516038826103545,0.2,-0.5351603882610354,-0.13406415530441418,sl,False
ema_pullback,1,2026-07-07 02:05:00+00:00,63865.28589,2026-07-07 02:06:00+00:00,63831.71619,1,-0.2628164857652049,0.4,-0.6628164857652049,-0.05256329715304098,sl,False
ema_pullback,1,2026-07-07 02:12:00+00:00,63829.3823,2026-07-07 02:17:00+00:00,63771.42222,5,-0.45402350697665295,0.4,-0.854023506976653,-0.09080470139533059,sl,False
ema_pullback,1,2026-07-07 02:40:00+00:00,63503.549719999995,2026-07-07 02:43:00+00:00,63542.14515,3,0.1519420180847164,0.2,-0.0480579819152836,0.060776807233886565,tp1_partial,True
ema_pullback,1,2026-07-07 02:40:00+00:00,63503.549719999995,2026-07-07 02:49:00+00:00,63439.55541,9,-0.2519320190846053,0.2,-0.4519320190846053,-0.10077280763384211,sl,False
ema_pullback,1,2026-07-07 03:03:00+00:00,63331.23249,2026-07-07 03:08:00+00:00,63383.86098,5,0.2077509308235359,0.2,0.007750930823535895,0.08310037232941436,tp1_partial,True
ema_pullback,1,2026-07-07 03:03:00+00:00,63331.23249,2026-07-07 03:16:00+00:00,63253.47402,13,-0.3069515109005716,0.2,-0.5069515109005716,-0.12278060436022864,sl,False
ema_pullback,1,2026-07-07 03:21:00+00:00,63312.93066,2026-07-07 03:27:00+00:00,63243.675,6,-0.5469314030960848,0.4,-0.9469314030960848,-0.10938628061921696,sl,False
ema_pullback,1,2026-07-07 03:31:00+00:00,63288.728240000004,2026-07-07 03:33:00+00:00,63296.669700000006,2,0.031369962001315255,0.2,-0.16863003799868476,0.012547984800526102,tp1_partial,True
ema_pullback,1,2026-07-07 03:31:00+00:00,63288.728240000004,2026-07-07 03:37:00+00:00,63317.367630000015,6,0.11312990004874734,0.2,-0.08687009995125267,0.04525196001949894,tp2,False
ema_pullback,1,2026-07-07 03:39:00+00:00,63296.529019999994,2026-07-07 03:40:00+00:00,63260.07336,1,-0.287975190460088,0.4,-0.687975190460088,-0.0575950380920176,sl,False
ema_pullback,1,2026-07-07 04:00:00+00:00,63171.21649,2026-07-07 04:00:00+00:00,63187.78059,0,0.0655524023454035,0.2,-0.13444759765459652,0.026220960938161397,tp1_partial,True
ema_pullback,1,2026-07-07 04:00:00+00:00,63171.21649,2026-07-07 04:02:00+00:00,63129.58641,2,-0.16475098277782263,0.2,-0.36475098277782264,-0.06590039311112905,sl,False
ema_pullback,-1,2026-07-07 04:03:00+00:00,63110.78829,2026-07-07 04:12:00+00:00,63187.61813,9,-0.6086902262015803,0.4,-1.0086902262015802,-0.12173804524031606,sl,False
ema_pullback,1,2026-07-07 04:13:00+00:00,63245.323899999996,2026-07-07 04:15:00+00:00,63155.983770000006,2,-0.7062983038971238,0.4,-1.1062983038971237,-0.14125966077942476,sl,False
ema_pullback,1,2026-07-07 04:16:00+00:00,63187.51811999999,2026-07-07 04:17:00+00:00,63153.684,1,-0.26772787574708135,0.4,-0.6677278757470814,-0.05354557514941627,sl,False
ema_pullback,1,2026-07-07 04:21:00+00:00,63196.21899,2026-07-07 04:23:00+00:00,63145.484820000005,2,-0.4014019415308767,0.4,-0.8014019415308767,-0.08028038830617534,sl,False
ema_pullback,1,2026-07-07 04:25:00+00:00,63179.3173,2026-07-07 04:27:00+00:00,63194.6799,2,0.060789672382211,0.2,-0.139210327617789,0.0243158689528844,tp1_partial,True
ema_pullback,1,2026-07-07 04:25:00+00:00,63179.3173,2026-07-07 04:28:00+00:00,63222.577110000006,3,0.17117868571842054,0.2,-0.02882131428157947,0.06847147428736822,tp2,False
ema_pullback,1,2026-07-07 04:34:00+00:00,63223.22169,2026-07-07 04:34:00+00:00,63196.97967,0,-0.20753466288597755,0.4,-0.6075346628859776,-0.04150693257719551,sl,False
ema_pullback,1,2026-07-07 04:35:00+00:00,63238.3232,2026-07-07 04:37:00+00:00,63193.68,2,-0.35297583601962,0.4,-0.75297583601962,-0.070595167203924,sl,False
ema_pullback,-1,2026-07-07 05:02:00+00:00,63043.79499,2026-07-07 05:09:00+00:00,63016.40101,7,0.1086307542413345,0.2,-0.09136924575866551,0.0434523016965338,tp1_partial,True
ema_pullback,-1,2026-07-07 05:02:00+00:00,63043.79499,2026-07-07 05:12:00+00:00,62976.497019999995,10,0.26686991959590234,0.2,0.06686991959590233,0.10674796783836094,tp2,False
ema_pullback,-1,2026-07-07 05:28:00+00:00,62865.7128,2026-07-07 05:29:00+00:00,62916.19099,1,-0.40147631953679763,0.4,-0.8014763195367977,-0.08029526390735953,sl,False
ema_pullback,1,2026-07-07 05:50:00+00:00,63141.21349,2026-07-07 05:51:00+00:00,63152.38413,1,0.04422879836546434,0.2,-0.15577120163453567,0.017691519346185736,tp1_partial,True
ema_pullback,1,2026-07-07 05:50:00+00:00,63141.21349,2026-07-07 05:52:00+00:00,63176.081759999994,2,0.13805669891631123,0.2,-0.061943301083688784,0.05522267956652449,tp2,False
ema_pullback,-1,2026-07-07 05:58:00+00:00,63114.28794,2026-07-07 06:02:00+00:00,63197.51912,4,-0.6593687635287893,0.4,-1.0593687635287892,-0.13187375270575785,sl,False
ema_pullback,1,2026-07-07 06:03:00+00:00,63169.71634,2026-07-07 06:03:00+00:00,63102.58911,0,-0.531324453308446,0.4,-0.931324453308446,-0.1062648906616892,sl,False
ema_pullback,-1,2026-07-07 06:04:00+00:00,63089.29044,2026-07-07 06:06:00+00:00,63034.00277,2,0.21908500481782056,0.2,0.01908500481782055,0.08763400192712822,tp1_partial,True
ema_pullback,-1,2026-07-07 06:04:00+00:00,63089.29044,2026-07-07 06:13:00+00:00,62966.09598,9,0.48817501013567743,0.2,0.2881750101356774,0.19527000405427097,tp2,False
ema_pullback,-1,2026-07-07 06:19:00+00:00,63026.39673,2026-07-07 06:20:00+00:00,63084.00777,1,-0.45703897881710365,0.4,-0.8570389788171037,-0.09140779576342073,sl,False
ema_pullback,1,2026-07-07 06:44:00+00:00,63233.42271,2026-07-07 06:47:00+00:00,63241.075260000005,3,0.03025516282384455,0.2,-0.16974483717615546,0.01210206512953782,tp1_partial,True
ema_pullback,1,2026-07-07 06:44:00+00:00,63233.42271,2026-07-07 06:49:00+00:00,63261.47322000001,5,0.11090064714924797,0.2,-0.08909935285075204,0.044360258859699186,tp2,False
ema_pullback,1,2026-07-07 06:54:00+00:00,63376.43701,2026-07-07 07:23:00+00:00,63264.6729,29,-0.8817481328460275,0.4,-1.2817481328460274,-0.1763496265692055,sl,False
ema_pullback,1,2026-07-07 07:46:00+00:00,63144.41381,2026-07-07 07:47:00+00:00,63148.48452,1,0.016116667153842634,0.2,-0.18388333284615738,0.006446666861537054,tp1_partial,True
ema_pullback,1,2026-07-07 07:46:00+00:00,63144.41381,2026-07-07 07:52:00+00:00,63115.08786,6,-0.1161066681537315,0.2,-0.3161066681537315,-0.0464426672614926,sl,False
ema_pullback,-1,2026-07-07 07:53:00+00:00,63099.389429999996,2026-07-07 07:59:00+00:00,63064.10578,6,0.1397939438032847,0.2,-0.06020605619671532,0.05591757752131388,tp1_partial,True
ema_pullback,-1,2026-07-07 07:53:00+00:00,63099.389429999996,2026-07-07 08:08:00+00:00,63016.20098999999,15,0.3295928881066612,0.2,0.1295928881066612,0.13183715524266448,tp2,False
ema_pullback,-1,2026-07-07 08:17:00+00:00,63061.29324,2026-07-07 08:17:00+00:00,63098.10918,0,-0.2919060021484565,0.4,-0.6919060021484565,-0.058381200429691305,sl,False
ema_pullback,-1,2026-07-07 08:26:00+00:00,63108.58851,2026-07-07 08:26:00+00:00,63116.71104,0,-0.03217680109701693,0.2,-0.23217680109701694,-0.01287072043880677,tp1_partial,True
ema_pullback,-1,2026-07-07 08:26:00+00:00,63108.58851,2026-07-07 08:27:00+00:00,63112.21059,1,-0.014348601693969787,0.2,-0.2143486016939698,-0.005739440677587915,tp2,False
ema_pullback,-1,2026-07-07 08:36:00+00:00,63017.597610000004,2026-07-07 08:37:00+00:00,63061.50552,1,-0.34837816471300354,0.4,-0.7483781647130036,-0.06967563294260071,sl,False
ema_pullback,-1,2026-07-07 08:43:00+00:00,63043.79499,2026-07-07 08:43:00+00:00,63032.50262,0,0.04477986295794989,0.2,-0.15522013704205012,0.017911945183179956,tp1_partial,True
ema_pullback,-1,2026-07-07 08:43:00+00:00,63043.79499,2026-07-07 08:45:00+00:00,63080.10738,2,-0.14399668518433328,0.2,-0.3439966851843333,-0.057598674073733314,sl,False
ema_pullback,-1,2026-07-07 08:46:00+00:00,63036.995670000004,2026-07-07 08:54:00+00:00,63011.80055,8,0.09992195746408306,0.2,-0.10007804253591696,0.03996878298563322,tp1_partial,True
ema_pullback,-1,2026-07-07 08:46:00+00:00,63036.995670000004,2026-07-07 08:57:00+00:00,63087.60813,11,-0.20072522279201976,0.2,-0.4007252227920198,-0.0802900891168079,sl,False
ema_pullback,-1,2026-07-07 09:01:00+00:00,63023.697,2026-07-07 09:02:00+00:00,63080.3074,1,-0.4491199556255765,0.4,-0.8491199556255765,-0.0898239911251153,sl,False
ema_pullback,1,2026-07-07 09:38:00+00:00,63159.91536,2026-07-07 09:38:00+00:00,63161.58321,0,0.006601695040631128,0.2,-0.19339830495936888,0.0026406780162524512,tp1_partial,True
ema_pullback,1,2026-07-07 09:38:00+00:00,63159.91536,2026-07-07 09:39:00+00:00,63175.88177999999,1,0.06319839058122056,0.2,-0.13680160941877945,0.025279356232488226,tp2,False
ema_pullback,1,2026-07-07 09:48:00+00:00,63267.526119999995,2026-07-07 09:56:00+00:00,63199.07946,8,-0.5409304282750771,0.4,-0.9409304282750771,-0.10818608565501542,sl,False
ema_pullback,1,2026-07-07 09:59:00+00:00,63242.92366,2026-07-07 10:00:00+00:00,63260.87328,1,0.07095505299731242,0.2,-0.1290449470026876,0.028382021198924967,tp1_partial,True
ema_pullback,1,2026-07-07 09:59:00+00:00,63242.92366,2026-07-07 10:02:00+00:00,63291.470219999996,3,0.19190510649452763,0.2,-0.008094893505472378,0.07676204259781105,tp2,False
ema_pullback,1,2026-07-07 10:03:00+00:00,63389.63833,2026-07-07 10:30:00+00:00,63241.17525,27,-1.1710358657286979,0.4,-1.5710358657286978,-0.23420717314573958,sl,False
ema_pullback,1,2026-07-07 10:38:00+00:00,63267.226090000004,2026-07-07 10:39:00+00:00,63267.57261,1,0.0013692713487500896,0.2,-0.19863072865124992,0.0005477085395000358,tp1_partial,True
ema_pullback,1,2026-07-07 10:38:00+00:00,63267.226090000004,2026-07-07 10:45:00+00:00,63241.57521,7,-0.1013592723486667,0.2,-0.3013592723486667,-0.04054370893946668,sl,False
ema_pullback,1,2026-07-07 10:49:00+00:00,63263.52572,2026-07-07 10:49:00+00:00,63229.676400000004,0,-0.2675263480398371,0.4,-0.6675263480398371,-0.05350526960796742,sl,False
ema_pullback,1,2026-07-07 10:55:00+00:00,63246.22399,2026-07-07 10:55:00+00:00,63223.57701,0,-0.17903819841941226,0.4,-0.5790381984194123,-0.03580763968388245,sl,False
ema_pullback,1,2026-07-07 11:00:00+00:00,63264.925859999996,2026-07-07 11:00:00+00:00,63220.07736,0,-0.3544499530374612,0.4,-0.7544499530374612,-0.07088999060749224,sl,False
ema_pullback,1,2026-07-07 11:07:00+00:00,63180.11738,2026-07-07 11:07:00+00:00,63186.18075,0,0.023992397653882502,0.2,-0.1760076023461175,0.009596959061553001,tp1_partial,True
ema_pullback,1,2026-07-07 11:07:00+00:00,63180.11738,2026-07-07 11:09:00+00:00,63148.98447,2,-0.12319108958261382,0.2,-0.32319108958261383,-0.04927643583304553,sl,False
ema_pullback,-1,2026-07-07 11:11:00+00:00,63113.688,2026-07-07 11:19:00+00:00,63168.21619,8,-0.43198386695453284,0.4,-0.8319838669545329,-0.08639677339090657,sl,False
ema_pullback,-1,2026-07-07 11:33:00+00:00,63094.38993,2026-07-07 11:36:00+00:00,63155.914959999995,3,-0.48756339563826856,0.4,-0.8875633956382686,-0.09751267912765371,sl,False
ema_pullback,1,2026-07-07 11:37:00+00:00,63192.618630000004,2026-07-07 11:45:00+00:00,63249.57441,8,0.22532607935382698,0.2,0.02532607935382697,0.09013043174153079,tp1_partial,True
ema_pullback,1,2026-07-07 11:37:00+00:00,63192.618630000004,2026-07-07 11:46:00+00:00,63319.067460000006,9,0.5002515829434784,0.2,0.30025158294347837,0.20010063317739135,tp2,False
ema_pullback,1,2026-07-07 11:56:00+00:00,63350.534419999996,2026-07-07 11:59:00+00:00,63374.761889999994,3,0.09560878302689035,0.2,-0.10439121697310966,0.03824351321075614,tp1_partial,True
ema_pullback,1,2026-07-07 11:56:00+00:00,63350.534419999996,2026-07-07 12:02:00+00:00,63411.65819999998,6,0.2412125665536835,0.2,0.041212566553683494,0.0964850266214734,tp2,False
ema_pullback,1,2026-07-07 12:22:00+00:00,63732.172580000006,2026-07-07 12:31:00+00:00,63603.23904,9,-1.0115263200713986,0.4,-1.4115263200713986,-0.20230526401427973,sl,False
ema_pullback,1,2026-07-07 12:41:00+00:00,63603.159680000004,2026-07-07 12:45:00+00:00,63521.74719,4,-0.6400035030461049,0.4,-1.0400035030461048,-0.12800070060922097,sl,False
ema_pullback,1,2026-07-07 13:02:00+00:00,63457.645130000004,2026-07-07 13:04:00+00:00,63368.862479999996,2,-0.6995425832311275,0.4,-1.0995425832311274,-0.1399085166462255,sl,False
ema_pullback,1,2026-07-07 13:13:00+00:00,63356.13498,2026-07-07 13:15:00+00:00,63279.97137000001,2,-0.6010752551748877,0.4,-1.0010752551748876,-0.12021505103497754,sl,False
ema_pullback,1,2026-07-07 13:33:00+00:00,63217.62113,2026-07-07 13:34:00+00:00,63096.98967,1,-0.9540967996243821,0.4,-1.354096799624382,-0.19081935992487642,sl,False
ema_pullback,-1,2026-07-07 13:36:00+00:00,63043.695,2026-07-07 13:45:00+00:00,63193.51872,9,-1.1882530045232986,0.4,-1.5882530045232985,-0.23765060090465973,sl,False
ema_pullback,1,2026-07-07 13:46:00+00:00,63252.024569999994,2026-07-07 13:54:00+00:00,63077.891579999996,8,-1.3765013150471295,0.4,-1.7765013150471294,-0.2753002630094259,sl,False
ema_pullback,-1,2026-07-07 14:04:00+00:00,62997.79959,2026-07-07 14:05:00+00:00,63112.3106,1,-0.9088492831912376,0.4,-1.3088492831912375,-0.18176985663824752,sl,False
ema_pullback,-1,2026-07-07 14:09:00+00:00,63015.397829999994,2026-07-07 14:15:00+00:00,62932.492620000005,6,0.3289085400351166,0.2,0.1289085400351166,0.13156341601404664,tp1_partial,True
ema_pullback,-1,2026-07-07 14:09:00+00:00,63015.397829999994,2026-07-07 14:24:00+00:00,63123.71174,15,-0.42971207724584737,0.2,-0.6297120772458473,-0.17188483089833895,sl,False
ema_pullback,-1,2026-07-07 14:25:00+00:00,62993.7,2026-07-07 14:29:00+00:00,63124.311799999996,4,-1.0367052578273972,0.4,-1.436705257827397,-0.20734105156547944,sl,False
ema_pullback,1,2026-07-07 14:34:00+00:00,63214.52082,2026-07-07 14:35:00+00:00,63075.99177,1,-1.0957059248653533,0.4,-1.4957059248653533,-0.21914118497307067,sl,False
ema_pullback,-1,2026-07-07 14:36:00+00:00,62817.91758,2026-07-07 14:48:00+00:00,63185.41791,12,-2.92512346920748,0.4,-3.32512346920748,-0.585024693841496,sl,False
ema_pullback,1,2026-07-07 15:04:00+00:00,63488.148180000004,2026-07-07 15:04:00+00:00,63415.45782,0,-0.5724718871458756,0.4,-0.9724718871458756,-0.11449437742917512,sl,False
ema_pullback,1,2026-07-07 15:08:00+00:00,63456.54502,2026-07-07 15:11:00+00:00,63544.64489999999,3,0.34708744374684075,0.2,0.14708744374684074,0.1388349774987363,tp1_partial,True
ema_pullback,1,2026-07-07 15:08:00+00:00,63456.54502,2026-07-07 15:22:00+00:00,63645.43481999999,14,0.7441698879936398,0.2,0.5441698879936399,0.2976679551974559,tp2,False
ema_pullback,1,2026-07-07 15:28:00+00:00,63733.27269,2026-07-07 15:30:00+00:00,63643.635,2,-0.7032252245698922,0.4,-1.1032252245698921,-0.14064504491397845,sl,False
ema_pullback,1,2026-07-07 15:32:00+00:00,63767.27609,2026-07-07 15:36:00+00:00,63849.014460000006,4,0.3204557847376055,0.2,0.12045578473760549,0.1281823138950422,tp1_partial,True
ema_pullback,1,2026-07-07 15:32:00+00:00,63767.27609,2026-07-07 15:45:00+00:00,63943.50501,13,0.6909065699751693,0.2,0.4909065699751693,0.2763626279900677,tp2,False
ema_pullback,1,2026-07-07 15:46:00+00:00,63967.596119999995,2026-07-07 16:11:00+00:00,63809.91837000001,25,-1.2324814403232298,0.4,-1.6324814403232297,-0.24649628806464596,sl,False
ema_pullback,1,2026-07-07 16:16:00+00:00,63882.28759,2026-07-07 16:16:00+00:00,63898.50951000001,0,0.06348363768737819,0.2,-0.13651636231262182,0.025393455074951277,tp1_partial,True
ema_pullback,1,2026-07-07 16:16:00+00:00,63882.28759,2026-07-07 16:17:00+00:00,63840.31533,1,-0.16425624998506194,0.2,-0.36425624998506195,-0.06570249999402478,sl,False
ema_pullback,1,2026-07-07 16:21:00+00:00,63992.69863,2026-07-07 16:51:00+00:00,64131.08625,30,0.5406383187562813,0.2,0.3406383187562813,0.21625532750251253,tp1_partial,True
ema_pullback,1,2026-07-07 16:21:00+00:00,63992.69863,2026-07-07 18:49:00+00:00,63828.916470000004,148,-0.6398470587518357,0.2,-0.8398470587518356,-0.25593882350073427,sl,False
ema_pullback,1,2026-07-07 19:03:00+00:00,63711.970559999994,2026-07-07 19:03:00+00:00,63686.83068,0,-0.19729322275724437,0.4,-0.5972932227572444,-0.039458644551448874,sl,False
ema_pullback,1,2026-07-07 19:06:00+00:00,63716.87105,2026-07-07 19:07:00+00:00,63650.23434,1,-0.5229126046358279,0.4,-0.9229126046358279,-0.10458252092716558,sl,False
ema_pullback,1,2026-07-07 19:20:00+00:00,63504.64983,2026-07-07 19:27:00+00:00,63588.240540000006,7,0.32907318686020703,0.2,0.12907318686020702,0.1316292747440828,tp1_partial,True
ema_pullback,1,2026-07-07 19:20:00+00:00,63504.64983,2026-07-07 19:32:00+00:00,63684.53091000001,12,0.7081413742204279,0.2,0.5081413742204279,0.28325654968817116,tp2,False
ema_pullback,1,2026-07-07 19:40:00+00:00,63761.075469999996,2026-07-07 19:45:00+00:00,63789.420419999995,5,0.11113735845519335,0.2,-0.08886264154480666,0.04445494338207734,tp1_partial,True
ema_pullback,1,2026-07-07 19:40:00+00:00,63761.075469999996,2026-07-07 19:46:00+00:00,63830.51630999999,6,0.2722697174104005,0.2,0.0722697174104005,0.1089078869641602,tp2,False
ema_pullback,1,2026-07-07 19:53:00+00:00,63832.28259,2026-07-07 19:55:00+00:00,63791.820179999995,2,-0.3169431544529089,0.4,-0.7169431544529089,-0.06338863089058178,sl,False
ema_pullback,1,2026-07-07 20:00:00+00:00,63801.27949,2026-07-07 20:01:00+00:00,63826.41672,1,0.09849814220397324,0.2,-0.10150185779602677,0.039399256881589295,tp1_partial,True
ema_pullback,1,2026-07-07 20:00:00+00:00,63801.27949,2026-07-07 20:04:00+00:00,63864.31293000001,4,0.24699128490784927,0.2,0.04699128490784926,0.09879651396313971,tp2,False
ema_pullback,1,2026-07-07 20:15:00+00:00,63765.77594,2026-07-07 20:18:00+00:00,63707.02866,3,-0.46064898555669975,0.4,-0.8606489855566998,-0.09212979711133995,sl,False
ema_pullback,1,2026-07-07 20:25:00+00:00,63717.17108,2026-07-07 20:32:00+00:00,63672.332129999995,7,-0.35185923386105156,0.4,-0.7518592338610516,-0.07037184677221031,sl,False
ema_pullback,1,2026-07-07 20:41:00+00:00,63686.76804,2026-07-07 20:44:00+00:00,63627.33663,3,-0.4665915058107428,0.4,-0.8665915058107428,-0.09331830116214856,sl,False
ema_pullback,1,2026-07-07 20:55:00+00:00,63630.562419999995,2026-07-07 20:55:00+00:00,63609.6384,0,-0.1644180029549136,0.4,-0.5644180029549136,-0.03288360059098272,sl,False
ema_pullback,1,2026-07-07 20:58:00+00:00,63651.86455,2026-07-07 20:59:00+00:00,63669.03246,1,0.06742893598393751,0.2,-0.1325710640160625,0.026971574393575004,tp1_partial,True
ema_pullback,1,2026-07-07 20:58:00+00:00,63651.86455,2026-07-07 21:00:00+00:00,63698.92947,2,0.18485287246783333,0.2,-0.015147127532166682,0.07394114898713333,tp2,False
ema_pullback,1,2026-07-07 21:11:00+00:00,63766.67603,2026-07-07 21:12:00+00:00,63772.92207,1,0.024487868855893602,0.2,-0.1755121311441064,0.00979514754235744,tp1_partial,True
ema_pullback,1,2026-07-07 21:11:00+00:00,63766.67603,2026-07-07 21:15:00+00:00,63734.92587000001,4,-0.12447786985578246,0.2,-0.3244778698557825,-0.049791147942312985,sl,False
ema_pullback,1,2026-07-07 21:29:00+00:00,63482.447609999996,2026-07-07 21:29:00+00:00,63490.950269999994,0,0.03348429495125815,0.2,-0.16651570504874186,0.013393717980503261,tp1_partial,True
ema_pullback,1,2026-07-07 21:29:00+00:00,63482.447609999996,2026-07-07 21:30:00+00:00,63448.55451,1,-0.13347429595111926,0.2,-0.33347429595111927,-0.053389718380447704,sl,False
ema_pullback,1,2026-07-07 21:33:00+00:00,63500.74944,2026-07-07 21:34:00+00:00,63453.55401,1,-0.37161317320039133,0.4,-0.7716131732003914,-0.07432263464007827,sl,False
ema_pullback,1,2026-07-07 21:45:00+00:00,63382.637630000005,2026-07-07 21:45:00+00:00,63348.6645,0,-0.26800028580636903,0.4,-0.668000285806369,-0.053600057161273806,sl,False
ema_pullback,1,2026-07-07 21:46:00+00:00,63386.03797,2026-07-07 21:46:00+00:00,63413.75798999999,0,0.10933014938208085,0.2,-0.09066985061791916,0.04373205975283234,tp1_partial,True
ema_pullback,1,2026-07-07 21:46:00+00:00,63386.03797,2026-07-07 21:47:00+00:00,63454.153949999985,1,0.26865529926412,0.2,0.06865529926412,0.10746211970564801,tp2,False
ema_pullback,1,2026-07-07 21:54:00+00:00,63472.3466,2026-07-07 21:57:00+00:00,63399.659400000004,3,-0.5725895125484048,0.4,-0.9725895125484049,-0.11451790250968097,sl,False
ema_pullback,-1,2026-07-07 22:01:00+00:00,63232.77609,2026-07-07 22:08:00+00:00,63405.83995,7,-1.3684664085732434,0.4,-1.7684664085732433,-0.2736932817146487,sl,False
ema_pullback,1,2026-07-07 22:11:00+00:00,63393.83875,2026-07-07 22:12:00+00:00,63420.85728,1,0.10655029941686323,0.2,-0.09344970058313679,0.04262011976674529,tp1_partial,True
ema_pullback,1,2026-07-07 22:11:00+00:00,63393.83875,2026-07-07 22:18:00+00:00,63460.45331999999,7,0.2627012786790561,0.2,0.06270127867905612,0.10508051147162245,tp2,False
ema_pullback,1,2026-07-07 22:21:00+00:00,63484.04777,2026-07-07 22:22:00+00:00,63433.55601,1,-0.3976728152474407,0.4,-0.7976728152474407,-0.07953456304948814,sl,False
ema_pullback,1,2026-07-07 22:29:00+00:00,63427.042069999996,2026-07-07 22:32:00+00:00,63446.85468,3,0.07809212503612217,0.2,-0.12190787496387784,0.03123685001444887,tp1_partial,True
ema_pullback,1,2026-07-07 22:29:00+00:00,63427.042069999996,2026-07-07 22:34:00+00:00,63479.351429999995,5,0.20617925057214714,0.2,0.0061792505721471325,0.08247170022885886,tp2,False
ema_pullback,1,2026-07-07 22:52:00+00:00,63567.25609,2026-07-07 22:54:00+00:00,63505.94877,2,-0.4822240550481083,0.4,-0.8822240550481083,-0.09644481100962166,sl,False
ema_pullback,1,2026-07-07 22:59:00+00:00,63526.75204,2026-07-07 23:00:00+00:00,63491.75019,1,-0.2754890567832069,0.4,-0.6754890567832069,-0.05509781135664138,sl,False
ema_pullback,1,2026-07-07 23:01:00+00:00,63549.25429,2026-07-07 23:06:00+00:00,63586.64070000001,5,0.14707650946382822,0.2,-0.05292349053617179,0.05883060378553129,tp1_partial,True
ema_pullback,1,2026-07-07 23:01:00+00:00,63549.25429,2026-07-07 23:16:00+00:00,63636.83568000001,15,0.34454137573491916,0.2,0.14454137573491915,0.13781655029396767,tp2,False
ema_pullback,1,2026-07-07 23:23:00+00:00,63646.464009999996,2026-07-07 23:24:00+00:00,63610.33833,1,-0.28379958385688075,0.4,-0.6837995838568808,-0.05675991677137615,sl,False
ema_pullback,1,2026-07-07 23:29:00+00:00,63637.46311,2026-07-07 23:31:00+00:00,63607.6386,2,-0.23433138706713263,0.4,-0.6343313870671327,-0.04686627741342653,sl,False
ema_pullback,-1,2026-07-08 00:01:00+00:00,63267.77259,2026-07-08 00:03:00+00:00,63390.138380000004,2,-0.9670467679728789,0.4,-1.3670467679728788,-0.19340935359457578,sl,False
ema_pullback,1,2026-07-08 00:04:00+00:00,63385.73794,2026-07-08 00:09:00+00:00,63443.655,5,0.2284309605057322,0.2,0.028430960505732183,0.09137238420229288,tp1_partial,True
ema_pullback,1,2026-07-08 00:04:00+00:00,63385.73794,2026-07-08 00:21:00+00:00,63514.24794,17,0.5068569215114782,0.2,0.3068569215114782,0.20274276860459128,tp2,False
ema_pullback,1,2026-07-08 00:22:00+00:00,63539.85335,2026-07-08 00:26:00+00:00,63617.73759,4,0.30643854169359885,0.2,0.10643854169359884,0.12257541667743954,tp1_partial,True
ema_pullback,1,2026-07-08 00:22:00+00:00,63539.85335,2026-07-08 00:44:00+00:00,63708.22854,22,0.662478669381461,0.2,0.46247866938146104,0.2649914677525844,tp2,False
ema_pullback,1,2026-07-08 00:56:00+00:00,63639.06327,2026-07-08 01:00:00+00:00,63546.844679999995,4,-0.7245438985230557,0.4,-1.1245438985230556,-0.14490877970461113,sl,False
ema_pullback,1,2026-07-08 01:11:00+00:00,63523.85175,2026-07-08 01:13:00+00:00,63550.74429,2,0.10583638766836767,0.2,-0.09416361233163234,0.04233455506734707,tp1_partial,True
ema_pullback,1,2026-07-08 01:11:00+00:00,63523.85175,2026-07-08 01:14:00+00:00,63590.24034,3,0.26127426223016004,0.2,0.061274262230160026,0.10450970489206401,tp2,False
ema_pullback,1,2026-07-08 01:22:00+00:00,63548.454209999996,2026-07-08 01:23:00+00:00,63573.54201,1,0.09869555566643928,0.2,-0.10130444433356073,0.03947822226657571,tp1_partial,True
ema_pullback,1,2026-07-08 01:22:00+00:00,63548.454209999996,2026-07-08 01:28:00+00:00,63498.14955,6,-0.1978988341469201,0.2,-0.3978988341469201,-0.07915953365876804,sl,False
ema_pullback,-1,2026-07-08 01:52:00+00:00,63119.18745,2026-07-08 01:52:00+00:00,63177.11708,0,-0.45889080912120406,0.4,-0.8588908091212041,-0.09177816182424081,sl,False
ema_pullback,-1,2026-07-08 01:55:00+00:00,63073.99197,2026-07-08 01:55:00+00:00,63012.100580000006,0,0.2453126402298944,0.2,0.045312640229894396,0.09812505609195776,tp1_partial,True
ema_pullback,-1,2026-07-08 01:55:00+00:00,63073.99197,2026-07-08 02:00:00+00:00,62937.49312000001,5,0.541026680477591,0.2,0.34102668047759094,0.21641067219103638,tp2,False
ema_pullback,-1,2026-07-08 02:06:00+00:00,62884.7109,2026-07-08 02:07:00+00:00,62928.19219,1,-0.34572226998985656,0.4,-0.7457222699898566,-0.06914445399797131,sl,False
ema_pullback,-1,2026-07-08 02:09:00+00:00,62857.11366,2026-07-08 02:32:00+00:00,62754.47482,23,0.40822284871042114,0.2,0.20822284871042113,0.16328913948416846,tp1_partial,True
ema_pullback,-1,2026-07-08 02:09:00+00:00,62857.11366,2026-07-08 02:35:00+00:00,62639.263300000006,26,0.8664506979208786,0.2,0.6664506979208786,0.34658027916835144,tp2,False
ema_pullback,-1,2026-07-08 02:39:00+00:00,62707.62861,2026-07-08 02:40:00+00:00,62769.2763,1,-0.4915485672676301,0.4,-0.8915485672676301,-0.09830971345352602,sl,False
ema_pullback,-1,2026-07-08 02:53:00+00:00,62898.00957,2026-07-08 02:53:00+00:00,62874.98687,0,0.09150806264537903,0.2,-0.10849193735462098,0.03660322505815161,tp1_partial,True
ema_pullback,-1,2026-07-08 02:53:00+00:00,62898.00957,2026-07-08 02:57:00+00:00,62946.394009999996,4,-0.1923130808541007,0.2,-0.3923130808541007,-0.07692523234164028,sl,False
ema_pullback,-1,2026-07-08 03:06:00+00:00,62979.101460000005,2026-07-08 03:06:00+00:00,62965.09588,0,0.05559614092343068,0.2,-0.14440385907656933,0.022238456369372273,tp1_partial,True
ema_pullback,-1,2026-07-08 03:06:00+00:00,62979.101460000005,2026-07-08 03:10:00+00:00,63018.3012,4,-0.1556061419235033,0.2,-0.3556061419235033,-0.06224245676940132,sl,False
ema_pullback,-1,2026-07-08 03:16:00+00:00,63006.29874,2026-07-08 03:17:00+00:00,62995.2989,1,0.04364579502355581,0.2,-0.1563542049764442,0.017458318009422324,tp1_partial,True
ema_pullback,-1,2026-07-08 03:16:00+00:00,63006.29874,2026-07-08 03:18:00+00:00,62971.69654,2,0.13729659054720345,0.2,-0.06270340945279657,0.05491863621888138,tp2,False
ema_pullback,-1,2026-07-08 03:23:00+00:00,62980.50132,2026-07-08 03:27:00+00:00,63038.80325,4,-0.46285698571824074,0.4,-0.8628569857182408,-0.09257139714364815,sl,False
ema_pullback,-1,2026-07-08 03:31:00+00:00,62988.80049,2026-07-08 03:32:00+00:00,62975.99696999999,1,0.05081665272399505,0.2,-0.14918334727600496,0.02032666108959802,tp1_partial,True
ema_pullback,-1,2026-07-08 03:31:00+00:00,62988.80049,2026-07-08 03:33:00+00:00,62950.69443999999,2,0.15124137030542162,0.2,-0.04875862969457839,0.06049654812216865,tp2,False
ema_pullback,-1,2026-07-08 03:40:00+00:00,62939.7054,2026-07-08 03:40:00+00:00,62929.99237000001,0,0.03858069376977413,0.2,-0.16141930623022588,0.015432277507909653,tp1_partial,True
ema_pullback,-1,2026-07-08 03:40:00+00:00,62939.7054,2026-07-08 03:41:00+00:00,62907.79015000001,1,0.12676914277387485,0.2,-0.07323085722612516,0.05070765710954994,tp2,False
ema_pullback,-1,2026-07-08 03:45:00+00:00,62912.10816,2026-07-08 03:45:00+00:00,62906.089980000004,0,0.02391503073101431,0.2,-0.1760849692689857,0.009566012292405723,tp1_partial,True
ema_pullback,-1,2026-07-08 03:45:00+00:00,62912.10816,2026-07-08 03:46:00+00:00,62887.48812,1,0.09783506196212044,0.2,-0.10216493803787957,0.039134024784848176,tp2,False
ema_pullback,-1,2026-07-08 03:49:00+00:00,62873.712,2026-07-08 03:50:00+00:00,62848.884260000006,1,0.09872067041308275,0.2,-0.10127932958691727,0.0394882681652331,tp1_partial,True
ema_pullback,-1,2026-07-08 03:49:00+00:00,62873.712,2026-07-08 03:51:00+00:00,62811.08048000001,2,0.2490369902129752,0.2,0.049036990212975196,0.09961479608519008,tp2,False
ema_pullback,-1,2026-07-08 04:01:00+00:00,62711.7282,2026-07-08 04:03:00+00:00,62766.276,2,-0.43490907973420256,0.4,-0.8349090797342026,-0.08698181594684051,sl,False
ema_pullback,-1,2026-07-08 04:06:00+00:00,62742.425129999996,2026-07-08 04:09:00+00:00,62806.28,3,-0.5088651727096494,0.4,-0.9088651727096494,-0.10177303454192987,sl,False
ema_pullback,-1,2026-07-08 04:14:00+00:00,62759.423429999995,2026-07-08 04:19:00+00:00,62814.68084,5,-0.4402319761719342,0.4,-0.8402319761719342,-0.08804639523438684,sl,False
ema_pullback,-1,2026-07-08 04:20:00+00:00,62770.62231,2026-07-08 04:21:00+00:00,62822.68164,1,-0.41467909735626307,0.4,-0.8146790973562631,-0.08293581947125261,sl,False
ema_pullback,-1,2026-07-08 04:34:00+00:00,62805.11886,2026-07-08 04:34:00+00:00,62778.67724,0,0.10525264691779723,0.2,-0.09474735308220278,0.04210105876711889,tp1_partial,True
ema_pullback,-1,2026-07-08 04:34:00+00:00,62805.11886,2026-07-08 04:37:00+00:00,62739.57333,3,0.2609083908674259,0.2,0.06090839086742589,0.10436335634697036,tp2,False
ema_pullback,-1,2026-07-08 04:43:00+00:00,62736.22575,2026-07-08 04:43:00+00:00,62722.571630000006,0,0.0544108281808342,0.2,-0.1455891718191658,0.02176433127233368,tp1_partial,True
ema_pullback,-1,2026-07-08 04:43:00+00:00,62736.22575,2026-07-08 04:45:00+00:00,62696.36901,2,0.15882665686178798,0.2,-0.041173343138212026,0.0635306627447152,tp2,False
ema_pullback,-1,2026-07-08 04:50:00+00:00,62671.83219,2026-07-08 04:57:00+00:00,62742.77365,7,-0.5659756346753086,0.4,-0.9659756346753087,-0.11319512693506173,sl,False
ema_pullback,-1,2026-07-08 05:03:00+00:00,62725.82679,2026-07-08 05:03:00+00:00,62751.474519999996,0,-0.20444314019063548,0.4,-0.6044431401906355,-0.040888628038127095,sl,False
ema_pullback,-1,2026-07-08 05:12:00+00:00,62784.620910000005,2026-07-08 05:14:00+00:00,62776.97707,2,0.03043675301855897,0.2,-0.16956324698144104,0.012174701207423588,tp1_partial,True
ema_pullback,-1,2026-07-08 05:12:00+00:00,62784.620910000005,2026-07-08 05:17:00+00:00,62756.775050000004,5,0.1108785065371265,0.2,-0.08912149346287351,0.0443514026148506,tp2,False
ema_pullback,-1,2026-07-08 05:23:00+00:00,62745.82479,2026-07-08 05:27:00+00:00,62711.070479999995,4,0.13847260003482798,0.2,-0.061527399965172036,0.05538904001393119,tp1_partial,True
ema_pullback,-1,2026-07-08 05:23:00+00:00,62745.82479,2026-07-08 05:33:00+00:00,62663.66574,10,0.32734867329808903,0.2,0.12734867329808902,0.1309394693192356,tp2,False
ema_pullback,-1,2026-07-08 05:36:00+00:00,62705.22885,2026-07-08 05:38:00+00:00,62676.96707,2,0.11267712644669192,0.2,-0.08732287355330809,0.04507085057867677,tp1_partial,True
ema_pullback,-1,2026-07-08 05:36:00+00:00,62705.22885,2026-07-08 05:39:00+00:00,62636.062979999995,3,0.27575798409673613,0.2,0.07575798409673612,0.11030319363869445,tp2,False
ema_pullback,-1,2026-07-08 05:52:00+00:00,62537.545620000004,2026-07-08 05:54:00+00:00,62589.65834,2,-0.4166514649986963,0.4,-0.8166514649986963,-0.08333029299973926,sl,False
ema_pullback,-1,2026-07-08 06:01:00+00:00,62590.24035,2026-07-08 06:01:00+00:00,62576.457019999994,0,0.05505383076870318,0.2,-0.14494616923129683,0.022021532307481273,tp1_partial,True
ema_pullback,-1,2026-07-08 06:01:00+00:00,62590.24035,2026-07-08 06:06:00+00:00,62550.154389999996,5,0.16011266203744268,0.2,-0.039887337962557334,0.06404506481497707,tp2,False
ema_pullback,-1,2026-07-08 06:08:00+00:00,62580.34134,2026-07-08 06:08:00+00:00,62606.26,0,-0.20708308268235776,0.4,-0.6070830826823578,-0.04141661653647155,sl,False
ema_pullback,-1,2026-07-08 06:09:00+00:00,62571.042270000005,2026-07-08 06:13:00+00:00,62551.35450999999,4,0.07866162719114,0.2,-0.12133837280886,0.031464650876456,tp1_partial,True
ema_pullback,-1,2026-07-08 06:09:00+00:00,62571.042270000005,2026-07-08 06:15:00+00:00,62615.56093,6,-0.1778724565905665,0.2,-0.3778724565905665,-0.0711489826362266,sl,False
ema_pullback,-1,2026-07-08 06:18:00+00:00,62568.24255,2026-07-08 06:18:00+00:00,62584.457819999996,0,-0.12958067335067103,0.4,-0.529580673350671,-0.025916134670134205,sl,False
ema_pullback,-1,2026-07-08 06:19:00+00:00,62555.64381,2026-07-08 06:20:00+00:00,62548.254199999996,1,0.029532147500760386,0.2,-0.17046785249923962,0.011812859000304154,tp1_partial,True
ema_pullback,-1,2026-07-08 06:19:00+00:00,62555.64381,2026-07-08 06:21:00+00:00,62528.35221,2,0.10906929550152933,0.2,-0.09093070449847068,0.04362771820061173,tp2,False
ema_pullback,-1,2026-07-08 06:30:00+00:00,62585.84079,2026-07-08 06:30:00+00:00,62553.154689999996,0,0.13056507505299075,0.2,-0.06943492494700926,0.0522260300211963,tp1_partial,True
ema_pullback,-1,2026-07-08 06:30:00+00:00,62585.84079,2026-07-08 06:33:00+00:00,62507.95016999999,3,0.3111351506060456,0.2,0.11113515060604556,0.12445406024241823,tp2,False
ema_pullback,-1,2026-07-08 06:34:00+00:00,62526.94668,2026-07-08 06:39:00+00:00,62471.246499999994,5,0.2227047015627981,0.2,0.02270470156279808,0.08908188062511924,tp1_partial,True
ema_pullback,-1,2026-07-08 06:34:00+00:00,62526.94668,2026-07-08 06:48:00+00:00,62607.66014,14,-0.32271470256284296,0.2,-0.5227147025628429,-0.12908588102513718,sl,False
ema_pullback,-1,2026-07-08 06:57:00+00:00,62611.33824,2026-07-08 07:00:00+00:00,62591.558529999995,3,0.0789781473931328,0.2,-0.12102185260686721,0.03159125895725312,tp1_partial,True
ema_pullback,-1,2026-07-08 06:57:00+00:00,62611.33824,2026-07-08 07:01:00+00:00,62559.155289999995,4,0.20836062391757504,0.2,0.008360623917575027,0.08334424956703002,tp2,False
ema_pullback,-1,2026-07-08 07:06:00+00:00,62526.64671,2026-07-08 07:09:00+00:00,62589.85836,3,-0.505477690920908,0.4,-0.905477690920908,-0.1010955381841816,sl,False
ema_pullback,-1,2026-07-08 07:19:00+00:00,62643.735,2026-07-08 07:23:00+00:00,62701.969569999994,4,-0.46480761404144033,0.4,-0.8648076140414404,-0.09296152280828807,sl,False
ema_pullback,-1,2026-07-08 07:38:00+00:00,62790.620310000006,2026-07-08 07:38:00+00:00,62791.77855000001,0,-0.004611516792984993,0.2,-0.204611516792985,-0.0018446067171939973,tp1_partial,True
ema_pullback,-1,2026-07-08 07:38:00+00:00,62790.620310000006,2026-07-08 07:39:00+00:00,62780.47742000001,1,0.04038377846055097,0.2,-0.15961622153944904,0.016153511384220387,tp2,False
ema_pullback,-1,2026-07-08 08:01:00+00:00,62831.21625,2026-07-08 08:02:00+00:00,62860.385409999995,1,-0.23212315263754224,0.4,-0.6321231526375423,-0.04642463052750845,sl,False
ema_pullback,-1,2026-07-08 08:08:00+00:00,62806.81869,2026-07-08 08:16:00+00:00,62736.273,8,0.2808042640568831,0.2,0.08080426405688307,0.11232170562275323,tp1_partial,True
ema_pullback,-1,2026-07-08 08:08:00+00:00,62806.81869,2026-07-08 08:17:00+00:00,62653.2647,9,0.61121544285625,0.2,0.41121544285624995,0.24448617714249998,tp2,False
ema_pullback,-1,2026-07-08 08:32:00+00:00,61987.00068,2026-07-08 08:42:00+00:00,61859.08529000001,10,0.5158960289929626,0.2,0.3158960289929626,0.20635841159718504,tp1_partial,True
ema_pullback,-1,2026-07-08 08:32:00+00:00,61987.00068,2026-07-08 08:46:00+00:00,62139.913369999995,14,-0.6167127313894127,0.2,-0.8167127313894127,-0.2466850925557651,sl,False
ema_pullback,-1,2026-07-08 08:55:00+00:00,62110.98828,2026-07-08 08:55:00+00:00,62172.2166,0,-0.4928944273433489,0.4,-0.8928944273433489,-0.09857888546866977,sl,False
ema_pullback,-1,2026-07-08 08:57:00+00:00,62058.59352,2026-07-08 09:00:00+00:00,61970.396420000005,3,0.355297691251949,0.2,0.15529769125194898,0.1421190765007796,tp1_partial,True
ema_pullback,-1,2026-07-08 08:57:00+00:00,62058.59352,2026-07-08 09:14:00+00:00,61869.68635,17,0.7610032683834367,0.2,0.5610032683834367,0.3044013073533747,tp2,False
ema_pullback,-1,2026-07-08 09:15:00+00:00,61849.614420000005,2026-07-08 09:15:00+00:00,61786.17799999999,0,0.25641396714795595,0.2,0.056413967147955935,0.10256558685918238,tp1_partial,True
ema_pullback,-1,2026-07-08 09:15:00+00:00,61849.614420000005,2026-07-08 09:30:00+00:00,61937.59314,15,-0.3556154748296514,0.2,-0.5556154748296513,-0.14224618993186056,sl,False
ema_pullback,-1,2026-07-08 09:39:00+00:00,62018.49753,2026-07-08 09:39:00+00:00,62060.405419999996,0,-0.33786605342800424,0.4,-0.7378660534280043,-0.06757321068560085,sl,False
ema_pullback,-1,2026-07-08 09:46:00+00:00,62057.7936,2026-07-08 10:01:00+00:00,62020.501430000004,15,0.1502316140997717,0.2,-0.04976838590022831,0.06009264563990868,tp1_partial,True
ema_pullback,-1,2026-07-08 09:46:00+00:00,62057.7936,2026-07-08 10:02:00+00:00,61970.89647000001,16,0.3500653381269814,0.2,0.15006533812698136,0.14002613525079255,tp2,False
ema_pullback,-1,2026-07-08 10:12:00+00:00,61875.31185,2026-07-08 10:14:00+00:00,61952.59464,2,-0.6245042464380068,0.4,-1.0245042464380067,-0.12490084928760137,sl,False
ema_pullback,-1,2026-07-08 10:37:00+00:00,62073.792,2026-07-08 10:47:00+00:00,62137.81316,10,-0.5156859113746304,0.4,-0.9156859113746304,-0.10313718227492608,sl,False
ema_pullback,-1,2026-07-08 10:48:00+00:00,62093.98998,2026-07-08 10:50:00+00:00,62144.71385,2,-0.40844427952158036,0.4,-0.8084442795215804,-0.08168885590431607,sl,False
ema_pullback,-1,2026-07-08 10:58:00+00:00,62113.98798,2026-07-08 10:59:00+00:00,62150.31441,1,-0.29241746651087475,0.4,-0.6924174665108748,-0.05848349330217495,sl,False
ema_pullback,-1,2026-07-08 11:01:00+00:00,62111.08827,2026-07-08 11:01:00+00:00,62161.815559999995,0,-0.4083593719971246,0.4,-0.8083593719971246,-0.08167187439942492,sl,False
ema_pullback,-1,2026-07-08 11:03:00+00:00,62110.58832,2026-07-08 11:11:00+00:00,62084.2078,8,0.10618366655976152,0.2,-0.09381633344023849,0.04247346662390461,tp1_partial,True
ema_pullback,-1,2026-07-08 11:03:00+00:00,62110.58832,2026-07-08 11:27:00+00:00,62045.303909999995,24,0.2627748817305431,0.2,0.06277488173054308,0.10510995269221723,tp2,False
ema_pullback,-1,2026-07-08 11:33:00+00:00,62051.09427,2026-07-08 11:33:00+00:00,62108.010180000005,0,-0.4586213238427783,0.4,-0.8586213238427783,-0.09172426476855566,sl,False
ema_pullback,-1,2026-07-08 11:37:00+00:00,62089.59042,2026-07-08 11:37:00+00:00,62133.01268,0,-0.3496742344913928,0.4,-0.7496742344913928,-0.06993484689827856,sl,False
ema_pullback,-1,2026-07-08 11:39:00+00:00,62091.69021,2026-07-08 11:39:00+00:00,62130.71245,0,-0.3142307760347629,0.4,-0.7142307760347629,-0.06284615520695258,sl,False
ema_pullback,-1,2026-07-08 11:42:00+00:00,62095.28985,2026-07-08 11:43:00+00:00,62118.31121,1,-0.18537122586603783,0.4,-0.5853712258660378,-0.037074245173207565,sl,False
ema_pullback,-1,2026-07-08 11:51:00+00:00,62212.87809,2026-07-08 11:51:00+00:00,62273.72675,0,-0.4890358866854738,0.4,-0.8890358866854738,-0.09780717733709476,sl,False
ema_pullback,-1,2026-07-08 11:57:00+00:00,62236.7757,2026-07-08 12:01:00+00:00,62209.92037,4,0.10787564787034798,0.2,-0.09212435212965203,0.04315025914813919,tp1_partial,True
ema_pullback,-1,2026-07-08 11:57:00+00:00,62236.7757,2026-07-08 12:05:00+00:00,62288.52823,8,-0.20788564887047611,0.2,-0.4078856488704761,-0.08315425954819045,sl,False
ema_pullback,-1,2026-07-08 12:14:00+00:00,62306.56872,2026-07-08 12:15:00+00:00,62277.32711,1,0.11732956332186073,0.2,-0.08267043667813928,0.04693182532874429,tp1_partial,True
ema_pullback,-1,2026-07-08 12:14:00+00:00,62306.56872,2026-07-08 12:23:00+00:00,62235.42292,9,0.28546669099902,0.2,0.08546669099901999,0.114186676399608,tp2,False
ema_pullback,-1,2026-07-08 12:31:00+00:00,62208.37854,2026-07-08 12:33:00+00:00,62160.015380000004,2,0.1943595104672846,0.2,-0.005640489532715398,0.07774380418691385,tp1_partial,True
ema_pullback,-1,2026-07-08 12:31:00+00:00,62208.37854,2026-07-08 12:35:00+00:00,62099.309310000004,4,0.43832210612057554,0.2,0.23832210612057553,0.17532884244823022,tp2,False
ema_pullback,-1,2026-07-08 12:53:00+00:00,62055.693810000004,2026-07-08 12:54:00+00:00,62102.009580000005,1,-0.37317905220601855,0.4,-0.7731790522060186,-0.07463581044120371,sl,False
ema_pullback,-1,2026-07-08 12:57:00+00:00,62009.29845,2026-07-08 13:05:00+00:00,61908.99028,8,0.4044077763631082,0.2,0.2044077763631082,0.16176311054524328,tp1_partial,True
ema_pullback,-1,2026-07-08 12:57:00+00:00,62009.29845,2026-07-08 13:25:00+00:00,61796.17899999999,28,0.8592237588845586,0.2,0.6592237588845586,0.34368950355382344,tp2,False
ema_pullback,-1,2026-07-08 13:26:00+00:00,61750.22436,2026-07-08 13:30:00+00:00,61855.1849,4,-0.8498798270600849,0.4,-1.2498798270600848,-0.16997596541201698,sl,False
ema_pullback,-1,2026-07-08 13:42:00+00:00,61981.90119,2026-07-08 13:42:00+00:00,61924.291809999995,0,0.23236371785129162,0.2,0.03236371785129161,0.09294548714051665,tp1_partial,True
ema_pullback,-1,2026-07-08 13:42:00+00:00,61981.90119,2026-07-08 13:47:00+00:00,61854.38482,5,0.5143290523192678,0.2,0.31432905231926783,0.20573162092770714,tp2,False
ema_pullback,-1,2026-07-08 14:16:00+00:00,61945.90479,2026-07-08 14:16:00+00:00,61894.188799999996,0,0.2087143216945586,0.2,0.008714321694558602,0.08348572867782345,tp1_partial,True
ema_pullback,-1,2026-07-08 14:16:00+00:00,61945.90479,2026-07-08 14:17:00+00:00,61830.08239,1,0.4674336438891258,0.2,0.26743364388912577,0.1869734575556503,tp2,False
ema_pullback,-1,2026-07-08 14:28:00+00:00,61977.60162,2026-07-08 14:30:00+00:00,61918.991279999995,2,0.23641742527955034,0.2,0.03641742527955033,0.09456697011182014,tp1_partial,True
ema_pullback,-1,2026-07-08 14:28:00+00:00,61977.60162,2026-07-08 14:33:00+00:00,61848.084189999994,5,0.522436439191809,0.2,0.32243643919180903,0.20897457567672362,tp2,False
ema_pullback,-1,2026-07-08 14:36:00+00:00,61874.8119,2026-07-08 14:45:00+00:00,61767.1761,9,0.43489344328820345,0.2,0.23489344328820344,0.17395737731528138,tp1_partial,True
ema_pullback,-1,2026-07-08 14:36:00+00:00,61874.8119,2026-07-08 14:54:00+00:00,62007.2001,18,-0.5349034442883038,0.2,-0.7349034442883038,-0.21396137771532153,sl,False
ema_pullback,-1,2026-07-08 14:58:00+00:00,61844.8149,2026-07-08 14:58:00+00:00,61891.988580000005,0,-0.3813875106286613,0.4,-0.7813875106286613,-0.07627750212573225,sl,False
ema_pullback,-1,2026-07-08 15:02:00+00:00,61790.720310000004,2026-07-08 15:10:00+00:00,61715.170900000005,8,0.30566648851548806,0.2,0.10566648851548804,0.12226659540619522,tp1_partial,True
ema_pullback,-1,2026-07-08 15:02:00+00:00,61790.720310000004,2026-07-08 15:14:00+00:00,61627.36212000001,12,0.6609333455753208,0.2,0.4609333455753208,0.2643733382301283,tp2,False
ema_pullback,-1,2026-07-08 15:21:00+00:00,61623.43704,2026-07-08 15:21:00+00:00,61666.166,0,-0.34669406683907056,0.4,-0.7466940668390706,-0.06933881336781411,sl,False
ema_pullback,-1,2026-07-08 15:22:00+00:00,61613.23806,2026-07-08 15:24:00+00:00,61572.95668,2,0.16344450181621228,0.2,-0.03655549818378773,0.06537780072648491,tp1_partial,True
ema_pullback,-1,2026-07-08 15:22:00+00:00,61613.23806,2026-07-08 15:33:00+00:00,61678.167199999996,11,-0.2634545028162849,0.2,-0.4634545028162849,-0.10538180112651396,sl,False
ema_pullback,-1,2026-07-08 15:40:00+00:00,61674.8319,2026-07-08 15:40:00+00:00,61713.77076,0,-0.3156786877274165,0.4,-0.7156786877274165,-0.0631357375454833,sl,False
ema_pullback,-1,2026-07-08 15:42:00+00:00,61620.63732,2026-07-08 15:50:00+00:00,61693.56874,8,-0.5917775535269065,0.4,-0.9917775535269066,-0.1183555107053813,sl,False
ema_pullback,-1,2026-07-08 15:57:00+00:00,61640.435339999996,2026-07-08 15:59:00+00:00,61696.269009999996,2,-0.4528980829874296,0.4,-0.8528980829874296,-0.09057961659748592,sl,False
ema_pullback,-1,2026-07-08 16:04:00+00:00,61686.63072,2026-07-08 16:05:00+00:00,61732.772659999995,1,-0.3740027576594196,0.4,-0.7740027576594196,-0.07480055153188392,sl,False
ema_pullback,-1,2026-07-08 16:16:00+00:00,61770.42234,2026-07-08 16:17:00+00:00,61820.98148,1,-0.4092503991773855,0.4,-0.8092503991773855,-0.0818500798354771,sl,False
ema_pullback,-1,2026-07-08 16:30:00+00:00,61883.811,2026-07-08 16:33:00+00:00,61852.58464,3,0.12614914747252626,0.2,-0.07385085252747375,0.0504596589890105,tp1_partial,True
ema_pullback,-1,2026-07-08 16:30:00+00:00,61883.811,2026-07-08 16:36:00+00:00,61808.98028,6,0.30230329544506107,0.2,0.10230329544506106,0.12092131817802443,tp2,False
ema_pullback,-1,2026-07-08 17:02:00+00:00,62043.795,2026-07-08 17:03:00+00:00,62020.30141,1,0.09466534888782907,0.2,-0.10533465111217094,0.03786613955513163,tp1_partial,True
ema_pullback,-1,2026-07-08 17:02:00+00:00,62043.795,2026-07-08 17:06:00+00:00,62092.10859,4,-0.19467534988792945,0.2,-0.39467534988792946,-0.07787013995517178,sl,False
ema_pullback,-1,2026-07-08 17:12:00+00:00,62052.094170000004,2026-07-08 17:15:00+00:00,62034.60283999999,3,0.07047034525575757,0.2,-0.12952965474424244,0.02818813810230303,tp1_partial,True
ema_pullback,-1,2026-07-08 17:12:00+00:00,62052.094170000004,2026-07-08 17:16:00+00:00,62094.2088,4,-0.1696744911002246,0.2,-0.3696744911002246,-0.06786979644008984,sl,False
ema_pullback,-1,2026-07-08 17:18:00+00:00,62054.89389,2026-07-08 17:18:00+00:00,62047.00407999999,0,0.03178560748970383,0.2,-0.16821439251029618,0.01271424299588153,tp1_partial,True
ema_pullback,-1,2026-07-08 17:18:00+00:00,62054.89389,2026-07-08 17:19:00+00:00,62087.608140000004,1,-0.1317956084898042,0.2,-0.3317956084898042,-0.05271824339592168,sl,False
ema_pullback,-1,2026-07-08 17:41:00+00:00,62297.46963,2026-07-08 17:42:00+00:00,62258.52522999999,1,0.15628403621892328,0.2,-0.04371596378107673,0.06251361448756931,tp1_partial,True
ema_pullback,-1,2026-07-08 17:41:00+00:00,62297.46963,2026-07-08 17:45:00+00:00,62207.22009999999,4,0.3621717323994966,0.2,0.16217173239949662,0.14486869295979865,tp2,False
ema_pullback,-1,2026-07-08 17:49:00+00:00,62193.680010000004,2026-07-08 17:52:00+00:00,62162.11559,3,0.12687953179055245,0.2,-0.07312046820944756,0.05075181271622098,tp1_partial,True
ema_pullback,-1,2026-07-08 17:49:00+00:00,62193.680010000004,2026-07-08 17:54:00+00:00,62118.11119,5,0.3037640640811412,0.2,0.1037640640811412,0.12150562563245648,tp2,False
ema_pullback,-1,2026-07-08 18:07:00+00:00,62152.58412000001,2026-07-08 18:10:00+00:00,62224.521830000005,3,-0.578718576375703,0.4,-0.978718576375703,-0.1157437152751406,sl,False
ema_pullback,-1,2026-07-08 18:21:00+00:00,62243.775,2026-07-08 18:22:00+00:00,62290.62844,1,-0.3763704884545138,0.4,-0.7763704884545138,-0.07527409769090276,sl,False
ema_pullback,-1,2026-07-08 18:23:00+00:00,62235.87579,2026-07-08 18:24:00+00:00,62205.31991,1,0.12274222710026428,0.2,-0.07725777289973573,0.04909689084010571,tp1_partial,True
ema_pullback,-1,2026-07-08 18:23:00+00:00,62235.87579,2026-07-08 18:30:00+00:00,62162.31561,7,0.2954894547005926,0.2,0.09548945470059261,0.11819578188023705,tp2,False
ema_pullback,-1,2026-07-08 18:42:00+00:00,62030.596320000004,2026-07-08 18:45:00+00:00,62081.60754,3,-0.4111778946702671,0.4,-0.8111778946702671,-0.08223557893405342,sl,False
ema_pullback,-1,2026-07-08 18:55:00+00:00,62171.88219,2026-07-08 18:56:00+00:00,62137.81316,1,0.13699532972108464,0.2,-0.06300467027891538,0.054798131888433854,tp1_partial,True
ema_pullback,-1,2026-07-08 18:55:00+00:00,62171.88219,2026-07-08 19:00:00+00:00,62230.822459999996,5,-0.23700533072118501,0.2,-0.437005330721185,-0.094802132288474,sl,False
ema_pullback,-1,2026-07-08 19:03:00+00:00,62172.88209,2026-07-08 19:03:00+00:00,62199.31931,0,-0.21261053944487962,0.4,-0.6126105394448796,-0.042522107888975924,sl,False
ema_pullback,-1,2026-07-08 19:05:00+00:00,62151.08427000001,2026-07-08 19:05:00+00:00,62134.212799999994,0,0.06786474523404196,0.2,-0.13213525476595805,0.027145898093616783,tp1_partial,True
ema_pullback,-1,2026-07-08 19:05:00+00:00,62151.08427000001,2026-07-08 19:08:00+00:00,62105.00987999999,3,0.1853322051464934,0.2,-0.01466779485350661,0.07413288205859736,tp2,False
ema_pullback,-1,2026-07-08 19:20:00+00:00,62053.99398,2026-07-08 19:20:00+00:00,62112.91067,0,-0.4747211760373071,0.4,-0.8747211760373071,-0.09494423520746142,sl,False
ema_pullback,-1,2026-07-08 19:39:00+00:00,62211.878189999996,2026-07-08 19:44:00+00:00,62256.225,5,-0.3564175466987951,0.4,-0.7564175466987951,-0.07128350933975902,sl,False
ema_pullback,-1,2026-07-08 19:46:00+00:00,62218.177560000004,2026-07-08 19:48:00+00:00,62191.41852,2,0.10752098924063369,0.2,-0.09247901075936632,0.043008395696253476,tp1_partial,True
ema_pullback,-1,2026-07-08 19:46:00+00:00,62218.177560000004,2026-07-08 19:49:00+00:00,62152.11458999999,3,0.2654488309959957,0.2,0.06544883099599569,0.10617953239839828,tp2,False
ema_pullback,-1,2026-07-08 20:01:00+00:00,62182.081170000005,2026-07-08 20:05:00+00:00,62266.226,4,-0.6766003036304813,0.4,-1.0766003036304812,-0.13532006072609626,sl,False
ema_pullback,-1,2026-07-08 20:08:00+00:00,62232.37614,2026-07-08 20:11:00+00:00,62198.81926,3,0.1348047514870554,0.2,-0.06519524851294461,0.05392190059482216,tp1_partial,True
ema_pullback,-1,2026-07-08 20:08:00+00:00,62232.37614,2026-07-08 20:17:00+00:00,62152.81466,9,0.31961450347411935,0.2,0.11961450347411934,0.12784580138964774,tp2,False
ema_pullback,-1,2026-07-08 20:25:00+00:00,62188.48053,2026-07-08 20:28:00+00:00,62227.32211,3,-0.3122891865903199,0.4,-0.7122891865903199,-0.06245783731806398,sl,False
ema_pullback,-1,2026-07-08 20:32:00+00:00,62197.17966,2026-07-08 20:33:00+00:00,62250.424419999996,1,-0.4280319484827322,0.4,-0.8280319484827322,-0.08560638969654644,sl,False
ema_pullback,-1,2026-07-08 20:34:00+00:00,62202.87909,2026-07-08 20:36:00+00:00,62173.71675,2,0.117206552279564,0.2,-0.08279344772043601,0.0468826209118256,tp1_partial,True
ema_pullback,-1,2026-07-08 20:34:00+00:00,62202.87909,2026-07-08 20:37:00+00:00,62132.2126,3,0.28401615421111415,0.2,0.08401615421111414,0.11360646168444566,tp2,False
ema_pullback,-1,2026-07-08 20:45:00+00:00,62159.88339,2026-07-08 20:51:00+00:00,62205.2199,6,-0.3646766011089486,0.4,-0.7646766011089486,-0.07293532022178972,sl,False
ema_pullback,-1,2026-07-08 20:53:00+00:00,62148.38454,2026-07-08 20:53:00+00:00,62102.10958999999,0,0.18614703480435146,0.2,-0.013852965195648548,0.07445881392174059,tp1_partial,True
ema_pullback,-1,2026-07-08 20:53:00+00:00,62148.38454,2026-07-08 21:07:00+00:00,62043.40371999999,14,0.42229907010873924,0.2,0.22229907010873923,0.1689196280434957,tp2,False
ema_pullback,-1,2026-07-08 21:08:00+00:00,62025.69681,2026-07-08 21:12:00+00:00,61972.69665,4,0.21362178389691677,0.2,0.013621783896916762,0.08544871355876671,tp1_partial,True
ema_pullback,-1,2026-07-08 21:08:00+00:00,62025.69681,2026-07-08 21:30:00+00:00,62103.509730000005,22,-0.31363178489701715,0.2,-0.5136317848970171,-0.12545271395880686,sl,False
ema_pullback,-1,2026-07-08 21:36:00+00:00,62036.595720000005,2026-07-08 21:37:00+00:00,62103.409719999996,1,-0.5385047263195553,0.4,-0.9385047263195553,-0.10770094526391105,sl,False
ema_pullback,-1,2026-07-08 21:42:00+00:00,62076.491729999994,2026-07-08 21:44:00+00:00,62057.705149999994,2,0.07565899536376985,0.2,-0.12434100463623016,0.03026359814550794,tp1_partial,True
ema_pullback,-1,2026-07-08 21:42:00+00:00,62076.491729999994,2026-07-08 21:46:00+00:00,62120.11139,4,-0.175668996363898,0.2,-0.375668996363898,-0.0702675985455592,sl,False
ema_pullback,-1,2026-07-08 21:51:00+00:00,62085.69081,2026-07-08 21:52:00+00:00,62126.212,1,-0.32633276260074506,0.4,-0.7263327626007451,-0.06526655252014901,sl,False
ema_pullback,-1,2026-07-08 21:54:00+00:00,62095.48983,2026-07-08 21:54:00+00:00,62129.01228,0,-0.26992660893554454,0.4,-0.6699266089355446,-0.05398532178710891,sl,False
ema_pullback,-1,2026-07-08 21:59:00+00:00,62150.7843,2026-07-08 22:02:00+00:00,62228.42221999999,3,-0.6245932442722202,0.4,-1.02459324427222,-0.12491864885444404,sl,False
ema_pullback,-1,2026-07-08 22:09:00+00:00,62192.18016,2026-07-08 22:28:00+00:00,62271.32651,19,-0.6363046752532187,0.4,-1.0363046752532186,-0.12726093505064373,sl,False
ema_pullback,-1,2026-07-08 22:33:00+00:00,62231.57622,2026-07-08 22:33:00+00:00,62257.625140000004,0,-0.20929021553228733,0.4,-0.6092902155322873,-0.041858043106457465,sl,False
ema_pullback,-1,2026-07-08 22:36:00+00:00,62228.37654,2026-07-08 22:37:00+00:00,62266.52603,1,-0.3065280834980699,0.4,-0.70652808349807,-0.061305616699613985,sl,False
ema_pullback,-1,2026-07-08 22:38:00+00:00,62234.57592,2026-07-08 22:40:00+00:00,62278.62724,2,-0.35391355487524034,0.4,-0.7539135548752404,-0.07078271097504807,sl,False
ema_pullback,-1,2026-07-08 22:47:00+00:00,62260.073370000006,2026-07-08 22:51:00+00:00,62250.92447,4,0.036736625516148314,0.2,-0.1632633744838517,0.014694650206459325,tp1_partial,True
ema_pullback,-1,2026-07-08 22:47:00+00:00,62260.073370000006,2026-07-08 22:57:00+00:00,62293.92877,10,-0.13594346331236018,0.2,-0.3359434633123602,-0.05437738532494407,sl,False
ema_pullback,-1,2026-07-08 23:01:00+00:00,62265.7728,2026-07-08 23:06:00+00:00,62309.83036,5,-0.3537863421491094,0.4,-0.7537863421491094,-0.07075726842982188,sl,False
ema_pullback,-1,2026-07-08 23:09:00+00:00,62263.872989999996,2026-07-08 23:11:00+00:00,62324.63184,2,-0.4879141553703059,0.4,-0.8879141553703059,-0.09758283107406118,sl,False
ema_pullback,-1,2026-07-08 23:16:00+00:00,62274.7719,2026-07-08 23:17:00+00:00,62269.82636,1,0.019853705798961174,0.2,-0.18014629420103884,0.00794148231958447,tp1_partial,True
ema_pullback,-1,2026-07-08 23:16:00+00:00,62274.7719,2026-07-08 23:18:00+00:00,62252.324609999996,2,0.09011389891580568,0.2,-0.10988610108419433,0.03604555956632227,tp2,False
ema_pullback,-1,2026-07-08 23:25:00+00:00,62195.179860000004,2026-07-08 23:26:00+00:00,62181.71755000001,1,0.05411315647890769,0.2,-0.14588684352109232,0.021645262591563075,tp1_partial,True
ema_pullback,-1,2026-07-08 23:25:00+00:00,62195.179860000004,2026-07-08 23:29:00+00:00,62233.32271,4,-0.1533191562668179,0.2,-0.3533191562668179,-0.061327662506727165,sl,False
ema_pullback,-1,2026-07-08 23:31:00+00:00,62156.58372,2026-07-08 23:44:00+00:00,62239.62334,13,-0.6679873235477807,0.4,-1.0679873235477806,-0.13359746470955614,sl,False
ema_pullback,-1,2026-07-08 23:59:00+00:00,62256.37374,2026-07-09 00:01:00+00:00,62243.32371,2,0.052404393381888514,0.2,-0.1475956066181115,0.020961757352755406,tp1_partial,True
ema_pullback,-1,2026-07-08 23:59:00+00:00,62256.37374,2026-07-09 00:02:00+00:00,62217.921169999994,3,0.15441218179762517,0.2,-0.04558781820237484,0.06176487271905007,tp2,False
ema_pullback,-1,2026-07-09 00:17:00+00:00,62170.7823,2026-07-09 00:24:00+00:00,62131.01248,7,0.15992166468203894,0.2,-0.04007833531796107,0.06396866587281558,tp1_partial,True
ema_pullback,-1,2026-07-09 00:17:00+00:00,62170.7823,2026-07-09 00:30:00+00:00,62235.62294,13,-0.2607359824069455,0.2,-0.4607359824069455,-0.1042943929627782,sl,False
ema_pullback,-1,2026-07-09 00:36:00+00:00,62124.88689,2026-07-09 00:36:00+00:00,62190.71845,0,-0.5298324334703786,0.4,-0.9298324334703786,-0.10596648669407571,sl,False
ema_pullback,-1,2026-07-09 00:40:00+00:00,62128.18656,2026-07-09 00:40:00+00:00,62089.80836,0,0.1544315154078102,0.2,-0.04556848459218982,0.06177260616312408,tp1_partial,True
ema_pullback,-1,2026-07-09 00:40:00+00:00,62128.18656,2026-07-09 00:45:00+00:00,62191.41852,5,-0.2544415164079106,0.2,-0.4544415164079106,-0.10177660656316423,sl,False
ema_pullback,-1,2026-07-09 00:50:00+00:00,62146.68471,2026-07-09 00:51:00+00:00,62107.11009000001,1,0.1591984358645382,0.2,-0.04080156413546182,0.06367937434581528,tp1_partial,True
ema_pullback,-1,2026-07-09 00:50:00+00:00,62146.68471,2026-07-09 00:53:00+00:00,62055.20490000001,3,0.3679995579284334,0.2,0.1679995579284334,0.14719982317137337,tp2,False
ema_pullback,-1,2026-07-09 01:17:00+00:00,62333.86599,2026-07-09 01:17:00+00:00,62390.038380000005,0,-0.4505768181378711,0.4,-0.8505768181378711,-0.09011536362757422,sl,False
ema_pullback,-1,2026-07-09 01:25:00+00:00,62411.958179999994,2026-07-09 01:25:00+00:00,62392.538629999995,0,0.07778777723971286,0.2,-0.12221222276028715,0.031115110895885145,tp1_partial,True
ema_pullback,-1,2026-07-09 01:25:00+00:00,62411.958179999994,2026-07-09 01:26:00+00:00,62360.73544999999,1,0.20517995066055006,0.2,0.005179950660550048,0.08207198026422002,tp2,False
ema_pullback,-1,2026-07-09 01:30:00+00:00,62359.36344,2026-07-09 01:30:00+00:00,62319.73135,0,0.15888588262344405,0.2,-0.04111411737655596,0.06355435304937762,tp1_partial,True
ema_pullback,-1,2026-07-09 01:30:00+00:00,62359.36344,2026-07-09 01:31:00+00:00,62267.62614,1,0.3677767657469244,0.2,0.1677767657469244,0.14711070629876977,tp2,False
ema_pullback,-1,2026-07-09 01:41:00+00:00,62043.09507,2026-07-09 01:50:00+00:00,61874.68684999999,9,0.678593725095461,0.2,0.478593725095461,0.2714374900381844,tp1_partial,True
ema_pullback,-1,2026-07-09 01:41:00+00:00,62043.09507,2026-07-09 02:51:00+00:00,61693.96877999999,70,1.4067894646701273,0.2,1.2067894646701274,0.5627157858680509,tp2,False
ema_pullback,-1,2026-07-09 03:00:00+00:00,61747.62462,2026-07-09 03:00:00+00:00,61775.87697,0,-0.22877276797172996,0.4,-0.62877276797173,-0.04575455359434599,sl,False
ema_pullback,-1,2026-07-09 03:01:00+00:00,61736.52573,2026-07-09 03:01:00+00:00,61780.97748,0,-0.3600117553942406,0.4,-0.7600117553942406,-0.07200235107884811,sl,False
ema_pullback,-1,2026-07-09 03:05:00+00:00,61703.02908,2026-07-09 03:06:00+00:00,61776.577040000004,1,-0.5959833827983152,0.4,-0.9959833827983152,-0.11919667655966304,sl,False
ema_pullback,-1,2026-07-09 03:08:00+00:00,61731.8262,2026-07-09 03:12:00+00:00,61798.87927,4,-0.543099679108483,0.4,-0.943099679108483,-0.1086199358216966,sl,False
ema_pullback,-1,2026-07-09 03:19:00+00:00,61799.119470000005,2026-07-09 03:19:00+00:00,61766.47603,0,0.13205463233117998,0.2,-0.06794536766882003,0.05282185293247199,tp1_partial,True
ema_pullback,-1,2026-07-09 03:19:00+00:00,61799.119470000005,2026-07-09 03:22:00+00:00,61856.28501,3,-0.23125547940755498,0.2,-0.431255479407555,-0.09250219176302199,sl,False
ema_pullback,-1,2026-07-09 03:29:00+00:00,61831.116270000006,2026-07-09 03:29:00+00:00,61889.1883,0,-0.4696019860486178,0.4,-0.8696019860486178,-0.09392039720972356,sl,False
ema_pullback,-1,2026-07-09 03:40:00+00:00,61942.8051,2026-07-09 03:40:00+00:00,61936.69305,0,0.02466811920337486,0.2,-0.17533188079662515,0.009867247681349944,tp1_partial,True
ema_pullback,-1,2026-07-09 03:40:00+00:00,61942.8051,2026-07-09 03:41:00+00:00,61918.1912,1,0.09934123890684154,0.2,-0.10065876109315847,0.03973649556273662,tp2,False
ema_pullback,-1,2026-07-09 03:47:00+00:00,61913.208060000004,2026-07-09 03:47:00+00:00,61895.1889,0,0.07275975742745966,0.2,-0.12724024257254035,0.029103902970983864,tp1_partial,True
ema_pullback,-1,2026-07-09 03:47:00+00:00,61913.208060000004,2026-07-09 03:54:00+00:00,61956.195,7,-0.17357742130863496,0.2,-0.37357742130863497,-0.06943096852345398,sl,False
ema_pullback,-1,2026-07-09 04:00:00+00:00,61937.005679999995,2026-07-09 04:00:00+00:00,61964.59584,0,-0.222727589888283,0.4,-0.622727589888283,-0.0445455179776566,sl,False
ema_pullback,-1,2026-07-09 04:11:00+00:00,62009.7984,2026-07-09 04:11:00+00:00,61997.799159999995,0,0.04837638691632118,0.2,-0.15162361308367883,0.01935055476652847,tp1_partial,True
ema_pullback,-1,2026-07-09 04:11:00+00:00,62009.7984,2026-07-09 04:14:00+00:00,62046.60404,3,-0.14838638791636605,0.2,-0.34838638791636606,-0.05935455516654642,sl,False
ema_pullback,-1,2026-07-09 04:15:00+00:00,61993.8,2026-07-09 04:16:00+00:00,62056.205,1,-0.5033164606783602,0.4,-0.9033164606783602,-0.10066329213567204,sl,False
ema_pullback,-1,2026-07-09 04:19:00+00:00,62006.99868,2026-07-09 04:28:00+00:00,62056.10499,9,-0.3959739307285437,0.4,-0.7959739307285437,-0.07919478614570874,sl,False
ema_pullback,-1,2026-07-09 04:49:00+00:00,62251.7742,2026-07-09 04:49:00+00:00,62289.2283,0,-0.30082757063010224,0.4,-0.7008275706301023,-0.06016551412602045,sl,False
ema_pullback,-1,2026-07-09 05:02:00+00:00,62369.062470000004,2026-07-09 05:02:00+00:00,62331.33251000001,0,0.15123668091909792,0.2,-0.04876331908090209,0.06049467236763917,tp1_partial,True
ema_pullback,-1,2026-07-09 05:02:00+00:00,62369.062470000004,2026-07-09 05:05:00+00:00,62431.74255,3,-0.25124668191922606,0.2,-0.45124668191922607,-0.10049867276769042,sl,False
ema_pullback,-1,2026-07-09 05:06:00+00:00,62366.662710000004,2026-07-09 05:09:00+00:00,62432.74265,3,-0.5297697289596837,0.4,-0.9297697289596837,-0.10595394579193673,sl,False
ema_pullback,-1,2026-07-09 05:17:00+00:00,62437.955579999994,2026-07-09 05:17:00+00:00,62495.848959999996,0,-0.46360726790473095,0.4,-0.863607267904731,-0.09272145358094619,sl,False
ema_pullback,-1,2026-07-09 05:19:00+00:00,62427.45663,2026-07-09 05:19:00+00:00,62374.036779999995,0,0.2139277045860588,0.2,0.013927704586058798,0.08557108183442352,tp1_partial,True
ema_pullback,-1,2026-07-09 05:19:00+00:00,62427.45663,2026-07-09 05:21:00+00:00,62308.23019999999,2,0.47745990480860256,0.2,0.27745990480860255,0.19098396192344103,tp2,False
ema_pullback,-1,2026-07-09 05:31:00+00:00,62221.07727,2026-07-09 05:37:00+00:00,62296.92907,6,-0.6095346089143305,0.4,-1.0095346089143304,-0.1219069217828661,sl,False
ema_pullback,-1,2026-07-09 06:19:00+00:00,62519.14746,2026-07-09 06:20:00+00:00,62491.14849,1,0.11196157952214625,0.2,-0.08803842047785376,0.0447846318088585,tp1_partial,True
ema_pullback,-1,2026-07-09 06:19:00+00:00,62519.14746,2026-07-09 06:22:00+00:00,62572.15659,3,-0.21197158052227438,0.2,-0.4119715805222744,-0.08478863220890975,sl,False
ema_pullback,1,2026-07-09 06:26:00+00:00,62611.960569999996,2026-07-09 06:26:00+00:00,62642.935079999996,0,0.12367648975536438,0.2,-0.07632351024463563,0.04947059590214575,tp1_partial,True
ema_pullback,1,2026-07-09 06:26:00+00:00,62611.960569999996,2026-07-09 06:27:00+00:00,62686.530719999995,1,0.297747224815903,0.2,0.09774722481590298,0.1190988899263612,tp2,False
ema_pullback,1,2026-07-09 06:38:00+00:00,62809.08028,2026-07-09 06:40:00+00:00,62748.42453,2,-0.4828581291877465,0.4,-0.8828581291877465,-0.0965716258375493,sl,False
ema_pullback,1,2026-07-09 06:43:00+00:00,62794.17879,2026-07-09 06:44:00+00:00,62815.81779000001,1,0.08615050159493931,0.2,-0.1138494984050607,0.034460200637975724,tp1_partial,True
ema_pullback,1,2026-07-09 06:43:00+00:00,62794.17879,2026-07-09 06:48:00+00:00,62850.01437000001,5,0.22229600368983693,0.2,0.02229600368983692,0.08891840147593477,tp2,False
ema_pullback,1,2026-07-09 06:51:00+00:00,62837.88316,2026-07-09 06:57:00+00:00,62867.41263,6,0.11748275289930055,0.2,-0.08251724710069946,0.04699310115972022,tp1_partial,True
ema_pullback,1,2026-07-09 06:51:00+00:00,62837.88316,2026-07-09 06:59:00+00:00,62909.50842,8,0.2849605062985039,0.2,0.08496050629850388,0.11398420251940156,tp2,False
ema_pullback,1,2026-07-09 07:14:00+00:00,62899.38931,2026-07-09 07:16:00+00:00,62833.616010000005,2,-0.5228452988297883,0.4,-0.9228452988297883,-0.10456905976595765,sl,False
ema_pullback,1,2026-07-09 07:17:00+00:00,62906.29,2026-07-09 07:18:00+00:00,62960.60331,1,0.21585007635960274,0.2,0.015850076359602727,0.0863400305438411,tp1_partial,True
ema_pullback,1,2026-07-09 07:17:00+00:00,62906.29,2026-07-09 07:19:00+00:00,63027.496620000005,2,0.4816951532192193,0.2,0.2816951532192193,0.19267806128768772,tp2,False
ema_pullback,1,2026-07-09 07:29:00+00:00,62895.2889,2026-07-09 07:30:00+00:00,62838.51552,1,-0.4513325321572337,0.4,-0.8513325321572337,-0.09026650643144674,sl,False
ema_pullback,1,2026-07-09 07:42:00+00:00,62821.68154,2026-07-09 07:42:00+00:00,62816.61771,0,-0.02015160162807672,0.2,-0.22015160162807673,-0.008060640651230688,tp1_partial,True
ema_pullback,1,2026-07-09 07:42:00+00:00,62821.68154,2026-07-09 07:43:00+00:00,62824.11696,1,0.009691797243804867,0.2,-0.19030820275619514,0.003876718897521947,tp2,False
ema_pullback,1,2026-07-09 08:08:00+00:00,62967.396109999994,2026-07-09 08:08:00+00:00,62927.60661,0,-0.3159531952892092,0.4,-0.7159531952892092,-0.06319063905784184,sl,False
ema_pullback,1,2026-07-09 08:13:00+00:00,62940.59343,2026-07-09 08:20:00+00:00,62977.20165000001,7,0.14540782825922527,0.2,-0.05459217174077474,0.05816313130369011,tp1_partial,True
ema_pullback,1,2026-07-09 08:13:00+00:00,62940.59343,2026-07-09 08:38:00+00:00,63026.396730000015,25,0.34081065701835334,0.2,0.14081065701835332,0.13632426280734133,tp2,False
ema_pullback,1,2026-07-09 09:03:00+00:00,62902.18959,2026-07-09 09:03:00+00:00,62872.31214,0,-0.23749133531553168,0.4,-0.6374913353155317,-0.047498267063106336,sl,False
ema_pullback,1,2026-07-09 09:12:00+00:00,62860.58543,2026-07-09 09:15:00+00:00,62814.417929999996,3,-0.3672213652178846,0.4,-0.7672213652178846,-0.07344427304357692,sl,False
ema_pullback,1,2026-07-09 09:18:00+00:00,62846.18399,2026-07-09 09:18:00+00:00,62861.713200000006,0,0.06177467355250599,0.2,-0.13822532644749402,0.024709869421002395,tp1_partial,True
ema_pullback,1,2026-07-09 09:18:00+00:00,62846.18399,2026-07-09 09:25:00+00:00,62805.31884,7,-0.1625601882466743,0.2,-0.3625601882466743,-0.06502407529866971,sl,False
ema_pullback,1,2026-07-09 09:26:00+00:00,62856.18499,2026-07-09 09:28:00+00:00,62899.80939000001,2,0.1735087804284885,0.2,-0.026491219571511515,0.0694035121713954,tp1_partial,True
ema_pullback,1,2026-07-09 09:26:00+00:00,62856.18499,2026-07-09 09:35:00+00:00,62956.00377000001,9,0.3970125613568798,0.2,0.19701256135687978,0.15880502454275192,tp2,False
ema_pullback,1,2026-07-09 09:40:00+00:00,62956.595030000004,2026-07-09 09:41:00+00:00,62913.60801,1,-0.3414020404019502,0.4,-0.7414020404019502,-0.06828040808039004,sl,False
ema_pullback,1,2026-07-09 09:48:00+00:00,62854.88486,2026-07-09 09:54:00+00:00,62890.81029,6,0.1428903659597136,0.2,-0.057109634040286406,0.05715614638388544,tp1_partial,True
ema_pullback,1,2026-07-09 09:48:00+00:00,62854.88486,2026-07-09 10:06:00+00:00,62939.40543,18,0.3361734342058331,0.2,0.1361734342058331,0.13446937368233325,tp2,False
ema_pullback,1,2026-07-09 10:07:00+00:00,62950.39441,2026-07-09 10:08:00+00:00,62970.7023,1,0.08065036839854933,0.2,-0.11934963160145068,0.03226014735941973,tp1_partial,True
ema_pullback,1,2026-07-09 10:07:00+00:00,62950.39441,2026-07-09 10:10:00+00:00,63003.699,3,0.21169283568273078,0.2,0.011692835682730773,0.08467713427309231,tp2,False
ema_pullback,1,2026-07-09 10:15:00+00:00,62985.897959999995,2026-07-09 10:19:00+00:00,62950.904279999995,4,-0.2777898000455581,0.4,-0.6777898000455581,-0.05555796000911162,sl,False
ema_pullback,1,2026-07-09 10:34:00+00:00,62871.88656,2026-07-09 10:35:00+00:00,62901.30924,1,0.11699458060610013,0.2,-0.08300541939389988,0.04679783224244005,tp1_partial,True
ema_pullback,1,2026-07-09 10:34:00+00:00,62871.88656,2026-07-09 10:46:00+00:00,62817.31764,12,-0.21698458160596124,0.2,-0.41698458160596125,-0.0867938326423845,sl,False
ema_pullback,1,2026-07-09 10:59:00+00:00,62764.17579,2026-07-09 11:00:00+00:00,62730.92628,1,-0.26487649667583657,0.4,-0.6648764966758366,-0.052975299335167314,sl,False
ema_pullback,1,2026-07-09 11:01:00+00:00,62788.87826,2026-07-09 11:10:00+00:00,62728.02657,9,-0.48457379464572625,0.4,-0.8845737946457263,-0.09691475892914525,sl,False
ema_pullback,1,2026-07-09 11:13:00+00:00,62798.07918,2026-07-09 11:15:00+00:00,62746.32474,2,-0.4120702470186699,0.4,-0.8120702470186699,-0.08241404940373398,sl,False
ema_pullback,1,2026-07-09 11:26:00+00:00,62701.76955,2026-07-09 11:33:00+00:00,62619.937379999996,7,-0.6525507221510352,0.4,-1.052550722151035,-0.13051014443020703,sl,False
ema_pullback,1,2026-07-09 11:40:00+00:00,62660.16539,2026-07-09 11:40:00+00:00,62609.93838,0,-0.40078899957723957,0.4,-0.8007889995772396,-0.08015779991544791,sl,False
ema_pullback,-1,2026-07-09 11:41:00+00:00,62605.7388,2026-07-09 11:48:00+00:00,62660.16539,7,-0.43467732386226476,0.4,-0.8346773238622648,-0.08693546477245295,sl,False
ema_pullback,1,2026-07-09 11:51:00+00:00,62659.66534,2026-07-09 11:51:00+00:00,62685.63081000001,0,0.10359722581948505,0.2,-0.09640277418051496,0.04143889032779402,tp1_partial,True
ema_pullback,1,2026-07-09 11:51:00+00:00,62659.66534,2026-07-09 11:53:00+00:00,62724.22695000002,2,0.257588392986563,0.2,0.057588392986562986,0.1030353571946252,tp2,False
ema_pullback,1,2026-07-09 12:08:00+00:00,62731.472519999996,2026-07-09 12:08:00+00:00,62793.91998,0,0.24886814182500938,0.2,0.04886814182500937,0.09954725673000375,tp1_partial,True
ema_pullback,1,2026-07-09 12:08:00+00:00,62731.472519999996,2026-07-09 12:27:00+00:00,62643.735,19,-0.3496551112044388,0.2,-0.5496551112044388,-0.13986204448177553,sl,False
ema_pullback,1,2026-07-09 12:29:00+00:00,62758.57523,2026-07-09 12:37:00+00:00,62888.310540000006,8,0.5168031202291701,0.2,0.31680312022917007,0.20672124809166803,tp1_partial,True
ema_pullback,1,2026-07-09 12:29:00+00:00,62758.57523,2026-07-09 12:43:00+00:00,62603.739,14,-0.6167931212290589,0.2,-0.8167931212290589,-0.24671724849162358,sl,False
ema_pullback,1,2026-07-09 12:58:00+00:00,62646.46402,2026-07-09 12:58:00+00:00,62598.13956,0,-0.3856918403612464,0.4,-0.7856918403612464,-0.07713836807224927,sl,False
ema_pullback,-1,2026-07-09 12:59:00+00:00,62586.94068,2026-07-09 13:00:00+00:00,62646.66404,1,-0.47712317738424215,0.4,-0.8771231773842422,-0.09542463547684843,sl,False
ema_pullback,1,2026-07-09 13:01:00+00:00,62637.16309,2026-07-09 13:01:00+00:00,62672.53212,0,0.14116631507232746,0.2,-0.05883368492767255,0.056466526028930986,tp1_partial,True
ema_pullback,1,2026-07-09 13:01:00+00:00,62637.16309,2026-07-09 13:03:00+00:00,62720.32734,2,0.33192854647851044,0.2,0.13192854647851043,0.13277141859140418,tp2,False
ema_pullback,1,2026-07-09 13:26:00+00:00,62753.17469,2026-07-09 13:28:00+00:00,62694.02997,2,-0.47124882758659004,0.4,-0.8712488275865901,-0.09424976551731801,sl,False
ema_pullback,1,2026-07-09 13:37:00+00:00,62672.86666,2026-07-09 13:37:00+00:00,62743.525019999994,0,0.2818538698066697,0.2,0.0818538698066697,0.11274154792266788,tp1_partial,True
ema_pullback,1,2026-07-09 13:37:00+00:00,62672.86666,2026-07-09 13:38:00+00:00,62826.616709999995,1,0.6133038832980553,0.2,0.4133038832980553,0.24532155331922212,tp2,False
ema_pullback,1,2026-07-09 13:42:00+00:00,62760.175390000004,2026-07-09 13:44:00+00:00,62869.61241,2,0.4359333738311877,0.2,0.23593337383118768,0.17437334953247507,tp1_partial,True
ema_pullback,1,2026-07-09 13:42:00+00:00,62760.175390000004,2026-07-09 13:51:00+00:00,62991.50022,9,0.9214634462161309,0.2,0.7214634462161309,0.36858537848645234,tp2,False
ema_pullback,1,2026-07-09 13:56:00+00:00,62997.999169999996,2026-07-09 13:56:00+00:00,62926.60671,0,-0.566624820951378,0.4,-0.966624820951378,-0.1133249641902756,sl,False
ema_pullback,1,2026-07-09 13:58:00+00:00,62974.39681,2026-07-09 13:58:00+00:00,63022.897079999995,0,0.1925396369668042,0.2,-0.007460363033195805,0.07701585478672168,tp1_partial,True
ema_pullback,1,2026-07-09 13:58:00+00:00,62974.39681,2026-07-09 14:04:00+00:00,63083.99097,6,0.4350742744335112,0.2,0.2350742744335112,0.17402970977340448,tp2,False
ema_pullback,1,2026-07-09 14:24:00+00:00,62753.47472,2026-07-09 14:24:00+00:00,62698.32954,0,-0.4393794944905771,0.4,-0.8393794944905771,-0.08787589889811542,sl,False
ema_pullback,1,2026-07-09 14:28:00+00:00,62820.78145,2026-07-09 14:33:00+00:00,62720.02737,5,-0.8019167994606224,0.4,-1.2019167994606224,-0.1603833598921245,sl,False
ema_pullback,1,2026-07-09 14:36:00+00:00,62790.47842,2026-07-09 14:37:00+00:00,62714.22795,1,-0.6071817886938446,0.4,-1.0071817886938446,-0.12143635773876893,sl,False
ema_pullback,1,2026-07-09 14:38:00+00:00,62796.87906,2026-07-09 14:39:00+00:00,62861.7132,1,0.25811051827134834,0.2,0.05811051827134833,0.10324420730853934,tp1_partial,True
ema_pullback,1,2026-07-09 14:38:00+00:00,62796.87906,2026-07-09 14:40:00+00:00,62939.20545,2,0.5666141061883567,0.2,0.3666141061883567,0.2266456424753427,tp2,False
ema_pullback,1,2026-07-09 14:46:00+00:00,62918.591230000005,2026-07-09 14:46:00+00:00,62950.80428999999,0,0.12799499865717712,0.2,-0.0720050013428229,0.05119799946287085,tp1_partial,True
ema_pullback,1,2026-07-09 14:46:00+00:00,62918.591230000005,2026-07-09 14:51:00+00:00,62861.01327,5,-0.22877959786768431,0.2,-0.4287795978676843,-0.09151183914707373,sl,False
ema_pullback,1,2026-07-09 14:55:00+00:00,62915.09088,2026-07-09 14:58:00+00:00,62976.701700000005,3,0.24481733689901697,0.2,0.04481733689901696,0.09792693475960679,tp1_partial,True
ema_pullback,1,2026-07-09 14:55:00+00:00,62915.09088,2026-07-09 15:07:00+00:00,63050.894280000015,12,0.5396296742979922,0.2,0.33962967429799223,0.2158518697191969,tp2,False
ema_pullback,1,2026-07-09 15:15:00+00:00,63071.606530000005,2026-07-09 15:16:00+00:00,63103.78899000001,1,0.1275631848092207,0.2,-0.07243681519077932,0.051025273923688275,tp1_partial,True
ema_pullback,1,2026-07-09 15:15:00+00:00,63071.606530000005,2026-07-09 15:17:00+00:00,63014.19795,2,-0.22755318580910955,0.2,-0.42755318580910956,-0.09102127432364382,sl,False
ema_pullback,1,2026-07-09 15:23:00+00:00,63191.71854,2026-07-09 15:28:00+00:00,62962.90308,5,-1.810486130830291,0.4,-2.210486130830291,-0.3620972261660582,sl,False
ema_pullback,1,2026-07-09 15:32:00+00:00,63064.20579,2026-07-09 15:35:00+00:00,62943.90498,3,-0.953796281844832,0.4,-1.353796281844832,-0.1907592563689664,sl,False
ema_pullback,1,2026-07-09 15:42:00+00:00,62962.59563,2026-07-09 15:42:00+00:00,62967.50262000001,0,0.019483750435089764,0.2,-0.18051624956491025,0.0077935001740359056,tp1_partial,True
ema_pullback,1,2026-07-09 15:42:00+00:00,62962.59563,2026-07-09 15:43:00+00:00,62985.00087,1,0.08896250137013784,0.2,-0.11103749862986217,0.035585000548055135,tp2,False
ema_pullback,1,2026-07-09 15:46:00+00:00,62959.895359999995,2026-07-09 15:46:00+00:00,62936.10576,0,-0.18892661641167763,0.4,-0.5889266164116777,-0.037785323282335526,sl,False
ema_pullback,1,2026-07-09 15:48:00+00:00,62965.995969999996,2026-07-09 15:48:00+00:00,62987.40063,0,0.08498499733966547,0.2,-0.11501500266033454,0.03399399893586619,tp1_partial,True
ema_pullback,1,2026-07-09 15:48:00+00:00,62965.995969999996,2026-07-09 15:54:00+00:00,62919.40743,6,-0.18497499833955433,0.2,-0.38497499833955434,-0.07398999933582173,sl,False
ema_pullback,1,2026-07-09 16:03:00+00:00,62901.2895,2026-07-09 16:04:00+00:00,62931.006270000005,1,0.11810874719830888,0.2,-0.08189125280169113,0.04724349887932355,tp1_partial,True
ema_pullback,1,2026-07-09 16:03:00+00:00,62901.2895,2026-07-09 16:07:00+00:00,62846.41473,4,-0.21809874819817,0.2,-0.41809874819817,-0.087239499279268,sl,False
ema_pullback,1,2026-07-09 16:16:00+00:00,62856.08498,2026-07-09 16:16:00+00:00,62802.419129999995,0,-0.4268946277602437,0.4,-0.8268946277602437,-0.08537892555204873,sl,False
ema_pullback,1,2026-07-09 16:22:00+00:00,62806.98007,2026-07-09 16:22:00+00:00,62751.924179999995,0,-0.43829435787745563,0.4,-0.8382943578774557,-0.08765887157549113,sl,False
ema_pullback,1,2026-07-09 16:30:00+00:00,62688.168190000004,2026-07-09 16:31:00+00:00,62708.32854000001,1,0.08039934242015656,0.2,-0.11960065757984345,0.032159736968062624,tp1_partial,True
ema_pullback,1,2026-07-09 16:30:00+00:00,62688.168190000004,2026-07-09 16:37:00+00:00,62741.12526000001,7,0.21119244479872457,0.2,0.011192444798724555,0.08447697791948983,tp2,False
ema_pullback,1,2026-07-09 16:54:00+00:00,62683.76775,2026-07-09 17:01:00+00:00,62718.42753,7,0.1382326766725117,0.2,-0.0617673233274883,0.055293070669004685,tp1_partial,True
ema_pullback,1,2026-07-09 16:54:00+00:00,62683.76775,2026-07-09 17:07:00+00:00,62765.62280999999,13,0.3264603538449262,0.2,0.1264603538449262,0.1305841415379705,tp2,False
ema_pullback,1,2026-07-09 17:08:00+00:00,62784.07778,2026-07-09 17:10:00+00:00,62703.629010000004,2,-0.6406781213056378,0.4,-1.0406781213056377,-0.12813562426112757,sl,False
ema_pullback,1,2026-07-09 17:11:00+00:00,62775.57693,2026-07-09 17:13:00+00:00,62693.73,2,-0.6519010577255568,0.4,-1.0519010577255568,-0.13038021154511137,sl,False
ema_pullback,-1,2026-07-09 17:14:00+00:00,62654.23395,2026-07-09 17:16:00+00:00,62730.87246,2,-0.6115988111925486,0.4,-1.0115988111925485,-0.12231976223850971,sl,False
ema_pullback,1,2026-07-09 17:17:00+00:00,62712.970669999995,2026-07-09 17:17:00+00:00,62727.02667,0,0.05603306560764132,0.2,-0.1439669343923587,0.022413226243056528,tp1_partial,True
ema_pullback,1,2026-07-09 17:17:00+00:00,62712.970669999995,2026-07-09 17:18:00+00:00,62753.62400999999,1,0.16206113171512992,0.2,-0.037938868284870086,0.06482445268605197,tp2,False
ema_pullback,1,2026-07-09 17:26:00+00:00,62799.37931,2026-07-09 17:29:00+00:00,62802.01917,3,0.010509100683009365,0.2,-0.18949089931699065,0.004203640273203746,tp1_partial,True
ema_pullback,1,2026-07-09 17:26:00+00:00,62799.37931,2026-07-09 17:30:00+00:00,62817.21764999999,4,0.07101320186597704,0.2,-0.12898679813402297,0.028405280746390815,tp2,False
ema_pullback,1,2026-07-09 17:34:00+00:00,62795.2789,2026-07-09 17:37:00+00:00,62827.616610000005,3,0.12874260042505803,0.2,-0.07125739957494198,0.05149704017002321,tp1_partial,True
ema_pullback,1,2026-07-09 17:34:00+00:00,62795.2789,2026-07-09 17:39:00+00:00,62872.51212000001,5,0.30748020135001886,0.2,0.10748020135001884,0.12299208054000754,tp2,False
ema_pullback,1,2026-07-09 18:00:00+00:00,63121.11148,2026-07-09 18:00:00+00:00,63140.48532,0,0.07673280597308985,0.2,-0.12326719402691017,0.03069312238923594,tp1_partial,True
ema_pullback,1,2026-07-09 18:00:00+00:00,63121.11148,2026-07-09 18:02:00+00:00,63172.582109999996,2,0.20385663684130417,0.2,0.003856636841304162,0.08154265473652167,tp2,False
ema_pullback,1,2026-07-09 18:07:00+00:00,63122.811649999996,2026-07-09 18:07:00+00:00,63166.18275,0,0.17177268750512287,0.2,-0.028227312494877144,0.06870907500204915,tp1_partial,True
ema_pullback,1,2026-07-09 18:07:00+00:00,63122.811649999996,2026-07-09 18:08:00+00:00,63222.07716,1,0.3931443617816166,0.2,0.1931443617816166,0.15725774471264664,tp2,False
ema_pullback,1,2026-07-09 18:20:00+00:00,63397.63913,2026-07-09 18:20:00+00:00,63333.666,0,-0.5045387405422375,0.4,-0.9045387405422375,-0.10090774810844749,sl,False
ema_pullback,1,2026-07-09 18:28:00+00:00,63298.82925,2026-07-09 18:29:00+00:00,63344.564909999994,1,0.18063390959160985,0.2,-0.019366090408390157,0.07225356383664394,tp1_partial,True
ema_pullback,1,2026-07-09 18:28:00+00:00,63298.82925,2026-07-09 18:52:00+00:00,63227.976570000006,24,-0.279834085556957,0.2,-0.479834085556957,-0.1119336342227828,sl,False
ema_pullback,1,2026-07-09 19:05:00+00:00,63238.923259999996,2026-07-09 19:15:00+00:00,63158.28354,10,-0.6375797992990706,0.4,-1.0375797992990705,-0.12751595985981412,sl,False
ema_pullback,1,2026-07-09 19:22:00+00:00,63194.118780000004,2026-07-09 19:23:00+00:00,63144.08496,1,-0.39587402250351733,0.4,-0.7958740225035174,-0.07917480450070347,sl,False
ema_pullback,1,2026-07-09 19:25:00+00:00,63191.3185,2026-07-09 19:25:00+00:00,63167.38263,0,-0.18939207606499808,0.4,-0.5893920760649981,-0.03787841521299962,sl,False
ema_pullback,1,2026-07-09 19:27:00+00:00,63190.21839,2026-07-09 19:27:00+00:00,63183.28104000001,0,-0.02744629697740142,0.2,-0.22744629697740143,-0.010978518790960567,tp1_partial,True
ema_pullback,1,2026-07-09 19:27:00+00:00,63190.21839,2026-07-09 19:28:00+00:00,63188.98047000001,1,-0.004897593454872284,0.2,-0.2048975934548723,-0.0019590373819489137,tp2,False
ema_pullback,1,2026-07-09 19:32:00+00:00,63244.42381,2026-07-09 19:36:00+00:00,63269.27244000001,4,0.09822458844221948,0.2,-0.10177541155778053,0.039289835376887794,tp1_partial,True
ema_pullback,1,2026-07-09 19:32:00+00:00,63244.42381,2026-07-09 19:44:00+00:00,63306.56871000001,12,0.24565367290996232,0.2,0.045653672909962306,0.09826146916398493,tp2,False
ema_pullback,1,2026-07-09 19:45:00+00:00,63345.3339,2026-07-09 19:48:00+00:00,63252.074160000004,3,-0.7361216230007961,0.4,-1.136121623000796,-0.14722432460015922,sl,False
ema_pullback,1,2026-07-09 19:53:00+00:00,63265.82595,2026-07-09 19:54:00+00:00,63213.37803,1,-0.41450434901024735,0.4,-0.8145043490102474,-0.08290086980204947,sl,False
ema_pullback,1,2026-07-09 19:56:00+00:00,63269.826349999996,2026-07-09 19:58:00+00:00,63224.57691,2,-0.35759099250309845,0.4,-0.7575909925030985,-0.07151819850061969,sl,False
ema_pullback,1,2026-07-09 20:08:00+00:00,63202.01957,2026-07-09 20:08:00+00:00,63218.07756,0,0.0635185003155514,0.2,-0.13648149968444862,0.02540740012622056,tp1_partial,True
ema_pullback,1,2026-07-09 20:08:00+00:00,63202.01957,2026-07-09 20:13:00+00:00,63160.683300000004,5,-0.1635085013154125,0.2,-0.3635085013154125,-0.065403400526165,sl,False
ema_pullback,1,2026-07-09 20:18:00+00:00,63214.3208,2026-07-09 20:25:00+00:00,63241.17525,7,0.10620398060179337,0.2,-0.09379601939820664,0.04248159224071735,tp1_partial,True
ema_pullback,1,2026-07-09 20:18:00+00:00,63214.3208,2026-07-09 20:26:00+00:00,63280.6713,8,0.26240296170360056,0.2,0.062402961703600546,0.10496118468144022,tp2,False
ema_pullback,1,2026-07-09 20:31:00+00:00,63262.22559,2026-07-09 20:31:00+00:00,63226.476720000006,0,-0.28254514970499356,0.4,-0.6825451497049936,-0.05650902994099871,sl,False
ema_pullback,1,2026-07-09 20:33:00+00:00,63291.82855,2026-07-09 20:50:00+00:00,63225.776789999996,17,-0.5218032209941548,0.4,-0.9218032209941548,-0.10436064419883095,sl,False
ema_pullback,1,2026-07-09 20:58:00+00:00,63258.02516999999,2026-07-09 20:58:00+00:00,63261.6732,0,0.014417261644694701,0.2,-0.1855827383553053,0.00576690465787788,tp1_partial,True
ema_pullback,1,2026-07-09 20:58:00+00:00,63258.02516999999,2026-07-09 20:59:00+00:00,63278.071560000004,1,0.0792246910417127,0.2,-0.12077530895828731,0.03168987641668508,tp2,False
ema_pullback,1,2026-07-09 21:10:00+00:00,63352.23459,2026-07-09 21:10:00+00:00,63325.46682,0,-0.2112614509435229,0.4,-0.6112614509435229,-0.04225229018870458,sl,False
ema_pullback,1,2026-07-09 21:19:00+00:00,63311.13048,2026-07-09 21:19:00+00:00,63309.36843,0,-0.0069578997667352205,0.2,-0.20695789976673523,-0.002783159906694088,tp1_partial,True
ema_pullback,1,2026-07-09 21:19:00+00:00,63311.13048,2026-07-09 21:22:00+00:00,63287.57061,3,-0.09303210123312589,0.2,-0.2930321012331259,-0.037212840493250354,sl,False
ema_pullback,1,2026-07-09 21:37:00+00:00,63244.72384,2026-07-09 21:38:00+00:00,63238.375530000005,1,-0.025094227686317527,0.2,-0.22509422768631754,-0.010037691074527011,tp1_partial,True
ema_pullback,1,2026-07-09 21:37:00+00:00,63244.72384,2026-07-09 21:39:00+00:00,63244.674900000005,2,-0.000193454872676746,0.2,-0.20019345487267676,-7.73819490706984e-05,tp2,False
ema_pullback,1,2026-07-09 21:40:00+00:00,63260.025369999996,2026-07-09 21:40:00+00:00,63230.6763,0,-0.23197169008659646,0.4,-0.6319716900865965,-0.04639433801731929,sl,False
ema_pullback,1,2026-07-09 21:47:00+00:00,63231.3225,2026-07-09 21:58:00+00:00,63250.6743,11,0.0765119217615573,0.2,-0.12348807823844271,0.03060476870462292,tp1_partial,True
ema_pullback,1,2026-07-09 21:47:00+00:00,63231.3225,2026-07-09 22:00:00+00:00,63282.571110000004,13,0.20262350989103117,0.2,0.0026235098910311616,0.08104940395641247,tp2,False
ema_pullback,1,2026-07-09 22:01:00+00:00,63288.42821,2026-07-09 22:02:00+00:00,63226.17675,1,-0.4918076002254357,0.4,-0.8918076002254357,-0.09836152004508714,sl,False
ema_pullback,1,2026-07-09 22:04:00+00:00,63299.02927,2026-07-09 22:05:00+00:00,63227.6766,1,-0.5636158312605777,0.4,-0.9636158312605777,-0.11272316625211554,sl,False
ema_pullback,1,2026-07-09 22:07:00+00:00,63270.3264,2026-07-09 22:07:00+00:00,63278.671500000004,0,0.032973988261297826,0.2,-0.16702601173870218,0.01318959530451913,tp1_partial,True
ema_pullback,1,2026-07-09 22:07:00+00:00,63270.3264,2026-07-09 22:08:00+00:00,63299.569410000004,1,0.11554788659984272,0.2,-0.08445211340015729,0.04621915463993709,tp2,False
ema_pullback,1,2026-07-09 22:18:00+00:00,63269.22629,2026-07-09 22:18:00+00:00,63281.371230000004,0,0.04798912801751154,0.2,-0.15201087198248847,0.019195651207004616,tp1_partial,True
ema_pullback,1,2026-07-09 22:18:00+00:00,63269.22629,2026-07-09 22:19:00+00:00,63306.168750000004,1,0.1459732565349814,0.2,-0.05402674346501862,0.058389302613992555,tp2,False
ema_pullback,1,2026-07-09 22:28:00+00:00,63326.63203,2026-07-09 22:28:00+00:00,63305.568810000004,0,-0.16630617581253615,0.4,-0.5663061758125362,-0.03326123516250723,sl,False
ema_pullback,1,2026-07-09 22:30:00+00:00,63321.83155,2026-07-09 22:30:00+00:00,63312.76809,0,-0.03578331429363035,0.2,-0.23578331429363036,-0.014313325717452141,tp1_partial,True
ema_pullback,1,2026-07-09 22:30:00+00:00,63321.83155,2026-07-09 22:31:00+00:00,63305.568810000004,1,-0.06420668670628626,0.2,-0.2642066867062863,-0.025682674682514506,sl,False
ema_pullback,1,2026-07-09 22:33:00+00:00,63329.3323,2026-07-09 22:33:00+00:00,63308.86848,0,-0.16156668053174394,0.4,-0.561566680531744,-0.03231333610634879,sl,False
ema_pullback,1,2026-07-09 22:43:00+00:00,63356.335,2026-07-09 22:50:00+00:00,63267.072660000005,7,-0.7044468402409576,0.4,-1.1044468402409575,-0.14088936804819152,sl,False
ema_pullback,1,2026-07-09 23:05:00+00:00,63229.422309999994,2026-07-09 23:07:00+00:00,63184.78089,2,-0.3530114491725467,0.4,-0.7530114491725467,-0.07060228983450934,sl,False
ema_pullback,1,2026-07-09 23:23:00+00:00,63099.60933,2026-07-09 23:23:00+00:00,63147.88458,0,0.19126604155156324,0.2,-0.008733958448436774,0.0765064166206253,tp1_partial,True
ema_pullback,1,2026-07-09 23:23:00+00:00,63099.60933,2026-07-09 23:24:00+00:00,63208.87848,1,0.43292324294963436,0.2,0.23292324294963435,0.17316929717985374,tp2,False
ema_pullback,1,2026-07-09 23:35:00+00:00,63187.01807,2026-07-09 23:36:00+00:00,63200.079359999996,1,0.051677110263104176,0.2,-0.14832288973689584,0.02067084410524167,tp1_partial,True
ema_pullback,1,2026-07-09 23:35:00+00:00,63187.01807,2026-07-09 23:40:00+00:00,63225.77678999999,5,0.15334922102611115,0.2,-0.04665077897388886,0.06133968841044446,tp2,False
ema_pullback,1,2026-07-09 23:47:00+00:00,63245.72394,2026-07-09 23:47:00+00:00,63224.076960000006,0,-0.17113394116996528,0.4,-0.5711339411699653,-0.034226788233993055,sl,False
ema_pullback,1,2026-07-09 23:53:00+00:00,63256.22499,2026-07-09 23:54:00+00:00,63274.271940000006,1,0.07132479847976603,0.2,-0.12867520152023398,0.02852991939190641,tp1_partial,True
ema_pullback,1,2026-07-09 23:53:00+00:00,63256.22499,2026-07-09 23:58:00+00:00,63212.878079999995,5,-0.1713147994796549,0.2,-0.3713147994796549,-0.06852591979186196,sl,False
ema_pullback,1,2026-07-10 00:07:00+00:00,63227.922159999995,2026-07-10 00:07:00+00:00,63178.18155,0,-0.39334370243993,0.4,-0.79334370243993,-0.078668740487986,sl,False
ema_pullback,1,2026-07-10 00:10:00+00:00,63191.818549999996,2026-07-10 00:10:00+00:00,63151.484220000006,0,-0.31914202602095765,0.4,-0.7191420260209577,-0.06382840520419153,sl,False
ema_pullback,1,2026-07-10 00:13:00+00:00,63167.716140000004,2026-07-10 00:15:00+00:00,63196.279740000005,2,0.11304667061529106,0.2,-0.08695332938470896,0.04521866824611642,tp1_partial,True
ema_pullback,1,2026-07-10 00:13:00+00:00,63167.716140000004,2026-07-10 00:23:00+00:00,63113.688,10,-0.2138281360380967,0.2,-0.4138281360380967,-0.08553125441523868,sl,False
ema_pullback,1,2026-07-10 00:38:00+00:00,63014.40081,2026-07-10 00:38:00+00:00,63058.6935,0,0.17572447500352473,0.2,-0.024275524996475284,0.07028979000140989,tp1_partial,True
ema_pullback,1,2026-07-10 00:38:00+00:00,63014.40081,2026-07-10 00:41:00+00:00,63115.6878,3,0.4018406455430501,0.2,0.2018406455430501,0.16073625821722004,tp2,False
ema_pullback,1,2026-07-10 00:47:00+00:00,63060.905459999994,2026-07-10 00:48:00+00:00,63006.798689999996,1,-0.4290040684106211,0.4,-0.8290040684106211,-0.08580081368212422,sl,False
ema_pullback,1,2026-07-10 00:51:00+00:00,63044.70384,2026-07-10 00:52:00+00:00,63002.29914,1,-0.3363066000565129,0.4,-0.7363066000565129,-0.06726132001130258,sl,False
ema_pullback,1,2026-07-10 00:56:00+00:00,63040.3034,2026-07-10 00:57:00+00:00,63052.6941,1,0.04913800906614085,0.2,-0.15086199093385916,0.01965520362645634,tp1_partial,True
ema_pullback,1,2026-07-10 00:56:00+00:00,63040.3034,2026-07-10 00:59:00+00:00,63077.59161,3,0.1478744865939241,0.2,-0.05212551340607591,0.05914979463756964,tp2,False
ema_pullback,1,2026-07-10 01:08:00+00:00,63006.09998,2026-07-10 01:08:00+00:00,62974.40193,0,-0.251547469293123,0.4,-0.651547469293123,-0.0503094938586246,sl,False
ema_pullback,1,2026-07-10 01:12:00+00:00,63041.103480000005,2026-07-10 01:14:00+00:00,63095.08986000001,2,0.21409198530736306,0.2,0.014091985307363053,0.08563679412294523,tp1_partial,True
ema_pullback,1,2026-07-10 01:12:00+00:00,63041.103480000005,2026-07-10 01:18:00+00:00,63161.683200000014,6,0.47817897111468444,0.2,0.2781789711146844,0.19127158844587377,tp2,False
ema_pullback,1,2026-07-10 01:28:00+00:00,63318.031169999995,2026-07-10 01:29:00+00:00,63351.26423999999,1,0.13121487428585654,0.2,-0.06878512571414347,0.05248594971434262,tp1_partial,True
ema_pullback,1,2026-07-10 01:28:00+00:00,63318.031169999995,2026-07-10 01:37:00+00:00,63397.15964999999,9,0.3124247490716714,0.2,0.11242474907167138,0.12496989962866856,tp2,False
ema_pullback,1,2026-07-10 01:44:00+00:00,63355.3349,2026-07-10 01:44:00+00:00,63363.86298,0,0.03365178328490481,0.2,-0.1663482167150952,0.013460713313961925,tp1_partial,True
ema_pullback,1,2026-07-10 01:44:00+00:00,63355.3349,2026-07-10 01:46:00+00:00,63385.06086,2,0.11729856706982345,0.2,-0.08270143293017657,0.04691942682792938,tp2,False
ema_pullback,1,2026-07-10 01:47:00+00:00,63403.3397,2026-07-10 01:48:00+00:00,63426.95667000001,1,0.093121947959518,0.2,-0.10687805204048201,0.0372487791838072,tp1_partial,True
ema_pullback,1,2026-07-10 01:47:00+00:00,63403.3397,2026-07-10 01:49:00+00:00,63463.353030000006,2,0.23663315798494455,0.2,0.03663315798494454,0.09465326319397782,tp2,False
ema_pullback,1,2026-07-10 02:01:00+00:00,63761.97556,2026-07-10 02:06:00+00:00,63693.63,5,-0.5359429299339191,0.4,-0.9359429299339191,-0.10718858598678382,sl,False
ema_pullback,1,2026-07-10 02:08:00+00:00,63742.673630000005,2026-07-10 02:10:00+00:00,63803.619000000006,2,0.23902892100891027,0.2,0.039028921008910256,0.0956115684035641,tp1_partial,True
ema_pullback,1,2026-07-10 02:08:00+00:00,63742.673630000005,2026-07-10 02:19:00+00:00,63877.31163000001,11,0.5280528425177233,0.2,0.3280528425177233,0.21122113700708933,tp2,False
ema_pullback,1,2026-07-10 02:26:00+00:00,63841.783540000004,2026-07-10 02:26:00+00:00,63796.11975,0,-0.35763247412562427,0.4,-0.7576324741256243,-0.07152649482512485,sl,False
ema_pullback,1,2026-07-10 02:29:00+00:00,63832.18258,2026-07-10 02:29:00+00:00,63804.81888,0,-0.21434093974231905,0.4,-0.6143409397423191,-0.04286818794846381,sl,False
ema_pullback,1,2026-07-10 02:32:00+00:00,63823.08167,2026-07-10 02:33:00+00:00,63772.92207,1,-0.3929581484278244,0.4,-0.7929581484278244,-0.07859162968556488,sl,False
ema_pullback,1,2026-07-10 02:35:00+00:00,63822.3816,2026-07-10 02:37:00+00:00,63883.71099000001,2,0.2402346499084662,0.2,0.0402346499084662,0.09609385996338649,tp1_partial,True
ema_pullback,1,2026-07-10 02:35:00+00:00,63822.3816,2026-07-10 02:49:00+00:00,63957.90357000001,14,0.5308559732594142,0.2,0.33085597325941424,0.2123423893037657,tp2,False
ema_pullback,1,2026-07-10 02:57:00+00:00,63967.596119999995,2026-07-10 03:00:00+00:00,63925.6068,3,-0.3282077375647008,0.4,-0.7282077375647008,-0.06564154751294016,sl,False
ema_pullback,1,2026-07-10 03:02:00+00:00,63963.79574,2026-07-10 03:03:00+00:00,63922.10715,1,-0.3258764549359805,0.4,-0.7258764549359805,-0.0651752909871961,sl,False
ema_pullback,1,2026-07-10 03:04:00+00:00,63961.09546999999,2026-07-10 03:04:00+00:00,63920.10735,0,-0.3204144620945204,0.4,-0.7204144620945204,-0.06408289241890408,sl,False
ema_pullback,1,2026-07-10 03:12:00+00:00,63891.488509999996,2026-07-10 03:22:00+00:00,63809.518410000004,10,-0.6414790288315486,0.4,-1.0414790288315485,-0.12829580576630972,sl,False
ema_pullback,1,2026-07-10 03:26:00+00:00,63858.18518,2026-07-10 03:27:00+00:00,63825.11685,1,-0.25892005783434424,0.4,-0.6589200578343443,-0.05178401156686885,sl,False
ema_pullback,1,2026-07-10 03:36:00+00:00,63868.086169999995,2026-07-10 03:44:00+00:00,63903.90897,8,0.14022183123135745,0.2,-0.05977816876864256,0.05608873249254298,tp1_partial,True
ema_pullback,1,2026-07-10 03:36:00+00:00,63868.086169999995,2026-07-10 03:47:00+00:00,63952.504109999994,11,0.3304386629626732,0.2,0.1304386629626732,0.13217546518506929,tp2,False
ema_pullback,1,2026-07-10 03:59:00+00:00,63916.390999999996,2026-07-10 04:00:00+00:00,63922.10715,1,0.022357919113480396,0.2,-0.17764208088651962,0.008943167645392158,tp1_partial,True
ema_pullback,1,2026-07-10 03:59:00+00:00,63916.390999999996,2026-07-10 04:02:00+00:00,63940.70529,3,0.09510193558959212,0.2,-0.10489806441040789,0.03804077423583685,tp2,False
ema_pullback,1,2026-07-10 04:03:00+00:00,63971.69653,2026-07-10 04:10:00+00:00,63915.6078,7,-0.4383870761790476,0.4,-0.8383870761790476,-0.08767741523580952,sl,False
ema_pullback,1,2026-07-10 04:13:00+00:00,63957.99516,2026-07-10 04:15:00+00:00,63920.70729,2,-0.2915028051357904,0.4,-0.6915028051357904,-0.05830056102715808,sl,False
ema_pullback,1,2026-07-10 04:18:00+00:00,63958.89525,2026-07-10 04:20:00+00:00,63984.10095,2,0.09852304320406846,0.2,-0.10147695679593155,0.039409217281627384,tp1_partial,True
ema_pullback,1,2026-07-10 04:18:00+00:00,63958.89525,2026-07-10 04:24:00+00:00,63907.90857000001,6,-0.1992947181181648,0.2,-0.3992947181181648,-0.07971788724726592,sl,False
ema_pullback,1,2026-07-10 04:34:00+00:00,63949.3943,2026-07-10 04:34:00+00:00,64008.19854,0,0.22988583646366134,0.2,0.02988583646366133,0.09195433458546454,tp1_partial,True
ema_pullback,1,2026-07-10 04:34:00+00:00,63949.3943,2026-07-10 04:35:00+00:00,64079.791379999995,1,0.509766673427281,0.2,0.309766673427281,0.2039066693709124,tp2,False
ema_pullback,1,2026-07-10 04:48:00+00:00,64140.01336,2026-07-10 04:53:00+00:00,64050.594300000004,5,-0.6970614388409069,0.4,-1.0970614388409068,-0.13941228776818138,sl,False
ema_pullback,1,2026-07-10 05:13:00+00:00,63970.89645,2026-07-10 05:16:00+00:00,63937.00566,3,-0.2648922547653365,0.4,-0.6648922547653365,-0.0529784509530673,sl,False
ema_pullback,1,2026-07-10 05:19:00+00:00,63965.69593,2026-07-10 05:19:00+00:00,63965.40282,0,-0.0011455749669431192,0.2,-0.20114557496694313,-0.0004582299867772477,tp1_partial,True
ema_pullback,1,2026-07-10 05:19:00+00:00,63965.69593,2026-07-10 05:20:00+00:00,63940.405320000005,1,-0.09884442603294574,0.2,-0.29884442603294575,-0.0395377704131783,sl,False
ema_pullback,1,2026-07-10 05:23:00+00:00,63974.3968,2026-07-10 05:27:00+00:00,63916.6077,4,-0.45165802954472145,0.4,-0.8516580295447215,-0.09033160590894429,sl,False
ema_pullback,1,2026-07-10 05:30:00+00:00,63956.49501,2026-07-10 05:30:00+00:00,63933.606,0,-0.17894202923735003,0.4,-0.57894202923735,-0.035788405847470006,sl,False
ema_pullback,1,2026-07-10 05:31:00+00:00,63959.29529,2026-07-10 05:32:00+00:00,63965.00286,1,0.022309384328400572,0.2,-0.17769061567159944,0.008923753731360229,tp1_partial,True
ema_pullback,1,2026-07-10 05:31:00+00:00,63959.29529,2026-07-10 05:33:00+00:00,63983.401020000005,2,0.09422293464422804,0.2,-0.10577706535577197,0.037689173857691216,tp2,False
ema_pullback,1,2026-07-10 05:41:00+00:00,64056.304990000004,2026-07-10 05:41:00+00:00,64033.69599,0,-0.17647755364230688,0.4,-0.5764775536423069,-0.03529551072846138,sl,False
ema_pullback,1,2026-07-10 05:42:00+00:00,64075.30689,2026-07-10 05:42:00+00:00,64092.5901,0,0.06743319243740498,0.2,-0.13256680756259503,0.02697327697496199,tp1_partial,True
ema_pullback,1,2026-07-10 05:42:00+00:00,64075.30689,2026-07-10 05:43:00+00:00,64122.587100000004,1,0.18447125848797263,0.2,-0.015528741512027378,0.07378850339518905,tp2,False
ema_pullback,1,2026-07-10 06:00:00+00:00,64096.30899,2026-07-10 06:00:00+00:00,64072.992060000004,0,-0.18188980276251376,0.4,-0.5818898027625138,-0.03637796055250275,sl,False
ema_pullback,1,2026-07-10 06:02:00+00:00,64106.409999999996,2026-07-10 06:03:00+00:00,64051.5942,1,-0.42753758945474063,0.4,-0.8275375894547407,-0.08550751789094813,sl,False
ema_pullback,1,2026-07-10 06:31:00+00:00,63906.79004,2026-07-10 06:31:00+00:00,63913.608,0,0.026671500773733925,0.2,-0.1733284992262661,0.01066860030949357,tp1_partial,True
ema_pullback,1,2026-07-10 06:31:00+00:00,63906.79004,2026-07-10 06:33:00+00:00,63874.6119,2,-0.12587919053616559,0.2,-0.3258791905361656,-0.050351676214466234,sl,False
ema_pullback,1,2026-07-10 06:36:00+00:00,63903.589719999996,2026-07-10 06:41:00+00:00,63873.711989999996,5,-0.23377192213230868,0.4,-0.6337719221323087,-0.04675438442646174,sl,False
ema_pullback,1,2026-07-10 06:46:00+00:00,63896.18898,2026-07-10 06:47:00+00:00,63855.01386,1,-0.32220325388176985,0.4,-0.7222032538817699,-0.06444065077635397,sl,False
ema_pullback,1,2026-07-10 06:52:00+00:00,63883.987759999996,2026-07-10 06:53:00+00:00,63845.21484,1,-0.30346352317311975,0.4,-0.7034635231731198,-0.06069270463462395,sl,False
ema_pullback,1,2026-07-10 07:05:00+00:00,63828.98226,2026-07-10 07:10:00+00:00,63838.81548,5,0.03851393070919418,0.2,-0.16148606929080583,0.015405572283677671,tp1_partial,True
ema_pullback,1,2026-07-10 07:05:00+00:00,63828.98226,2026-07-10 07:13:00+00:00,63861.413219999995,8,0.12702286191834666,0.2,-0.07297713808165335,0.050809144767338665,tp2,False
ema_pullback,1,2026-07-10 07:18:00+00:00,63900.089369999994,2026-07-10 07:23:00+00:00,63937.60560000001,5,0.14677690739517413,0.2,-0.05322309260482588,0.05871076295806965,tp1_partial,True
ema_pullback,1,2026-07-10 07:18:00+00:00,63900.089369999994,2026-07-10 08:02:00+00:00,63987.80058000001,44,0.3431576186542773,0.2,0.14315761865427729,0.13726304746171092,tp2,False
ema_pullback,1,2026-07-10 08:06:00+00:00,63988.798240000004,2026-07-10 08:08:00+00:00,63996.69969000001,2,0.03087044223887281,0.2,-0.1691295577611272,0.012348176895549123,tp1_partial,True
ema_pullback,1,2026-07-10 08:06:00+00:00,63988.798240000004,2026-07-10 08:13:00+00:00,63955.10385,7,-0.1316417518642532,0.2,-0.3316417518642532,-0.05265670074570128,sl,False
ema_pullback,1,2026-07-10 08:15:00+00:00,64006.199980000005,2026-07-10 08:15:00+00:00,64036.19574000001,0,0.11715958770158741,0.2,-0.0828404122984126,0.046863835080634964,tp1_partial,True
ema_pullback,1,2026-07-10 08:15:00+00:00,64006.199980000005,2026-07-10 08:16:00+00:00,64078.89147000001,1,0.28392362779977587,0.2,0.08392362779977586,0.11356945111991035,tp2,False
ema_pullback,1,2026-07-10 08:27:00+00:00,64265.92595,2026-07-10 08:28:00+00:00,64272.87207,1,0.02702100645607386,0.2,-0.17297899354392615,0.010808402582429544,tp1_partial,True
ema_pullback,1,2026-07-10 08:27:00+00:00,64265.92595,2026-07-10 08:29:00+00:00,64292.57009999999,2,0.10364804367996028,0.2,-0.09635195632003973,0.04145921747198411,tp2,False
ema_pullback,1,2026-07-10 08:32:00+00:00,64306.32999,2026-07-10 08:33:00+00:00,64246.97466,1,-0.4615045673515006,0.4,-0.8615045673515006,-0.09230091347030012,sl,False
ema_pullback,1,2026-07-10 08:35:00+00:00,64305.4299,2026-07-10 08:35:00+00:00,64262.073150000004,0,-0.33711577752781885,0.4,-0.7371157775278189,-0.06742315550556377,sl,False
ema_pullback,1,2026-07-10 08:49:00+00:00,64201.019459999996,2026-07-10 08:52:00+00:00,64144.384920000004,3,-0.44107196798703896,0.4,-0.841071967987039,-0.08821439359740779,sl,False
ema_pullback,1,2026-07-10 08:55:00+00:00,64181.017459999995,2026-07-10 08:56:00+00:00,64192.5801,1,0.045039173799388266,0.2,-0.15496082620061175,0.018015669519755306,tp1_partial,True
ema_pullback,1,2026-07-10 08:55:00+00:00,64181.017459999995,2026-07-10 08:57:00+00:00,64217.07765,2,0.14046283241958557,0.2,-0.05953716758041444,0.05618513296783423,tp2,False
ema_pullback,1,2026-07-10 09:04:00+00:00,64191.118469999994,2026-07-10 09:05:00+00:00,64197.17964000001,1,0.023605952600924685,0.2,-0.17639404739907533,0.009442381040369874,tp1_partial,True
ema_pullback,1,2026-07-10 09:04:00+00:00,64191.118469999994,2026-07-10 09:11:00+00:00,64215.97776000001,7,0.09681748266948675,0.2,-0.10318251733051326,0.0387269930677947,tp2,False
ema_pullback,1,2026-07-10 09:15:00+00:00,64189.51831,2026-07-10 09:16:00+00:00,64199.5794,1,0.03918509697881101,0.2,-0.160814903021189,0.015674038791524403,tp1_partial,True
ema_pullback,1,2026-07-10 09:15:00+00:00,64189.51831,2026-07-10 09:17:00+00:00,64222.5771,2,0.12875462719763586,0.2,-0.07124537280236415,0.051501850879054345,tp2,False
ema_pullback,1,2026-07-10 09:27:00+00:00,64311.33049,2026-07-10 09:27:00+00:00,64318.46751000001,0,0.02774402249816621,0.2,-0.1722559775018338,0.011097608999266484,tp1_partial,True
ema_pullback,1,2026-07-10 09:27:00+00:00,64311.33049,2026-07-10 09:28:00+00:00,64338.56550000002,1,0.10587174061127413,0.2,-0.09412825938872588,0.042348696244509654,tp2,False
ema_pullback,1,2026-07-10 09:31:00+00:00,64402.4396,2026-07-10 10:03:00+00:00,64323.966960000005,32,-0.6092365482378015,0.4,-1.0092365482378014,-0.1218473096475603,sl,False
ema_pullback,1,2026-07-10 10:16:00+00:00,64295.92895,2026-07-10 10:16:00+00:00,64297.46961,0,0.00599050369581855,0.2,-0.19400949630418146,0.00239620147832742,tp1_partial,True
ema_pullback,1,2026-07-10 10:16:00+00:00,64295.92895,2026-07-10 10:20:00+00:00,64268.67249,4,-0.10598050469570741,0.2,-0.3059805046957074,-0.042392201878282965,sl,False
ema_pullback,1,2026-07-10 10:22:00+00:00,64339.4333,2026-07-10 10:22:00+00:00,64262.17314,0,-0.6004106349503657,0.4,-1.0004106349503656,-0.12008212699007315,sl,False
ema_pullback,1,2026-07-10 10:24:00+00:00,64351.93455,2026-07-10 10:29:00+00:00,64402.25913,5,0.19550531134732152,0.2,-0.004494688652678491,0.07820212453892861,tp1_partial,True
ema_pullback,1,2026-07-10 10:24:00+00:00,64351.93455,2026-07-10 10:32:00+00:00,64465.35281999999,8,0.4406171733340458,0.2,0.2406171733340458,0.17624686933361833,tp2,False
ema_pullback,1,2026-07-10 10:40:00+00:00,64428.74223,2026-07-10 11:20:00+00:00,64351.76418,40,-0.5973890482388056,0.4,-0.9973890482388056,-0.11947780964776111,sl,False
ema_pullback,1,2026-07-10 11:26:00+00:00,64405.03986,2026-07-10 11:26:00+00:00,64353.564,0,-0.39962602392523694,0.4,-0.799626023925237,-0.07992520478504739,sl,False
ema_pullback,1,2026-07-10 11:28:00+00:00,64389.03826,2026-07-10 11:31:00+00:00,64333.466010000004,3,-0.431535021346352,0.4,-0.831535021346352,-0.0863070042692704,sl,False
ema_pullback,1,2026-07-10 11:40:00+00:00,64364.33579,2026-07-10 11:40:00+00:00,64307.5686,0,-0.44098326583535963,0.4,-0.8409832658353597,-0.08819665316707193,sl,False
ema_pullback,1,2026-07-10 11:43:00+00:00,64367.83614,2026-07-10 11:45:00+00:00,64391.36022,2,0.09136581797170029,0.2,-0.10863418202829972,0.03654632718868012,tp1_partial,True
ema_pullback,1,2026-07-10 11:43:00+00:00,64367.83614,2026-07-10 11:46:00+00:00,64427.85657,3,0.23311499034028849,0.2,0.033114990340288475,0.0932459961361154,tp2,False
ema_pullback,1,2026-07-10 12:00:00+00:00,64400.63942,2026-07-10 12:02:00+00:00,64373.06205,2,-0.21410788967596295,0.4,-0.614107889675963,-0.04282157793519259,sl,False
ema_pullback,1,2026-07-10 12:10:00+00:00,64368.63621999999,2026-07-10 12:10:00+00:00,64403.958959999996,0,0.13718925114120095,0.2,-0.06281074885879906,0.05487570045648038,tp1_partial,True
ema_pullback,1,2026-07-10 12:10:00+00:00,64368.63621999999,2026-07-10 12:11:00+00:00,64452.15413999999,1,0.3243735027823047,0.2,0.12437350278230469,0.12974940111292188,tp2,False
ema_pullback,1,2026-07-10 12:19:00+00:00,64419.641319999995,2026-07-10 12:29:00+00:00,64479.751379999994,10,0.2332753596896442,0.2,0.03327535968964418,0.09331014387585768,tp1_partial,True
ema_pullback,1,2026-07-10 12:19:00+00:00,64419.641319999995,2026-07-10 12:44:00+00:00,64333.566,25,-0.3340414438681161,0.2,-0.534041443868116,-0.13361657754724643,sl,False
ema_pullback,1,2026-07-10 13:02:00+00:00,64306.32999,2026-07-10 13:03:00+00:00,64249.37442,1,-0.4428457510237127,0.4,-0.8428457510237127,-0.08856915020474254,sl,False
ema_pullback,1,2026-07-10 13:10:00+00:00,64296.92905,2026-07-10 13:11:00+00:00,64258.27353,1,-0.3006016039268644,0.4,-0.7006016039268644,-0.06012032078537288,sl,False
ema_pullback,1,2026-07-10 13:23:00+00:00,64226.22198,2026-07-10 13:25:00+00:00,64173.582,2,-0.4098013114985366,0.4,-0.8098013114985366,-0.08196026229970732,sl,False
ema_pullback,1,2026-07-10 13:32:00+00:00,64265.4259,2026-07-10 13:42:00+00:00,64337.5656,10,0.28063184437715494,0.2,0.08063184437715493,0.11225273775086198,tp1_partial,True
ema_pullback,1,2026-07-10 13:32:00+00:00,64265.4259,2026-07-10 13:45:00+00:00,64422.5571,13,0.6112586892542127,0.2,0.41125868925421266,0.24450347570168507,tp2,False
ema_pullback,1,2026-07-10 14:29:00+00:00,64139.21328,2026-07-10 14:32:00+00:00,64016.797679999996,3,-0.95429608300307,0.4,-1.35429608300307,-0.190859216600614,sl,False
ema_pullback,1,2026-07-10 14:39:00+00:00,64073.90675,2026-07-10 14:40:00+00:00,64128.48651,1,0.21295626710010618,0.2,0.012956267100106167,0.08518250684004247,tp1_partial,True
ema_pullback,1,2026-07-10 14:39:00+00:00,64073.90675,2026-07-10 14:50:00+00:00,63993.69999,11,-0.31294626809999504,0.2,-0.512946268099995,-0.12517850723999802,sl,False
ema_pullback,1,2026-07-10 15:02:00+00:00,63946.99406,2026-07-10 15:02:00+00:00,63993.400019999994,0,0.18142353945699297,0.2,-0.018576460543007045,0.07256941578279719,tp1_partial,True
ema_pullback,1,2026-07-10 15:02:00+00:00,63946.99406,2026-07-10 15:09:00+00:00,64052.49410999999,7,0.4124511697180533,0.2,0.21245116971805328,0.16498046788722132,tp2,False
ema_pullback,1,2026-07-10 15:16:00+00:00,64058.00516,2026-07-10 15:16:00+00:00,64134.68589,0,0.2992628704580613,0.2,0.09926287045806131,0.11970514818322453,tp1_partial,True
ema_pullback,1,2026-07-10 15:16:00+00:00,64058.00516,2026-07-10 15:41:00+00:00,63955.70379,25,-0.39925287145797794,0.2,-0.5992528714579779,-0.15970114858319118,sl,False
ema_pullback,1,2026-07-10 15:50:00+00:00,63982.99766,2026-07-10 15:50:00+00:00,63946.00476,0,-0.28908382971187807,0.4,-0.6890838297118781,-0.057816765942375614,sl,False
ema_pullback,1,2026-07-10 15:53:00+00:00,63971.29649,2026-07-10 15:53:00+00:00,63990.30033,0,0.07426705820701152,0.2,-0.1257329417929885,0.029706823282804606,tp1_partial,True
ema_pullback,1,2026-07-10 15:53:00+00:00,63971.29649,2026-07-10 16:00:00+00:00,64021.99715999999,7,0.19813835572302096,0.2,-0.0018616442769790464,0.07925534228920839,tp2,False
ema_pullback,1,2026-07-10 16:08:00+00:00,63983.79774,2026-07-10 16:08:00+00:00,63987.6006,0,0.014858683503926606,0.2,-0.1851413164960734,0.0059434734015706425,tp1_partial,True
ema_pullback,1,2026-07-10 16:08:00+00:00,63983.79774,2026-07-10 16:09:00+00:00,64004.19894,1,0.07971236750786703,0.2,-0.12028763249213298,0.03188494700314681,tp2,False
ema_pullback,1,2026-07-10 16:11:00+00:00,64024.90185,2026-07-10 16:11:00+00:00,63967.40262,0,-0.44903801754131445,0.4,-0.8490380175413145,-0.08980760350826289,sl,False
ema_pullback,1,2026-07-10 16:13:00+00:00,64028.70223,2026-07-10 16:15:00+00:00,64051.794180000004,2,0.09016249430238155,0.2,-0.10983750569761846,0.03606499772095262,tp1_partial,True
ema_pullback,1,2026-07-10 16:13:00+00:00,64028.70223,2026-07-10 16:16:00+00:00,64087.59060000001,3,0.22992957825568316,0.2,0.029929578255683154,0.09197183130227327,tp2,False
ema_pullback,1,2026-07-10 16:20:00+00:00,64076.607019999996,2026-07-10 16:20:00+00:00,64032.89607,0,-0.34108352511824647,0.4,-0.7410835251182465,-0.0682167050236493,sl,False
ema_pullback,1,2026-07-10 16:32:00+00:00,64006.199980000005,2026-07-10 16:36:00+00:00,63964.002960000005,4,-0.3296322857253009,0.4,-0.7296322857253009,-0.06592645714506018,sl,False
ema_pullback,1,2026-07-10 16:42:00+00:00,63924.3918,2026-07-10 16:43:00+00:00,63937.6056,1,0.051677456867127436,0.2,-0.14832254313287258,0.020670982746850974,tp1_partial,True
ema_pullback,1,2026-07-10 16:42:00+00:00,63924.3918,2026-07-10 16:45:00+00:00,63885.81078,3,-0.15088536204108105,0.2,-0.35088536204108106,-0.06035414481643242,sl,False
ema_pullback,1,2026-07-10 16:47:00+00:00,63944.79384,2026-07-10 16:50:00+00:00,63964.40292,3,0.07666409891421422,0.2,-0.12333590108578579,0.030665639565685687,tp1_partial,True
ema_pullback,1,2026-07-10 16:47:00+00:00,63944.79384,2026-07-10 16:51:00+00:00,63996.199740000004,4,0.20097765945037427,0.2,0.0009776594503742575,0.08039106378014971,tp2,False
ema_pullback,1,2026-07-10 16:57:00+00:00,64106.51001,2026-07-10 16:58:00+00:00,64167.5826,1,0.23816844026636197,0.2,0.03816844026636196,0.09526737610654479,tp1_partial,True
ema_pullback,1,2026-07-10 16:57:00+00:00,64106.51001,2026-07-10 17:09:00+00:00,64019.797379999996,12,-0.33815844126625083,0.2,-0.5381584412662508,-0.13526337650650033,sl,False
ema_pullback,1,2026-07-10 17:25:00+00:00,63954.194780000005,2026-07-10 17:25:00+00:00,63989.400420000005,0,0.13762052716442819,0.2,-0.062379472835571825,0.055048210865771274,tp1_partial,True
ema_pullback,1,2026-07-10 17:25:00+00:00,63954.194780000005,2026-07-10 17:32:00+00:00,63893.61,7,-0.23682879679906566,0.2,-0.43682879679906567,-0.09473151871962626,sl,False
ema_pullback,1,2026-07-10 17:45:00+00:00,63869.78634,2026-07-10 17:45:00+00:00,63843.615,0,-0.2048804411265981,0.4,-0.6048804411265981,-0.04097608822531962,sl,False
ema_pullback,1,2026-07-10 17:49:00+00:00,63877.18708,2026-07-10 17:49:00+00:00,63887.6106,0,0.04079515894672703,0.2,-0.15920484105327298,0.01631806357869081,tp1_partial,True
ema_pullback,1,2026-07-10 17:49:00+00:00,63877.18708,2026-07-10 17:50:00+00:00,63910.70829,1,0.13119398149930017,0.2,-0.06880601850069984,0.05247759259972007,tp2,False
ema_pullback,1,2026-07-10 17:53:00+00:00,63878.587219999994,2026-07-10 17:53:00+00:00,63854.913870000004,0,-0.1852995740063701,0.4,-0.5852995740063701,-0.03705991480127402,sl,False
ema_pullback,1,2026-07-10 17:56:00+00:00,63892.48861,2026-07-10 17:57:00+00:00,63844.6149,1,-0.3746427087245041,0.4,-0.7746427087245041,-0.07492854174490082,sl,False
ema_pullback,1,2026-07-10 18:01:00+00:00,63882.28759,2026-07-10 18:10:00+00:00,63941.10525000001,9,0.23017984412793124,0.2,0.030179844127931232,0.0920719376511725,tp1_partial,True
ema_pullback,1,2026-07-10 18:01:00+00:00,63882.28759,2026-07-10 18:51:00+00:00,63797.71959,50,-0.33095245642564275,0.2,-0.5309524564256427,-0.1323809825702571,sl,False
ema_pullback,1,2026-07-10 18:59:00+00:00,63798.47921,2026-07-10 19:00:00+00:00,63758.52351,1,-0.3131399094050691,0.4,-0.7131399094050691,-0.06262798188101382,sl,False
ema_pullback,1,2026-07-10 19:02:00+00:00,63808.680230000005,2026-07-10 19:05:00+00:00,63816.81768000001,3,0.03188222186489842,0.2,-0.1681177781351016,0.012752888745959368,tp1_partial,True
ema_pullback,1,2026-07-10 19:02:00+00:00,63808.680230000005,2026-07-10 19:08:00+00:00,63837.71559000001,6,0.11375944422975515,0.2,-0.08624055577024486,0.04550377769190206,tp2,False
ema_pullback,1,2026-07-10 19:25:00+00:00,63820.3814,2026-07-10 19:27:00+00:00,63848.314529999996,2,0.10942088321647114,0.2,-0.09057911678352887,0.04376835328658846,tp1_partial,True
ema_pullback,1,2026-07-10 19:25:00+00:00,63820.3814,2026-07-10 19:32:00+00:00,63889.01046,7,0.2688367669329006,0.2,0.06883676693290058,0.10753470677316024,tp2,False
ema_pullback,1,2026-07-10 19:43:00+00:00,63995.498909999995,2026-07-10 19:44:00+00:00,63957.10365,1,-0.2999840664887343,0.4,-0.6999840664887343,-0.059996813297746865,sl,False
ema_pullback,1,2026-07-10 19:52:00+00:00,63993.29869,2026-07-10 19:55:00+00:00,63937.10565,3,-0.43905409746275437,0.4,-0.8390540974627544,-0.08781081949255087,sl,False
ema_pullback,1,2026-07-10 20:17:00+00:00,63876.48701,2026-07-10 20:19:00+00:00,63794.51991,2,-0.6416061984370058,0.4,-1.0416061984370057,-0.12832123968740117,sl,False
ema_pullback,1,2026-07-10 20:22:00+00:00,63829.68233,2026-07-10 20:25:00+00:00,63683.631,3,-1.1440706319429395,0.4,-1.5440706319429394,-0.2288141263885879,sl,False
ema_pullback,1,2026-07-10 20:32:00+00:00,63746.373999999996,2026-07-10 20:32:00+00:00,63758.82348,0,0.048824267243841035,0.2,-0.15117573275615898,0.019529706897536414,tp1_partial,True
ema_pullback,1,2026-07-10 20:32:00+00:00,63746.373999999996,2026-07-10 20:34:00+00:00,63784.020959999994,2,0.14764353498758487,0.2,-0.05235646501241514,0.05905741399503395,tp2,False
ema_pullback,1,2026-07-10 20:49:00+00:00,63849.48431,2026-07-10 20:49:00+00:00,63847.81458,0,-0.006537758362679114,0.2,-0.20653775836267912,-0.0026151033450716454,tp1_partial,True
ema_pullback,1,2026-07-10 20:49:00+00:00,63849.48431,2026-07-10 20:55:00+00:00,63825.416820000006,6,-0.09423525600904537,0.2,-0.2942352560090454,-0.037694102403618146,sl,False
ema_pullback,1,2026-07-10 21:02:00+00:00,63836.182980000005,2026-07-10 21:03:00+00:00,63813.318029999995,1,-0.17909083009531868,0.4,-0.5790908300953187,-0.035818166019063735,sl,False
ema_pullback,1,2026-07-10 21:05:00+00:00,63881.98756,2026-07-10 21:13:00+00:00,63921.807179999996,8,0.15583273752478588,0.2,-0.04416726247521413,0.06233309500991435,tp1_partial,True
ema_pullback,1,2026-07-10 21:05:00+00:00,63881.98756,2026-07-10 21:24:00+00:00,63974.50190999999,19,0.36205178303627683,0.2,0.16205178303627682,0.14482071321451073,tp2,False
ema_pullback,1,2026-07-10 21:36:00+00:00,63996.69903,2026-07-10 21:37:00+00:00,64003.898969999995,1,0.028126216309265484,0.2,-0.17187378369073453,0.011250486523706194,tp1_partial,True
ema_pullback,1,2026-07-10 21:36:00+00:00,63996.69903,2026-07-10 21:38:00+00:00,64023.99696,2,0.10663803920257786,0.2,-0.09336196079742215,0.042655215681031144,tp2,False
ema_pullback,1,2026-07-10 21:42:00+00:00,64015.60092,2026-07-10 21:42:00+00:00,63998.29953,0,-0.1351341684788787,0.4,-0.5351341684788787,-0.027026833695775743,sl,False
ema_pullback,1,2026-07-10 21:45:00+00:00,64023.201680000006,2026-07-10 21:46:00+00:00,63988.10055,1,-0.27412819945688005,0.4,-0.6741281994568801,-0.05482563989137601,sl,False
ema_pullback,1,2026-07-10 21:52:00+00:00,64001.19948,2026-07-10 22:04:00+00:00,63953.604,12,-0.3718327186577053,0.4,-0.7718327186577053,-0.07436654373154106,sl,False
ema_pullback,1,2026-07-10 22:08:00+00:00,64001.49951,2026-07-10 22:09:00+00:00,64005.998759999995,1,0.017574783538032435,0.2,-0.18242521646196758,0.007029913415212974,tp1_partial,True
ema_pullback,1,2026-07-10 22:08:00+00:00,64001.49951,2026-07-10 22:14:00+00:00,64023.29702999999,6,0.08514456757602318,0.2,-0.11485543242397683,0.03405782703040927,tp2,False
ema_pullback,1,2026-07-10 22:20:00+00:00,64032.102569999995,2026-07-10 22:20:00+00:00,64008.19854,0,-0.18665660692512853,0.4,-0.5866566069251286,-0.037331321385025706,sl,False
ema_pullback,1,2026-07-10 22:25:00+00:00,64046.404,2026-07-10 22:28:00+00:00,64086.09075,3,0.15491404482287363,0.2,-0.04508595517712638,0.06196561792914945,tp1_partial,True
ema_pullback,1,2026-07-10 22:25:00+00:00,64046.404,2026-07-10 23:25:00+00:00,64138.685489999996,60,0.36021339308917044,0.2,0.16021339308917043,0.14408535723566818,tp2,False
ema_pullback,1,2026-07-10 23:33:00+00:00,64162.01556,2026-07-10 23:35:00+00:00,64163.982959999994,2,0.00766575045541007,0.2,-0.19233424954458994,0.003066300182164028,tp1_partial,True
ema_pullback,1,2026-07-10 23:33:00+00:00,64162.01556,2026-07-10 23:42:00+00:00,64134.38592,9,-0.10765575145532669,0.2,-0.3076557514553267,-0.043062300582130675,sl,False
ema_pullback,1,2026-07-10 23:45:00+00:00,64174.4168,2026-07-10 23:46:00+00:00,64121.78718,1,-0.41005140852329314,0.4,-0.8100514085232932,-0.08201028170465863,sl,False
ema_pullback,1,2026-07-10 23:56:00+00:00,64122.01156,2026-07-10 23:57:00+00:00,64122.68709,1,0.0026337679666088576,0.2,-0.19736623203339115,0.001053507186643543,tp1_partial,True
ema_pullback,1,2026-07-10 23:56:00+00:00,64122.01156,2026-07-11 00:00:00+00:00,64095.48981,4,-0.10340345442524934,0.2,-0.30340345442524935,-0.04136138177009974,sl,False
ema_pullback,1,2026-07-11 00:01:00+00:00,64143.4137,2026-07-11 00:01:00+00:00,64093.590000000004,0,-0.38837736507929543,0.4,-0.7883773650792955,-0.07767547301585909,sl,False
ema_pullback,1,2026-07-11 00:07:00+00:00,64112.81064,2026-07-11 00:08:00+00:00,64082.19114,1,-0.238793929749348,0.4,-0.638793929749348,-0.0477587859498696,sl,False
ema_pullback,1,2026-07-11 00:23:00+00:00,64044.90385,2026-07-11 00:24:00+00:00,64050.99426,1,0.02377398369690642,0.2,-0.1762260163030936,0.009509593478762568,tp1_partial,True
ema_pullback,1,2026-07-11 00:23:00+00:00,64044.90385,2026-07-11 00:27:00+00:00,64069.992360000004,4,0.09793327997947854,0.2,-0.10206672002052147,0.039173311991791415,tp2,False
ema_pullback,1,2026-07-11 00:41:00+00:00,64054.60481999999,2026-07-11 00:42:00+00:00,64060.093349999996,1,0.021421293658063778,0.2,-0.17857870634193623,0.008568517463225511,tp1_partial,True
ema_pullback,1,2026-07-11 00:41:00+00:00,64054.60481999999,2026-07-11 00:43:00+00:00,64078.39151999999,2,0.09283758781603035,0.2,-0.10716241218396966,0.03713503512641214,tp2,False
ema_pullback,1,2026-07-11 00:52:00+00:00,64096.80904,2026-07-11 01:05:00+00:00,64109.788380000005,13,0.05062397096827764,0.2,-0.14937602903172237,0.020249588387311057,tp1_partial,True
ema_pullback,1,2026-07-11 00:52:00+00:00,64096.80904,2026-07-11 01:18:00+00:00,64135.58580000001,26,0.1512429424365136,0.2,-0.04875705756348642,0.06049717697460544,tp2,False
ema_pullback,1,2026-07-11 01:26:00+00:00,64207.12007,2026-07-11 01:27:00+00:00,64172.38212,1,-0.2705147806202901,0.4,-0.6705147806202901,-0.05410295612405802,sl,False
ema_pullback,1,2026-07-11 01:29:00+00:00,64206.31999,2026-07-11 01:29:00+00:00,64202.47911,0,-0.014955225593832333,0.2,-0.21495522559383234,-0.005982090237532933,tp1_partial,True
ema_pullback,1,2026-07-11 01:29:00+00:00,64206.31999,2026-07-11 01:30:00+00:00,64184.480910000006,1,-0.08503477540605653,0.2,-0.28503477540605654,-0.03401391016242261,sl,False
ema_pullback,1,2026-07-11 01:32:00+00:00,64233.52271,2026-07-11 01:34:00+00:00,64180.881270000005,2,-0.40976609859666446,0.4,-0.8097660985966645,-0.08195321971933289,sl,False
ema_pullback,1,2026-07-11 01:48:00+00:00,64051.10447,2026-07-11 01:48:00+00:00,64057.19363999999,0,0.023766842314365544,0.2,-0.17623315768563447,0.009506736925746218,tp1_partial,True
ema_pullback,1,2026-07-11 01:48:00+00:00,64051.10447,2026-07-11 01:57:00+00:00,64019.39742,9,-0.1237568433142544,0.2,-0.3237568433142544,-0.04950273732570176,sl,False
ema_pullback,1,2026-07-11 02:04:00+00:00,64011.20048,2026-07-11 02:06:00+00:00,64015.49780999999,2,0.016783508072659714,0.2,-0.1832164919273403,0.006713403229063886,tp1_partial,True
ema_pullback,1,2026-07-11 02:04:00+00:00,64011.20048,2026-07-11 02:13:00+00:00,63981.10125,9,-0.11755454426060075,0.2,-0.31755454426060076,-0.0470218177042403,sl,False
ema_pullback,1,2026-07-11 02:16:00+00:00,64006.4,2026-07-11 02:18:00+00:00,64019.69739,2,0.051937735913887284,0.2,-0.14806226408611273,0.020775094365554914,tp1_partial,True
ema_pullback,1,2026-07-11 02:16:00+00:00,64006.4,2026-07-11 02:24:00+00:00,63967.50261,8,-0.1519277369138039,0.2,-0.3519277369138039,-0.06077109476552156,sl,False
ema_pullback,1,2026-07-11 02:29:00+00:00,64010.80044,2026-07-11 02:30:00+00:00,64005.798780000005,1,-0.019534437804308302,0.2,-0.2195344378043083,-0.007813775121723321,tp1_partial,True
ema_pullback,1,2026-07-11 02:29:00+00:00,64010.80044,2026-07-11 02:31:00+00:00,64013.598000000005,2,0.010926124891341704,0.2,-0.1890738751086583,0.004370449956536682,tp2,False
ema_pullback,1,2026-07-11 02:49:00+00:00,64122.711630000005,2026-07-11 02:53:00+00:00,64122.58710000001,4,-0.0004855144020987634,0.2,-0.20048551440209877,-0.00019420576083950536,tp1_partial,True
ema_pullback,1,2026-07-11 02:49:00+00:00,64122.711630000005,2026-07-11 03:02:00+00:00,64097.18964,13,-0.0995044865977901,0.2,-0.2995044865977901,-0.03980179463911604,sl,False
ema_pullback,1,2026-07-11 03:07:00+00:00,64117.71113,2026-07-11 03:07:00+00:00,64111.38821999999,0,-0.02465352352951089,0.2,-0.2246535235295109,-0.009861409411804356,tp1_partial,True
ema_pullback,1,2026-07-11 03:07:00+00:00,64117.71113,2026-07-11 03:08:00+00:00,64117.987559999994,1,0.001077822317396837,0.2,-0.19892217768260317,0.00043112892695873484,tp2,False
ema_pullback,1,2026-07-11 03:20:00+00:00,64161.4155,2026-07-11 04:08:00+00:00,64051.99416,48,-0.8527036003437294,0.4,-1.2527036003437293,-0.17054072006874588,sl,False
ema_pullback,1,2026-07-11 04:14:00+00:00,64086.80804,2026-07-11 04:15:00+00:00,64090.29033,1,0.013584269939859173,0.2,-0.18641573006014084,0.005433707975943669,tp1_partial,True
ema_pullback,1,2026-07-11 04:14:00+00:00,64086.80804,2026-07-11 04:17:00+00:00,64057.493610000005,3,-0.11435438468748726,0.2,-0.3143543846874873,-0.045741753874994906,sl,False
ema_pullback,1,2026-07-11 04:20:00+00:00,64105.709930000005,2026-07-11 04:33:00+00:00,64140.28533,13,0.13483744286485466,0.2,-0.06516255713514535,0.053934977145941865,tp1_partial,True
ema_pullback,1,2026-07-11 04:20:00+00:00,64105.709930000005,2026-07-11 05:37:00+00:00,64187.78058,77,0.3200598280933553,0.2,0.1200598280933553,0.12802393123734213,tp2,False
ema_pullback,1,2026-07-11 05:53:00+00:00,64144.113769999996,2026-07-11 05:54:00+00:00,64141.48520999999,1,-0.0102447436152453,0.2,-0.2102447436152453,-0.00409789744609812,tp1_partial,True
ema_pullback,1,2026-07-11 05:53:00+00:00,64144.113769999996,2026-07-11 05:58:00+00:00,64151.78417999999,5,0.029895221670295236,0.2,-0.17010477832970478,0.011958088668118094,tp2,False
ema_pullback,1,2026-07-11 06:06:00+00:00,64144.31379,2026-07-11 06:08:00+00:00,64144.684890000004,2,0.0014463480005888485,0.2,-0.19855365199941116,0.0005785392002355394,tp1_partial,True
ema_pullback,1,2026-07-11 06:06:00+00:00,64144.31379,2026-07-11 06:10:00+00:00,64157.88357000001,4,0.05288769650119152,0.2,-0.1471123034988085,0.021155078600476607,tp2,False
ema_pullback,1,2026-07-11 06:16:00+00:00,64171.616519999996,2026-07-11 06:19:00+00:00,64174.781879999995,3,0.012331620160344059,0.2,-0.18766837983965595,0.004932648064137624,tp1_partial,True
ema_pullback,1,2026-07-11 06:16:00+00:00,64171.616519999996,2026-07-11 06:20:00+00:00,64190.78028,4,0.07465824082064643,0.2,-0.12534175917935358,0.02986329632825857,tp2,False
ema_pullback,1,2026-07-11 06:28:00+00:00,64210.020359999995,2026-07-11 06:33:00+00:00,64215.5778,5,0.02163774426811038,0.2,-0.17836225573188963,0.008655097707244153,tp1_partial,True
ema_pullback,1,2026-07-11 06:28:00+00:00,64210.020359999995,2026-07-11 06:43:00+00:00,64178.5815,15,-0.12240636205895772,0.2,-0.32240636205895773,-0.04896254482358309,sl,False
ema_pullback,1,2026-07-11 06:48:00+00:00,64213.4207,2026-07-11 06:49:00+00:00,64184.480910000006,1,-0.22534066620744087,0.4,-0.6253406662074409,-0.04506813324148817,sl,False
ema_pullback,1,2026-07-11 06:55:00+00:00,64207.020059999995,2026-07-11 07:06:00+00:00,64163.38302,11,-0.33981517877029743,0.4,-0.7398151787702975,-0.06796303575405949,sl,False
ema_pullback,1,2026-07-11 07:10:00+00:00,64177.317090000004,2026-07-11 07:26:00+00:00,64193.58000000001,16,0.06335147189623358,0.2,-0.13664852810376643,0.025340588758493432,tp1_partial,True
ema_pullback,1,2026-07-11 07:10:00+00:00,64177.317090000004,2026-07-11 07:45:00+00:00,64135.18584,35,-0.16412048645209065,0.2,-0.36412048645209066,-0.06564819458083626,sl,False
ema_pullback,1,2026-07-11 07:58:00+00:00,64139.61332,2026-07-11 07:58:00+00:00,64133.18603999999,0,-0.025051912801277165,0.2,-0.22505191280127718,-0.010020765120510866,tp1_partial,True
ema_pullback,1,2026-07-11 07:58:00+00:00,64139.61332,2026-07-11 08:02:00+00:00,64120.38732,4,-0.0749380881986117,0.2,-0.2749380881986117,-0.02997523527944468,sl,False
ema_pullback,1,2026-07-11 08:04:00+00:00,64143.51371,2026-07-11 08:08:00+00:00,64144.68489,4,0.004564686015229302,0.2,-0.1954353139847707,0.001825874406091721,tp1_partial,True
ema_pullback,1,2026-07-11 08:04:00+00:00,64143.51371,2026-07-11 08:10:00+00:00,64158.683489999996,6,0.05912437253041691,0.2,-0.1408756274695831,0.023649749012166765,tp2,False
ema_pullback,1,2026-07-11 08:11:00+00:00,64220.22138,2026-07-11 08:40:00+00:00,64269.17244000001,29,0.19055937112999466,0.2,-0.009440628870005352,0.07622374845199786,tp1_partial,True
ema_pullback,1,2026-07-11 08:11:00+00:00,64220.22138,2026-07-11 09:45:00+00:00,64145.784779999994,94,-0.2897708790178255,0.2,-0.4897708790178255,-0.1159083516071302,sl,False
ema_pullback,1,2026-07-11 09:56:00+00:00,64159.61532,2026-07-11 09:58:00+00:00,64126.5867,2,-0.2573941554610548,0.4,-0.6573941554610548,-0.051478831092210964,sl,False
ema_pullback,1,2026-07-11 10:03:00+00:00,64152.31459,2026-07-11 10:13:00+00:00,64154.08395,10,0.0068951526195903945,0.2,-0.19310484738040962,0.002758061047836158,tp1_partial,True
ema_pullback,1,2026-07-11 10:03:00+00:00,64152.31459,2026-07-11 10:14:00+00:00,64168.582500000004,11,0.06339564715618362,0.2,-0.1366043528438164,0.02535825886247345,tp2,False
ema_pullback,1,2026-07-11 10:24:00+00:00,64150.4144,2026-07-11 10:25:00+00:00,64147.5846,1,-0.011027987996903299,0.2,-0.2110279879969033,-0.00441119519876132,tp1_partial,True
ema_pullback,1,2026-07-11 10:24:00+00:00,64150.4144,2026-07-11 10:26:00+00:00,64127.5866,2,-0.08896201300298556,0.2,-0.2889620130029856,-0.035584805201194225,sl,False
ema_pullback,1,2026-07-11 10:30:00+00:00,64165.61592,2026-07-11 10:31:00+00:00,64130.68629,1,-0.272183392142189,0.4,-0.672183392142189,-0.0544366784284378,sl,False
ema_pullback,1,2026-07-11 10:35:00+00:00,64149.81434,2026-07-11 10:38:00+00:00,64123.78698,3,-0.20286387628537517,0.4,-0.6028638762853752,-0.04057277525707503,sl,False
ema_pullback,1,2026-07-11 10:43:00+00:00,64145.113869999994,2026-07-11 10:43:00+00:00,64143.48501,0,-0.00634834012180896,0.2,-0.20634834012180897,-0.002539336048723584,tp1_partial,True
ema_pullback,1,2026-07-11 10:43:00+00:00,64145.113869999994,2026-07-11 10:44:00+00:00,64121.087250000004,1,-0.09364166087802439,0.2,-0.2936416608780244,-0.037456664351209756,sl,False
ema_pullback,1,2026-07-11 10:46:00+00:00,64144.4138,2026-07-11 10:47:00+00:00,64153.983960000005,1,0.037299272972690645,0.2,-0.16270072702730937,0.014919709189076258,tp1_partial,True
ema_pullback,1,2026-07-11 10:46:00+00:00,64144.4138,2026-07-11 11:06:00+00:00,64176.381720000005,20,0.1245935464453396,0.2,-0.07540645355466041,0.04983741857813584,tp2,False
ema_pullback,1,2026-07-11 11:10:00+00:00,64175.816940000004,2026-07-11 11:12:00+00:00,64172.28213,2,-0.013770023384790386,0.2,-0.2137700233847904,-0.0055080093539161545,tp1_partial,True
ema_pullback,1,2026-07-11 11:10:00+00:00,64175.816940000004,2026-07-11 11:14:00+00:00,64181.48121,4,0.022065437847440528,0.2,-0.17793456215255948,0.008826175138976211,tp2,False
ema_pullback,1,2026-07-11 11:15:00+00:00,64196.61902,2026-07-11 11:15:00+00:00,64157.08365,0,-0.3079240823233853,0.4,-0.7079240823233853,-0.06158481646467706,sl,False
ema_pullback,1,2026-07-11 11:23:00+00:00,64164.61582,2026-07-11 11:24:00+00:00,64144.5849,1,-0.15609007974259903,0.4,-0.556090079742599,-0.031218015948519806,sl,False
ema_pullback,1,2026-07-11 11:26:00+00:00,64164.4158,2026-07-11 11:35:00+00:00,64161.48321,9,-0.011426076133635998,0.2,-0.211426076133636,-0.004570430453454399,tp1_partial,True
ema_pullback,1,2026-07-11 11:26:00+00:00,64164.4158,2026-07-11 11:36:00+00:00,64171.28222999999,10,0.02675326313805737,0.2,-0.17324673686194264,0.010701305255222948,tp2,False
ema_pullback,1,2026-07-11 11:39:00+00:00,64174.716830000005,2026-07-11 11:39:00+00:00,64156.18374,0,-0.1443955728632207,0.4,-0.5443955728632207,-0.028879114572644138,sl,False
ema_pullback,1,2026-07-11 11:43:00+00:00,64175.4169,2026-07-11 11:44:00+00:00,64154.98386,1,-0.15919678427517292,0.4,-0.5591967842751729,-0.031839356855034584,sl,False
ema_pullback,1,2026-07-11 11:47:00+00:00,64175.11687,2026-07-11 11:49:00+00:00,64168.882470000004,2,-0.024286671782086655,0.2,-0.22428667178208667,-0.009714668712834662,tp1_partial,True
ema_pullback,1,2026-07-11 11:47:00+00:00,64175.11687,2026-07-11 11:51:00+00:00,64155.88377,4,-0.07492428895361503,0.2,-0.27492428895361504,-0.02996971558144601,sl,False
ema_pullback,1,2026-07-11 11:55:00+00:00,64174.31679,2026-07-11 11:57:00+00:00,64170.18234000001,2,-0.016106326513443125,0.2,-0.21610632651344314,-0.00644253060537725,tp1_partial,True
ema_pullback,1,2026-07-11 11:55:00+00:00,64174.31679,2026-07-11 12:04:00+00:00,64178.88147000001,9,0.017782347473016547,0.2,-0.18221765252698346,0.007112938989206619,tp2,False
ema_pullback,1,2026-07-11 12:10:00+00:00,64184.31779,2026-07-11 12:20:00+00:00,64140.5853,10,-0.34067893455758114,0.4,-0.7406789345575812,-0.06813578691151623,sl,False
ema_pullback,1,2026-07-11 12:26:00+00:00,64171.51651,2026-07-11 12:30:00+00:00,64142.585100000004,4,-0.22542252056245715,0.4,-0.6254225205624572,-0.04508450411249143,sl,False
ema_pullback,1,2026-07-11 12:38:00+00:00,64142.113569999994,2026-07-11 12:39:00+00:00,64125.38682000001,1,-0.1303882041689408,0.4,-0.5303882041689408,-0.026077640833788163,sl,False
ema_pullback,1,2026-07-11 12:47:00+00:00,64135.61292,2026-07-11 12:48:00+00:00,64133.68598999999,1,-0.007511154537537257,0.2,-0.20751115453753727,-0.0030044618150149027,tp1_partial,True
ema_pullback,1,2026-07-11 12:47:00+00:00,64135.61292,2026-07-11 12:51:00+00:00,64144.58489999999,4,0.034972691424883795,0.2,-0.16502730857511622,0.013989076569953518,tp2,False
ema_pullback,1,2026-07-11 13:03:00+00:00,64173.31669,2026-07-11 13:04:00+00:00,64151.38422000001,1,-0.17088465371006833,0.4,-0.5708846537100684,-0.03417693074201367,sl,False
ema_pullback,1,2026-07-11 13:08:00+00:00,64175.21688,2026-07-11 13:09:00+00:00,64175.48181000001,1,0.00103205728352318,0.2,-0.19896794271647683,0.000412822913409272,tp1_partial,True
ema_pullback,1,2026-07-11 13:08:00+00:00,64175.21688,2026-07-11 13:10:00+00:00,64149.28443,2,-0.10102205828338429,0.2,-0.3010220582833843,-0.040408823313353714,sl,False
ema_pullback,1,2026-07-11 13:14:00+00:00,64164.31579,2026-07-11 13:14:00+00:00,64161.98316,0,-0.009088501806947535,0.2,-0.20908850180694755,-0.003635400722779014,tp1_partial,True
ema_pullback,1,2026-07-11 13:14:00+00:00,64164.31579,2026-07-11 13:15:00+00:00,64140.98526,1,-0.09090149919294133,0.2,-0.29090149919294134,-0.03636059967717653,sl,False
ema_pullback,1,2026-07-11 13:19:00+00:00,64159.215280000004,2026-07-11 13:19:00+00:00,64154.58389999999,0,-0.018046433313601007,0.2,-0.21804643331360102,-0.007218573325440403,tp1_partial,True
ema_pullback,1,2026-07-11 13:19:00+00:00,64159.215280000004,2026-07-11 13:20:00+00:00,64162.88306999999,1,0.014291750545791793,0.2,-0.18570824945420822,0.005716700218316717,tp2,False
ema_pullback,1,2026-07-11 13:26:00+00:00,64185.4179,2026-07-11 13:29:00+00:00,64181.781180000005,3,-0.01416489959471523,0.2,-0.21416489959471524,-0.005665959837886092,tp1_partial,True
ema_pullback,1,2026-07-11 13:26:00+00:00,64185.4179,2026-07-11 13:32:00+00:00,64191.080250000006,6,0.022054658929016036,0.2,-0.17794534107098398,0.008821863571606414,tp2,False
ema_pullback,1,2026-07-11 13:33:00+00:00,64235.72293,2026-07-11 13:35:00+00:00,64178.08155,2,-0.4486707502522891,0.4,-0.8486707502522891,-0.08973415005045782,sl,False
ema_pullback,1,2026-07-11 13:37:00+00:00,64207.72013,2026-07-11 13:46:00+00:00,64228.17653999999,9,0.07964933951309927,0.2,-0.12035066048690074,0.03185973580523971,tp1_partial,True
ema_pullback,1,2026-07-11 13:37:00+00:00,64207.72013,2026-07-11 14:19:00+00:00,64261.573199999984,42,0.2096830018685769,0.2,0.009683001868576901,0.08387320074743077,tp2,False
ema_pullback,1,2026-07-11 14:22:00+00:00,64270.52641,2026-07-11 14:24:00+00:00,64271.97216,2,0.005623689740663629,0.2,-0.19437631025933638,0.0022494758962654515,tp1_partial,True
ema_pullback,1,2026-07-11 14:22:00+00:00,64270.52641,2026-07-11 14:25:00+00:00,64286.27072999999,3,0.061242379981285566,0.2,-0.13875762001871444,0.024496951992514227,tp2,False
ema_pullback,1,2026-07-11 14:42:00+00:00,64426.24198,2026-07-11 14:42:00+00:00,64393.56,0,-0.25363872698136447,0.4,-0.6536387269813645,-0.050727745396272894,sl,False
ema_pullback,1,2026-07-11 14:54:00+00:00,64371.436499999996,2026-07-11 14:58:00+00:00,64332.76608,4,-0.3003694037493898,0.4,-0.7003694037493898,-0.06007388074987796,sl,False
ema_pullback,1,2026-07-11 15:04:00+00:00,64361.83554,2026-07-11 15:07:00+00:00,64323.567,3,-0.29729217383966944,0.4,-0.6972921738396695,-0.05945843476793389,sl,False
ema_pullback,1,2026-07-11 15:10:00+00:00,64358.535209999995,2026-07-11 15:10:00+00:00,64366.06275,0,0.029240643744599115,0.2,-0.1707593562554009,0.011696257497839646,tp1_partial,True
ema_pullback,1,2026-07-11 15:10:00+00:00,64358.535209999995,2026-07-11 15:11:00+00:00,64386.46071,1,0.10847628798915654,0.2,-0.09152371201084347,0.043390515195662616,tp2,False
ema_pullback,1,2026-07-11 15:21:00+00:00,64411.34049,2026-07-11 15:21:00+00:00,64414.35792,0,0.011711563433713934,0.2,-0.18828843656628608,0.004684625373485574,tp1_partial,True
ema_pullback,1,2026-07-11 15:21:00+00:00,64411.34049,2026-07-11 15:24:00+00:00,64430.15634000001,3,0.0730300357703606,0.2,-0.1269699642296394,0.02921201430814424,tp2,False
ema_pullback,1,2026-07-11 15:25:00+00:00,64450.74443,2026-07-11 15:30:00+00:00,64388.5605,5,-0.4824143658072044,0.4,-0.8824143658072044,-0.09648287316144089,sl,False
ema_pullback,1,2026-07-11 15:34:00+00:00,64422.04156,2026-07-11 15:35:00+00:00,64391.26023,1,-0.23890371412188527,0.4,-0.6389037141218853,-0.047780742824377054,sl,False
ema_pullback,1,2026-07-11 15:53:00+00:00,64060.20538,2026-07-11 15:53:00+00:00,64083.99096000001,0,0.09282510046182413,0.2,-0.10717489953817588,0.03713004018472965,tp1_partial,True
ema_pullback,1,2026-07-11 15:53:00+00:00,64060.20538,2026-07-11 15:55:00+00:00,64120.587300000014,2,0.23564520142355105,0.2,0.03564520142355104,0.09425808056942042,tp2,False
ema_pullback,1,2026-07-11 16:02:00+00:00,64166.416,2026-07-11 16:03:00+00:00,64108.788479999996,1,-0.4490473645902271,0.4,-0.8490473645902271,-0.08980947291804542,sl,False
ema_pullback,1,2026-07-11 16:11:00+00:00,64115.31089,2026-07-11 16:14:00+00:00,64147.88457,3,0.12701209565951777,0.2,-0.07298790434048225,0.050804838263807106,tp1_partial,True
ema_pullback,1,2026-07-11 16:11:00+00:00,64115.31089,2026-07-11 16:24:00+00:00,64193.28003,13,0.30401919181899384,0.2,0.10401919181899383,0.12160767672759754,tp2,False
ema_pullback,1,2026-07-11 16:31:00+00:00,64197.21908,2026-07-11 16:32:00+00:00,64196.17974000001,1,-0.004047449464666952,0.2,-0.20404744946466696,-0.001618979785866781,tp1_partial,True
ema_pullback,1,2026-07-11 16:31:00+00:00,64197.21908,2026-07-11 16:34:00+00:00,64207.97856000001,3,0.041900101570624404,0.2,-0.1580998984293756,0.01676004062824976,tp2,False
ema_pullback,1,2026-07-11 16:49:00+00:00,64146.01396,2026-07-11 16:55:00+00:00,64079.29143,6,-0.5200832123536392,0.4,-0.9200832123536392,-0.10401664247072784,sl,False
ema_pullback,1,2026-07-11 16:57:00+00:00,64144.51381,2026-07-11 17:06:00+00:00,64188.08054999999,9,0.1697991668042076,0.2,-0.03020083319579242,0.06791966672168304,tp1_partial,True
ema_pullback,1,2026-07-11 16:57:00+00:00,64144.51381,2026-07-11 17:26:00+00:00,64244.37491999999,29,0.3892036281379907,0.2,0.1892036281379907,0.15568145125519628,tp2,False
ema_pullback,1,2026-07-11 17:39:00+00:00,64344.633819999995,2026-07-11 17:40:00+00:00,64353.36401999999,1,0.03391968949739699,0.2,-0.16608031050260302,0.013567875798958795,tp1_partial,True
ema_pullback,1,2026-07-11 17:39:00+00:00,64344.633819999995,2026-07-11 17:41:00+00:00,64309.96836,2,-0.13468667836766257,0.2,-0.3346866783676626,-0.05387467134706503,sl,False
ema_pullback,1,2026-07-11 17:44:00+00:00,64329.63232,2026-07-11 17:44:00+00:00,64332.66609,0,0.011789939918016579,0.2,-0.18821006008198343,0.0047159759672066315,tp1_partial,True
ema_pullback,1,2026-07-11 17:44:00+00:00,64329.63232,2026-07-11 17:45:00+00:00,64348.66449,1,0.07396346486693295,0.2,-0.12603653513306706,0.02958538594677318,tp2,False
ema_pullback,1,2026-07-11 18:06:00+00:00,64318.731230000005,2026-07-11 18:07:00+00:00,64271.67219,1,-0.3658268680061805,0.4,-0.7658268680061805,-0.0731653736012361,sl,False
ema_pullback,1,2026-07-11 18:10:00+00:00,64290.4284,2026-07-11 18:14:00+00:00,64288.77048,4,-0.006446993904285492,0.2,-0.2064469939042855,-0.0025787975617141967,tp1_partial,True
ema_pullback,1,2026-07-11 18:10:00+00:00,64290.4284,2026-07-11 18:16:00+00:00,64299.969359999996,6,0.037101012691331814,0.2,-0.1628989873086682,0.014840405076532726,tp2,False
ema_pullback,1,2026-07-11 18:22:00+00:00,64341.83354,2026-07-11 18:29:00+00:00,64300.86927,7,-0.31833309486378747,0.4,-0.7183330948637875,-0.0636666189727575,sl,False
ema_pullback,1,2026-07-11 18:33:00+00:00,64335.83294,2026-07-11 18:33:00+00:00,64313.568,0,-0.17303685195746432,0.4,-0.5730368519574643,-0.034607370391492864,sl,False
ema_pullback,1,2026-07-11 18:35:00+00:00,64336.433,2026-07-11 18:36:00+00:00,64313.06805,1,-0.18158412667979018,0.4,-0.5815841266797902,-0.036316825335958036,sl,False
ema_pullback,1,2026-07-11 18:43:00+00:00,64318.03116,2026-07-11 18:43:00+00:00,64323.36702,0,0.02074014045427841,0.2,-0.1792598595457216,0.008296056181711364,tp1_partial,True
ema_pullback,1,2026-07-11 18:43:00+00:00,64318.03116,2026-07-11 18:47:00+00:00,64286.97066,4,-0.12073014145416727,0.2,-0.3207301414541673,-0.04829205658166691,sl,False
ema_pullback,1,2026-07-11 18:48:00+00:00,64318.33119,2026-07-11 18:48:00+00:00,64284.870870000006,0,-0.2601149577493578,0.4,-0.6601149577493578,-0.052022991549871556,sl,False
ema_pullback,1,2026-07-11 18:57:00+00:00,64292.728630000005,2026-07-11 18:58:00+00:00,64288.87047,1,-0.015002318622253652,0.2,-0.21500231862225366,-0.006000927448901461,tp1_partial,True
ema_pullback,1,2026-07-11 18:57:00+00:00,64292.728630000005,2026-07-11 19:03:00+00:00,64270.87227000001,6,-0.08498768237766297,0.2,-0.284987682377663,-0.033995072951065186,sl,False
ema_pullback,1,2026-07-11 19:10:00+00:00,64286.92805,2026-07-11 19:10:00+00:00,64278.771479999996,0,-0.03171939555760006,0.2,-0.23171939555760007,-0.012687758223040024,tp1_partial,True
ema_pullback,1,2026-07-11 19:10:00+00:00,64286.92805,2026-07-11 19:11:00+00:00,64269.37242000001,1,-0.0682706054422888,0.2,-0.2682706054422888,-0.02730824217691552,sl,False
ema_pullback,1,2026-07-11 19:13:00+00:00,64294.02876,2026-07-11 19:13:00+00:00,64274.07195,0,-0.15519956040160876,0.4,-0.5551995604016088,-0.031039912080321752,sl,False
ema_pullback,1,2026-07-11 19:15:00+00:00,64296.22898,2026-07-11 19:27:00+00:00,64257.5736,12,-0.30060378822543976,0.4,-0.7006037882254398,-0.06012075764508795,sl,False
ema_pullback,1,2026-07-11 19:37:00+00:00,64263.4257,2026-07-11 19:39:00+00:00,64220.47731,2,-0.33415889000759647,0.4,-0.7341588900075965,-0.06683177800151929,sl,False
ema_pullback,1,2026-07-11 19:41:00+00:00,64247.72413,2026-07-11 19:45:00+00:00,64247.87457000001,4,0.0005853903855546072,0.2,-0.1994146096144454,0.00023415615422184288,tp1_partial,True
ema_pullback,1,2026-07-11 19:41:00+00:00,64247.72413,2026-07-11 19:46:00+00:00,64260.873270000004,5,0.05116578127106752,0.2,-0.1488342187289325,0.02046631250842701,tp2,False
ema_pullback,1,2026-07-11 19:53:00+00:00,64256.22498,2026-07-11 19:55:00+00:00,64254.673890000005,2,-0.006034784958475203,0.2,-0.20603478495847521,-0.0024139139833900813,tp1_partial,True
ema_pullback,1,2026-07-11 19:53:00+00:00,64256.22498,2026-07-11 20:03:00+00:00,64265.97276000001,10,0.03792543058295239,0.2,-0.16207456941704762,0.015170172233180956,tp2,False
ema_pullback,1,2026-07-11 20:09:00+00:00,64277.127069999995,2026-07-11 20:09:00+00:00,64261.5732,0,-0.12099070625121167,0.4,-0.5209907062512117,-0.024198141250242333,sl,False
ema_pullback,1,2026-07-11 20:10:00+00:00,64290.628419999994,2026-07-11 20:13:00+00:00,64293.969959999995,3,0.01299388449810257,0.2,-0.18700611550189744,0.005197553799241028,tp1_partial,True
ema_pullback,1,2026-07-11 20:10:00+00:00,64290.628419999994,2026-07-11 20:14:00+00:00,64310.16833999999,4,0.07598276949616345,0.2,-0.12401723050383656,0.03039310779846538,tp2,False
ema_pullback,1,2026-07-11 20:26:00+00:00,64325.93195,2026-07-11 20:33:00+00:00,64322.86707,7,-0.011911525830604619,0.2,-0.21191152583060463,-0.004764610332241848,tp1_partial,True
ema_pullback,1,2026-07-11 20:26:00+00:00,64325.93195,2026-07-11 20:34:00+00:00,64332.26613,8,0.024617521301228962,0.2,-0.17538247869877105,0.009847008520491585,tp2,False
ema_pullback,1,2026-07-11 20:37:00+00:00,64338.83324,2026-07-11 20:38:00+00:00,64320.16734,1,-0.1450593604205852,0.4,-0.5450593604205852,-0.02901187208411704,sl,False
ema_pullback,1,2026-07-11 20:40:00+00:00,64346.233980000005,2026-07-11 20:40:00+00:00,64356.36372,0,0.03935638254737306,0.2,-0.16064361745262695,0.015742553018949224,tp1_partial,True
ema_pullback,1,2026-07-11 20:40:00+00:00,64346.233980000005,2026-07-11 20:41:00+00:00,64379.261430000006,1,0.1283192813205658,0.2,-0.07168071867943421,0.05132771252822632,tp2,False
ema_pullback,1,2026-07-11 21:01:00+00:00,64385.53791,2026-07-11 21:13:00+00:00,64346.76468,12,-0.3011020118695029,0.4,-0.7011020118695029,-0.06022040237390058,sl,False
ema_pullback,1,2026-07-11 21:18:00+00:00,64367.83614,2026-07-11 21:18:00+00:00,64340.66529,0,-0.21105921551334283,0.4,-0.6110592155133429,-0.04221184310266857,sl,False
ema_pullback,1,2026-07-11 21:20:00+00:00,64363.03566,2026-07-11 21:27:00+00:00,64334.46591,7,-0.22194221968430128,0.4,-0.6219422196843013,-0.044388443936860256,sl,False
ema_pullback,1,2026-07-11 21:32:00+00:00,64349.03426,2026-07-11 21:33:00+00:00,64319.66739,1,-0.2281842325818073,0.4,-0.6281842325818073,-0.04563684651636146,sl,False
ema_pullback,1,2026-07-11 21:42:00+00:00,64340.73343,2026-07-11 21:43:00+00:00,64314.76788,1,-0.2017815823334712,0.4,-0.6017815823334712,-0.04035631646669424,sl,False
ema_pullback,1,2026-07-11 21:47:00+00:00,64343.73373,2026-07-11 21:47:00+00:00,64339.06545000001,0,-0.018138052182287145,0.2,-0.21813805218228716,-0.007255220872914858,tp1_partial,True
ema_pullback,1,2026-07-11 21:47:00+00:00,64343.73373,2026-07-11 21:48:00+00:00,64347.26463000001,1,0.013718896135384018,0.2,-0.186281103864616,0.005487558454153607,tp2,False
ema_pullback,1,2026-07-11 21:51:00+00:00,64364.53581,2026-07-11 21:52:00+00:00,64330.46631,1,-0.264660496430591,0.4,-0.664660496430591,-0.052932099286118195,sl,False
ema_pullback,1,2026-07-11 22:00:00+00:00,64331.93255,2026-07-11 22:00:00+00:00,64315.06785,0,-0.1310756519469769,0.4,-0.5310756519469769,-0.02621513038939538,sl,False
ema_pullback,1,2026-07-11 22:03:00+00:00,64346.434,2026-07-11 22:03:00+00:00,64310.5683,0,-0.278692211599485,0.4,-0.678692211599485,-0.055738442319897,sl,False
ema_pullback,1,2026-07-11 22:05:00+00:00,64335.23288,2026-07-11 22:05:00+00:00,64303.569,0,-0.24608506554302245,0.4,-0.6460850655430225,-0.04921701310860449,sl,False
ema_pullback,1,2026-07-11 22:08:00+00:00,64326.03196,2026-07-11 22:08:00+00:00,64320.267329999995,0,-0.022403954605759724,0.2,-0.22240395460575973,-0.00896158184230389,tp1_partial,True
ema_pullback,1,2026-07-11 22:08:00+00:00,64326.03196,2026-07-11 22:09:00+00:00,64327.36661999999,1,0.005187091288438861,0.2,-0.19481290871156115,0.0020748365153755444,tp2,False
ema_pullback,1,2026-07-11 22:10:00+00:00,64356.435,2026-07-11 22:10:00+00:00,64368.06255,0,0.04516856006708814,0.2,-0.15483143993291187,0.018067424026835255,tp1_partial,True
ema_pullback,1,2026-07-11 22:10:00+00:00,64356.435,2026-07-11 22:11:00+00:00,64392.66009,1,0.14072054333030826,0.2,-0.059279456669691755,0.0562882173321233,tp2,False
ema_pullback,1,2026-07-11 22:26:00+00:00,64283.72773,2026-07-11 22:28:00+00:00,64246.37472000001,2,-0.2905323891364553,0.4,-0.6905323891364553,-0.05810647782729106,sl,False
ema_pullback,1,2026-07-11 22:29:00+00:00,64279.72733,2026-07-11 22:29:00+00:00,64246.37472000001,0,-0.25943335002626133,0.4,-0.6594333500262614,-0.05188667000525227,sl,False
ema_pullback,1,2026-07-11 22:32:00+00:00,64269.626319999996,2026-07-11 22:34:00+00:00,64267.97256000001,2,-0.006432898768365947,0.2,-0.20643289876836596,-0.0025731595073463787,tp1_partial,True
ema_pullback,1,2026-07-11 22:32:00+00:00,64269.626319999996,2026-07-11 22:35:00+00:00,64245.77478,3,-0.0927792075577083,0.2,-0.2927792075577083,-0.03711168302308332,sl,False
ema_pullback,1,2026-07-11 22:57:00+00:00,64156.515009999996,2026-07-11 22:57:00+00:00,64149.28443,0,-0.028175548496017777,0.2,-0.2281755484960178,-0.01127021939840711,tp1_partial,True
ema_pullback,1,2026-07-11 22:57:00+00:00,64156.515009999996,2026-07-11 22:58:00+00:00,64154.783879999995,1,-0.006745729563606417,0.2,-0.20674572956360643,-0.002698291825442567,tp2,False
ema_pullback,1,2026-07-11 23:02:00+00:00,64178.11717,2026-07-11 23:02:00+00:00,64175.78178,0,-0.009097298670407428,0.2,-0.20909729867040744,-0.003638919468162971,tp1_partial,True
ema_pullback,1,2026-07-11 23:02:00+00:00,64178.11717,2026-07-11 23:03:00+00:00,64186.28073,1,0.03180040315914345,0.2,-0.16819959684085656,0.012720161263657381,tp2,False
ema_pullback,1,2026-07-11 23:16:00+00:00,64125.51191,2026-07-11 23:16:00+00:00,64130.68628999999,0,0.02017286040245647,0.2,-0.17982713959754354,0.008069144160982589,tp1_partial,True
ema_pullback,1,2026-07-11 23:16:00+00:00,64125.51191,2026-07-11 23:18:00+00:00,64148.58449999998,2,0.08995089985541771,0.2,-0.1100491001445823,0.035980359942167084,tp2,False
ema_pullback,-1,2026-07-11 23:30:00+00:00,63895.30983,2026-07-11 23:30:00+00:00,63889.588319999995,0,0.02238626753367501,0.2,-0.177613732466325,0.008954507013470003,tp1_partial,True
ema_pullback,-1,2026-07-11 23:30:00+00:00,63895.30983,2026-07-11 23:31:00+00:00,63926.392,1,-0.12161366023066833,0.2,-0.32161366023066834,-0.04864546409226733,sl,False
ema_pullback,-1,2026-07-11 23:32:00+00:00,63862.91307,2026-07-11 23:33:00+00:00,63822.581620000004,1,0.15788290911419867,0.2,-0.042117090885801345,0.06315316364567947,tp1_partial,True
ema_pullback,-1,2026-07-11 23:32:00+00:00,63862.91307,2026-07-11 23:43:00+00:00,63928.99226,11,-0.2586759154236118,0.2,-0.4586759154236118,-0.10347036616944472,sl,False
ema_pullback,-1,2026-07-11 23:53:00+00:00,63926.606700000004,2026-07-11 23:53:00+00:00,63922.29159,0,0.016875250473780135,0.2,-0.18312474952621988,0.006750100189512054,tp1_partial,True
ema_pullback,-1,2026-07-11 23:53:00+00:00,63926.606700000004,2026-07-11 23:54:00+00:00,63905.189880000005,1,0.08375550144756883,0.2,-0.11624449855243119,0.03350220057902753,tp2,False
ema_pullback,-1,2026-07-12 00:04:00+00:00,63837.51561,2026-07-12 00:05:00+00:00,63817.18108,1,0.07963393392465545,0.2,-0.12036606607534456,0.03185357356986218,tp1_partial,True
ema_pullback,-1,2026-07-12 00:04:00+00:00,63837.51561,2026-07-12 00:07:00+00:00,63784.177780000005,3,0.20888120993717285,0.2,0.00888120993717284,0.08355248397486914,tp2,False
ema_pullback,-1,2026-07-12 00:08:00+00:00,63781.121250000004,2026-07-12 00:13:00+00:00,63849.584319999994,5,-0.5367032490040113,0.4,-0.9367032490040114,-0.10734064980080227,sl,False
ema_pullback,-1,2026-07-12 00:15:00+00:00,63756.623700000004,2026-07-12 00:16:00+00:00,63845.183880000004,1,-0.6945174858750125,0.4,-1.0945174858750124,-0.1389034971750025,sl,False
ema_pullback,-1,2026-07-12 00:18:00+00:00,63801.01926,2026-07-12 00:18:00+00:00,63797.379100000006,0,0.014263721967999743,0.2,-0.18573627803200027,0.005705488787199897,tp1_partial,True
ema_pullback,-1,2026-07-12 00:18:00+00:00,63801.01926,2026-07-12 00:19:00+00:00,63829.982359999995,1,-0.11348995805993134,0.2,-0.31348995805993135,-0.045395983223972536,sl,False
ema_pullback,-1,2026-07-12 00:25:00+00:00,63808.018560000004,2026-07-12 00:30:00+00:00,63756.87505,5,0.20038041908443383,0.2,0.000380419084433814,0.08015216763377353,tp1_partial,True
ema_pullback,-1,2026-07-12 00:25:00+00:00,63808.018560000004,2026-07-12 00:31:00+00:00,63692.96866,6,0.4507658386689317,0.2,0.2507658386689317,0.1803063354675727,tp2,False
ema_pullback,-1,2026-07-12 00:35:00+00:00,63773.622,2026-07-12 00:37:00+00:00,63761.175480000005,2,0.04879180298084096,0.2,-0.15120819701915905,0.019516721192336384,tp1_partial,True
ema_pullback,-1,2026-07-12 00:35:00+00:00,63773.622,2026-07-12 00:39:00+00:00,63735.97296000001,4,0.14758860646177374,0.2,-0.05241139353822627,0.0590354425847095,tp2,False
ema_pullback,-1,2026-07-12 00:40:00+00:00,63713.72799,2026-07-12 00:45:00+00:00,63795.07887,5,-0.638409355145253,0.4,-1.038409355145253,-0.1276818710290506,sl,False
ema_pullback,-1,2026-07-12 00:50:00+00:00,63749.92437,2026-07-12 00:54:00+00:00,63816.381,4,-0.5212290889499149,0.4,-0.921229088949915,-0.10424581778998299,sl,False
ema_pullback,-1,2026-07-12 01:00:00+00:00,63796.51971,2026-07-12 01:00:00+00:00,63814.88085,0,-0.14390393146412883,0.4,-0.5439039314641289,-0.028780786292825766,sl,False
ema_pullback,-1,2026-07-12 01:15:00+00:00,63885.310829999995,2026-07-12 01:15:00+00:00,63911.090469999996,0,-0.20176500407587117,0.4,-0.6017650040758712,-0.040353000815174234,sl,False
ema_pullback,-1,2026-07-12 01:18:00+00:00,63897.70959,2026-07-12 01:19:00+00:00,63961.3955,1,-0.49834266680792716,0.4,-0.8983426668079272,-0.09966853336158543,sl,False
ema_pullback,-1,2026-07-12 01:25:00+00:00,63923.307029999996,2026-07-12 01:32:00+00:00,63975.596919999996,7,-0.40900488749318065,0.4,-0.8090048874931807,-0.08180097749863613,sl,False
ema_pullback,1,2026-07-12 01:50:00+00:00,64106.30999,2026-07-12 02:02:00+00:00,64072.292129999994,12,-0.26532380357968677,0.4,-0.6653238035796868,-0.053064760715937354,sl,False
ema_pullback,1,2026-07-12 02:08:00+00:00,64072.30659,2026-07-12 02:09:00+00:00,64033.49601,1,-0.3028654817154308,0.4,-0.7028654817154308,-0.060573096343086164,sl,False
ema_pullback,1,2026-07-12 02:17:00+00:00,64049.4043,2026-07-12 02:17:00+00:00,64048.99446,0,-0.0015997026220626598,0.2,-0.20159970262206267,-0.0006398810488250639,tp1_partial,True
ema_pullback,1,2026-07-12 02:17:00+00:00,64049.4043,2026-07-12 02:19:00+00:00,64024.19694,2,-0.09839029837785396,0.2,-0.29839029837785397,-0.03935611935114158,sl,False
ema_pullback,1,2026-07-12 02:21:00+00:00,64056.405,2026-07-12 02:21:00+00:00,64071.19224,0,0.05771179322350273,0.2,-0.14228820677649728,0.02308471728940109,tp1_partial,True
ema_pullback,1,2026-07-12 02:21:00+00:00,64056.405,2026-07-12 02:24:00+00:00,64098.78948,3,0.16541858694690825,0.2,-0.03458141305309176,0.0661674347787633,tp2,False
ema_pullback,1,2026-07-12 02:27:00+00:00,64092.70863,2026-07-12 02:30:00+00:00,64067.19264,3,-0.19905532583514018,0.4,-0.5990553258351402,-0.03981106516702804,sl,False
ema_pullback,1,2026-07-12 02:35:00+00:00,64081.00746,2026-07-12 02:35:00+00:00,64071.392219999994,0,-0.03751205068838748,0.2,-0.2375120506883875,-0.01500482027535499,tp1_partial,True
ema_pullback,1,2026-07-12 02:35:00+00:00,64081.00746,2026-07-12 02:36:00+00:00,64064.992860000006,1,-0.06247795031152914,0.2,-0.26247795031152915,-0.024991180124611656,sl,False
ema_pullback,1,2026-07-12 02:38:00+00:00,64086.30799,2026-07-12 02:39:00+00:00,64063.09305,1,-0.18112246381568609,0.4,-0.5811224638156861,-0.03622449276313722,sl,False
ema_pullback,1,2026-07-12 02:47:00+00:00,64078.60722,2026-07-12 02:49:00+00:00,64045.5948,2,-0.2575931456083036,0.4,-0.6575931456083036,-0.05151862912166072,sl,False
ema_pullback,1,2026-07-12 02:52:00+00:00,64067.506109999995,2026-07-12 02:56:00+00:00,64068.892470000006,4,0.005409762624586367,0.2,-0.19459023737541364,0.002163905049834547,tp1_partial,True
ema_pullback,1,2026-07-12 02:52:00+00:00,64067.506109999995,2026-07-12 02:57:00+00:00,64083.191040000005,5,0.06120470013720736,0.2,-0.13879529986279265,0.024481880054882943,tp2,False
ema_pullback,1,2026-07-12 03:02:00+00:00,64082.50761,2026-07-12 03:08:00+00:00,64044.79488,6,-0.29425135974325833,0.4,-0.6942513597432584,-0.05885027194865167,sl,False
ema_pullback,1,2026-07-12 03:14:00+00:00,64104.4098,2026-07-12 03:33:00+00:00,64151.68419,19,0.18436481260608595,0.2,-0.015635187393914063,0.07374592504243438,tp1_partial,True
ema_pullback,1,2026-07-12 03:14:00+00:00,64104.4098,2026-07-12 04:00:00+00:00,64211.77818,46,0.4187246257120747,0.2,0.21872462571207468,0.16748985028482988,tp2,False
ema_pullback,1,2026-07-12 04:04:00+00:00,64188.71823,2026-07-12 04:06:00+00:00,64157.5836,2,-0.2425241604641637,0.4,-0.6425241604641637,-0.04850483209283274,sl,False
ema_pullback,1,2026-07-12 04:17:00+00:00,64169.91635,2026-07-12 04:17:00+00:00,64166.182740000004,0,-0.014545795804177253,0.2,-0.21454579580417726,-0.005818318321670901,tp1_partial,True
ema_pullback,1,2026-07-12 04:17:00+00:00,64169.91635,2026-07-12 04:18:00+00:00,64175.38182000001,1,0.02129296059155683,0.2,-0.17870703940844318,0.008517184236622732,tp2,False
ema_pullback,1,2026-07-12 04:28:00+00:00,64121.011459999994,2026-07-12 04:28:00+00:00,64100.78928,0,-0.15768762484830168,0.4,-0.5576876248483017,-0.031537524969660335,sl,False
ema_pullback,1,2026-07-12 04:41:00+00:00,63993.29869,2026-07-12 04:42:00+00:00,63998.09955,1,0.018755323206776087,0.2,-0.18124467679322392,0.007502129282710435,tp1_partial,True
ema_pullback,1,2026-07-12 04:41:00+00:00,63993.29869,2026-07-12 04:43:00+00:00,64015.69779,2,0.08750564691351048,0.2,-0.11249435308648953,0.03500225876540419,tp2,False
ema_pullback,1,2026-07-12 04:49:00+00:00,64004.599819999996,2026-07-12 04:49:00+00:00,63985.30083,0,-0.15076252374257582,0.4,-0.5507625237425758,-0.030152504748515163,sl,False
ema_pullback,1,2026-07-12 04:56:00+00:00,63988.59822,2026-07-12 04:56:00+00:00,63964.802879999996,0,-0.18593421845397584,0.4,-0.5859342184539759,-0.03718684369079517,sl,False
ema_pullback,-1,2026-07-12 04:57:00+00:00,63931.6062,2026-07-12 05:01:00+00:00,63988.59822,4,-0.44572648324925357,0.4,-0.8457264832492536,-0.08914529664985071,sl,False
ema_pullback,1,2026-07-12 05:05:00+00:00,63994.99886,2026-07-12 05:13:00+00:00,63967.10265,8,-0.2179561723332779,0.4,-0.6179561723332779,-0.04359123446665558,sl,False
ema_pullback,-1,2026-07-12 05:22:00+00:00,63887.510610000005,2026-07-12 05:32:00+00:00,63930.99246,10,-0.34030008044472204,0.4,-0.7403000804447221,-0.06806001608894441,sl,False
ema_pullback,-1,2026-07-12 05:34:00+00:00,63875.6118,2026-07-12 05:38:00+00:00,63932.79264,4,-0.44759524322868227,0.4,-0.8475952432286823,-0.08951904864573645,sl,False
ema_pullback,-1,2026-07-12 05:53:00+00:00,63934.405920000005,2026-07-12 05:55:00+00:00,63961.695530000005,2,-0.21341881266678797,0.4,-0.613418812666788,-0.042683762533357594,sl,False
ema_pullback,1,2026-07-12 05:58:00+00:00,63965.99596,2026-07-12 05:58:00+00:00,63962.80308,0,-0.012478817659616892,0.2,-0.2124788176596169,-0.004991527063846757,tp1_partial,True
ema_pullback,1,2026-07-12 05:58:00+00:00,63965.99596,2026-07-12 05:59:00+00:00,63943.605,1,-0.08751118334027197,0.2,-0.287511183340272,-0.03500447333610879,sl,False
ema_pullback,-1,2026-07-12 06:00:00+00:00,63931.6062,2026-07-12 06:01:00+00:00,63909.29029,1,0.0872647792165282,0.2,-0.11273522078347181,0.03490591168661128,tp1_partial,True
ema_pullback,-1,2026-07-12 06:00:00+00:00,63931.6062,2026-07-12 06:02:00+00:00,63874.18678,2,0.22453455893306495,0.2,0.024534558933064943,0.08981382357322598,tp2,False
ema_pullback,-1,2026-07-12 06:03:00+00:00,63857.613600000004,2026-07-12 06:08:00+00:00,63805.679930000006,5,0.20331823831262752,0.2,0.0033182383126275083,0.08132729532505101,tp1_partial,True
ema_pullback,-1,2026-07-12 06:03:00+00:00,63857.613600000004,2026-07-12 06:11:00+00:00,63740.97346000001,8,0.4566414771252636,0.2,0.2566414771252636,0.18265659085010544,tp2,False
ema_pullback,-1,2026-07-12 06:22:00+00:00,63708.42852,2026-07-12 06:22:00+00:00,63712.67063,0,-0.016646580752899265,0.2,-0.21664658075289928,-0.006658632301159706,tp1_partial,True
ema_pullback,-1,2026-07-12 06:22:00+00:00,63708.42852,2026-07-12 06:24:00+00:00,63729.67233,2,-0.08336342024717336,0.2,-0.28336342024717337,-0.033345368098869343,sl,False
ema_pullback,-1,2026-07-12 06:27:00+00:00,63691.43022,2026-07-12 06:28:00+00:00,63662.96566,1,0.1117283750014797,0.2,-0.08827162499852031,0.04469135000059188,tp1_partial,True
ema_pullback,-1,2026-07-12 06:27:00+00:00,63691.43022,2026-07-12 06:29:00+00:00,63621.66153000001,2,0.2738543072396127,0.2,0.07385430723961267,0.10954172289584507,tp2,False
ema_pullback,-1,2026-07-12 06:40:00+00:00,63695.6298,2026-07-12 06:40:00+00:00,63726.27199,0,-0.2405360469487361,0.4,-0.6405360469487361,-0.04810720938974722,sl,False
ema_pullback,-1,2026-07-12 06:51:00+00:00,63742.6251,2026-07-12 06:51:00+00:00,63720.27139,0,0.08767175012375228,0.2,-0.11232824987624773,0.03506870004950091,tp1_partial,True
ema_pullback,-1,2026-07-12 06:51:00+00:00,63742.6251,2026-07-12 07:14:00+00:00,63790.478409999996,23,-0.1876817511238804,0.2,-0.3876817511238804,-0.07507270044955217,sl,False
ema_pullback,-1,2026-07-12 07:17:00+00:00,63767.322629999995,2026-07-12 07:17:00+00:00,63787.57812,0,-0.15882343153661438,0.4,-0.5588234315366144,-0.031764686307322876,sl,False
ema_pullback,-1,2026-07-12 07:29:00+00:00,63818.11755,2026-07-12 07:29:00+00:00,63841.48351,0,-0.18306682253432793,0.4,-0.583066822534328,-0.03661336450686559,sl,False
ema_pullback,-1,2026-07-12 07:36:00+00:00,63836.21574,2026-07-12 07:38:00+00:00,63827.98216,2,0.03224494084022589,0.2,-0.16775505915977412,0.012897976336090355,tp1_partial,True
ema_pullback,-1,2026-07-12 07:36:00+00:00,63836.21574,2026-07-12 07:55:00+00:00,63869.78634,19,-0.13147160906562538,0.2,-0.3314716090656254,-0.05258864362625015,sl,False
ema_pullback,-1,2026-07-12 08:00:00+00:00,63850.01436,2026-07-12 08:01:00+00:00,63883.48771,1,-0.2621248431619039,0.4,-0.6621248431619039,-0.052424968632380775,sl,False
ema_pullback,1,2026-07-12 08:13:00+00:00,63993.89875,2026-07-12 08:14:00+00:00,64013.79798,1,0.07773877818312291,0.2,-0.1222612218168771,0.031095511273249166,tp1_partial,True
ema_pullback,1,2026-07-12 08:13:00+00:00,63993.89875,2026-07-12 08:16:00+00:00,64046.59470000001,3,0.20586318004262028,0.2,0.005863180042620264,0.08234527201704811,tp2,False
ema_pullback,1,2026-07-12 08:32:00+00:00,63986.398,2026-07-12 08:47:00+00:00,63958.50351,15,-0.21797202899276336,0.4,-0.6179720289927634,-0.04359440579855267,sl,False
ema_pullback,-1,2026-07-12 08:48:00+00:00,63913.508010000005,2026-07-12 09:13:00+00:00,63874.68683,25,0.15185045074483927,0.2,-0.04814954925516074,0.06074018029793571,tp1_partial,True
ema_pullback,-1,2026-07-12 08:48:00+00:00,63913.508010000005,2026-07-12 09:15:00+00:00,63823.08167000001,27,0.35370590198965934,0.2,0.15370590198965933,0.14148236079586374,tp2,False
ema_pullback,1,2026-07-12 09:51:00+00:00,63967.996159999995,2026-07-12 09:51:00+00:00,63949.50441,0,-0.14453907508482633,0.4,-0.5445390750848264,-0.028907815016965266,sl,False
ema_pullback,1,2026-07-12 09:55:00+00:00,63974.49681,2026-07-12 09:58:00+00:00,63935.50581,3,-0.30473862198399093,0.4,-0.704738621983991,-0.060947724396798186,sl,False
ema_pullback,-1,2026-07-12 10:08:00+00:00,63886.71069,2026-07-12 10:08:00+00:00,63877.487109999995,0,0.036093500120709665,0.2,-0.16390649987929035,0.014437400048283866,tp1_partial,True
ema_pullback,-1,2026-07-12 10:08:00+00:00,63886.71069,2026-07-12 10:15:00+00:00,63921.29149,7,-0.13532078747879872,0.2,-0.33532078747879873,-0.05412831499151949,sl,False
ema_pullback,-1,2026-07-12 10:17:00+00:00,63856.113750000004,2026-07-12 10:21:00+00:00,63904.18978,4,-0.37644030599959244,0.4,-0.7764403059995925,-0.07528806119991849,sl,False
ema_pullback,-1,2026-07-12 10:23:00+00:00,63875.51181,2026-07-12 10:25:00+00:00,63867.786140000004,2,0.030237213687528408,0.2,-0.1697627863124716,0.012094885475011363,tp1_partial,True
ema_pullback,-1,2026-07-12 10:23:00+00:00,63875.51181,2026-07-12 10:39:00+00:00,63847.28409,16,0.11047942787514864,0.2,-0.08952057212485137,0.044191771150059456,tp2,False
ema_pullback,-1,2026-07-12 10:46:00+00:00,63824.516910000006,2026-07-12 10:46:00+00:00,63828.582220000004,0,-0.015923778967752433,0.2,-0.21592377896775244,-0.006369511587100973,tp1_partial,True
ema_pullback,-1,2026-07-12 10:46:00+00:00,63824.516910000006,2026-07-12 10:51:00+00:00,63819.88135,5,0.01815744256450369,0.2,-0.18184255743549632,0.007262977025801476,tp2,False
ema_pullback,-1,2026-07-12 11:00:00+00:00,63832.516110000004,2026-07-12 11:02:00+00:00,63863.3857,2,-0.241801450743373,0.4,-0.641801450743373,-0.0483602901486746,sl,False
ema_pullback,-1,2026-07-12 11:11:00+00:00,63844.91487,2026-07-12 11:11:00+00:00,63819.48131,0,0.09959117359537029,0.2,-0.10040882640462973,0.039836469438148114,tp1_partial,True
ema_pullback,-1,2026-07-12 11:11:00+00:00,63844.91487,2026-07-12 11:29:00+00:00,63896.08897,18,-0.20038440063785412,0.2,-0.40038440063785413,-0.08015376025514165,sl,False
ema_pullback,1,2026-07-12 11:42:00+00:00,63975.096869999994,2026-07-12 11:44:00+00:00,63968.90246999999,2,-0.02420629394508933,0.2,-0.22420629394508934,-0.009682517578035732,tp1_partial,True
ema_pullback,1,2026-07-12 11:42:00+00:00,63975.096869999994,2026-07-12 11:45:00+00:00,63955.50381,3,-0.07656518301099591,0.2,-0.2765651830109959,-0.030626073204398363,sl,False
ema_pullback,1,2026-07-12 11:46:00+00:00,63996.29899,2026-07-12 12:02:00+00:00,63953.604,16,-0.3335738993803239,0.4,-0.7335738993803239,-0.06671477987606478,sl,False
ema_pullback,1,2026-07-12 12:10:00+00:00,63994.29879,2026-07-12 12:10:00+00:00,64021.697190000006,0,0.10703453478688729,0.2,-0.09296546521311272,0.04281381391475492,tp1_partial,True
ema_pullback,1,2026-07-12 12:10:00+00:00,63994.29879,2026-07-12 12:12:00+00:00,64061.89317000001,2,0.2640640700737329,0.2,0.06406407007373288,0.10562562802949316,tp2,False
ema_pullback,1,2026-07-12 12:27:00+00:00,64044.103769999994,2026-07-12 12:28:00+00:00,64018.79748,1,-0.19756924143143895,0.4,-0.597569241431439,-0.03951384828628779,sl,False
ema_pullback,1,2026-07-12 12:44:00+00:00,64006.199980000005,2026-07-12 12:45:00+00:00,64005.498810000005,1,-0.002738680003722127,0.2,-0.20273868000372214,-0.0010954720014888508,tp1_partial,True
ema_pullback,1,2026-07-12 12:44:00+00:00,64006.199980000005,2026-07-12 12:47:00+00:00,64017.49761,3,0.04412709238921231,0.2,-0.1558729076107877,0.017650836955684923,tp2,False
ema_pullback,1,2026-07-12 12:55:00+00:00,64024.20178,2026-07-12 13:01:00+00:00,63973.502010000004,6,-0.39594222645844557,0.4,-0.7959422264584456,-0.07918844529168911,sl,False
ema_pullback,1,2026-07-12 13:04:00+00:00,64004.89985,2026-07-12 13:04:00+00:00,64015.897769999996,0,0.042957336179594297,0.2,-0.15704266382040571,0.01718293447183772,tp1_partial,True
ema_pullback,1,2026-07-12 13:04:00+00:00,64004.89985,2026-07-12 13:19:00+00:00,64039.59539999999,15,0.13551911682269102,0.2,-0.06448088317730899,0.05420764672907641,tp2,False
ema_pullback,1,2026-07-12 13:20:00+00:00,64067.4061,2026-07-12 13:47:00+00:00,63977.50161,27,-0.7016398467862839,0.4,-1.1016398467862838,-0.14032796935725678,sl,False
ema_pullback,1,2026-07-12 13:54:00+00:00,64008.10017,2026-07-12 13:56:00+00:00,63987.40062,2,-0.16169476945121497,0.4,-0.561694769451215,-0.032338953890242994,sl,False
ema_pullback,1,2026-07-12 13:59:00+00:00,64008.4002,2026-07-12 14:01:00+00:00,63985.500810000005,2,-0.17887800607763182,0.4,-0.5788780060776318,-0.035775601215526365,sl,False
ema_pullback,1,2026-07-12 14:03:00+00:00,64001.49951,2026-07-12 14:07:00+00:00,63960.6033,4,-0.3194941549268804,0.4,-0.7194941549268804,-0.06389883098537608,sl,False
ema_pullback,1,2026-07-12 14:13:00+00:00,63988.89825,2026-07-12 14:14:00+00:00,63936.10575,1,-0.41251296274658067,0.4,-0.8125129627465807,-0.08250259254931613,sl,False
ema_pullback,-1,2026-07-12 14:15:00+00:00,63937.6056,2026-07-12 14:18:00+00:00,63979.29729,3,-0.3260341829253166,0.4,-0.7260341829253166,-0.06520683658506332,sl,False
ema_pullback,1,2026-07-12 14:19:00+00:00,63979.29729,2026-07-12 14:19:00+00:00,63955.40382000001,0,-0.18672813716358316,0.4,-0.5867281371635832,-0.03734562743271663,sl,False
ema_pullback,1,2026-07-12 14:25:00+00:00,63976.29699,2026-07-12 14:31:00+00:00,63974.90187,6,-0.005451706591497185,0.2,-0.2054517065914972,-0.002180682636598874,tp1_partial,True
ema_pullback,1,2026-07-12 14:25:00+00:00,63976.29699,2026-07-12 14:32:00+00:00,63986.20074000001,7,0.03870085666862755,0.2,-0.16129914333137246,0.01548034266745102,tp2,False
ema_pullback,1,2026-07-12 14:43:00+00:00,64039.90335,2026-07-12 14:43:00+00:00,64038.5955,0,-0.005105605769134547,0.2,-0.20510560576913456,-0.0020422423076538188,tp1_partial,True
ema_pullback,1,2026-07-12 14:43:00+00:00,64039.90335,2026-07-12 14:44:00+00:00,64050.09435,1,0.039783788961633704,0.2,-0.1602162110383663,0.01591351558465348,tp2,False
ema_pullback,1,2026-07-12 14:47:00+00:00,64189.01826,2026-07-12 16:12:00+00:00,64037.29563,85,-1.181842580809056,0.4,-1.581842580809056,-0.2363685161618112,sl,False
ema_pullback,1,2026-07-12 16:21:00+00:00,64096.509009999994,2026-07-12 16:24:00+00:00,64103.28903,3,0.026444575939976733,0.2,-0.17355542406002328,0.010577830375990693,tp1_partial,True
ema_pullback,1,2026-07-12 16:21:00+00:00,64096.509009999994,2026-07-12 16:25:00+00:00,64122.98705999999,4,0.10327415021882391,0.2,-0.0967258497811761,0.041309660087529565,tp2,False
ema_pullback,1,2026-07-12 16:32:00+00:00,64135.21288,2026-07-12 16:33:00+00:00,64106.38872,1,-0.22471399645873635,0.4,-0.6247139964587364,-0.04494279929174727,sl,False
ema_pullback,1,2026-07-12 16:42:00+00:00,64100.00936,2026-07-12 16:43:00+00:00,64083.39102,1,-0.12962821820089454,0.4,-0.5296282182008946,-0.025925643640178908,sl,False
ema_pullback,1,2026-07-12 16:47:00+00:00,64105.609919999995,2026-07-12 16:52:00+00:00,64072.292129999994,5,-0.25986641451175574,0.4,-0.6598664145117558,-0.05197328290235115,sl,False
ema_pullback,1,2026-07-12 16:56:00+00:00,64107.61012,2026-07-12 16:57:00+00:00,64111.08824999999,1,0.013563639299163377,0.2,-0.18643636070083663,0.005425455719665351,tp1_partial,True
ema_pullback,1,2026-07-12 16:56:00+00:00,64107.61012,2026-07-12 16:58:00+00:00,64127.38661999999,2,0.07712227909828506,0.2,-0.12287772090171495,0.030848911639314025,tp2,False
ema_pullback,1,2026-07-12 17:05:00+00:00,64130.31239,2026-07-12 17:06:00+00:00,64114.787879999996,1,-0.12103878354430275,0.4,-0.5210387835443028,-0.02420775670886055,sl,False
ema_pullback,1,2026-07-12 17:09:00+00:00,64124.71183,2026-07-12 17:10:00+00:00,64125.38682,1,0.002631551786869135,0.2,-0.19736844821313088,0.001052620714747654,tp1_partial,True
ema_pullback,1,2026-07-12 17:09:00+00:00,64124.71183,2026-07-12 17:14:00+00:00,64098.18954,5,-0.10340120541327269,0.2,-0.3034012054132727,-0.041360482165309076,sl,False
ema_pullback,1,2026-07-12 17:18:00+00:00,64127.4121,2026-07-12 17:18:00+00:00,64118.987460000004,0,-0.03284336496714446,0.2,-0.23284336496714447,-0.013137345986857785,tp1_partial,True
ema_pullback,1,2026-07-12 17:18:00+00:00,64127.4121,2026-07-12 17:19:00+00:00,64123.487010000004,1,-0.01530191953588722,0.2,-0.21530191953588723,-0.006120767814354888,tp2,False
ema_pullback,1,2026-07-12 17:27:00+00:00,64121.211480000005,2026-07-12 17:28:00+00:00,64092.89007,1,-0.22084275504397066,0.4,-0.6208427550439707,-0.04416855100879413,sl,False
ema_pullback,1,2026-07-12 17:33:00+00:00,64106.61001999999,2026-07-12 17:34:00+00:00,64101.48920999999,1,-0.019969898573640732,0.2,-0.21996989857364074,-0.007987959429456293,tp1_partial,True
ema_pullback,1,2026-07-12 17:33:00+00:00,64106.61001999999,2026-07-12 17:35:00+00:00,64109.18843999999,2,0.010055203352621334,0.2,-0.18994479664737868,0.004022081341048533,tp2,False
ema_pullback,1,2026-07-12 17:38:00+00:00,64124.211780000005,2026-07-12 17:39:00+00:00,64127.88657,1,0.014326842771195114,0.2,-0.1856731572288049,0.005730737108478046,tp1_partial,True
ema_pullback,1,2026-07-12 17:38:00+00:00,64124.211780000005,2026-07-12 17:51:00+00:00,64094.889870000006,13,-0.11431684377111173,0.2,-0.31431684377111174,-0.04572673750844469,sl,False
ema_pullback,1,2026-07-12 18:02:00+00:00,64086.407999999996,2026-07-12 18:05:00+00:00,64043.79498,3,-0.3324653489706897,0.4,-0.7324653489706897,-0.06649306979413794,sl,False
ema_pullback,1,2026-07-12 18:24:00+00:00,64015.60092,2026-07-12 18:24:00+00:00,64005.19884,0,-0.040623222505559164,0.2,-0.24062322250555918,-0.016249289002223666,tp1_partial,True
ema_pullback,1,2026-07-12 18:24:00+00:00,64015.60092,2026-07-12 18:25:00+00:00,64000.19934,1,-0.06014775999385602,0.2,-0.26014775999385603,-0.024059103997542408,sl,False
ema_pullback,1,2026-07-12 18:27:00+00:00,64014.30079,2026-07-12 18:28:00+00:00,64007.798579999995,1,-0.02539358362022015,0.2,-0.22539358362022016,-0.01015743344808806,tp1_partial,True
ema_pullback,1,2026-07-12 18:27:00+00:00,64014.30079,2026-07-12 18:29:00+00:00,64013.99795999999,2,-0.00118266542112333,0.2,-0.20118266542112334,-0.000473066168449332,tp2,False
ema_pullback,1,2026-07-12 18:38:00+00:00,64109.21028,2026-07-12 19:05:00+00:00,64143.185040000004,27,0.13248782761327016,0.2,-0.06751217238672985,0.052995131045308064,tp1_partial,True
ema_pullback,1,2026-07-12 18:38:00+00:00,64109.21028,2026-07-12 19:10:00+00:00,64189.88037000001,32,0.3145807351536689,0.2,0.1145807351536689,0.12583229406146756,tp2,False
ema_pullback,1,2026-07-12 19:18:00+00:00,64163.91575,2026-07-12 19:20:00+00:00,64161.183240000006,2,-0.010646599292035708,0.2,-0.21064659929203572,-0.004258639716814283,tp1_partial,True
ema_pullback,1,2026-07-12 19:18:00+00:00,64163.91575,2026-07-12 19:24:00+00:00,64171.382220000014,6,0.02909139004664274,0.2,-0.17090860995335727,0.011636556018657096,tp2,False
ema_pullback,1,2026-07-12 19:48:00+00:00,64147.91415,2026-07-12 19:50:00+00:00,64148.5845,2,0.002612516746991478,0.2,-0.19738748325300853,0.0010450066987965911,tp1_partial,True
ema_pullback,1,2026-07-12 19:48:00+00:00,64147.91415,2026-07-12 19:51:00+00:00,64161.98316,3,0.05483034868097869,0.2,-0.14516965131902132,0.021932139472391476,tp2,False
ema_pullback,1,2026-07-12 20:01:00+00:00,64212.82064,2026-07-12 20:01:00+00:00,64204.67889,0,-0.03169830385446604,0.2,-0.23169830385446605,-0.012679321541786415,tp1_partial,True
ema_pullback,1,2026-07-12 20:01:00+00:00,64212.82064,2026-07-12 20:02:00+00:00,64195.479810000004,1,-0.06751311430941431,0.2,-0.2675131143094143,-0.027005245723765725,sl,False
ema_pullback,1,2026-07-12 20:17:00+00:00,64175.31689,2026-07-12 20:21:00+00:00,64176.88167,4,0.006095723698085198,0.2,-0.1939042763019148,0.0024382894792340792,tp1_partial,True
ema_pullback,1,2026-07-12 20:17:00+00:00,64175.31689,2026-07-12 20:33:00+00:00,64147.88457,16,-0.10686476253410349,0.2,-0.3068647625341035,-0.042745905013641394,sl,False
ema_pullback,1,2026-07-12 20:39:00+00:00,64172.91665,2026-07-12 20:40:00+00:00,64146.08475,1,-0.20905937738763258,0.4,-0.6090593773876326,-0.04181187547752652,sl,False
ema_pullback,1,2026-07-12 20:42:00+00:00,64171.616519999996,2026-07-12 20:43:00+00:00,64166.68269,1,-0.01922123154890487,0.2,-0.21922123154890488,-0.0076884926195619485,tp1_partial,True
ema_pullback,1,2026-07-12 20:42:00+00:00,64171.616519999996,2026-07-12 20:44:00+00:00,64174.68189,2,0.011942078781246313,0.2,-0.1880579212187537,0.004776831512498525,tp2,False
ema_pullback,1,2026-07-12 20:52:00+00:00,64197.21908,2026-07-12 20:53:00+00:00,64179.381420000005,1,-0.13892860357211934,0.4,-0.5389286035721194,-0.027785720714423867,sl,False
ema_pullback,1,2026-07-12 20:59:00+00:00,64185.31789,2026-07-12 20:59:00+00:00,64165.18284,0,-0.15685090190331596,0.4,-0.556850901903316,-0.03137018038066319,sl,False
ema_pullback,1,2026-07-12 21:01:00+00:00,64182.31759,2026-07-12 21:02:00+00:00,64176.88167,1,-0.021173744592400956,0.2,-0.22117374459240097,-0.008469497836960382,tp1_partial,True
ema_pullback,1,2026-07-12 21:01:00+00:00,64182.31759,2026-07-12 21:03:00+00:00,64184.28093000001,2,0.007647511315156397,0.2,-0.19235248868484361,0.0030590045260625587,tp2,False
ema_pullback,1,2026-07-12 21:05:00+00:00,64205.81994,2026-07-12 21:07:00+00:00,64177.881570000005,2,-0.21756882807588696,0.4,-0.617568828075887,-0.04351376561517739,sl,False
ema_pullback,1,2026-07-12 21:12:00+00:00,64202.119569999995,2026-07-12 21:16:00+00:00,64170.68229,4,-0.24483054617630007,0.4,-0.6448305461763001,-0.048966109235260014,sl,False
ema_pullback,-1,2026-07-12 22:00:00+00:00,63883.11105,2026-07-12 22:00:00+00:00,63874.58682,0,0.033358699427332716,0.2,-0.1666413005726673,0.013343479770933087,tp1_partial,True
ema_pullback,-1,2026-07-12 22:00:00+00:00,63883.11105,2026-07-12 22:01:00+00:00,63853.18468,1,0.11711377822762326,0.2,-0.08288622177237676,0.0468455112910493,tp2,False
ema_pullback,-1,2026-07-12 22:15:00+00:00,63749.724389999996,2026-07-12 22:15:00+00:00,63798.27919,0,-0.38082360719682296,0.4,-0.780823607196823,-0.07616472143936459,sl,False
ema_pullback,-1,2026-07-12 22:17:00+00:00,63775.42182,2026-07-12 22:17:00+00:00,63765.57592,0,0.038595981488726006,0.2,-0.161404018511274,0.015438392595490402,tp1_partial,True
ema_pullback,-1,2026-07-12 22:17:00+00:00,63775.42182,2026-07-12 22:18:00+00:00,63742.97366,1,0.12719696347748832,0.2,-0.07280303652251169,0.05087878539099533,tp2,False
ema_pullback,-1,2026-07-12 22:28:00+00:00,63759.923370000004,2026-07-12 22:29:00+00:00,63786.378,1,-0.207455001525636,0.4,-0.607455001525636,-0.0414910003051272,sl,False
ema_pullback,-1,2026-07-12 22:34:00+00:00,63777.42162,2026-07-12 22:34:00+00:00,63774.87685000001,0,0.009975199433243098,0.2,-0.1900248005667569,0.003990079773297239,tp1_partial,True
ema_pullback,-1,2026-07-12 22:34:00+00:00,63777.42162,2026-07-12 22:35:00+00:00,63805.479909999995,1,-0.10998520043337123,0.2,-0.30998520043337124,-0.04399408017334849,sl,False
ema_pullback,-1,2026-07-12 22:37:00+00:00,63766.12275,2026-07-12 22:37:00+00:00,63744.97385999999,0,0.08291585362232845,0.2,-0.11708414637767156,0.03316634144893138,tp1_partial,True
ema_pullback,-1,2026-07-12 22:37:00+00:00,63766.12275,2026-07-12 22:45:00+00:00,63711.37049999998,8,0.21466041700027305,0.2,0.01466041700027304,0.08586416680010922,tp2,False
ema_pullback,-1,2026-07-12 23:01:00+00:00,63803.51901,2026-07-12 23:01:00+00:00,63861.3855,0,-0.4534741257055108,0.4,-0.8534741257055108,-0.09069482514110216,sl,False
ema_pullback,-1,2026-07-12 23:03:00+00:00,63793.71999,2026-07-12 23:04:00+00:00,63770.776439999994,1,0.08991304317884641,0.2,-0.1100869568211536,0.03596521727153856,tp1_partial,True
ema_pullback,-1,2026-07-12 23:03:00+00:00,63793.71999,2026-07-12 23:06:00+00:00,63842.183580000004,3,-0.18992304417897454,0.2,-0.38992304417897455,-0.07596921767158982,sl,False
ema_pullback,-1,2026-07-12 23:09:00+00:00,63755.82378,2026-07-12 23:34:00+00:00,63839.28329,25,-0.6545245991016468,0.4,-1.0545245991016468,-0.13090491982032937,sl,False
ema_pullback,-1,2026-07-12 23:36:00+00:00,63739.925370000004,2026-07-13 00:02:00+00:00,63839.3833,26,-0.7801854914534223,0.4,-1.1801854914534222,-0.15603709829068446,sl,False
ema_pullback,1,2026-07-13 00:20:00+00:00,64210.32039,2026-07-13 00:22:00+00:00,64238.27553,2,0.10884208266759288,0.2,-0.09115791733240713,0.04353683306703715,tp1_partial,True
ema_pullback,1,2026-07-13 00:20:00+00:00,64210.32039,2026-07-13 00:23:00+00:00,64278.97145999999,3,0.2672898592586681,0.2,0.0672898592586681,0.10691594370346724,tp2,False
ema_pullback,1,2026-07-13 00:46:00+00:00,63984.49781,2026-07-13 01:09:00+00:00,63743.625,23,-1.8822747559515407,0.4,-2.2822747559515406,-0.37645495119030814,sl,False
ema_pullback,-1,2026-07-13 01:15:00+00:00,63817.6176,2026-07-13 01:15:00+00:00,63875.3869,0,-0.45261247734196264,0.4,-0.8526124773419627,-0.09052249546839253,sl,False
ema_pullback,-1,2026-07-13 01:18:00+00:00,63726.12675,2026-07-13 01:33:00+00:00,63569.75634,15,0.6134470192008246,0.2,0.41344701920082455,0.24537880768032982,tp1_partial,True
ema_pullback,-1,2026-07-13 01:18:00+00:00,63726.12675,2026-07-13 01:59:00+00:00,63400.63943,41,1.2768990389016577,0.2,1.0768990389016577,0.5107596155606631,tp2,False
ema_pullback,-1,2026-07-13 02:05:00+00:00,63296.36973,2026-07-13 02:15:00+00:00,63427.64213,10,-1.0369662633099574,0.4,-1.4369662633099574,-0.2073932526619915,sl,False
ema_pullback,-1,2026-07-13 02:24:00+00:00,63384.86088,2026-07-13 03:00:00+00:00,63301.92955999999,36,0.3270943520607139,0.2,0.1270943520607139,0.13083774082428556,tp1_partial,True
ema_pullback,-1,2026-07-13 02:24:00+00:00,63384.86088,2026-07-13 03:06:00+00:00,63206.319999999985,42,0.7041937046214641,0.2,0.5041937046214642,0.28167748184858565,tp2,False
ema_pullback,-1,2026-07-13 03:18:00+00:00,63022.79709,2026-07-13 03:18:00+00:00,62995.69894,0,0.1074934438458075,0.2,-0.09250655615419251,0.042997377538323,tp1_partial,True
ema_pullback,-1,2026-07-13 03:18:00+00:00,63022.79709,2026-07-13 03:19:00+00:00,62956.09498,1,0.2645951666693791,0.2,0.06459516666937909,0.10583806666775164,tp2,False
ema_pullback,-1,2026-07-13 03:31:00+00:00,62969.502420000004,2026-07-13 03:32:00+00:00,62913.690740000005,1,0.22158218603882118,0.2,0.02158218603882117,0.08863287441552847,tp1_partial,True
ema_pullback,-1,2026-07-13 03:31:00+00:00,62969.502420000004,2026-07-13 03:33:00+00:00,62845.28390000002,2,0.49316937257762317,0.2,0.29316937257762316,0.19726774903104927,tp2,False
ema_pullback,-1,2026-07-13 03:41:00+00:00,62820.717300000004,2026-07-13 03:42:00+00:00,62859.58533,1,-0.3093567828459376,0.4,-0.7093567828459376,-0.06187135656918752,sl,False
ema_pullback,-1,2026-07-13 03:43:00+00:00,62813.817989999996,2026-07-13 03:52:00+00:00,62775.976969999996,9,0.15060786468204523,0.2,-0.04939213531795478,0.060243145872818094,tp1_partial,True
ema_pullback,-1,2026-07-13 03:43:00+00:00,62813.817989999996,2026-07-13 04:03:00+00:00,62725.57193,20,0.3512207298641268,0.2,0.15122072986412677,0.1404882919456507,tp2,False
ema_pullback,-1,2026-07-13 04:04:00+00:00,62717.02767,2026-07-13 04:09:00+00:00,62803.579730000005,5,-0.6900204236034435,0.4,-1.0900204236034434,-0.1380040847206887,sl,False
ema_pullback,-1,2026-07-13 04:24:00+00:00,62833.716,2026-07-13 04:32:00+00:00,62820.381409999995,8,0.053055074762747845,0.2,-0.14694492523725217,0.021222029905099138,tp1_partial,True
ema_pullback,-1,2026-07-13 04:24:00+00:00,62833.716,2026-07-13 04:33:00+00:00,62794.378809999995,9,0.15651306537403653,0.2,-0.04348693462596348,0.06260522614961461,tp2,False
ema_pullback,-1,2026-07-13 04:40:00+00:00,62704.02897000001,2026-07-13 04:41:00+00:00,62691.16849000001,1,0.05127453614722777,0.2,-0.14872546385277224,0.020509814458891107,tp1_partial,True
ema_pullback,-1,2026-07-13 04:40:00+00:00,62704.02897000001,2026-07-13 04:46:00+00:00,62741.973569999995,6,-0.1512845371473004,0.2,-0.3512845371473004,-0.060513814858920156,sl,False
ema_pullback,-1,2026-07-13 04:54:00+00:00,62716.32774,2026-07-13 04:57:00+00:00,62713.97077,3,0.009395360366815098,0.2,-0.1906046396331849,0.003758144146726039,tp1_partial,True
ema_pullback,-1,2026-07-13 04:54:00+00:00,62716.32774,2026-07-13 04:58:00+00:00,62699.069279999996,4,0.0687957212336665,0.2,-0.1312042787663335,0.027518288493466603,tp2,False
ema_pullback,-1,2026-07-13 05:03:00+00:00,62661.03327000001,2026-07-13 05:04:00+00:00,62726.972069999996,1,-0.5261547452933835,0.4,-0.9261547452933835,-0.10523094905867669,sl,False
ema_pullback,-1,2026-07-13 05:15:00+00:00,62778.92148,2026-07-13 05:15:00+00:00,62761.975569999995,0,0.06748248297561155,0.2,-0.13251751702438846,0.02699299319024462,tp1_partial,True
ema_pullback,-1,2026-07-13 05:15:00+00:00,62778.92148,2026-07-13 05:16:00+00:00,62732.47261999999,1,0.1849699664512594,0.2,-0.015030033548740607,0.07398798658050376,tp2,False
ema_pullback,-1,2026-07-13 05:23:00+00:00,62772.022170000004,2026-07-13 05:23:00+00:00,62756.775050000004,0,0.060724186798977176,0.2,-0.13927581320102284,0.02428967471959087,tp1_partial,True
ema_pullback,-1,2026-07-13 05:23:00+00:00,62772.022170000004,2026-07-13 05:24:00+00:00,62728.97227000001,1,0.17145337409793515,0.2,-0.02854662590206486,0.06858134963917406,tp2,False
ema_pullback,-1,2026-07-13 05:28:00+00:00,62628.33654,2026-07-13 05:30:00+00:00,62570.456419999995,2,0.23104605358245656,0.2,0.031046053582456545,0.09241842143298262,tp1_partial,True
ema_pullback,-1,2026-07-13 05:28:00+00:00,62628.33654,2026-07-13 05:34:00+00:00,62711.470519999995,6,-0.33185449507711073,0.2,-0.5318544950771107,-0.1327417980308443,sl,False
ema_pullback,-1,2026-07-13 05:48:00+00:00,62746.7247,2026-07-13 05:48:00+00:00,62749.17429,0,-0.009759832133526825,0.2,-0.20975983213352684,-0.00390393285341073,tp1_partial,True
ema_pullback,-1,2026-07-13 05:48:00+00:00,62746.7247,2026-07-13 05:49:00+00:00,62769.37631,1,-0.09025016886660131,0.2,-0.2902501688666013,-0.036100067546640524,sl,False
ema_pullback,-1,2026-07-13 05:52:00+00:00,62745.02487,2026-07-13 06:00:00+00:00,62806.28,8,-0.48812738640957587,0.4,-0.8881273864095759,-0.09762547728191517,sl,False
ema_pullback,-1,2026-07-13 06:06:00+00:00,62779.521420000005,2026-07-13 06:11:00+00:00,62765.67594,5,0.055135335881972836,0.2,-0.14486466411802718,0.022054134352789134,tp1_partial,True
ema_pullback,-1,2026-07-13 06:06:00+00:00,62779.521420000005,2026-07-13 06:12:00+00:00,62739.17329,6,0.16067393111390826,0.2,-0.03932606888609175,0.0642695724455633,tp2,False
ema_pullback,-1,2026-07-13 06:18:00+00:00,62698.7295,2026-07-13 06:25:00+00:00,62758.975269999995,7,-0.48043852308043977,0.4,-0.8804385230804398,-0.09608770461608795,sl,False
ema_pullback,-1,2026-07-13 06:33:00+00:00,62760.123360000005,2026-07-13 06:47:00+00:00,62825.18189,14,-0.5183110430393434,0.4,-0.9183110430393434,-0.10366220860786868,sl,False
ema_pullback,-1,2026-07-13 06:50:00+00:00,62782.62111,2026-07-13 06:50:00+00:00,62806.179990000004,0,-0.18762262218019465,0.4,-0.5876226221801947,-0.03752452443603893,sl,False
ema_pullback,-1,2026-07-13 06:51:00+00:00,62776.62171,2026-07-13 06:56:00+00:00,62768.37621,5,0.0328366666419444,0.2,-0.1671633333580556,0.01313466665677776,tp1_partial,True
ema_pullback,-1,2026-07-13 06:51:00+00:00,62776.62171,2026-07-13 07:01:00+00:00,62747.57413000001,10,0.11567833378395287,0.2,-0.08432166621604714,0.04627133351358115,tp2,False
ema_pullback,-1,2026-07-13 07:03:00+00:00,62723.52702,2026-07-13 07:05:00+00:00,62763.475719999995,2,-0.3184506826861,0.4,-0.7184506826861,-0.06369013653722,sl,False
ema_pullback,-1,2026-07-13 07:15:00+00:00,62772.52212,2026-07-13 07:23:00+00:00,62852.08458,8,-0.6337363651559569,0.4,-1.0337363651559568,-0.12674727303119138,sl,False
ema_pullback,-1,2026-07-13 07:32:00+00:00,62877.21165,2026-07-13 07:33:00+00:00,62912.090580000004,1,-0.2773574804346701,0.4,-0.6773574804346701,-0.055471496086934025,sl,False
ema_pullback,-1,2026-07-13 07:42:00+00:00,62972.60211,2026-07-13 07:43:00+00:00,62997.49911999999,1,-0.19768128651009853,0.4,-0.5976812865100986,-0.039536257302019706,sl,False
ema_pullback,-1,2026-07-13 07:45:00+00:00,62935.7058,2026-07-13 07:48:00+00:00,62997.699140000004,3,-0.4925132658161191,0.4,-0.8925132658161191,-0.09850265316322382,sl,False
ema_pullback,-1,2026-07-13 07:50:00+00:00,62934.10596,2026-07-13 07:56:00+00:00,62983.49772,6,-0.3924085298946389,0.4,-0.792408529894639,-0.07848170597892778,sl,False
ema_pullback,-1,2026-07-13 08:00:00+00:00,62946.504720000004,2026-07-13 08:00:00+00:00,62989.39831,0,-0.3407146289599039,0.4,-0.7407146289599039,-0.06814292579198078,sl,False
ema_pullback,-1,2026-07-13 08:03:00+00:00,62951.90418,2026-07-13 08:04:00+00:00,63032.20259,1,-0.6377758627476027,0.4,-1.0377758627476026,-0.12755517254952053,sl,False
ema_pullback,-1,2026-07-13 08:09:00+00:00,62951.7042,2026-07-13 08:10:00+00:00,62923.69174,1,0.11124583661389909,0.2,-0.08875416338610093,0.044498334645559634,tp1_partial,True
ema_pullback,-1,2026-07-13 08:09:00+00:00,62951.7042,2026-07-13 08:13:00+00:00,63004.89986,4,-0.21125583761399946,0.2,-0.4112558376139995,-0.08450233504559979,sl,False
ema_pullback,-1,2026-07-13 08:19:00+00:00,62986.60071,2026-07-13 08:19:00+00:00,62977.59713,0,0.035736092670934916,0.2,-0.1642639073290651,0.014294437068373966,tp1_partial,True
ema_pullback,-1,2026-07-13 08:19:00+00:00,62986.60071,2026-07-13 08:22:00+00:00,62955.99497000001,3,0.12147718584190614,0.2,-0.07852281415809387,0.04859087433676246,tp2,False
ema_pullback,-1,2026-07-13 08:38:00+00:00,63010.398329999996,2026-07-13 08:38:00+00:00,62995.39890999999,0,0.05951168536283413,0.2,-0.14048831463716588,0.023804674145133653,tp1_partial,True
ema_pullback,-1,2026-07-13 08:38:00+00:00,63010.398329999996,2026-07-13 08:39:00+00:00,63050.60443,1,-0.15952168636290676,0.2,-0.35952168636290677,-0.0638086745451627,sl,False
ema_pullback,-1,2026-07-13 08:43:00+00:00,63022.997070000005,2026-07-13 08:43:00+00:00,63042.40361,0,-0.15396395682709674,0.4,-0.5539639568270968,-0.030792791365419347,sl,False
ema_pullback,-1,2026-07-13 08:56:00+00:00,63124.38693,2026-07-13 08:57:00+00:00,63174.71684,1,-0.3986566242283329,0.4,-0.798656624228333,-0.07973132484566658,sl,False
ema_pullback,-1,2026-07-13 09:01:00+00:00,63139.6854,2026-07-13 09:08:00+00:00,63119.011269999995,7,0.08185869896656928,0.2,-0.11814130103343073,0.03274347958662771,tp1_partial,True
ema_pullback,-1,2026-07-13 09:01:00+00:00,63139.6854,2026-07-13 09:21:00+00:00,63085.70793999999,20,0.2137223984331471,0.2,0.013722398433147098,0.08548895937325884,tp2,False
ema_pullback,-1,2026-07-13 09:31:00+00:00,63066.89268,2026-07-13 10:19:00+00:00,63096.309,48,-0.23321523187502802,0.4,-0.633215231875028,-0.0466430463750056,sl,False
ema_pullback,-1,2026-07-13 10:22:00+00:00,63068.6925,2026-07-13 10:41:00+00:00,63038.103180000006,19,0.12125398033260848,0.2,-0.07874601966739153,0.04850159213304339,tp1_partial,True
ema_pullback,-1,2026-07-13 10:22:00+00:00,63068.6925,2026-07-13 10:42:00+00:00,62994.89886000001,20,0.292512961165281,0.2,0.09251296116528102,0.11700518446611241,tp2,False
ema_pullback,-1,2026-07-13 10:50:00+00:00,62912.80809,2026-07-13 10:51:00+00:00,62898.38921,1,0.05729707685028784,0.2,-0.14270292314971217,0.022918830740115137,tp1_partial,True
ema_pullback,-1,2026-07-13 10:50:00+00:00,62912.80809,2026-07-13 10:57:00+00:00,62871.38651,7,0.16459915420063975,0.2,-0.03540084579936026,0.0658396616802559,tp2,False
ema_pullback,-1,2026-07-13 11:15:00+00:00,63048.6945,2026-07-13 11:17:00+00:00,63028.3022,2,0.08085932691279107,0.2,-0.11914067308720894,0.03234373076511643,tp1_partial,True
ema_pullback,-1,2026-07-13 11:15:00+00:00,63048.6945,2026-07-13 11:18:00+00:00,62995.2989,3,0.21172365432561846,0.2,0.011723654325618449,0.08468946173024738,tp2,False
ema_pullback,-1,2026-07-13 11:24:00+00:00,62998.59951,2026-07-13 11:31:00+00:00,62965.09588,7,0.13295386826289723,0.2,-0.06704613173710278,0.053181547305158894,tp1_partial,True
ema_pullback,-1,2026-07-13 11:24:00+00:00,62998.59951,2026-07-13 11:52:00+00:00,62918.891260000004,28,0.3163096109277119,0.2,0.11630961092771192,0.12652384437108477,tp2,False
ema_pullback,-1,2026-07-13 11:53:00+00:00,62902.30914,2026-07-13 11:56:00+00:00,62885.48792,3,0.06685454091423515,0.2,-0.13314545908576486,0.02674181636569406,tp1_partial,True
ema_pullback,-1,2026-07-13 11:53:00+00:00,62902.30914,2026-07-13 12:02:00+00:00,62944.2938,9,-0.16686454191433553,0.2,-0.36686454191433554,-0.06674581676573421,sl,False
ema_pullback,-1,2026-07-13 12:04:00+00:00,62865.31284,2026-07-13 12:08:00+00:00,62838.18319,4,0.10788799408761873,0.2,-0.09211200591238128,0.04315519763504749,tp1_partial,True
ema_pullback,-1,2026-07-13 12:04:00+00:00,62865.31284,2026-07-13 12:20:00+00:00,62798.57923,16,0.2653832733237327,0.2,0.06538327332373267,0.10615330932949307,tp2,False
ema_pullback,-1,2026-07-13 12:21:00+00:00,62758.12356,2026-07-13 12:26:00+00:00,62831.18249,5,-0.5820675145756793,0.4,-0.9820675145756793,-0.11641350291513586,sl,False
ema_pullback,-1,2026-07-13 12:29:00+00:00,62788.7205,2026-07-13 12:29:00+00:00,62780.2774,0,0.03361710484292568,0.2,-0.16638289515707433,0.013446841937170273,tp1_partial,True
ema_pullback,-1,2026-07-13 12:29:00+00:00,62788.7205,2026-07-13 12:30:00+00:00,62759.2753,1,0.11723921018585992,0.2,-0.08276078981414009,0.04689568407434397,tp2,False
ema_pullback,-1,2026-07-13 12:45:00+00:00,62576.54172,2026-07-13 12:45:00+00:00,62601.85956,0,-0.20229497591350842,0.4,-0.6022949759135084,-0.040458995182701685,sl,False
ema_pullback,-1,2026-07-13 12:46:00+00:00,62575.04187,2026-07-13 12:46:00+00:00,62619.861359999995,0,-0.35812592896944384,0.4,-0.7581259289694439,-0.07162518579388877,sl,False
ema_pullback,-1,2026-07-13 12:49:00+00:00,62593.64001,2026-07-13 12:49:00+00:00,62615.2609,0,-0.1727083613969338,0.4,-0.5727083613969338,-0.03454167227938676,sl,False
ema_pullback,-1,2026-07-13 12:50:00+00:00,62589.24045,2026-07-13 12:51:00+00:00,62588.45821999999,1,0.0031244587503365118,0.2,-0.1968755412496635,0.0012497835001346047,tp1_partial,True
ema_pullback,-1,2026-07-13 12:50:00+00:00,62589.24045,2026-07-13 12:53:00+00:00,62575.05688,3,0.05665338761912109,0.2,-0.14334661238087892,0.022661355047648435,tp2,False
ema_pullback,-1,2026-07-13 12:54:00+00:00,62560.84329,2026-07-13 12:56:00+00:00,62542.45361999999,2,0.07348714080929186,0.2,-0.12651285919070815,0.029394856323716745,tp1_partial,True
ema_pullback,-1,2026-07-13 12:54:00+00:00,62560.84329,2026-07-13 12:58:00+00:00,62604.2598,4,-0.17349714180942,0.2,-0.37349714180942,-0.069398856723768,sl,False
ema_pullback,-1,2026-07-13 13:04:00+00:00,62590.84029,2026-07-13 13:07:00+00:00,62626.262,3,-0.2829624098021899,0.4,-0.6829624098021899,-0.05659248196043798,sl,False
ema_pullback,-1,2026-07-13 13:09:00+00:00,62589.34044,2026-07-13 13:09:00+00:00,62585.157889999995,0,0.016706319201476028,0.2,-0.18329368079852398,0.006682527680590411,tp1_partial,True
ema_pullback,-1,2026-07-13 13:09:00+00:00,62589.34044,2026-07-13 13:10:00+00:00,62568.35620999999,1,0.08381710788327168,0.2,-0.11618289211672833,0.03352684315330867,tp2,False
ema_pullback,-1,2026-07-13 13:23:00+00:00,62445.7548,2026-07-13 13:23:00+00:00,62476.14699,0,-0.24334872800668705,0.4,-0.6433487280066871,-0.04866974560133741,sl,False
ema_pullback,-1,2026-07-13 13:30:00+00:00,62493.75,2026-07-13 13:30:00+00:00,62546.55403,0,-0.42247448744869853,0.4,-0.8224744874486986,-0.0844948974897397,sl,False
ema_pullback,-1,2026-07-13 13:38:00+00:00,62623.737,2026-07-13 13:39:00+00:00,62596.95907,1,0.10690008007668839,0.2,-0.09309991992331162,0.042760032030675355,tp1_partial,True
ema_pullback,-1,2026-07-13 13:38:00+00:00,62623.737,2026-07-13 13:40:00+00:00,62557.655139999995,2,0.2638051606534131,0.2,0.06380516065341307,0.10552206426136523,tp2,False
ema_pullback,-1,2026-07-13 13:41:00+00:00,62462.65311,2026-07-13 13:41:00+00:00,62355.334910000005,0,0.4295294654351467,0.2,0.22952946543514668,0.17181178617405868,tp1_partial,True
ema_pullback,-1,2026-07-13 13:41:00+00:00,62462.65311,2026-07-13 13:43:00+00:00,62235.52293000001,2,0.9090639313703297,0.2,0.7090639313703297,0.3636255725481319,tp2,False
ema_pullback,-1,2026-07-13 13:51:00+00:00,62285.370839999996,2026-07-13 13:51:00+00:00,62247.12409,0,0.15351417790482325,0.2,-0.046485822095176765,0.0614056711619293,tp1_partial,True
ema_pullback,-1,2026-07-13 13:51:00+00:00,62285.370839999996,2026-07-13 13:52:00+00:00,62196.51903,1,0.3566319378118521,0.2,0.15663193781185208,0.14265277512474084,tp2,False
ema_pullback,-1,2026-07-13 13:57:00+00:00,62232.37614,2026-07-13 13:57:00+00:00,62299.129290000004,0,-0.536321719821764,0.4,-0.936321719821764,-0.1072643439643528,sl,False
ema_pullback,-1,2026-07-13 14:05:00+00:00,62258.473529999996,2026-07-13 14:11:00+00:00,62366.236,6,-0.8654442029331078,0.4,-1.2654442029331077,-0.17308884058662155,sl,False
ema_pullback,-1,2026-07-13 14:17:00+00:00,62173.682010000004,2026-07-13 14:19:00+00:00,62406.24,2,-1.8702285475274971,0.4,-2.270228547527497,-0.3740457095054994,sl,False
ema_pullback,-1,2026-07-13 14:23:00+00:00,62324.16696,2026-07-13 14:23:00+00:00,62383.837759999995,0,-0.47871317749248465,0.4,-0.8787131774924847,-0.09574263549849693,sl,False
ema_pullback,-1,2026-07-13 14:36:00+00:00,62495.949779999995,2026-07-13 14:39:00+00:00,62625.76195,3,-1.0385646626459577,0.4,-1.4385646626459576,-0.20771293252919154,sl,False
ema_pullback,-1,2026-07-13 14:42:00+00:00,62553.744,2026-07-13 14:46:00+00:00,62645.563930000004,4,-0.7339283320915158,0.4,-1.1339283320915157,-0.14678566641830315,sl,False
ema_pullback,-1,2026-07-13 14:51:00+00:00,62626.83669,2026-07-13 14:57:00+00:00,62726.272,6,-0.7938714076538567,0.4,-1.1938714076538566,-0.15877428153077133,sl,False
ema_pullback,-1,2026-07-13 15:03:00+00:00,62709.7284,2026-07-13 15:04:00+00:00,62673.16669,1,0.14575772744057636,0.2,-0.054242272559423654,0.05830309097623054,tp1_partial,True
ema_pullback,-1,2026-07-13 15:03:00+00:00,62709.7284,2026-07-13 15:10:00+00:00,62771.376509999995,7,-0.24576772844064898,0.2,-0.445767728440649,-0.09830709137625959,sl,False
ema_pullback,-1,2026-07-13 15:22:00+00:00,62797.81959,2026-07-13 15:23:00+00:00,62853.18469,1,-0.44082024154246113,0.4,-0.8408202415424612,-0.08816404830849223,sl,False
ema_pullback,-1,2026-07-13 15:26:00+00:00,62786.120760000005,2026-07-13 15:34:00+00:00,62712.17059,8,0.29445269553551867,0.2,0.09445269553551866,0.11778107821420747,tp1_partial,True
ema_pullback,-1,2026-07-13 15:26:00+00:00,62786.120760000005,2026-07-13 15:41:00+00:00,62625.66194,15,0.6389103915711014,0.2,0.4389103915711014,0.25556415662844056,tp2,False
ema_pullback,-1,2026-07-13 15:46:00+00:00,62591.94018,2026-07-13 15:48:00+00:00,62637.46311999999,2,-0.3636485773493847,0.4,-0.7636485773493847,-0.07272971546987694,sl,False
ema_pullback,-1,2026-07-13 15:52:00+00:00,62593.83999,2026-07-13 16:01:00+00:00,62553.454719999994,9,0.1612988994063036,0.2,-0.038701100593696414,0.06451955976252144,tp1_partial,True
ema_pullback,-1,2026-07-13 15:52:00+00:00,62593.83999,2026-07-13 16:15:00+00:00,62500.54942999999,23,0.3726027993126435,0.2,0.1726027993126435,0.1490411197250574,tp2,False
ema_pullback,-1,2026-07-13 16:31:00+00:00,62234.27595,2026-07-13 16:41:00+00:00,62328.93227,10,-0.7604838214558818,0.4,-1.1604838214558817,-0.15209676429117636,sl,False
ema_pullback,-1,2026-07-13 16:51:00+00:00,62271.27225,2026-07-13 17:24:00+00:00,62203.11969,33,0.2736115609072165,0.2,0.07361156090721649,0.1094446243628866,tp1_partial,True
ema_pullback,-1,2026-07-13 16:51:00+00:00,62271.27225,2026-07-13 17:36:00+00:00,62122.51163,45,0.5972281223144693,0.2,0.3972281223144693,0.23889124892578772,tp2,False
ema_pullback,-1,2026-07-13 17:37:00+00:00,61976.501729999996,2026-07-13 17:45:00+00:00,62164.11579,8,-1.5135902702071435,0.4,-1.9135902702071435,-0.3027180540414287,sl,False
ema_pullback,-1,2026-07-13 17:47:00+00:00,62065.492829999996,2026-07-13 17:51:00+00:00,61984.09778999999,4,0.32785947669403126,0.2,0.12785947669403125,0.1311437906776125,tp1_partial,True
ema_pullback,-1,2026-07-13 17:47:00+00:00,62065.492829999996,2026-07-13 17:59:00+00:00,61890.38841999999,12,0.7053211132940773,0.2,0.5053211132940774,0.2821284453176309,tp2,False
ema_pullback,-1,2026-07-13 18:02:00+00:00,61923.906989999996,2026-07-13 18:04:00+00:00,61978.69725,2,-0.4423998958015263,0.4,-0.8423998958015263,-0.08847997916030526,sl,False
ema_pullback,-1,2026-07-13 18:10:00+00:00,61956.30375,2026-07-13 18:10:00+00:00,61929.592339999996,0,0.10778326168306429,0.2,-0.09221673831693572,0.043113304673225716,tp1_partial,True
ema_pullback,-1,2026-07-13 18:10:00+00:00,61956.30375,2026-07-13 18:12:00+00:00,61890.38841999999,2,0.2659750744088418,0.2,0.06597507440884182,0.10639002976353673,tp2,False
ema_pullback,-1,2026-07-13 18:15:00+00:00,61897.60962,2026-07-13 18:19:00+00:00,61869.88637,4,0.11197221576972338,0.2,-0.08802778423027663,0.04478888630788935,tp1_partial,True
ema_pullback,-1,2026-07-13 18:15:00+00:00,61897.60962,2026-07-13 18:20:00+00:00,61829.782360000005,5,0.2739494320394553,0.2,0.07394943203945531,0.10957977281578213,tp2,False
ema_pullback,-1,2026-07-13 18:23:00+00:00,61837.315650000004,2026-07-13 18:23:00+00:00,61890.88847,0,-0.4331754979729485,0.4,-0.8331754979729485,-0.0866350995945897,sl,False
ema_pullback,-1,2026-07-13 18:29:00+00:00,61887.51063,2026-07-13 18:32:00+00:00,61961.1955,3,-0.5953129254183676,0.4,-0.9953129254183676,-0.11906258508367351,sl,False
ema_pullback,-1,2026-07-13 18:33:00+00:00,61892.610120000005,2026-07-13 18:36:00+00:00,61969.996380000004,3,-0.6251655880238349,0.4,-1.0251655880238348,-0.12503311760476699,sl,False
ema_pullback,-1,2026-07-13 18:43:00+00:00,61931.40624,2026-07-13 18:43:00+00:00,61958.1952,0,-0.21627928079159808,0.4,-0.6162792807915981,-0.04325585615831962,sl,False
ema_pullback,-1,2026-07-13 18:49:00+00:00,61948.90449,2026-07-13 18:49:00+00:00,61990.49843,0,-0.33571166707813127,0.4,-0.7357116670781313,-0.06714233341562625,sl,False
ema_pullback,-1,2026-07-13 18:59:00+00:00,61983.701010000004,2026-07-13 19:11:00+00:00,62042.60364,12,-0.47514611938459517,0.4,-0.8751461193845952,-0.09502922387691903,sl,False
ema_pullback,-1,2026-07-13 19:19:00+00:00,62034.69591,2026-07-13 19:19:00+00:00,62016.80106,0,0.07211629612066672,0.2,-0.1278837038793333,0.02884651844826669,tp1_partial,True
ema_pullback,-1,2026-07-13 19:19:00+00:00,62034.69591,2026-07-13 19:22:00+00:00,61986.39801999999,3,0.19464063332427783,0.2,-0.005359366675722177,0.07785625332971113,tp2,False
ema_pullback,-1,2026-07-13 19:26:00+00:00,61997.999579999996,2026-07-13 19:30:00+00:00,62041.603540000004,4,-0.3516561848397881,0.4,-0.7516561848397881,-0.07033123696795762,sl,False
ema_pullback,-1,2026-07-13 19:40:00+00:00,62079.09147000001,2026-07-13 19:40:00+00:00,62103.2097,0,-0.19425405099271487,0.4,-0.5942540509927149,-0.03885081019854297,sl,False
ema_pullback,-1,2026-07-13 19:48:00+00:00,62101.089270000004,2026-07-13 19:48:00+00:00,62128.81226,0,-0.2232085646635129,0.4,-0.6232085646635129,-0.04464171293270258,sl,False
ema_pullback,-1,2026-07-13 20:02:00+00:00,62211.97818,2026-07-13 20:02:00+00:00,62237.923169999995,0,-0.2085208569073682,0.4,-0.6085208569073682,-0.04170417138147364,sl,False
ema_pullback,-1,2026-07-13 20:07:00+00:00,62220.37734,2026-07-13 20:09:00+00:00,62210.120390000004,2,0.04121218175817676,0.2,-0.15878781824182325,0.016484872703270703,tp1_partial,True
ema_pullback,-1,2026-07-13 20:07:00+00:00,62220.37734,2026-07-13 20:10:00+00:00,62187.518130000004,3,0.1320275262091386,0.2,-0.06797247379086141,0.05281101048365544,tp2,False
ema_pullback,-1,2026-07-13 20:44:00+00:00,62204.47893,2026-07-13 20:44:00+00:00,62195.61893999999,0,0.03560832817992021,0.2,-0.1643916718200798,0.014243331271968085,tp1_partial,True
ema_pullback,-1,2026-07-13 20:44:00+00:00,62204.47893,2026-07-13 20:45:00+00:00,62174.31680999999,1,0.12122165685990449,0.2,-0.07877834314009552,0.0484886627439618,tp2,False
ema_pullback,-1,2026-07-13 21:03:00+00:00,62154.483929999995,2026-07-13 21:09:00+00:00,62137.41312,6,0.0686628257553501,0.2,-0.1313371742446499,0.02746513030214004,tp1_partial,True
ema_pullback,-1,2026-07-13 21:03:00+00:00,62154.483929999995,2026-07-13 21:10:00+00:00,62107.910169999996,7,0.18733065201076426,0.2,-0.012669347989235746,0.0749322608043057,tp2,False
ema_pullback,-1,2026-07-13 21:25:00+00:00,62046.89469,2026-07-13 21:25:00+00:00,61996.89907,0,0.20144287739859434,0.2,0.0014428773985943333,0.08057715095943774,tp1_partial,True
ema_pullback,-1,2026-07-13 21:25:00+00:00,62046.89469,2026-07-13 21:38:00+00:00,61934.492829999996,13,0.452890755297225,0.2,0.252890755297225,0.18115630211889,tp2,False
ema_pullback,-1,2026-07-13 21:46:00+00:00,61908.50853,2026-07-13 21:48:00+00:00,61968.796259999996,2,-0.48690988873345553,0.4,-0.8869098887334556,-0.0973819777466911,sl,False
ema_pullback,-1,2026-07-13 22:16:00+00:00,62123.587020000006,2026-07-13 22:17:00+00:00,62176.217,1,-0.42359096218191894,0.4,-0.823590962181919,-0.08471819243638379,sl,False
ema_pullback,-1,2026-07-13 22:24:00+00:00,62120.68731,2026-07-13 22:32:00+00:00,62094.808860000005,8,0.10414586155033101,0.2,-0.095854138449669,0.041658344620132404,tp1_partial,True
ema_pullback,-1,2026-07-13 22:24:00+00:00,62120.68731,2026-07-13 22:33:00+00:00,62056.60504000001,9,0.2578942409321716,0.2,0.0578942409321716,0.10315769637286865,tp2,False
ema_pullback,-1,2026-07-13 22:45:00+00:00,62028.196560000004,2026-07-13 22:45:00+00:00,62048.90427,0,-0.16692174807919624,0.4,-0.5669217480791963,-0.03338434961583925,sl,False
ema_pullback,-1,2026-07-13 22:47:00+00:00,62026.7967,2026-07-13 22:47:00+00:00,62026.402019999994,0,0.0015907640769918796,0.2,-0.19840923592300813,0.0006363056307967518,tp1_partial,True
ema_pullback,-1,2026-07-13 22:47:00+00:00,62026.7967,2026-07-13 22:49:00+00:00,62013.600739999994,2,0.05318652865402007,0.2,-0.14681347134597994,0.02127461146160803,tp2,False
ema_pullback,-1,2026-07-13 22:50:00+00:00,61994.69991,2026-07-13 22:54:00+00:00,61976.29701,4,0.07421158593684529,0.2,-0.12578841406315472,0.029684634374738117,tp1_partial,True
ema_pullback,-1,2026-07-13 22:50:00+00:00,61994.69991,2026-07-13 22:55:00+00:00,61945.49393000001,5,0.19842817237369914,0.2,-0.0015718276263008701,0.07937126894947966,tp2,False
ema_pullback,-1,2026-07-13 23:30:00+00:00,62133.786,2026-07-13 23:32:00+00:00,62102.60964,2,0.1254404487761318,0.2,-0.0745595512238682,0.05017617951045272,tp1_partial,True
ema_pullback,-1,2026-07-13 23:30:00+00:00,62133.786,2026-07-13 23:48:00+00:00,62189.81836,18,-0.2254504497762322,0.2,-0.4254504497762322,-0.09018017991049287,sl,False
ema_pullback,-1,2026-07-14 00:04:00+00:00,62271.87219,2026-07-14 00:10:00+00:00,62324.43182,6,-0.422017422566201,0.4,-0.822017422566201,-0.0844034845132402,sl,False
ema_pullback,-1,2026-07-14 00:16:00+00:00,62343.765,2026-07-14 00:28:00+00:00,62292.628639999995,12,0.20505803587578253,0.2,0.005058035875782518,0.08202321435031301,tp1_partial,True
ema_pullback,-1,2026-07-14 00:16:00+00:00,62343.765,2026-07-14 00:33:00+00:00,62420.04138,17,-0.30587012189592366,0.2,-0.5058701218959236,-0.12234804875836947,sl,False
ema_pullback,-1,2026-07-14 00:35:00+00:00,62352.56412,2026-07-14 00:42:00+00:00,62309.83036000001,7,0.1713392247901513,0.2,-0.02866077520984872,0.06853568991606052,tp1_partial,True
ema_pullback,-1,2026-07-14 00:35:00+00:00,62352.56412,2026-07-14 00:55:00+00:00,62420.441419999996,20,-0.2721511976209734,0.2,-0.4721511976209734,-0.10886047904838936,sl,False
ema_pullback,-1,2026-07-14 01:02:00+00:00,62459.7534,2026-07-14 01:02:00+00:00,62511.35051,0,-0.4130428571303968,0.4,-0.8130428571303968,-0.08260857142607936,sl,False
ema_pullback,-1,2026-07-14 01:04:00+00:00,62432.55612,2026-07-14 01:08:00+00:00,62490.34841,4,-0.4628377691994201,0.4,-0.8628377691994201,-0.09256755383988402,sl,False
ema_pullback,-1,2026-07-14 01:09:00+00:00,62450.45433,2026-07-14 01:15:00+00:00,62506.14999,6,-0.445918773510412,0.4,-0.845918773510412,-0.0891837547020824,sl,False
ema_pullback,-1,2026-07-14 01:21:00+00:00,62491.85019,2026-07-14 01:22:00+00:00,62537.85316,1,-0.3680717554379598,0.4,-0.7680717554379598,-0.07361435108759196,sl,False
ema_pullback,-1,2026-07-14 01:28:00+00:00,62519.84739,2026-07-14 01:28:00+00:00,62483.64773999999,0,0.14475263260879667,0.2,-0.05524736739120334,0.05790105304351867,tp1_partial,True
ema_pullback,-1,2026-07-14 01:28:00+00:00,62519.84739,2026-07-14 02:08:00+00:00,62581.2575,40,-0.24556245961748768,0.2,-0.4455624596174877,-0.09822498384699507,sl,False
ema_pullback,-1,2026-07-14 02:12:00+00:00,62519.84739,2026-07-14 02:12:00+00:00,62517.15108999999,0,0.010781776158180767,0.2,-0.18921822384181924,0.004312710463272307,tp1_partial,True
ema_pullback,-1,2026-07-14 02:12:00+00:00,62519.84739,2026-07-14 02:13:00+00:00,62501.94956999999,1,0.07156855281637009,0.2,-0.12843144718362992,0.028627421126548036,tp2,False
ema_pullback,-1,2026-07-14 02:18:00+00:00,62476.95168,2026-07-14 02:19:00+00:00,62475.646940000006,1,0.005220885322149149,0.2,-0.19477911467785086,0.0020883541288596597,tp1_partial,True
ema_pullback,-1,2026-07-14 02:18:00+00:00,62476.95168,2026-07-14 02:20:00+00:00,62461.745550000014,2,0.06084695872274337,0.2,-0.13915304127725664,0.02433878348909735,tp2,False
ema_pullback,-1,2026-07-14 02:51:00+00:00,62541.145260000005,2026-07-14 02:53:00+00:00,62521.151490000004,2,0.07992246511029366,0.2,-0.12007753488970635,0.031968986044117464,tp1_partial,True
ema_pullback,-1,2026-07-14 02:51:00+00:00,62541.145260000005,2026-07-14 03:07:00+00:00,62488.64824,16,0.2098499307206514,0.2,0.009849930720651379,0.08393997228826056,tp2,False
ema_pullback,-1,2026-07-14 03:18:00+00:00,62337.365639999996,2026-07-14 03:20:00+00:00,62299.62934,2,0.15133900676012058,0.2,-0.048660993239879435,0.06053560270404823,tp1_partial,True
ema_pullback,-1,2026-07-14 03:18:00+00:00,62337.365639999996,2026-07-14 03:26:00+00:00,62399.83936,8,-0.2505468404006006,0.2,-0.4505468404006006,-0.10021873616024024,sl,False
ema_pullback,-1,2026-07-14 03:35:00+00:00,62402.85909,2026-07-14 03:35:00+00:00,62423.141690000004,0,-0.16251338717310215,0.4,-0.5625133871731022,-0.03250267743462043,sl,False
ema_pullback,-1,2026-07-14 03:43:00+00:00,62413.15806,2026-07-14 03:44:00+00:00,62468.14619,1,-0.44051712578885294,0.4,-0.840517125788853,-0.08810342515777059,sl,False
ema_pullback,-1,2026-07-14 04:07:00+00:00,62555.543820000006,2026-07-14 04:10:00+00:00,62528.05218,3,0.10986891936834442,0.2,-0.09013108063165559,0.04394756774733777,tp1_partial,True
ema_pullback,-1,2026-07-14 04:07:00+00:00,62555.543820000006,2026-07-14 04:23:00+00:00,62608.2602,16,-0.2106782899677362,0.2,-0.4106782899677362,-0.08427131598709448,sl,False
ema_pullback,-1,2026-07-14 04:41:00+00:00,62685.7308,2026-07-14 04:58:00+00:00,62738.77325,17,-0.42308232928822687,0.4,-0.8230823292882269,-0.08461646585764537,sl,False
ema_pullback,-1,2026-07-14 05:01:00+00:00,62673.83199,2026-07-14 05:05:00+00:00,62719.87136,4,-0.36729340251084874,0.4,-0.7672934025108488,-0.07345868050216975,sl,False
ema_pullback,-1,2026-07-14 05:17:00+00:00,62760.22335,2026-07-14 05:18:00+00:00,62758.675240000004,1,0.006166764223269894,0.2,-0.19383323577673012,0.0024667056893079575,tp1_partial,True
ema_pullback,-1,2026-07-14 05:17:00+00:00,62760.22335,2026-07-14 05:20:00+00:00,62744.57383,3,0.062338528946603855,0.2,-0.13766147105339616,0.024935411578641542,tp2,False
ema_pullback,-1,2026-07-14 05:21:00+00:00,62736.425729999995,2026-07-14 05:21:00+00:00,62780.97747,0,-0.3550707542038234,0.4,-0.7550707542038234,-0.07101415084076468,sl,False
ema_pullback,-1,2026-07-14 05:30:00+00:00,62806.7187,2026-07-14 05:30:00+00:00,62826.38201,0,-0.15653826857220388,0.4,-0.5565382685722039,-0.031307653714440775,sl,False
ema_pullback,-1,2026-07-14 05:32:00+00:00,62805.91878,2026-07-14 05:35:00+00:00,62782.877660000006,3,0.09171555980536095,0.2,-0.10828444019463906,0.03668622392214438,tp1_partial,True
ema_pullback,-1,2026-07-14 05:32:00+00:00,62805.91878,2026-07-14 05:37:00+00:00,62747.17409000001,5,0.23383421157235906,0.2,0.03383421157235905,0.09353368462894363,tp2,False
ema_pullback,-1,2026-07-14 05:46:00+00:00,62694.129960000006,2026-07-14 06:03:00+00:00,62675.96697,17,0.07242699600262803,0.2,-0.12757300399737198,0.028970798401051212,tp1_partial,True
ema_pullback,-1,2026-07-14 05:46:00+00:00,62694.129960000006,2026-07-14 06:07:00+00:00,62645.36391000001,21,0.19446019121371894,0.2,-0.005539808786281075,0.07778407648548757,tp2,False
ema_pullback,-1,2026-07-14 06:12:00+00:00,62638.535520000005,2026-07-14 06:12:00+00:00,62669.266299999996,0,-0.24530251022691907,0.4,-0.6453025102269191,-0.049060502045383814,sl,False
ema_pullback,-1,2026-07-14 06:15:00+00:00,62628.23655,2026-07-14 06:31:00+00:00,62691.96857,16,-0.5088121868888074,0.4,-0.9088121868888074,-0.10176243737776147,sl,False
ema_pullback,-1,2026-07-14 06:38:00+00:00,62673.83199,2026-07-14 06:40:00+00:00,62634.76285,2,0.15584311170821485,0.2,-0.04415688829178516,0.06233724468328594,tp1_partial,True
ema_pullback,-1,2026-07-14 06:38:00+00:00,62673.83199,2026-07-14 06:55:00+00:00,62583.15769,17,0.3616912239164938,0.2,0.16169122391649376,0.1446764895665975,tp2,False
ema_pullback,-1,2026-07-14 07:01:00+00:00,62576.54172,2026-07-14 07:01:00+00:00,62606.46002,0,-0.23905363877307906,0.4,-0.6390536387730791,-0.04781072775461581,sl,False
ema_pullback,-1,2026-07-14 07:03:00+00:00,62554.84389,2026-07-14 07:05:00+00:00,62614.56083,2,-0.4773166735497769,0.4,-0.8773166735497769,-0.09546333470995538,sl,False
ema_pullback,-1,2026-07-14 07:07:00+00:00,62565.042870000005,2026-07-14 07:26:00+00:00,62626.56203,19,-0.4916416354722175,0.4,-0.8916416354722175,-0.0983283270944435,sl,False
ema_pullback,-1,2026-07-14 07:32:00+00:00,62583.94098,2026-07-14 07:33:00+00:00,62556.955069999996,1,0.10779886012862727,0.2,-0.09220113987137274,0.04311954405145091,tp1_partial,True
ema_pullback,-1,2026-07-14 07:32:00+00:00,62583.94098,2026-07-14 07:46:00+00:00,62517.55112999999,14,0.2652032173126595,0.2,0.06520321731265949,0.1060812869250638,tp2,False
ema_pullback,-1,2026-07-14 07:56:00+00:00,62537.545620000004,2026-07-14 07:57:00+00:00,62564.155790000004,1,-0.2127535525753288,0.4,-0.6127535525753288,-0.04255071051506576,sl,False
ema_pullback,-1,2026-07-14 07:58:00+00:00,62523.84699,2026-07-14 08:01:00+00:00,62564.2558,3,-0.32314718259784936,0.4,-0.7231471825978494,-0.06462943651956987,sl,False
ema_pullback,-1,2026-07-14 08:02:00+00:00,62532.64611,2026-07-14 08:03:00+00:00,62525.95197,1,0.0267625808934302,0.2,-0.1732374191065698,0.01070503235737208,tp1_partial,True
ema_pullback,-1,2026-07-14 08:02:00+00:00,62532.64611,2026-07-14 08:05:00+00:00,62564.35581,3,-0.12677258189353058,0.2,-0.3267725818935306,-0.05070903275741223,sl,False
ema_pullback,-1,2026-07-14 08:08:00+00:00,62512.84809,2026-07-14 08:08:00+00:00,62498.849259999995,0,0.05598381143925857,0.2,-0.14401618856074144,0.022393524575703427,tp1_partial,True
ema_pullback,-1,2026-07-14 08:08:00+00:00,62512.84809,2026-07-14 08:15:00+00:00,62551.85456,7,-0.15599381243935895,0.2,-0.35599381243935896,-0.06239752497574358,sl,False
ema_pullback,-1,2026-07-14 08:22:00+00:00,62542.54512,2026-07-14 08:25:00+00:00,62577.55713,3,-0.2799055421619512,0.4,-0.6799055421619512,-0.055981108432390236,sl,False
ema_pullback,-1,2026-07-14 08:48:00+00:00,62719.7274,2026-07-14 08:48:00+00:00,62718.77125,0,0.0038112011947477598,0.2,-0.19618879880525225,0.001524480477899104,tp1_partial,True
ema_pullback,-1,2026-07-14 08:48:00+00:00,62719.7274,2026-07-14 08:49:00+00:00,62705.36991,1,0.05722876435845792,0.2,-0.1427712356415421,0.022891505743383167,tp2,False
ema_pullback,-1,2026-07-14 08:57:00+00:00,62678.431529999994,2026-07-14 08:58:00+00:00,62678.46722,1,-0.00014235359407921422,0.2,-0.20014235359407923,-5.694143763168569e-05,tp1_partial,True
ema_pullback,-1,2026-07-14 08:57:00+00:00,62678.431529999994,2026-07-14 09:00:00+00:00,62666.06597999999,3,0.049321392136647546,0.2,-0.15067860786335247,0.01972855685465902,tp2,False
ema_pullback,-1,2026-07-14 09:01:00+00:00,62656.933679999995,2026-07-14 09:02:00+00:00,62690.068380000004,1,-0.26441367342711075,0.4,-0.6644136734271108,-0.05288273468542215,sl,False
ema_pullback,-1,2026-07-14 09:07:00+00:00,62646.33474,2026-07-14 09:16:00+00:00,62698.86926,9,-0.41929444250832226,0.4,-0.8192944425083223,-0.08385888850166445,sl,False
ema_pullback,-1,2026-07-14 09:19:00+00:00,62652.83409,2026-07-14 09:23:00+00:00,62633.462719999996,4,0.07729646344559193,0.2,-0.12270353655440808,0.030918585378236774,tp1_partial,True
ema_pullback,-1,2026-07-14 09:19:00+00:00,62652.83409,2026-07-14 09:34:00+00:00,62601.55952999999,15,0.20459792739124794,0.2,0.004597927391247925,0.08183917095649917,tp2,False
ema_pullback,-1,2026-07-14 09:41:00+00:00,62549.444429999996,2026-07-14 09:45:00+00:00,62534.65284000001,4,0.05911958984919363,0.2,-0.14088041015080638,0.023647835939677453,tp1_partial,True
ema_pullback,-1,2026-07-14 09:41:00+00:00,62549.444429999996,2026-07-14 09:48:00+00:00,62589.45832,7,-0.15992903839767703,0.2,-0.35992903839767704,-0.06397161535907081,sl,False
ema_pullback,-1,2026-07-14 09:51:00+00:00,62547.944579999996,2026-07-14 09:54:00+00:00,62582.15759,3,-0.2734942789066608,0.4,-0.6734942789066608,-0.054698855781332156,sl,False
ema_pullback,-1,2026-07-14 10:18:00+00:00,62681.93118,2026-07-14 10:20:00+00:00,62677.36710999999,2,0.01820329205756699,0.2,-0.18179670794243302,0.0072813168230267955,tp1_partial,True
ema_pullback,-1,2026-07-14 10:18:00+00:00,62681.93118,2026-07-14 10:23:00+00:00,62660.26539999998,5,0.08641158461519804,0.2,-0.11358841538480197,0.03456463384607922,tp2,False
ema_pullback,-1,2026-07-14 10:26:00+00:00,62670.432329999996,2026-07-14 10:27:00+00:00,62657.46511999999,1,0.051727782615751394,0.2,-0.14827221738424862,0.020691113046300558,tp1_partial,True
ema_pullback,-1,2026-07-14 10:26:00+00:00,62670.432329999996,2026-07-14 10:31:00+00:00,62631.962569999996,5,0.15346056573151134,0.2,-0.046539434268488666,0.06138422629260454,tp2,False
ema_pullback,-1,2026-07-14 10:32:00+00:00,62585.54082,2026-07-14 10:37:00+00:00,62684.367809999996,5,-0.7895353200209065,0.4,-1.1895353200209065,-0.1579070640041813,sl,False
ema_pullback,-1,2026-07-14 10:52:00+00:00,62793.72,2026-07-14 11:00:00+00:00,62750.17439,8,0.17336769504977534,0.2,-0.026632304950224672,0.06934707801991014,tp1_partial,True
ema_pullback,-1,2026-07-14 10:52:00+00:00,62793.72,2026-07-14 11:08:00+00:00,62694.06878,16,0.39674039059955923,0.2,0.19674039059955922,0.1586961562398237,tp2,False
ema_pullback,-1,2026-07-14 11:11:00+00:00,62694.7299,2026-07-14 11:12:00+00:00,62722.67164,1,-0.22283962339875174,0.4,-0.6228396233987518,-0.04456792467975035,sl,False
ema_pullback,-1,2026-07-14 11:22:00+00:00,62743.725,2026-07-14 11:24:00+00:00,62804.2798,2,-0.4825566221960953,0.4,-0.8825566221960953,-0.09651132443921906,sl,False
ema_pullback,-1,2026-07-14 11:38:00+00:00,62818.01757,2026-07-14 12:05:00+00:00,62779.37731,27,0.15377857139850515,0.2,-0.04622142860149486,0.06151142855940206,tp1_partial,True
ema_pullback,-1,2026-07-14 11:38:00+00:00,62818.01757,2026-07-14 12:18:00+00:00,62881.78755,40,-0.2537885723986055,0.2,-0.45378857239860554,-0.10151542895944221,sl,False
ema_pullback,-1,2026-07-14 12:29:00+00:00,62875.41183,2026-07-14 12:30:00+00:00,63008.20019,1,-1.0559641371338246,0.4,-1.4559641371338246,-0.21119282742676493,sl,False
ema_pullback,1,2026-07-14 12:31:00+00:00,63534.3528,2026-07-14 13:23:00+00:00,64130.88627,52,2.3472871120519545,0.2,2.1472871120519543,0.9389148448207818,tp1_partial,True
ema_pullback,1,2026-07-14 12:31:00+00:00,63534.3528,2026-07-14 15:31:00+00:00,64740.125340000006,180,4.744569224603811,0.2,4.544569224603811,1.8978276898415247,tp2,False
ema_pullback,1,2026-07-14 15:44:00+00:00,64783.67772,2026-07-14 15:51:00+00:00,64681.43121,7,-0.7891378939762772,0.4,-1.1891378939762771,-0.15782757879525544,sl,False
ema_pullback,1,2026-07-14 15:58:00+00:00,64651.06446,2026-07-14 15:58:00+00:00,64696.82967,0,0.17697005603178884,0.2,-0.023029943968211175,0.07078802241271553,tp1_partial,True
ema_pullback,1,2026-07-14 15:58:00+00:00,64651.06446,2026-07-14 16:00:00+00:00,64755.42380999999,2,0.40354845999696076,0.2,0.20354845999696075,0.1614193839987843,tp2,False
ema_pullback,1,2026-07-14 16:03:00+00:00,64715.67092,2026-07-14 16:09:00+00:00,64822.61708999999,6,0.4131386126406955,0.2,0.2131386126406955,0.1652554450562782,tp1_partial,True
ema_pullback,1,2026-07-14 16:03:00+00:00,64715.67092,2026-07-14 17:08:00+00:00,64582.84107,65,-0.5131286136405566,0.2,-0.7131286136405566,-0.20525144545622265,sl,False
ema_pullback,1,2026-07-14 17:15:00+00:00,64574.95685,2026-07-14 17:15:00+00:00,64582.44111,0,0.0289750871122485,0.2,-0.1710249128877515,0.0115900348448994,tp1_partial,True
ema_pullback,1,2026-07-14 17:15:00+00:00,64574.95685,2026-07-14 17:16:00+00:00,64602.83907,1,0.10794517472451082,0.2,-0.0920548252754892,0.04317806988980433,tp2,False
ema_pullback,1,2026-07-14 17:27:00+00:00,64505.149869999994,2026-07-14 17:33:00+00:00,64421.65719,6,-0.6471784048890927,0.4,-1.0471784048890926,-0.12943568097781855,sl,False
ema_pullback,1,2026-07-14 17:36:00+00:00,64462.14556999999,2026-07-14 17:36:00+00:00,64393.56,0,-0.5319833011571129,0.4,-0.9319833011571129,-0.10639666023142258,sl,False
ema_pullback,1,2026-07-14 17:41:00+00:00,64461.4455,2026-07-14 17:44:00+00:00,64473.552,3,0.046952484179074716,0.2,-0.1530475158209253,0.018780993671629886,tp1_partial,True
ema_pullback,1,2026-07-14 17:41:00+00:00,64461.4455,2026-07-14 17:45:00+00:00,64498.5495,4,0.14389996885810774,0.2,-0.05610003114189227,0.057559987543243096,tp2,False
ema_pullback,1,2026-07-14 17:50:00+00:00,64497.54911,2026-07-14 17:50:00+00:00,64519.14744,0,0.08371763849185365,0.2,-0.11628236150814636,0.03348705539674146,tp1_partial,True
ema_pullback,1,2026-07-14 17:50:00+00:00,64497.54911,2026-07-14 17:51:00+00:00,64553.64399,1,0.2174302774836101,0.2,0.01743027748361009,0.08697211099344404,tp2,False
ema_pullback,1,2026-07-14 18:17:00+00:00,64505.149869999994,2026-07-14 18:17:00+00:00,64499.849369999996,0,-0.020542933435091504,0.2,-0.22054293343509151,-0.008217173374036602,tp1_partial,True
ema_pullback,1,2026-07-14 18:17:00+00:00,64505.149869999994,2026-07-14 18:18:00+00:00,64507.44860999999,1,0.008909133629775301,0.2,-0.1910908663702247,0.0035636534519101204,tp2,False
ema_pullback,1,2026-07-14 18:19:00+00:00,64521.25148,2026-07-14 18:20:00+00:00,64494.149939999996,1,-0.2100202598240286,0.4,-0.6100202598240286,-0.04200405196480572,sl,False
ema_pullback,1,2026-07-14 18:21:00+00:00,64523.35169,2026-07-14 18:23:00+00:00,64460.65329,2,-0.48585820759305953,0.4,-0.8858582075930596,-0.0971716415186119,sl,False
ema_pullback,1,2026-07-14 18:26:00+00:00,64521.35149,2026-07-14 18:30:00+00:00,64458.053550000004,4,-0.4905193283947784,0.4,-0.8905193283947784,-0.09810386567895568,sl,False
ema_pullback,1,2026-07-14 18:32:00+00:00,64502.64962,2026-07-14 18:33:00+00:00,64526.346719999994,1,0.09184545185197956,0.2,-0.10815454814802045,0.036738180740791826,tp1_partial,True
ema_pullback,1,2026-07-14 18:32:00+00:00,64502.64962,2026-07-14 18:38:00+00:00,64562.94306,6,0.23368590420397295,0.2,0.03368590420397294,0.09347436168158918,tp2,False
ema_pullback,1,2026-07-14 18:45:00+00:00,64559.95535,2026-07-14 18:45:00+00:00,64570.64229,0,0.04138378017021216,0.2,-0.15861621982978785,0.016553512068084864,tp1_partial,True
ema_pullback,1,2026-07-14 18:45:00+00:00,64559.95535,2026-07-14 18:46:00+00:00,64594.33992000001,1,0.13314975906353332,0.2,-0.06685024093646669,0.05325990362541333,tp2,False
ema_pullback,1,2026-07-14 18:57:00+00:00,64557.15506999999,2026-07-14 18:58:00+00:00,64518.5475,1,-0.2990185205507534,0.4,-0.6990185205507534,-0.05980370411015068,sl,False
ema_pullback,1,2026-07-14 19:00:00+00:00,64550.4544,2026-07-14 19:00:00+00:00,64557.64359,0,0.027843297412954993,0.2,-0.17215670258704502,0.011137318965181997,tp1_partial,True
ema_pullback,1,2026-07-14 19:00:00+00:00,64550.4544,2026-07-14 19:01:00+00:00,64577.741579999994,1,0.10568159532581278,0.2,-0.09431840467418723,0.04227263813032511,tp2,False
ema_pullback,1,2026-07-14 19:07:00+00:00,64573.056659999995,2026-07-14 19:07:00+00:00,64548.64449,0,-0.1890275237281802,0.4,-0.5890275237281802,-0.03780550474563604,sl,False
ema_pullback,1,2026-07-14 19:13:00+00:00,64584.857840000004,2026-07-14 19:13:00+00:00,64605.83877,0,0.08121458613402632,0.2,-0.11878541386597369,0.03248583445361053,tp1_partial,True
ema_pullback,1,2026-07-14 19:13:00+00:00,64584.857840000004,2026-07-14 19:18:00+00:00,64537.845570000005,5,-0.181978684990175,0.2,-0.381978684990175,-0.07279147399607,sl,False
ema_pullback,1,2026-07-14 19:20:00+00:00,64590.458399999996,2026-07-14 19:22:00+00:00,64617.937560000006,2,0.10635920800344811,0.2,-0.0936407919965519,0.042543683201379245,tp1_partial,True
ema_pullback,1,2026-07-14 19:20:00+00:00,64590.458399999996,2026-07-14 19:29:00+00:00,64537.14564,9,-0.2063492090032537,0.2,-0.4063492090032537,-0.08253968360130148,sl,False
ema_pullback,1,2026-07-14 19:43:00+00:00,64517.15107,2026-07-14 19:46:00+00:00,64539.845369999995,3,0.08793901940651327,0.2,-0.11206098059348674,0.03517560776260531,tp1_partial,True
ema_pullback,1,2026-07-14 19:43:00+00:00,64517.15107,2026-07-14 19:52:00+00:00,64575.44181,9,0.22587303931304037,0.2,0.025873039313040358,0.09034921572521615,tp2,False
ema_pullback,1,2026-07-14 20:17:00+00:00,64467.146069999995,2026-07-14 20:17:00+00:00,64477.45161000001,0,0.03996430983943533,0.2,-0.16003569016056468,0.015985723935774132,tp1_partial,True
ema_pullback,1,2026-07-14 20:17:00+00:00,64467.146069999995,2026-07-14 20:23:00+00:00,64431.25623,6,-0.13917879954319923,0.2,-0.33917879954319924,-0.05567151981727969,sl,False
ema_pullback,1,2026-07-14 20:28:00+00:00,64448.4442,2026-07-14 20:28:00+00:00,64416.35772000001,0,-0.24893137761727857,0.4,-0.6489313776172786,-0.049786275523455714,sl,False
ema_pullback,1,2026-07-14 20:41:00+00:00,64422.84164,2026-07-14 20:42:00+00:00,64403.15904,1,-0.1527610355189779,0.4,-0.5527610355189779,-0.03055220710379558,sl,False
ema_pullback,1,2026-07-14 20:45:00+00:00,64464.245780000005,2026-07-14 20:56:00+00:00,64506.24873000001,11,0.16289242777828283,0.2,-0.03710757222171718,0.06515697111131313,tp1_partial,True
ema_pullback,1,2026-07-14 20:45:00+00:00,64464.245780000005,2026-07-14 20:58:00+00:00,64561.143240000005,13,0.375779856056524,0.2,0.17577985605652396,0.1503119424226096,tp2,False
ema_pullback,1,2026-07-14 21:04:00+00:00,64540.85344,2026-07-14 21:06:00+00:00,64565.84277,2,0.09679655856748015,0.2,-0.10320344143251986,0.03871862342699206,tp1_partial,True
ema_pullback,1,2026-07-14 21:04:00+00:00,64540.85344,2026-07-14 21:17:00+00:00,64603.838970000004,13,0.2439754304556785,0.2,0.04397543045567848,0.0975901721822714,tp2,False
ema_pullback,1,2026-07-14 21:24:00+00:00,64616.36099,2026-07-14 21:25:00+00:00,64601.63919,1,-0.11391696912704807,0.4,-0.5139169691270481,-0.022783393825409615,sl,False
ema_pullback,1,2026-07-14 21:28:00+00:00,64652.36459,2026-07-14 21:39:00+00:00,64677.43161,11,0.09693002011207374,0.2,-0.10306997988792627,0.0387720080448295,tp1_partial,True
ema_pullback,1,2026-07-14 21:28:00+00:00,64652.36459,2026-07-14 21:40:00+00:00,64715.42781,12,0.2438550407240503,0.2,0.043855040724050276,0.09754201628962011,tp2,False
ema_pullback,1,2026-07-14 21:58:00+00:00,64657.76513,2026-07-14 21:58:00+00:00,64631.83617,0,-0.20050925010989262,0.4,-0.6005092501098926,-0.040101850021978525,sl,False
ema_pullback,1,2026-07-14 22:00:00+00:00,64656.36499,2026-07-14 22:00:00+00:00,64637.13564,0,-0.1487042304572639,0.4,-0.5487042304572639,-0.029740846091452777,sl,False
ema_pullback,1,2026-07-14 22:17:00+00:00,64557.05506,2026-07-14 22:17:00+00:00,64557.24363,0,0.000730245516222805,0.2,-0.1992697544837772,0.000292098206489122,tp1_partial,True
ema_pullback,1,2026-07-14 22:17:00+00:00,64557.05506,2026-07-14 22:18:00+00:00,64570.24233,1,0.051068275914001315,0.2,-0.1489317240859987,0.020427310365600526,tp2,False
ema_pullback,1,2026-07-14 22:32:00+00:00,64915.99095,2026-07-14 22:32:00+00:00,64893.41001,0,-0.17392432642204803,0.4,-0.573924326422048,-0.034784865284409605,sl,False
ema_pullback,1,2026-07-14 22:34:00+00:00,64956.19497,2026-07-14 22:49:00+00:00,64882.311120000006,15,-0.5687205818791785,0.4,-0.9687205818791785,-0.1137441163758357,sl,False
ema_pullback,1,2026-07-14 22:54:00+00:00,64927.39209,2026-07-14 22:57:00+00:00,64872.81207000001,3,-0.42031581927959305,0.4,-0.8203158192795931,-0.08406316385591861,sl,False
ema_pullback,1,2026-07-14 23:08:00+00:00,64844.08376,2026-07-14 23:08:00+00:00,64863.71298,0,0.07567853095374888,0.2,-0.12432146904625113,0.03027141238149955,tp1_partial,True
ema_pullback,1,2026-07-14 23:08:00+00:00,64844.08376,2026-07-14 23:09:00+00:00,64896.30972,1,0.20135206240745607,0.2,0.001352062407456056,0.08054082496298243,tp2,False
ema_pullback,1,2026-07-14 23:30:00+00:00,64896.288980000005,2026-07-14 23:32:00+00:00,64905.008850000006,2,0.03359155868948305,0.2,-0.16640844131051696,0.013436623475793219,tp1_partial,True
ema_pullback,1,2026-07-14 23:30:00+00:00,64896.288980000005,2026-07-14 23:36:00+00:00,64926.70668000001,6,0.11717811787886889,0.2,-0.08282188212113112,0.04687124715154756,tp2,False
ema_pullback,1,2026-07-14 23:48:00+00:00,65006.5,2026-07-14 23:56:00+00:00,64966.00275,8,-0.31148615907639066,0.4,-0.7114861590763907,-0.06229723181527813,sl,False
ema_pullback,1,2026-07-14 23:59:00+00:00,64996.498999999996,2026-07-14 23:59:00+00:00,65006.498700000004,0,0.03846245626248912,0.2,-0.1615375437375109,0.015384982504995648,tp1_partial,True
ema_pullback,1,2026-07-14 23:59:00+00:00,64996.498999999996,2026-07-15 00:01:00+00:00,65029.59639,2,0.12730451066295112,0.2,-0.07269548933704889,0.05092180426518045,tp2,False
ema_pullback,1,2026-07-15 00:02:00+00:00,65039.00325,2026-07-15 00:05:00+00:00,64962.5031,3,-0.5881097970240057,0.4,-0.9881097970240057,-0.11762195940480114,sl,False
ema_pullback,1,2026-07-15 00:08:00+00:00,65000.39939,2026-07-15 00:09:00+00:00,64953.603989999996,1,-0.3599624036094706,0.4,-0.7599624036094706,-0.07199248072189413,sl,False
ema_pullback,1,2026-07-15 00:10:00+00:00,64993.69871999999,2026-07-15 00:12:00+00:00,64937.20563,2,-0.4346043625196305,0.4,-0.8346043625196305,-0.0869208725039261,sl,False
ema_pullback,1,2026-07-15 00:30:00+00:00,64867.58611,2026-07-15 00:30:00+00:00,64821.5172,0,-0.35509961725621597,0.4,-0.755099617256216,-0.0710199234512432,sl,False
ema_pullback,1,2026-07-15 00:40:00+00:00,64806.479999999996,2026-07-15 00:41:00+00:00,64776.42171,1,-0.23190805919404145,0.4,-0.6319080591940415,-0.04638161183880829,sl,False
ema_pullback,1,2026-07-15 00:46:00+00:00,64799.87934,2026-07-15 01:00:00+00:00,64752.72408,14,-0.3638529923225553,0.4,-0.7638529923225553,-0.07277059846451106,sl,False
ema_pullback,1,2026-07-15 01:07:00+00:00,64764.67582,2026-07-15 01:07:00+00:00,64730.92626,0,-0.26055530713836594,0.4,-0.660555307138366,-0.05211106142767319,sl,False
ema_pullback,1,2026-07-15 01:16:00+00:00,64745.27388,2026-07-15 01:16:00+00:00,64704.5289,0,-0.31465601702079793,0.4,-0.714656017020798,-0.06293120340415959,sl,False
ema_pullback,1,2026-07-15 01:23:00+00:00,64737.4731,2026-07-15 01:23:00+00:00,64757.423610000005,0,0.07704390148649543,0.2,-0.12295609851350459,0.03081756059459817,tp1_partial,True
ema_pullback,1,2026-07-15 01:23:00+00:00,64737.4731,2026-07-15 01:26:00+00:00,64790.42031,3,0.20446893995312854,0.2,0.004468939953128526,0.08178757598125141,tp2,False
ema_pullback,1,2026-07-15 01:45:00+00:00,64697.96915,2026-07-15 01:48:00+00:00,64626.43671,3,-0.5528182796136205,0.4,-0.9528182796136205,-0.1105636559227241,sl,False
ema_pullback,1,2026-07-15 01:55:00+00:00,64646.464,2026-07-15 01:59:00+00:00,64653.03405,4,0.025407615488470814,0.2,-0.1745923845115292,0.010163046195388326,tp1_partial,True
ema_pullback,1,2026-07-15 01:55:00+00:00,64646.464,2026-07-15 02:09:00+00:00,64672.532100000004,14,0.10081023147684443,0.2,-0.09918976852315559,0.04032409259073777,tp2,False
ema_pullback,1,2026-07-15 02:15:00+00:00,64691.96855,2026-07-15 02:15:00+00:00,64668.13254,0,-0.18422696460052013,0.4,-0.5842269646005201,-0.036845392920104025,sl,False
ema_pullback,1,2026-07-15 02:37:00+00:00,64533.252680000005,2026-07-15 02:54:00+00:00,64471.852170000006,17,-0.47572768650344655,0.4,-0.8757276865034466,-0.09514553730068931,sl,False
ema_pullback,1,2026-07-15 03:01:00+00:00,64514.15076999999,2026-07-15 03:05:00+00:00,64535.945759999995,4,0.08445817599656014,0.2,-0.11554182400343987,0.033783270398624055,tp1_partial,True
ema_pullback,1,2026-07-15 03:01:00+00:00,64514.15076999999,2026-07-15 03:08:00+00:00,64570.64228999999,7,0.21891135249302307,0.2,0.01891135249302306,0.08756454099720923,tp2,False
ema_pullback,1,2026-07-15 03:09:00+00:00,64606.46,2026-07-15 03:31:00+00:00,64670.432310000004,22,0.2475461045227112,0.2,0.047546104522711186,0.09901844180908448,tp1_partial,True
ema_pullback,1,2026-07-15 03:09:00+00:00,64606.46,2026-07-15 03:34:00+00:00,64747.42461,25,0.5454741290576992,0.2,0.3454741290576992,0.21818965162307968,tp2,False
ema_pullback,1,2026-07-15 03:42:00+00:00,64689.96835,2026-07-15 03:46:00+00:00,64642.03515,4,-0.37048402729661367,0.4,-0.7704840272966137,-0.07409680545932273,sl,False
ema_pullback,1,2026-07-15 03:48:00+00:00,64698.96925,2026-07-15 03:50:00+00:00,64721.12724000001,2,0.08561956340596977,0.2,-0.11438043659403024,0.03424782536238791,tp1_partial,True
ema_pullback,1,2026-07-15 03:48:00+00:00,64698.96925,2026-07-15 03:51:00+00:00,64756.32372000001,3,0.22162049359081282,0.2,0.021620493590812806,0.08864819743632513,tp2,False
ema_pullback,1,2026-07-15 03:55:00+00:00,64782.4776,2026-07-15 04:03:00+00:00,64734.72588,8,-0.3685542894395488,0.4,-0.7685542894395488,-0.07371085788790976,sl,False
ema_pullback,1,2026-07-15 04:06:00+00:00,64781.577509999996,2026-07-15 04:09:00+00:00,64738.225529999996,3,-0.3346011448494557,0.4,-0.7346011448494557,-0.06692022896989114,sl,False
ema_pullback,1,2026-07-15 04:11:00+00:00,64771.07646,2026-07-15 04:11:00+00:00,64763.32302,0,-0.02992632060383471,0.2,-0.22992632060383472,-0.011970528241533884,tp1_partial,True
ema_pullback,1,2026-07-15 04:11:00+00:00,64771.07646,2026-07-15 04:12:00+00:00,64768.62249000001,1,-0.009471704555896743,0.2,-0.20947170455589675,-0.003788681822358697,tp2,False
ema_pullback,1,2026-07-15 04:17:00+00:00,64829.18227,2026-07-15 04:19:00+00:00,64778.02155,2,-0.3945809449433235,0.4,-0.7945809449433235,-0.0789161889886647,sl,False
ema_pullback,1,2026-07-15 04:21:00+00:00,64806.37999,2026-07-15 04:22:00+00:00,64754.32392,1,-0.4016276638814653,0.4,-0.8016276638814653,-0.08032553277629306,sl,False
ema_pullback,1,2026-07-15 04:27:00+00:00,64790.27838,2026-07-15 04:29:00+00:00,64758.02355,2,-0.2489172049148225,0.4,-0.6489172049148225,-0.0497834409829645,sl,False
ema_pullback,1,2026-07-15 04:33:00+00:00,64763.4757,2026-07-15 04:46:00+00:00,64802.91906,13,0.1522592772147946,0.2,-0.047740722785205414,0.06090371088591784,tp1_partial,True
ema_pullback,1,2026-07-15 04:33:00+00:00,64763.4757,2026-07-15 04:57:00+00:00,64698.12954,24,-0.2522492782147112,0.2,-0.4522492782147112,-0.10089971128588449,sl,False
ema_pullback,1,2026-07-15 05:01:00+00:00,64795.4789,2026-07-15 05:02:00+00:00,64717.12764,1,-0.6046043746426033,0.4,-1.0046043746426032,-0.12092087492852066,sl,False
ema_pullback,1,2026-07-15 05:18:00+00:00,64646.36399,2026-07-15 05:23:00+00:00,64660.5333,5,0.05479546383380107,0.2,-0.14520453616619894,0.02191818553352043,tp1_partial,True
ema_pullback,1,2026-07-15 05:18:00+00:00,64646.36399,2026-07-15 05:34:00+00:00,64687.63059,16,0.15958592816756045,0.2,-0.04041407183243956,0.06383437126702418,tp2,False
ema_pullback,1,2026-07-15 05:41:00+00:00,64709.4703,2026-07-15 05:43:00+00:00,64680.43131,2,-0.22437975357680884,0.4,-0.6243797535768089,-0.04487595071536177,sl,False
ema_pullback,1,2026-07-15 05:47:00+00:00,64704.96985,2026-07-15 05:48:00+00:00,64723.42700999999,1,0.07131276022065425,0.2,-0.12868723977934576,0.0285251040882617,tp1_partial,True
ema_pullback,1,2026-07-15 05:47:00+00:00,64704.96985,2026-07-15 05:52:00+00:00,64754.72387999999,5,0.19223419049313462,0.2,-0.007765809506865395,0.07689367619725385,tp2,False
ema_pullback,1,2026-07-15 05:56:00+00:00,64773.4767,2026-07-15 05:56:00+00:00,64785.120839999996,0,0.044941774755780095,0.2,-0.15505822524421992,0.017976709902312038,tp1_partial,True
ema_pullback,1,2026-07-15 05:56:00+00:00,64773.4767,2026-07-15 05:58:00+00:00,64809.71838,2,0.1398785500115185,0.2,-0.06012144998848151,0.0559514200046074,tp2,False
ema_pullback,1,2026-07-15 06:05:00+00:00,64877.08706,2026-07-15 06:05:00+00:00,64842.21513,0,-0.2687538203414719,0.4,-0.6687538203414719,-0.05375076406829438,sl,False
ema_pullback,1,2026-07-15 06:06:00+00:00,64935.39289,2026-07-15 06:14:00+00:00,65002.59909,8,0.2587425632191165,0.2,0.05874256321911647,0.1034970252876466,tp1_partial,True
ema_pullback,1,2026-07-15 06:06:00+00:00,64935.39289,2026-07-15 06:33:00+00:00,65082.791070000014,27,0.5674801269382468,0.2,0.3674801269382468,0.22699205077529871,tp2,False
ema_pullback,1,2026-07-15 06:42:00+00:00,65056.505,2026-07-15 06:43:00+00:00,65023.497,1,-0.25368716010792935,0.4,-0.6536871601079294,-0.05073743202158587,sl,False
ema_pullback,1,2026-07-15 06:46:00+00:00,65051.104459999995,2026-07-15 06:47:00+00:00,64990.70028,1,-0.46428250912433633,0.4,-0.8642825091243364,-0.09285650182486727,sl,False
ema_pullback,1,2026-07-15 07:10:00+00:00,64791.97855,2026-07-15 07:12:00+00:00,64824.5169,2,0.1255492991886764,0.2,-0.0744507008113236,0.050219719675470564,tp1_partial,True
ema_pullback,1,2026-07-15 07:10:00+00:00,64791.97855,2026-07-15 07:21:00+00:00,64733.526,11,-0.22553930018859303,0.2,-0.42553930018859304,-0.09021572007543721,sl,False
ema_pullback,1,2026-07-15 07:34:00+00:00,64563.15566999999,2026-07-15 07:34:00+00:00,64513.348020000005,0,-0.38572812529924505,0.4,-0.7857281252992451,-0.07714562505984901,sl,False
ema_pullback,1,2026-07-15 07:36:00+00:00,64579.05726,2026-07-15 07:42:00+00:00,64608.838469999995,6,0.11528973657859432,0.2,-0.0847102634214057,0.046115894631437726,tp1_partial,True
ema_pullback,1,2026-07-15 07:36:00+00:00,64579.05726,2026-07-15 07:58:00+00:00,64523.44701,22,-0.21527973757848318,0.2,-0.4152797375784832,-0.08611189503139327,sl,False
ema_pullback,1,2026-07-15 08:01:00+00:00,64586.357990000004,2026-07-15 08:03:00+00:00,64625.13684000001,2,0.1501046475093082,0.2,-0.049895352490691824,0.060041859003723275,tp1_partial,True
ema_pullback,1,2026-07-15 08:01:00+00:00,64586.357990000004,2026-07-15 08:39:00+00:00,64676.93166000001,38,0.35059133545672916,0.2,0.15059133545672915,0.14023653418269166,tp2,False
ema_pullback,1,2026-07-15 08:44:00+00:00,64700.66942,2026-07-15 08:45:00+00:00,64722.72708,1,0.08522964367191355,0.2,-0.11477035632808646,0.03409185746876542,tp1_partial,True
ema_pullback,1,2026-07-15 08:44:00+00:00,64700.66942,2026-07-15 08:54:00+00:00,64757.82356999999,10,0.22084064396993286,0.2,0.02084064396993285,0.08833625758797314,tp2,False
ema_pullback,1,2026-07-15 08:57:00+00:00,64734.472799999996,2026-07-15 08:57:00+00:00,64739.62539,0,0.019898941696516736,0.2,-0.18010105830348327,0.007959576678606695,tp1_partial,True
ema_pullback,1,2026-07-15 08:57:00+00:00,64734.472799999996,2026-07-15 09:04:00+00:00,64757.72358,7,0.08979288389293627,0.2,-0.11020711610706374,0.03591715355717451,tp2,False
ema_pullback,1,2026-07-15 09:10:00+00:00,64781.577509999996,2026-07-15 09:10:00+00:00,64795.219829999995,0,0.052647374934211566,0.2,-0.14735262506578845,0.021058949973684626,tp1_partial,True
ema_pullback,1,2026-07-15 09:10:00+00:00,64781.577509999996,2026-07-15 09:13:00+00:00,64821.817169999995,3,0.15528975036843695,0.2,-0.04471024963156306,0.06211590014737478,tp2,False
ema_pullback,1,2026-07-15 09:18:00+00:00,64832.38259,2026-07-15 09:18:00+00:00,64845.31482000001,0,0.04986794208144962,0.2,-0.1501320579185504,0.01994717683257985,tp1_partial,True
ema_pullback,1,2026-07-15 09:18:00+00:00,64832.38259,2026-07-15 09:19:00+00:00,64871.212230000005,1,0.14973088466285756,0.2,-0.050269115337142456,0.05989235386514302,tp2,False
ema_pullback,1,2026-07-15 09:25:00+00:00,64862.28558,2026-07-15 09:27:00+00:00,64814.817870000006,2,-0.36591148134496043,0.4,-0.7659114813449605,-0.07318229626899209,sl,False
ema_pullback,1,2026-07-15 09:48:00+00:00,64714.77083,2026-07-15 09:52:00+00:00,64658.23353,4,-0.43681913166720987,0.4,-0.8368191316672099,-0.08736382633344197,sl,False
ema_pullback,1,2026-07-15 10:01:00+00:00,64686.468,2026-07-15 10:04:00+00:00,64744.92486,3,0.22592383618780243,0.2,0.025923836187802418,0.09036953447512097,tp1_partial,True
ema_pullback,1,2026-07-15 10:01:00+00:00,64686.468,2026-07-15 10:09:00+00:00,64816.31772000001,8,0.5018426728756187,0.2,0.30184267287561867,0.20073706915024747,tp2,False
ema_pullback,1,2026-07-15 10:37:00+00:00,64641.763530000004,2026-07-15 11:00:00+00:00,64594.43991,23,-0.36604524239225444,0.4,-0.7660452423922545,-0.07320904847845089,sl,False
ema_pullback,1,2026-07-15 11:01:00+00:00,64646.464,2026-07-15 11:06:00+00:00,64684.93086,5,0.14875856164381362,0.2,-0.051241438356186386,0.05950342465752545,tp1_partial,True
ema_pullback,1,2026-07-15 11:01:00+00:00,64646.464,2026-07-15 11:25:00+00:00,64582.14114,24,-0.24874856264373024,0.2,-0.44874856264373025,-0.0994994250574921,sl,False
ema_pullback,1,2026-07-15 11:31:00+00:00,64631.76253,2026-07-15 11:33:00+00:00,64638.435509999996,2,0.02581153498987243,0.2,-0.17418846501012758,0.010324613995948972,tp1_partial,True
ema_pullback,1,2026-07-15 11:31:00+00:00,64631.76253,2026-07-15 11:36:00+00:00,64658.133539999995,5,0.10200483851791065,0.2,-0.09799516148208937,0.04080193540716426,tp2,False
ema_pullback,1,2026-07-15 11:37:00+00:00,64685.467899999996,2026-07-15 11:59:00+00:00,64713.42801,22,0.10806179079986267,0.2,-0.09193820920013734,0.04322471631994507,tp1_partial,True
ema_pullback,1,2026-07-15 11:37:00+00:00,64685.467899999996,2026-07-15 12:05:00+00:00,64631.63619,28,-0.20805179179975153,0.2,-0.40805179179975154,-0.08322071671990061,sl,False
ema_pullback,1,2026-07-15 12:10:00+00:00,64678.4672,2026-07-15 12:10:00+00:00,64639.73538,0,-0.2994181964782183,0.4,-0.6994181964782183,-0.059883639295643665,sl,False
ema_pullback,1,2026-07-15 12:13:00+00:00,64705.96995,2026-07-15 12:22:00+00:00,64612.838070000005,9,-0.7196544621150269,0.4,-1.1196544621150268,-0.14393089242300539,sl,False
ema_pullback,1,2026-07-15 12:29:00+00:00,64651.4645,2026-07-15 12:29:00+00:00,64660.03335,0,0.03313478691574501,0.2,-0.166865213084255,0.013253914766298003,tp1_partial,True
ema_pullback,1,2026-07-15 12:29:00+00:00,64651.4645,2026-07-15 12:30:00+00:00,64681.43121,1,0.11587792415745923,0.2,-0.08412207584254078,0.04635116966298369,tp2,False
ema_pullback,1,2026-07-15 12:31:00+00:00,64886.38799,2026-07-15 12:52:00+00:00,65103.38901,21,0.836080673936701,0.2,0.6360806739367011,0.3344322695746804,tp1_partial,True
ema_pullback,1,2026-07-15 12:31:00+00:00,64886.38799,2026-07-15 13:02:00+00:00,65333.366010000005,31,1.722156348373416,0.2,1.522156348373416,0.6888625393493664,tp2,False
ema_pullback,1,2026-07-15 13:11:00+00:00,65326.23196999999,2026-07-15 13:13:00+00:00,65252.4741,2,-0.564534856639709,0.4,-0.9645348566397091,-0.11290697132794181,sl,False
ema_pullback,1,2026-07-15 13:14:00+00:00,65313.83073,2026-07-15 13:14:00+00:00,65350.96425,0,0.14213497962439758,0.2,-0.05786502037560243,0.056853991849759034,tp1_partial,True
ema_pullback,1,2026-07-15 13:14:00+00:00,65313.83073,2026-07-15 13:16:00+00:00,65401.05924,2,0.33388223070468515,0.2,0.13388223070468513,0.13355289228187406,tp2,False
ema_pullback,1,2026-07-15 13:25:00+00:00,65476.547,2026-07-15 13:25:00+00:00,65412.65808,0,-0.4878763689233345,0.4,-0.8878763689233345,-0.0975752737846669,sl,False
ema_pullback,1,2026-07-15 13:33:00+00:00,65429.5423,2026-07-15 13:41:00+00:00,65304.96885,8,-0.9519663872079587,0.4,-1.3519663872079586,-0.19039327744159174,sl,False
ema_pullback,1,2026-07-15 13:55:00+00:00,65010.90044,2026-07-15 13:58:00+00:00,65079.391410000004,3,0.26338263866693135,0.2,0.06338263866693133,0.10535305546677254,tp1_partial,True
ema_pullback,1,2026-07-15 13:55:00+00:00,65010.90044,2026-07-15 14:03:00+00:00,65160.88326,8,0.576760277833821,0.2,0.376760277833821,0.2307041111335284,tp2,False
ema_pullback,1,2026-07-15 14:11:00+00:00,65295.62891,2026-07-15 14:12:00+00:00,65339.765369999994,1,0.16898703916623514,0.2,-0.03101296083376487,0.06759481566649406,tp1_partial,True
ema_pullback,1,2026-07-15 14:11:00+00:00,65295.62891,2026-07-15 14:15:00+00:00,65225.57679,4,-0.2682113686988119,0.2,-0.4682113686988119,-0.10728454747952476,sl,False
ema_pullback,1,2026-07-15 14:17:00+00:00,65299.72932,2026-07-15 14:18:00+00:00,65244.574889999996,1,-0.42231744736426213,0.4,-0.8223174473642622,-0.08446348947285243,sl,False
ema_pullback,1,2026-07-15 14:19:00+00:00,65300.42939,2026-07-15 14:20:00+00:00,65214.07794,1,-0.6611859279230248,0.4,-1.0611859279230247,-0.13223718558460495,sl,False
ema_pullback,1,2026-07-15 14:22:00+00:00,65395.93894,2026-07-15 14:25:00+00:00,65169.18243,3,-1.7337201183703632,0.4,-2.133720118370363,-0.34674402367407264,sl,False
ema_pullback,1,2026-07-15 14:28:00+00:00,65286.32798,2026-07-15 14:33:00+00:00,65370.36231000001,5,0.3217914554244361,0.2,0.12179145542443609,0.12871658216977444,tp1_partial,True
ema_pullback,1,2026-07-15 14:28:00+00:00,65286.32798,2026-07-15 14:35:00+00:00,65467.45260000002,7,0.6935779113488305,0.2,0.4935779113488305,0.2774311645395322,tp2,False
ema_pullback,1,2026-07-15 14:39:00+00:00,65403.339680000005,2026-07-15 14:39:00+00:00,65343.465000000004,0,-0.45773411795901886,0.4,-0.8577341179590189,-0.09154682359180377,sl,False
ema_pullback,1,2026-07-15 14:41:00+00:00,65404.33978,2026-07-15 14:46:00+00:00,65291.77017,5,-0.8605668246071119,0.4,-1.2605668246071118,-0.17211336492142237,sl,False
ema_pullback,1,2026-07-15 14:49:00+00:00,65406.43999,2026-07-15 15:01:00+00:00,65278.87146,12,-0.9751985432894794,0.4,-1.3751985432894793,-0.19503970865789588,sl,False
ema_pullback,1,2026-07-15 15:06:00+00:00,65359.63531,2026-07-15 15:08:00+00:00,65430.656279999996,2,0.271654552779943,0.2,0.07165455277994298,0.1086618211119772,tp1_partial,True
ema_pullback,1,2026-07-15 15:06:00+00:00,65359.63531,2026-07-15 15:15:00+00:00,65262.273120000005,9,-0.37240947542854785,0.2,-0.5724094754285478,-0.14896379017141914,sl,False
ema_pullback,1,2026-07-15 15:19:00+00:00,65376.537,2026-07-15 15:20:00+00:00,65317.56759,1,-0.4509982686907721,0.4,-0.8509982686907721,-0.09019965373815442,sl,False
ema_pullback,1,2026-07-15 15:27:00+00:00,65338.13316,2026-07-15 15:28:00+00:00,65373.462,1,0.13517695674547525,0.2,-0.06482304325452476,0.0540707826981901,tp1_partial,True
ema_pullback,1,2026-07-15 15:27:00+00:00,65338.13316,2026-07-15 15:33:00+00:00,65421.85716,6,0.3203489139909088,0.2,0.1203489139909088,0.12813956559636352,tp2,False
ema_pullback,1,2026-07-15 15:45:00+00:00,65458.44519,2026-07-15 15:45:00+00:00,65426.35671,0,-0.2451057301075532,0.4,-0.6451057301075532,-0.04902114602151064,sl,False
ema_pullback,1,2026-07-15 15:50:00+00:00,65473.34668,2026-07-15 15:51:00+00:00,65495.94975000001,1,0.08630637941298147,0.2,-0.11369362058701854,0.03452255176519259,tp1_partial,True
ema_pullback,1,2026-07-15 15:50:00+00:00,65473.34668,2026-07-15 15:52:00+00:00,65531.64618000001,2,0.22260775932586574,0.2,0.02260775932586573,0.0890431037303463,tp2,False
ema_pullback,1,2026-07-15 16:19:00+00:00,65154.31478,2026-07-15 16:19:00+00:00,65132.98605,0,-0.163678568886938,0.4,-0.563678568886938,-0.0327357137773876,sl,False
ema_pullback,1,2026-07-15 16:23:00+00:00,65125.11186,2026-07-15 16:33:00+00:00,65051.29422,10,-0.5667371455628234,0.4,-0.9667371455628234,-0.11334742911256468,sl,False
ema_pullback,1,2026-07-15 16:44:00+00:00,64876.38699,2026-07-15 16:44:00+00:00,64881.81117,0,0.020901980873400117,0.2,-0.1790980191265999,0.008360792349360047,tp1_partial,True
ema_pullback,1,2026-07-15 16:44:00+00:00,64876.38699,2026-07-15 16:45:00+00:00,64900.30932,1,0.09218427192814183,0.2,-0.10781572807185819,0.03687370877125673,tp2,False
ema_pullback,1,2026-07-15 16:47:00+00:00,65011.200469999996,2026-07-15 17:00:00+00:00,65106.98865000001,13,0.3683526042724261,0.2,0.1683526042724261,0.14734104170897044,tp1_partial,True
ema_pullback,1,2026-07-15 16:47:00+00:00,65011.200469999996,2026-07-15 18:53:00+00:00,64889.61039,126,-0.4675735839399786,0.2,-0.6675735839399786,-0.18702943357599144,sl,False
ema_pullback,1,2026-07-15 19:03:00+00:00,64889.28828,2026-07-15 19:03:00+00:00,64893.509999999995,0,0.016265088244538095,0.2,-0.18373491175546192,0.006506035297815238,tp1_partial,True
ema_pullback,1,2026-07-15 19:03:00+00:00,64889.28828,2026-07-15 19:04:00+00:00,64910.80826999999,1,0.08291041006308619,0.2,-0.11708958993691382,0.03316416402523448,tp2,False
ema_pullback,1,2026-07-15 19:11:00+00:00,64907.4901,2026-07-15 19:15:00+00:00,64867.41261,4,-0.3087277750091766,0.4,-0.7087277750091766,-0.06174555500183532,sl,False
ema_pullback,1,2026-07-15 19:27:00+00:00,64801.87954,2026-07-15 19:27:00+00:00,64800.61929,0,-0.004861934595673523,0.2,-0.20486193459567353,-0.001944773838269409,tp1_partial,True
ema_pullback,1,2026-07-15 19:27:00+00:00,64801.87954,2026-07-15 19:29:00+00:00,64812.21813,2,0.03988537860855068,0.2,-0.16011462139144933,0.015954151443420272,tp2,False
ema_pullback,1,2026-07-15 19:34:00+00:00,64872.886640000004,2026-07-15 19:35:00+00:00,64826.01675,1,-0.3612440607129175,0.4,-0.7612440607129175,-0.0722488121425835,sl,False
ema_pullback,1,2026-07-15 19:36:00+00:00,64865.08586,2026-07-15 19:40:00+00:00,64897.80957,4,0.12612220259228257,0.2,-0.07387779740771744,0.05044888103691303,tp1_partial,True
ema_pullback,1,2026-07-15 19:36:00+00:00,64865.08586,2026-07-15 19:43:00+00:00,64943.50499999999,7,0.30223940568446794,0.2,0.10223940568446793,0.12089576227378718,tp2,False
ema_pullback,1,2026-07-15 19:52:00+00:00,64917.4911,2026-07-15 19:52:00+00:00,64893.01005,0,-0.18855511500198707,0.4,-0.5885551150019871,-0.037711023000397415,sl,False
ema_pullback,1,2026-07-15 19:53:00+00:00,64918.39119,2026-07-15 19:53:00+00:00,64920.30732000001,0,0.007378995246498654,0.2,-0.19262100475350136,0.0029515980985994617,tp1_partial,True
ema_pullback,1,2026-07-15 19:53:00+00:00,64918.39119,2026-07-15 19:54:00+00:00,64935.205830000006,1,0.0647529909929001,0.2,-0.1352470090070999,0.025901196397160042,tp2,False
ema_pullback,1,2026-07-15 20:03:00+00:00,64943.4937,2026-07-15 20:09:00+00:00,64906.5087,6,-0.284747538920882,0.4,-0.684747538920882,-0.0569495077841764,sl,False
ema_pullback,1,2026-07-15 20:11:00+00:00,64937.4931,2026-07-15 20:16:00+00:00,64943.90496,5,0.024684737945313007,0.2,-0.175315262054687,0.009873895178125203,tp1_partial,True
ema_pullback,1,2026-07-15 20:11:00+00:00,64937.4931,2026-07-15 20:17:00+00:00,64963.30302000001,6,0.09936447639063983,0.2,-0.10063552360936018,0.03974579055625593,tp2,False
ema_pullback,1,2026-07-15 20:26:00+00:00,64981.09746,2026-07-15 20:27:00+00:00,64961.80317000001,1,-0.14846078901536996,0.4,-0.54846078901537,-0.029692157803073993,sl,False
ema_pullback,1,2026-07-15 20:29:00+00:00,64975.99695,2026-07-15 20:30:00+00:00,64976.701680000006,1,0.00271150129693698,0.2,-0.19728849870306303,0.001084600518774792,tp1_partial,True
ema_pullback,1,2026-07-15 20:29:00+00:00,64975.99695,2026-07-15 20:31:00+00:00,64990.50030000001,2,0.0558027220850521,0.2,-0.1441972779149479,0.02232108883402084,tp2,False
ema_pullback,1,2026-07-15 20:40:00+00:00,64983.69772,2026-07-15 20:40:00+00:00,64981.80117,0,-0.007296253008604037,0.2,-0.20729625300860405,-0.0029185012034416147,tp1_partial,True
ema_pullback,1,2026-07-15 20:40:00+00:00,64983.69772,2026-07-15 20:42:00+00:00,64993.000049999995,2,0.03578716788354974,0.2,-0.16421283211645027,0.014314867153419897,tp2,False
ema_pullback,1,2026-07-15 20:58:00+00:00,64968.69622,2026-07-15 20:59:00+00:00,64941.405210000004,1,-0.21003199685259988,0.4,-0.6100319968525999,-0.042006399370519976,sl,False
ema_pullback,1,2026-07-15 21:02:00+00:00,64971.196469999995,2026-07-15 21:04:00+00:00,64935.30582,2,-0.2762043178362039,0.4,-0.6762043178362039,-0.05524086356724078,sl,False
ema_pullback,1,2026-07-15 21:17:00+00:00,64886.08796,2026-07-15 21:18:00+00:00,64863.31302,1,-0.17549940762368044,0.4,-0.5754994076236805,-0.03509988152473609,sl,False
ema_pullback,1,2026-07-15 21:22:00+00:00,64882.88764,2026-07-15 21:22:00+00:00,64889.5104,0,0.02551813059226138,0.2,-0.17448186940773863,0.010207252236904552,tp1_partial,True
ema_pullback,1,2026-07-15 21:22:00+00:00,64882.88764,2026-07-15 21:28:00+00:00,64850.5143,6,-0.12473758943815083,0.2,-0.32473758943815084,-0.04989503577526033,sl,False
ema_pullback,1,2026-07-15 21:46:00+00:00,64792.57861,2026-07-15 21:47:00+00:00,64788.02055,1,-0.017587122235984687,0.2,-0.2175871222359847,-0.007034848894393875,tp1_partial,True
ema_pullback,1,2026-07-15 21:46:00+00:00,64792.57861,2026-07-15 21:49:00+00:00,64771.22223,3,-0.08240287876387642,0.2,-0.28240287876387643,-0.03296115150555057,sl,False
ema_pullback,1,2026-07-15 21:52:00+00:00,64802.679619999995,2026-07-15 21:58:00+00:00,64768.5225,6,-0.2635471264482714,0.4,-0.6635471264482714,-0.05270942528965428,sl,False
ema_pullback,1,2026-07-15 22:00:00+00:00,64806.479999999996,2026-07-15 22:01:00+00:00,64763.622989999996,1,-0.33065374018154126,0.4,-0.7306537401815413,-0.06613074803630825,sl,False
ema_pullback,1,2026-07-15 22:03:00+00:00,64851.08446,2026-07-15 22:18:00+00:00,64753.42401,15,-0.7529592667045448,0.4,-1.1529592667045447,-0.15059185334090897,sl,False
ema_pullback,1,2026-07-15 22:19:00+00:00,64796.27898,2026-07-15 22:27:00+00:00,64834.11594,8,0.1459843088045254,0.2,-0.05401569119547461,0.05839372352181016,tp1_partial,True
ema_pullback,1,2026-07-15 22:19:00+00:00,64796.27898,2026-07-15 22:30:00+00:00,64884.91086000001,11,0.3419636181090091,0.2,0.1419636181090091,0.13678544724360364,tp2,False
ema_pullback,1,2026-07-15 22:37:00+00:00,64888.28818,2026-07-15 22:42:00+00:00,64837.01565,5,-0.3950830838514996,0.4,-0.7950830838514996,-0.07901661677029992,sl,False
ema_pullback,1,2026-07-15 22:46:00+00:00,64893.288680000005,2026-07-15 22:48:00+00:00,64917.90756,2,0.09484370610879367,0.2,-0.10515629389120634,0.03793748244351747,tp1_partial,True
ema_pullback,1,2026-07-15 22:46:00+00:00,64893.288680000005,2026-07-15 22:55:00+00:00,64842.91506,9,-0.1940632884565585,0.2,-0.3940632884565585,-0.0776253153826234,sl,False
ema_pullback,1,2026-07-15 23:02:00+00:00,64864.18577,2026-07-15 23:02:00+00:00,64869.81237000001,0,0.021686081206506724,0.2,-0.1783139187934933,0.00867443248260269,tp1_partial,True
ema_pullback,1,2026-07-15 23:02:00+00:00,64864.18577,2026-07-15 23:03:00+00:00,64888.31052000001,1,0.09298178075323182,0.2,-0.10701821924676819,0.03719271230129273,tp2,False
ema_pullback,1,2026-07-15 23:07:00+00:00,64876.68702,2026-07-15 23:10:00+00:00,64886.81067,3,0.039011124276733256,0.2,-0.16098887572326676,0.015604449710693302,tp1_partial,True
ema_pullback,1,2026-07-15 23:07:00+00:00,64876.68702,2026-07-15 23:23:00+00:00,64840.415310000004,16,-0.13977174107554502,0.2,-0.33977174107554503,-0.05590869643021801,sl,False
ema_pullback,1,2026-07-15 23:34:00+00:00,64840.4834,2026-07-15 23:36:00+00:00,64809.618389999996,2,-0.2380072477991546,0.4,-0.6380072477991546,-0.04760144955983092,sl,False
ema_pullback,1,2026-07-15 23:52:00+00:00,64743.67372,2026-07-15 23:52:00+00:00,64748.52449999999,0,0.0187307103585721,0.2,-0.1812692896414279,0.00749228414342884,tp1_partial,True
ema_pullback,1,2026-07-15 23:52:00+00:00,64743.67372,2026-07-15 23:53:00+00:00,64766.32271999999,1,0.08745642121710251,0.2,-0.1125435787828975,0.034982568486841004,tp2,False
ema_pullback,1,2026-07-16 00:01:00+00:00,64746.57401,2026-07-16 00:02:00+00:00,64765.92276,1,0.07470955141586355,0.2,-0.12529044858413646,0.02988382056634542,tp1_partial,True
ema_pullback,1,2026-07-16 00:01:00+00:00,64746.57401,2026-07-16 00:03:00+00:00,64798.319520000005,2,0.19980018553572565,0.2,-0.00019981446427436156,0.07992007421429026,tp2,False
ema_pullback,1,2026-07-16 00:10:00+00:00,64812.98065,2026-07-16 00:18:00+00:00,64727.42661,8,-0.6600069858073709,0.4,-1.0600069858073708,-0.1320013971614742,sl,False
ema_pullback,1,2026-07-16 00:35:00+00:00,64576.056959999994,2026-07-16 00:37:00+00:00,64514.847870000005,2,-0.4739302218305652,0.4,-0.8739302218305652,-0.09478604436611304,sl,False
ema_pullback,1,2026-07-16 00:47:00+00:00,64544.25378,2026-07-16 00:52:00+00:00,64585.240829999995,5,0.15875561184619524,0.2,-0.04124438815380477,0.0635022447384781,tp1_partial,True
ema_pullback,1,2026-07-16 00:47:00+00:00,64544.25378,2026-07-16 01:17:00+00:00,64477.25163,30,-0.2595201976785533,0.2,-0.4595201976785533,-0.10380807907142131,sl,False
ema_pullback,1,2026-07-16 01:24:00+00:00,64488.04816,2026-07-16 01:26:00+00:00,64517.04764999999,2,0.11242195580196679,0.2,-0.08757804419803322,0.044968782320786715,tp1_partial,True
ema_pullback,1,2026-07-16 01:24:00+00:00,64488.04816,2026-07-16 01:27:00+00:00,64558.84346999999,3,0.27445128213660075,0.2,0.07445128213660074,0.1097805128546403,tp2,False
ema_pullback,1,2026-07-16 01:47:00+00:00,64658.365190000004,2026-07-16 01:48:00+00:00,64684.830870000005,1,0.10232890950084839,0.2,-0.09767109049915162,0.040931563800339354,tp1_partial,True
ema_pullback,1,2026-07-16 01:47:00+00:00,64658.365190000004,2026-07-16 01:49:00+00:00,64724.12694000001,2,0.254266210593046,0.2,0.05426621059304598,0.1017064842372184,tp2,False
ema_pullback,1,2026-07-16 02:09:00+00:00,64688.26818,2026-07-16 02:10:00+00:00,64642.93506,1,-0.3503967664882923,0.4,-0.7503967664882923,-0.07007935329765846,sl,False
ema_pullback,1,2026-07-16 02:19:00+00:00,64631.86254,2026-07-16 02:20:00+00:00,64647.03465,1,0.05868665006603102,0.2,-0.141313349933969,0.02347466002641241,tp1_partial,True
ema_pullback,1,2026-07-16 02:19:00+00:00,64631.86254,2026-07-16 02:22:00+00:00,64590.84027,3,-0.15867665106591988,0.2,-0.3586766510659199,-0.06347066042636795,sl,False
ema_pullback,1,2026-07-16 02:24:00+00:00,64634.76283,2026-07-16 02:39:00+00:00,64569.64239,15,-0.5037570894417809,0.4,-0.9037570894417809,-0.10075141788835618,sl,False
ema_pullback,1,2026-07-16 02:46:00+00:00,64589.358290000004,2026-07-16 02:49:00+00:00,64600.43931000001,3,0.04289026974946264,0.2,-0.15710973025053737,0.017156107899785056,tp1_partial,True
ema_pullback,1,2026-07-16 02:46:00+00:00,64589.358290000004,2026-07-16 02:52:00+00:00,64552.24413,6,-0.1436543146680902,0.2,-0.3436543146680902,-0.05746172586723608,sl,False
ema_pullback,1,2026-07-16 02:54:00+00:00,64591.158469999995,2026-07-16 02:55:00+00:00,64601.43921,1,0.039791591618432154,0.2,-0.16020840838156786,0.01591663664737286,tp1_partial,True
ema_pullback,1,2026-07-16 02:54:00+00:00,64591.158469999995,2026-07-16 02:59:00+00:00,64624.73687999999,5,0.12996519490970915,0.2,-0.07003480509029086,0.05198607796388366,tp2,False
ema_pullback,1,2026-07-16 03:03:00+00:00,64636.462999999996,2026-07-16 03:04:00+00:00,64593.639989999996,1,-0.3312604682592091,0.4,-0.7312604682592091,-0.06625209365184181,sl,False
ema_pullback,1,2026-07-16 03:09:00+00:00,64601.4595,2026-07-16 03:11:00+00:00,64612.838070000005,2,0.04403371877381712,0.2,-0.1559662812261829,0.01761348750952685,tp1_partial,True
ema_pullback,1,2026-07-16 03:09:00+00:00,64601.4595,2026-07-16 03:12:00+00:00,64637.23563,3,0.13844938750962044,0.2,-0.061550612490379575,0.055379755003848175,tp2,False
ema_pullback,1,2026-07-16 03:17:00+00:00,64655.96495,2026-07-16 03:17:00+00:00,64635.13584,0,-0.16107647620838828,0.4,-0.5610764762083883,-0.032215295241677655,sl,False
ema_pullback,1,2026-07-16 03:26:00+00:00,64615.06086,2026-07-16 03:26:00+00:00,64620.33732,0,0.02041497728927366,0.2,-0.17958502271072635,0.008165990915709465,tp1_partial,True
ema_pullback,1,2026-07-16 03:26:00+00:00,64615.06086,2026-07-16 03:28:00+00:00,64638.53549999999,2,0.09082495507839461,0.2,-0.1091750449216054,0.036329982031357844,tp2,False
ema_pullback,1,2026-07-16 03:55:00+00:00,64597.65912,2026-07-16 04:09:00+00:00,64549.14444,14,-0.3755142265285394,0.4,-0.7755142265285394,-0.07510284530570788,sl,False
ema_pullback,1,2026-07-16 04:11:00+00:00,64595.85894,2026-07-16 04:11:00+00:00,64617.23763,0,0.08274017232229314,0.2,-0.11725982767770687,0.033096068928917255,tp1_partial,True
ema_pullback,1,2026-07-16 04:11:00+00:00,64595.85894,2026-07-16 04:19:00+00:00,64548.64449,8,-0.18273017332215424,0.2,-0.38273017332215425,-0.0730920693288617,sl,False
ema_pullback,1,2026-07-16 04:25:00+00:00,64572.35659,2026-07-16 04:26:00+00:00,64613.33802,1,0.1586647606041658,0.2,-0.04133523939583422,0.06346590424166632,tp1_partial,True
ema_pullback,1,2026-07-16 04:25:00+00:00,64572.35659,2026-07-16 05:12:00+00:00,64667.232630000006,47,0.3673245217083454,0.2,0.1673245217083454,0.14692980868333816,tp2,False
ema_pullback,1,2026-07-16 05:33:00+00:00,64925.4919,2026-07-16 05:33:00+00:00,64951.5042,0,0.10016212137470282,0.2,-0.0998378786252972,0.04006484854988113,tp1_partial,True
ema_pullback,1,2026-07-16 05:33:00+00:00,64925.4919,2026-07-16 05:35:00+00:00,64873.512,2,-0.20015212237459168,0.2,-0.4001521223745917,-0.08006084894983667,sl,False
ema_pullback,1,2026-07-16 05:38:00+00:00,64925.69192,2026-07-16 05:38:00+00:00,64882.91106,0,-0.3294601777422135,0.4,-0.7294601777422135,-0.0658920355484427,sl,False
ema_pullback,1,2026-07-16 05:40:00+00:00,64910.290380000006,2026-07-16 05:42:00+00:00,64917.90755999999,2,0.029337336019452653,0.2,-0.17066266398054736,0.011734934407781061,tp1_partial,True
ema_pullback,1,2026-07-16 05:40:00+00:00,64910.290380000006,2026-07-16 05:43:00+00:00,64876.5117,3,-0.13009755387879962,0.2,-0.33009755387879963,-0.05203902155151985,sl,False
ema_pullback,1,2026-07-16 05:51:00+00:00,64906.49,2026-07-16 05:52:00+00:00,64871.11224,1,-0.27252867933541536,0.4,-0.6725286793354154,-0.05450573586708307,sl,False
ema_pullback,1,2026-07-16 05:57:00+00:00,64893.78873,2026-07-16 05:57:00+00:00,64888.31052000001,0,-0.021104523665521624,0.2,-0.22110452366552164,-0.00844180946620865,tp1_partial,True
ema_pullback,1,2026-07-16 05:57:00+00:00,64893.78873,2026-07-16 05:58:00+00:00,64895.709780000005,1,0.007400746811048187,0.2,-0.19259925318895182,0.0029602987244192747,tp2,False
ema_pullback,1,2026-07-16 06:01:00+00:00,64916.59101,2026-07-16 06:02:00+00:00,64884.81087,1,-0.24477671659545175,0.4,-0.6447767165954518,-0.04895534331909035,sl,False
ema_pullback,1,2026-07-16 06:05:00+00:00,64892.58861,2026-07-16 06:08:00+00:00,64846.71468,3,-0.35346047200934816,0.4,-0.7534604720093482,-0.07069209440186963,sl,False
ema_pullback,1,2026-07-16 06:09:00+00:00,64921.19147,2026-07-16 06:12:00+00:00,64842.515100000004,3,-0.6059375083738994,0.4,-1.0059375083738993,-0.12118750167477987,sl,False
ema_pullback,1,2026-07-16 06:20:00+00:00,64878.98725,2026-07-16 06:22:00+00:00,64822.817070000005,2,-0.4328842232351193,0.4,-0.8328842232351193,-0.08657684464702387,sl,False
ema_pullback,1,2026-07-16 06:43:00+00:00,64710.57041,2026-07-16 06:45:00+00:00,64669.03245,2,-0.3209518919151666,0.4,-0.7209518919151666,-0.06419037838303332,sl,False
ema_pullback,1,2026-07-16 06:48:00+00:00,64733.4727,2026-07-16 06:53:00+00:00,64762.823070000006,5,0.11335082444913214,0.2,-0.08664917555086787,0.045340329779652855,tp1_partial,True
ema_pullback,1,2026-07-16 06:48:00+00:00,64733.4727,2026-07-16 07:06:00+00:00,64678.23153,18,-0.213340825449021,0.2,-0.413340825449021,-0.0853363301796084,sl,False
ema_pullback,-1,2026-07-16 07:36:00+00:00,64365.76278,2026-07-16 07:36:00+00:00,64305.829939999996,0,0.23278229532075478,0.2,0.03278229532075477,0.09311291812830191,tp1_partial,True
ema_pullback,-1,2026-07-16 07:36:00+00:00,64365.76278,2026-07-16 07:37:00+00:00,64233.02265999999,1,0.5155695911416014,0.2,0.3155695911416014,0.20622783645664056,tp2,False
ema_pullback,-1,2026-07-16 07:48:00+00:00,64209.778379999996,2026-07-16 07:50:00+00:00,64183.81773999999,2,0.10107743966333849,0.2,-0.09892256033666152,0.040430975865335395,tp1_partial,True
ema_pullback,-1,2026-07-16 07:48:00+00:00,64209.778379999996,2026-07-16 07:51:00+00:00,64145.01385999999,3,0.2521598798267133,0.2,0.052159879826713273,0.10086395193068531,tp2,False
ema_pullback,-1,2026-07-16 08:04:00+00:00,64142.385120000006,2026-07-16 08:10:00+00:00,64082.10757,6,0.23493650059644433,0.2,0.03493650059644432,0.09397460023857773,tp1_partial,True
ema_pullback,-1,2026-07-16 08:04:00+00:00,64142.385120000006,2026-07-16 08:13:00+00:00,64008.900250000006,9,0.5202677985479964,0.2,0.3202677985479964,0.20810711941919857,tp2,False
ema_pullback,-1,2026-07-16 08:20:00+00:00,63908.90847,2026-07-16 08:21:00+00:00,63978.597219999996,1,-0.5452193729197363,0.4,-0.9452193729197363,-0.10904387458394726,sl,False
ema_pullback,-1,2026-07-16 08:43:00+00:00,64239.47541,2026-07-16 08:43:00+00:00,64212.12057000001,0,0.10645650445229027,0.2,-0.09354349554770974,0.04258260178091611,tp1_partial,True
ema_pullback,-1,2026-07-16 08:43:00+00:00,64239.47541,2026-07-16 08:44:00+00:00,64171.91655000001,1,0.26291800940467236,0.2,0.06291800940467235,0.10516720376186894,tp2,False
ema_pullback,-1,2026-07-16 08:50:00+00:00,64133.68599,2026-07-16 08:50:00+00:00,64106.409999999996,0,0.10632474018512639,0.2,-0.09367525981487362,0.042529896074050555,tp1_partial,True
ema_pullback,-1,2026-07-16 08:50:00+00:00,64133.68599,2026-07-16 08:54:00+00:00,64066.406,4,0.2622646311428445,0.2,0.06226463114284447,0.1049058524571378,tp2,False
ema_pullback,-1,2026-07-16 09:08:00+00:00,64073.49201,2026-07-16 09:10:00+00:00,64117.611119999994,2,-0.34428519982265815,0.4,-0.7442851998226582,-0.06885703996453163,sl,False
ema_pullback,-1,2026-07-16 09:14:00+00:00,64107.88857,2026-07-16 09:14:00+00:00,64092.20858,0,0.06114688203653906,0.2,-0.13885311796346095,0.024458752814615625,tp1_partial,True
ema_pullback,-1,2026-07-16 09:14:00+00:00,64107.88857,2026-07-16 09:23:00+00:00,64063.60572000001,9,0.1726887711784586,0.2,-0.02731122882154141,0.06907550847138344,tp2,False
ema_pullback,-1,2026-07-16 09:28:00+00:00,64029.09645,2026-07-16 09:29:00+00:00,64002.79963999999,1,0.10267523461204853,0.2,-0.09732476538795148,0.04107009384481941,tp1_partial,True
ema_pullback,-1,2026-07-16 09:28:00+00:00,64029.09645,2026-07-16 09:32:00+00:00,64081.207480000005,4,-0.20346620868177956,0.2,-0.40346620868177957,-0.08138648347271182,sl,False
ema_pullback,-1,2026-07-16 09:34:00+00:00,64050.29433,2026-07-16 09:35:00+00:00,64089.10827,1,-0.30299579733406024,0.4,-0.7029957973340603,-0.06059915946681205,sl,False
ema_pullback,-1,2026-07-16 09:39:00+00:00,64057.79358,2026-07-16 09:39:00+00:00,64061.30548999999,0,-0.013706021561643578,0.2,-0.2137060215616436,-0.005482408624657431,tp1_partial,True
ema_pullback,-1,2026-07-16 09:39:00+00:00,64057.79358,2026-07-16 09:40:00+00:00,64052.004559999994,1,0.022592957376749156,0.2,-0.17740704262325085,0.009037182950699663,tp2,False
ema_pullback,-1,2026-07-16 09:47:00+00:00,64051.29423,2026-07-16 09:48:00+00:00,64097.10907,1,-0.35764179749031566,0.4,-0.7576417974903157,-0.07152835949806313,sl,False
ema_pullback,-1,2026-07-16 09:50:00+00:00,64054.99386,2026-07-16 09:51:00+00:00,64094.50881,1,-0.3084455061096447,0.4,-0.7084455061096447,-0.061689101221928944,sl,False
ema_pullback,-1,2026-07-16 09:54:00+00:00,63994.19994,2026-07-16 10:06:00+00:00,64104.80984,12,-0.864218164331354,0.4,-1.264218164331354,-0.1728436328662708,sl,False
ema_pullback,-1,2026-07-16 10:13:00+00:00,64099.98936,2026-07-16 10:16:00+00:00,64133.61272,3,-0.26227274244272625,0.4,-0.6622727424427263,-0.05245454848854525,sl,False
ema_pullback,-1,2026-07-16 10:23:00+00:00,64148.5845,2026-07-16 10:23:00+00:00,64176.91705,0,-0.2208353482842096,0.4,-0.6208353482842096,-0.04416706965684192,sl,False
ema_pullback,-1,2026-07-16 10:28:00+00:00,64145.884770000004,2026-07-16 10:28:00+00:00,64173.91675,0,-0.21850177996995956,0.4,-0.6185017799699596,-0.04370035599399191,sl,False
ema_pullback,-1,2026-07-16 10:37:00+00:00,64184.38092,2026-07-16 10:37:00+00:00,64173.416699999994,0,0.04270595058661342,0.2,-0.1572940494133866,0.017082380234645367,tp1_partial,True
ema_pullback,-1,2026-07-16 10:37:00+00:00,64184.38092,2026-07-16 10:47:00+00:00,64149.71432999999,10,0.13502735986198333,0.2,-0.06497264013801668,0.05401094394479333,tp2,False
ema_pullback,-1,2026-07-16 10:55:00+00:00,64143.98496,2026-07-16 10:56:00+00:00,64179.217280000004,1,-0.27463463660681864,0.4,-0.6746346366068187,-0.05492692732136373,sl,False
ema_pullback,-1,2026-07-16 11:01:00+00:00,64150.68429,2026-07-16 11:05:00+00:00,64122.611619999996,4,0.10940128819630912,0.2,-0.09059871180369089,0.04376051527852365,tp1_partial,True
ema_pullback,-1,2026-07-16 11:01:00+00:00,64150.68429,2026-07-16 11:17:00+00:00,64081.70752999999,16,0.26880757689265455,0.2,0.06880757689265454,0.10752303075706182,tp2,False
ema_pullback,-1,2026-07-16 11:29:00+00:00,64163.68299,2026-07-16 11:29:00+00:00,64144.11377,0,0.07624725969612722,0.2,-0.12375274030387279,0.03049890387845089,tp1_partial,True
ema_pullback,-1,2026-07-16 11:29:00+00:00,64163.68299,2026-07-16 11:42:00+00:00,64209.52031,13,-0.17859526551466942,0.2,-0.37859526551466943,-0.07143810620586777,sl,False
ema_pullback,-1,2026-07-16 11:48:00+00:00,64203.778979999995,2026-07-16 11:49:00+00:00,64189.718329999996,1,0.0547500872354334,0.2,-0.1452499127645666,0.02190003489417336,tp1_partial,True
ema_pullback,-1,2026-07-16 11:48:00+00:00,64203.778979999995,2026-07-16 11:50:00+00:00,64162.81563999999,2,0.15950517497093086,0.2,-0.04049482502906915,0.06380206998837235,tp2,False
ema_pullback,-1,2026-07-16 12:03:00+00:00,64190.88027,2026-07-16 12:04:00+00:00,64191.51851,1,-0.002485711355415532,0.2,-0.20248571135541554,-0.0009942845421662128,tp1_partial,True
ema_pullback,-1,2026-07-16 12:03:00+00:00,64190.88027,2026-07-16 12:05:00+00:00,64179.317290000006,2,0.045033577789233004,0.2,-0.154966422210767,0.0180134311156932,tp2,False
ema_pullback,-1,2026-07-16 12:13:00+00:00,64115.28783,2026-07-16 12:21:00+00:00,64087.00806,8,0.1102692156470797,0.2,-0.08973078435292031,0.04410768625883188,tp1_partial,True
ema_pullback,-1,2026-07-16 12:13:00+00:00,64115.28783,2026-07-16 12:30:00+00:00,64169.01626,17,-0.20949929345420726,0.2,-0.40949929345420727,-0.0837997173816829,sl,False
ema_pullback,-1,2026-07-16 12:33:00+00:00,64106.08875,2026-07-16 12:33:00+00:00,64153.914749999996,0,-0.3730222895558244,0.4,-0.7730222895558244,-0.07460445791116488,sl,False
ema_pullback,-1,2026-07-16 12:35:00+00:00,64117.487610000004,2026-07-16 12:36:00+00:00,64102.30959,1,0.059180500382088885,0.2,-0.14081949961791113,0.023672200152835554,tp1_partial,True
ema_pullback,-1,2026-07-16 12:35:00+00:00,64117.487610000004,2026-07-16 12:37:00+00:00,64074.30679,2,0.16836600126415857,0.2,-0.03163399873584144,0.06734640050566343,tp2,False
ema_pullback,-1,2026-07-16 12:48:00+00:00,63916.507710000005,2026-07-16 12:48:00+00:00,63936.49301,0,-0.1563391111000234,0.4,-0.5563391111000234,-0.03126782222000468,sl,False
ema_pullback,-1,2026-07-16 12:50:00+00:00,63916.6077,2026-07-16 12:52:00+00:00,63962.19558,2,-0.3566199900186806,0.4,-0.7566199900186806,-0.07132399800373612,sl,False
ema_pullback,-1,2026-07-16 12:58:00+00:00,63954.20394,2026-07-16 12:58:00+00:00,63959.09527,0,-0.01912043970003774,0.2,-0.21912043970003775,-0.007648175880015096,tp1_partial,True
ema_pullback,-1,2026-07-16 12:58:00+00:00,63954.20394,2026-07-16 12:59:00+00:00,63951.09447,1,0.012155064907537483,0.2,-0.18784493509246253,0.004862025963014993,tp2,False
ema_pullback,-1,2026-07-16 13:03:00+00:00,63939.40542,2026-07-16 13:03:00+00:00,64001.89955,0,-0.48869808523788194,0.4,-0.888698085237882,-0.09773961704757639,sl,False
ema_pullback,-1,2026-07-16 13:05:00+00:00,63951.404220000004,2026-07-16 13:05:00+00:00,63984.09776999999,0,-0.2556124482233635,0.4,-0.6556124482233635,-0.0511224896446727,sl,False
ema_pullback,-1,2026-07-16 13:18:00+00:00,64037.29563,2026-07-16 13:20:00+00:00,64091.80854,2,-0.4256340735793174,0.4,-0.8256340735793174,-0.08512681471586347,sl,False
ema_pullback,-1,2026-07-16 13:39:00+00:00,64293.37002,2026-07-16 13:41:00+00:00,64269.32629,2,0.09349226052596249,0.2,-0.10650773947403752,0.037396904210384996,tp1_partial,True
ema_pullback,-1,2026-07-16 13:39:00+00:00,64293.37002,2026-07-16 13:42:00+00:00,64232.32259,3,0.23737840301810142,0.2,0.037378403018101414,0.09495136120724057,tp2,False
ema_pullback,-1,2026-07-16 13:48:00+00:00,64169.08245,2026-07-16 13:48:00+00:00,64107.4101,0,0.2402728371878049,0.2,0.04027283718780489,0.09610913487512196,tp1_partial,True
ema_pullback,-1,2026-07-16 13:48:00+00:00,64169.08245,2026-07-16 13:50:00+00:00,64256.425,2,-0.34028283818793303,0.2,-0.540282838187933,-0.1361131352751732,sl,False
ema_pullback,-1,2026-07-16 13:55:00+00:00,64235.775779999996,2026-07-16 14:00:00+00:00,64372.4366,5,-1.0637438276456246,0.4,-1.4637438276456245,-0.21274876552912492,sl,False
ema_pullback,-1,2026-07-16 14:04:00+00:00,64340.265329999995,2026-07-16 14:04:00+00:00,64310.23038,0,0.11670355199014382,0.2,-0.0832964480098562,0.04668142079605753,tp1_partial,True
ema_pullback,-1,2026-07-16 14:04:00+00:00,64340.265329999995,2026-07-16 14:05:00+00:00,64396.439,1,-0.21826794508805758,0.2,-0.4182679450880576,-0.08730717803522303,sl,False
ema_pullback,1,2026-07-16 14:06:00+00:00,64392.138569999996,2026-07-16 14:06:00+00:00,64447.15463999999,0,0.21359777459556417,0.2,0.01359777459556416,0.08543910983822567,tp1_partial,True
ema_pullback,1,2026-07-16 14:06:00+00:00,64392.138569999996,2026-07-16 14:07:00+00:00,64515.04784999999,1,0.47719054969103114,0.2,0.27719054969103113,0.19087621987641246,tp2,False
ema_pullback,1,2026-07-16 14:15:00+00:00,64616.460999999996,2026-07-16 14:16:00+00:00,64666.73268,1,0.19450028375900263,0.2,-0.0054997162409973765,0.07780011350360105,tp1_partial,True
ema_pullback,1,2026-07-16 14:15:00+00:00,64616.460999999996,2026-07-16 14:22:00+00:00,64540.34532,7,-0.294490284758836,0.2,-0.494490284758836,-0.1177961139035344,sl,False
ema_pullback,1,2026-07-16 14:24:00+00:00,64629.96235,2026-07-16 14:25:00+00:00,64560.843270000005,1,-0.5347293846906798,0.4,-0.9347293846906798,-0.10694587693813595,sl,False
ema_pullback,1,2026-07-16 14:26:00+00:00,64633.4627,2026-07-16 14:27:00+00:00,64690.730279999996,1,0.22150902028028607,0.2,0.021509020280286062,0.08860360811211443,tp1_partial,True
ema_pullback,1,2026-07-16 14:26:00+00:00,64633.4627,2026-07-16 14:28:00+00:00,64760.923259999996,2,0.49301304106053045,0.2,0.29301304106053044,0.19720521642421218,tp2,False
ema_pullback,1,2026-07-16 14:33:00+00:00,64710.27038,2026-07-16 14:35:00+00:00,64767.52260000001,2,0.2211867593189254,0.2,0.021186759318925386,0.08847470372757016,tp1_partial,True
ema_pullback,1,2026-07-16 14:33:00+00:00,64710.27038,2026-07-16 14:50:00+00:00,64627.13664,17,-0.3211767603187865,0.2,-0.5211767603187865,-0.1284707041275146,sl,False
ema_pullback,1,2026-07-16 15:12:00+00:00,64445.343890000004,2026-07-16 15:12:00+00:00,64396.95966,0,-0.37538964865008184,0.4,-0.7753896486500819,-0.07507792973001637,sl,False
ema_pullback,-1,2026-07-16 15:17:00+00:00,64349.06445,2026-07-16 15:17:00+00:00,64402.13957,0,-0.4124000904569547,0.4,-0.8124000904569547,-0.08248001809139094,sl,False
ema_pullback,1,2026-07-16 15:18:00+00:00,64451.94455,2026-07-16 15:21:00+00:00,64529.14644,3,0.29945523963248455,0.2,0.09945523963248454,0.11978209585299382,tp1_partial,True
ema_pullback,1,2026-07-16 15:18:00+00:00,64451.94455,2026-07-16 15:24:00+00:00,64619.23743,6,0.6489054797649274,0.2,0.4489054797649274,0.25956219190597096,tp2,False
ema_pullback,1,2026-07-16 15:35:00+00:00,64764.87584,2026-07-16 15:36:00+00:00,64719.72738,1,-0.3485566784034444,0.4,-0.7485566784034444,-0.06971133568068888,sl,False
ema_pullback,1,2026-07-16 15:37:00+00:00,64766.476,2026-07-16 15:38:00+00:00,64719.22743,1,-0.36476100691351654,0.4,-0.7647610069135166,-0.07295220138270331,sl,False
ema_pullback,1,2026-07-16 15:39:00+00:00,64767.776130000006,2026-07-16 15:43:00+00:00,64709.928360000005,4,-0.44657832533795405,0.4,-0.8465783253379541,-0.08931566506759081,sl,False
ema_pullback,1,2026-07-16 15:50:00+00:00,64739.37329,2026-07-16 15:56:00+00:00,64630.33632,6,-0.8421225326940562,0.4,-1.2421225326940561,-0.16842450653881125,sl,False
ema_pullback,1,2026-07-16 15:59:00+00:00,64703.66972,2026-07-16 15:59:00+00:00,64670.73228,0,-0.25452528537051045,0.4,-0.6545252853705105,-0.05090505707410209,sl,False
ema_pullback,1,2026-07-16 16:17:00+00:00,64509.85034,2026-07-16 16:17:00+00:00,64444.954860000005,0,-0.502988920745906,0.4,-0.902988920745906,-0.10059778414918119,sl,False
ema_pullback,1,2026-07-16 16:19:00+00:00,64506.34999,2026-07-16 16:20:00+00:00,64444.65489,1,-0.47820950968058273,0.4,-0.8782095096805828,-0.09564190193611655,sl,False
ema_pullback,1,2026-07-16 16:26:00+00:00,64501.34949,2026-07-16 16:30:00+00:00,64558.94346000001,4,0.22322777141636774,0.2,0.023227771416367726,0.0892911085665471,tp1_partial,True
ema_pullback,1,2026-07-16 16:26:00+00:00,64501.34949,2026-07-16 16:32:00+00:00,64629.53640000001,6,0.4968380933637606,0.2,0.2968380933637606,0.19873523734550425,tp2,False
ema_pullback,1,2026-07-16 16:49:00+00:00,64410.140369999994,2026-07-16 16:50:00+00:00,64432.75608,1,0.08778008350118771,0.2,-0.1122199164988123,0.035112033400475084,tp1_partial,True
ema_pullback,1,2026-07-16 16:49:00+00:00,64410.140369999994,2026-07-16 16:52:00+00:00,64468.25253,3,0.22555516750227822,0.2,0.02555516750227821,0.09022206700091129,tp2,False
ema_pullback,-1,2026-07-16 17:10:00+00:00,64269.5724,2026-07-16 17:10:00+00:00,64204.519810000005,0,0.25304583324095575,0.2,0.05304583324095574,0.1012183332963823,tp1_partial,True
ema_pullback,-1,2026-07-16 17:10:00+00:00,64269.5724,2026-07-16 17:17:00+00:00,64126.71203000001,7,0.5557076415214635,0.2,0.35570764152146345,0.22228305660858538,tp2,False
ema_pullback,-1,2026-07-16 17:21:00+00:00,64143.98496,2026-07-16 17:26:00+00:00,64097.80914,5,0.1799694079998304,0.2,-0.0200305920001696,0.07198776319993216,tp1_partial,True
ema_pullback,-1,2026-07-16 17:21:00+00:00,64143.98496,2026-07-16 17:30:00+00:00,64216.020959999994,9,-0.2807589832659607,0.2,-0.4807589832659607,-0.11230359330638429,sl,False
ema_pullback,-1,2026-07-16 17:36:00+00:00,64196.67969,2026-07-16 17:36:00+00:00,64239.92335,0,-0.3368060482942248,0.4,-0.7368060482942248,-0.06736120965884496,sl,False
ema_pullback,-1,2026-07-16 17:38:00+00:00,64181.38122,2026-07-16 17:38:00+00:00,64217.521109999994,0,-0.2815449692186167,0.4,-0.6815449692186167,-0.05630899384372334,sl,False
ema_pullback,-1,2026-07-16 17:41:00+00:00,64160.08335,2026-07-16 17:42:00+00:00,64206.52001,1,-0.3618812318765263,0.4,-0.7618812318765263,-0.07237624637530526,sl,False
ema_pullback,-1,2026-07-16 17:43:00+00:00,64149.88437000001,2026-07-16 17:44:00+00:00,64115.01086,1,0.13590636344276708,0.2,-0.06409363655723294,0.05436254537710683,tp1_partial,True
ema_pullback,-1,2026-07-16 17:43:00+00:00,64149.88437000001,2026-07-16 17:46:00+00:00,64067.306090000005,3,0.32181772738557046,0.2,0.12181772738557045,0.12872709095422818,tp2,False
ema_pullback,-1,2026-07-16 17:55:00+00:00,64060.39332,2026-07-16 17:55:00+00:00,64028.90225000001,0,0.12289602189410886,0.2,-0.07710397810589115,0.049158408757643546,tp1_partial,True
ema_pullback,-1,2026-07-16 17:55:00+00:00,64060.39332,2026-07-16 17:56:00+00:00,63984.59782000001,1,0.29579704428825404,0.2,0.09579704428825403,0.11831881771530162,tp2,False
ema_pullback,-1,2026-07-16 18:04:00+00:00,64039.5954,2026-07-16 18:04:00+00:00,64074.00676,0,-0.26867252818396636,0.4,-0.6686725281839664,-0.05373450563679327,sl,False
ema_pullback,-1,2026-07-16 18:16:00+00:00,64123.487010000004,2026-07-16 18:16:00+00:00,64172.91665,0,-0.38542539017172306,0.4,-0.7854253901717231,-0.07708507803434461,sl,False
ema_pullback,-1,2026-07-16 18:30:00+00:00,64181.08125,2026-07-16 18:35:00+00:00,64138.61322,5,0.16542269611577454,0.2,-0.034577303884225474,0.06616907844630981,tp1_partial,True
ema_pullback,-1,2026-07-16 18:30:00+00:00,64181.08125,2026-07-16 18:38:00+00:00,64083.20767999999,8,0.38123995456998405,0.2,0.18123995456998404,0.15249598182799362,tp2,False
ema_pullback,-1,2026-07-16 18:44:00+00:00,64098.68949,2026-07-16 18:45:00+00:00,64143.31369,1,-0.3480897999246224,0.4,-0.7480897999246224,-0.06961795998492448,sl,False
ema_pullback,-1,2026-07-16 19:00:00+00:00,64210.5783,2026-07-16 19:00:00+00:00,64247.72413,0,-0.28925008139979447,0.4,-0.6892500813997945,-0.057850016279958894,sl,False
ema_pullback,-1,2026-07-16 19:07:00+00:00,64227.77658,2026-07-16 19:07:00+00:00,64197.11906999999,0,0.11933119762372324,0.2,-0.08066880237627677,0.047732479049489296,tp1_partial,True
ema_pullback,-1,2026-07-16 19:07:00+00:00,64227.77658,2026-07-16 19:27:00+00:00,64153.61472,20,0.2886673957474828,0.2,0.08866739574748278,0.11546695829899312,tp2,False
ema_pullback,-1,2026-07-16 19:32:00+00:00,64198.67949,2026-07-16 19:46:00+00:00,64159.915349999996,14,0.15095380585689044,0.2,-0.04904619414310957,0.06038152234275618,tp1_partial,True
ema_pullback,-1,2026-07-16 19:32:00+00:00,64198.67949,2026-07-16 19:55:00+00:00,64263.125669999994,23,-0.25096380685690756,0.2,-0.45096380685690757,-0.10038552274276302,sl,False
ema_pullback,-1,2026-07-16 20:02:00+00:00,64219.87737,2026-07-16 20:02:00+00:00,64213.02065999999,0,0.02669231973345676,0.2,-0.17330768026654325,0.010676927893382704,tp1_partial,True
ema_pullback,-1,2026-07-16 20:02:00+00:00,64219.87737,2026-07-16 20:07:00+00:00,64193.41869999999,5,0.1030003134682711,0.2,-0.09699968653172891,0.04120012538730844,tp2,False
ema_pullback,-1,2026-07-16 20:24:00+00:00,64174.48191,2026-07-16 20:24:00+00:00,64194.51881,0,-0.15611267441240084,0.4,-0.5561126744124009,-0.03122253488248017,sl,False
ema_pullback,-1,2026-07-16 20:25:00+00:00,64153.584,2026-07-16 20:30:00+00:00,64137.01306,5,0.0645752698711366,0.2,-0.1354247301288634,0.02583010794845464,tp1_partial,True
ema_pullback,-1,2026-07-16 20:25:00+00:00,64153.584,2026-07-16 20:52:00+00:00,64107.61012,27,0.1791555402423095,0.2,-0.020844459757690503,0.0716622160969238,tp2,False
ema_pullback,-1,2026-07-16 20:58:00+00:00,64103.68899,2026-07-16 21:02:00+00:00,64092.10857,4,0.04516284547140259,0.2,-0.15483715452859742,0.018065138188561036,tp1_partial,True
ema_pullback,-1,2026-07-16 20:58:00+00:00,64103.68899,2026-07-16 21:06:00+00:00,64141.11347,8,-0.14595291078267625,0.2,-0.34595291078267626,-0.0583811643130705,sl,False
ema_pullback,-1,2026-07-16 21:12:00+00:00,64124.08695,2026-07-16 21:12:00+00:00,64142.513609999995,0,-0.14367970661610663,0.4,-0.5436797066161067,-0.028735941323221326,sl,False
ema_pullback,-1,2026-07-16 21:24:00+00:00,64130.5863,2026-07-16 21:37:00+00:00,64177.617119999995,13,-0.36668010315688004,0.4,-0.7666801031568801,-0.07333602063137601,sl,False
ema_pullback,-1,2026-07-16 21:43:00+00:00,64165.08285,2026-07-16 21:44:00+00:00,64192.71863,1,-0.21534905568976193,0.4,-0.615349055689762,-0.043069811137952385,sl,False
ema_pullback,-1,2026-07-16 21:46:00+00:00,64153.48401,2026-07-16 21:56:00+00:00,64136.413,10,0.06652409554772087,0.2,-0.13347590445227914,0.02660963821908835,tp1_partial,True
ema_pullback,-1,2026-07-16 21:46:00+00:00,64153.48401,2026-07-16 22:00:00+00:00,64196.419,14,-0.16731355538424086,0.2,-0.3673135553842409,-0.06692542215369635,sl,False
ema_pullback,-1,2026-07-16 22:03:00+00:00,64156.283729999996,2026-07-16 22:20:00+00:00,64119.21128,17,0.14446149248611984,0.2,-0.055538507513880175,0.057784596994447934,tp1_partial,True
ema_pullback,-1,2026-07-16 22:03:00+00:00,64156.283729999996,2026-07-16 22:22:00+00:00,64069.00626,19,0.34009712270469117,0.2,0.14009712270469116,0.13603884908187647,tp2,False
ema_pullback,-1,2026-07-16 22:41:00+00:00,63998.49951,2026-07-16 23:00:00+00:00,63924.59182,19,0.28870868288269347,0.2,0.08870868288269346,0.11548347315307739,tp1_partial,True
ema_pullback,-1,2026-07-16 22:41:00+00:00,63998.49951,2026-07-16 23:20:00+00:00,63837.98316,39,0.6270316930435116,0.2,0.4270316930435116,0.25081267721740463,tp2,False
ema_pullback,-1,2026-07-16 23:27:00+00:00,63773.72199,2026-07-16 23:27:00+00:00,63798.379199999996,0,-0.19331794687993398,0.4,-0.593317946879934,-0.038663589375986795,sl,False
ema_pullback,-1,2026-07-16 23:30:00+00:00,63781.52121,2026-07-16 23:30:00+00:00,63798.47921,0,-0.1329381902335225,0.4,-0.5329381902335225,-0.026587638046704498,sl,False
ema_pullback,-1,2026-07-16 23:33:00+00:00,63746.12475,2026-07-16 23:44:00+00:00,63816.78104,11,-0.5542006692728085,0.4,-0.9542006692728086,-0.1108401338545617,sl,False
ema_pullback,-1,2026-07-16 23:56:00+00:00,63796.419720000005,2026-07-17 00:05:00+00:00,63754.77483999999,9,0.16319442447865207,0.2,-0.036805575521347944,0.06527776979146083,tp1_partial,True
ema_pullback,-1,2026-07-16 23:56:00+00:00,63796.419720000005,2026-07-17 00:17:00+00:00,63863.3857,21,-0.2624206040632848,0.2,-0.46242060406328483,-0.10496824162531393,sl,False
ema_pullback,-1,2026-07-17 00:19:00+00:00,63788.020560000004,2026-07-17 00:31:00+00:00,63714.57082,12,0.28786651221962556,0.2,0.08786651221962555,0.11514660488785022,tp1_partial,True
ema_pullback,-1,2026-07-17 00:19:00+00:00,63788.020560000004,2026-07-17 00:36:00+00:00,63628.3622,17,0.6257380249392874,0.2,0.4257380249392874,0.25029520997571497,tp2,False
ema_pullback,-1,2026-07-17 00:40:00+00:00,63643.23504,2026-07-17 00:42:00+00:00,63721.3715,2,-0.6138630441310244,0.4,-1.0138630441310243,-0.12277260882620489,sl,False
ema_pullback,-1,2026-07-17 00:57:00+00:00,63791.6202,2026-07-17 00:58:00+00:00,63845.58392,1,-0.42296872089786497,0.4,-0.822968720897865,-0.084593744179573,sl,False
ema_pullback,-1,2026-07-17 01:12:00+00:00,63954.90387,2026-07-17 01:13:00+00:00,63985.49791,1,-0.2391844733453663,0.4,-0.6391844733453663,-0.04783689466907326,sl,False
ema_pullback,-1,2026-07-17 01:15:00+00:00,63957.403620000005,2026-07-17 01:15:00+00:00,63981.697530000005,0,-0.1899225783487113,0.4,-0.5899225783487113,-0.03798451566974226,sl,False
ema_pullback,-1,2026-07-17 01:16:00+00:00,63940.50531,2026-07-17 01:18:00+00:00,63905.3899,2,0.1372972024139829,0.2,-0.0627027975860171,0.054918880965593164,tp1_partial,True
ema_pullback,-1,2026-07-17 01:16:00+00:00,63940.50531,2026-07-17 01:20:00+00:00,63857.3851,4,0.3249904328915254,0.2,0.1249904328915254,0.12999617315661016,tp2,False
ema_pullback,-1,2026-07-17 01:24:00+00:00,63868.71249,2026-07-17 01:24:00+00:00,63898.989259999995,0,-0.23702348786769356,0.4,-0.6370234878676936,-0.04740469757353871,sl,False
ema_pullback,-1,2026-07-17 01:26:00+00:00,63873.711989999996,2026-07-17 01:27:00+00:00,63901.08947,1,-0.21430944865308277,0.4,-0.6143094486530828,-0.042861889730616554,sl,False
ema_pullback,-1,2026-07-17 01:32:00+00:00,63877.11165,2026-07-17 01:32:00+00:00,63860.08536999999,0,0.06663685771085559,0.2,-0.13336314228914442,0.026654743084342236,tp1_partial,True
ema_pullback,-1,2026-07-17 01:32:00+00:00,63877.11165,2026-07-17 01:34:00+00:00,63830.28238999999,2,0.1832787159217475,0.2,-0.01672128407825252,0.073311486368699,tp2,False
ema_pullback,-1,2026-07-17 01:39:00+00:00,63833.71599,2026-07-17 01:41:00+00:00,63823.3817,2,0.040473478003455465,0.2,-0.15952652199654455,0.016189391201382186,tp1_partial,True
ema_pullback,-1,2026-07-17 01:39:00+00:00,63833.71599,2026-07-17 01:42:00+00:00,63800.27939,3,0.1309519565069195,0.2,-0.06904804349308052,0.052380782602767795,tp2,False
ema_pullback,-1,2026-07-17 01:59:00+00:00,63516.04776,2026-07-17 02:00:00+00:00,63564.75584,1,-0.3834312879796853,0.4,-0.7834312879796853,-0.07668625759593706,sl,False
ema_pullback,-1,2026-07-17 02:02:00+00:00,63449.35443,2026-07-17 02:05:00+00:00,63556.354999999996,3,-0.8431966799444801,0.4,-1.24319667994448,-0.16863933598889602,sl,False
ema_pullback,-1,2026-07-17 02:10:00+00:00,63415.757789999996,2026-07-17 02:13:00+00:00,63564.25579,3,-1.1708288694723956,0.4,-1.5708288694723955,-0.23416577389447912,sl,False
ema_pullback,-1,2026-07-17 02:21:00+00:00,63540.84528,2026-07-17 02:21:00+00:00,63518.75123999999,0,0.08692849419397741,0.2,-0.1130715058060226,0.034771397677590965,tp1_partial,True
ema_pullback,-1,2026-07-17 02:21:00+00:00,63540.84528,2026-07-17 02:26:00+00:00,63588.3582,5,-0.18693849519402228,0.2,-0.3869384951940223,-0.07477539807760891,sl,False
ema_pullback,-1,2026-07-17 02:27:00+00:00,63521.74719,2026-07-17 02:34:00+00:00,63478.54721999999,7,0.1700203942391343,0.2,-0.029979605760865724,0.06800815769565371,tp1_partial,True
ema_pullback,-1,2026-07-17 02:27:00+00:00,63521.74719,2026-07-17 02:38:00+00:00,63422.64163,11,0.3900457889782494,0.2,0.19004578897824936,0.15601831559129975,tp2,False
ema_pullback,-1,2026-07-17 02:43:00+00:00,63398.25954,2026-07-17 02:57:00+00:00,63469.14628,14,-0.5590590381686633,0.4,-0.9590590381686633,-0.11181180763373266,sl,False
ema_pullback,-1,2026-07-17 03:25:00+00:00,63635.53581,2026-07-17 03:25:00+00:00,63664.565819999996,0,-0.22809590294536886,0.4,-0.6280959029453689,-0.04561918058907377,sl,False
ema_pullback,-1,2026-07-17 03:29:00+00:00,63638.43552000001,2026-07-17 03:40:00+00:00,63602.55962,11,0.14093644708129682,0.2,-0.05906355291870319,0.05637457883251873,tp1_partial,True
ema_pullback,-1,2026-07-17 03:29:00+00:00,63638.43552000001,2026-07-17 03:46:00+00:00,63554.054769999995,17,0.3314850110256451,0.2,0.13148501102564508,0.13259400441025804,tp2,False
ema_pullback,-1,2026-07-17 03:59:00+00:00,63538.54551,2026-07-17 03:59:00+00:00,63544.85385,0,-0.02482091756023097,0.2,-0.22482091756023098,-0.009928367024092388,tp1_partial,True
ema_pullback,-1,2026-07-17 03:59:00+00:00,63538.54551,2026-07-17 04:00:00+00:00,63538.45321,1,0.0003631653796298817,0.2,-0.19963683462037013,0.00014526615185195269,tp2,False
ema_pullback,-1,2026-07-17 04:01:00+00:00,63501.34923,2026-07-17 04:03:00+00:00,63483.84775000001,2,0.0689020005567309,0.2,-0.1310979994432691,0.02756080022269236,tp1_partial,True
ema_pullback,-1,2026-07-17 04:01:00+00:00,63501.34923,2026-07-17 04:17:00+00:00,63453.54472000001,16,0.1882027334050851,0.2,-0.011797266594914924,0.07528109336203404,tp2,False
ema_pullback,-1,2026-07-17 04:18:00+00:00,63439.05546,2026-07-17 04:19:00+00:00,63407.04007,1,0.12616593109660013,0.2,-0.07383406890339989,0.05046637243864005,tp1_partial,True
ema_pullback,-1,2026-07-17 04:18:00+00:00,63439.05546,2026-07-17 04:20:00+00:00,63362.335600000006,2,0.30233686269323656,0.2,0.10233686269323655,0.12093474507729463,tp2,False
ema_pullback,-1,2026-07-17 04:27:00+00:00,63359.6634,2026-07-17 04:27:00+00:00,63348.034170000006,0,0.04588577880604294,0.2,-0.15411422119395707,0.018354311522417177,tp1_partial,True
ema_pullback,-1,2026-07-17 04:27:00+00:00,63359.6634,2026-07-17 04:34:00+00:00,63323.831750000005,7,0.14138194585167074,0.2,-0.05861805414832927,0.0565527783406683,tp2,False
ema_pullback,-1,2026-07-17 04:35:00+00:00,63324.966870000004,2026-07-17 04:39:00+00:00,63382.43761,4,-0.4537763132034245,0.4,-0.8537763132034245,-0.0907552626406849,sl,False
ema_pullback,-1,2026-07-17 04:51:00+00:00,63482.25114,2026-07-17 04:55:00+00:00,63462.64562999999,4,0.07720862779728166,0.2,-0.12279137220271835,0.030883451118912664,tp1_partial,True
ema_pullback,-1,2026-07-17 04:51:00+00:00,63482.25114,2026-07-17 05:00:00+00:00,63430.24238999999,9,0.20481610633699132,0.2,0.00481610633699131,0.08192644253479653,tp2,False
ema_pullback,-1,2026-07-17 05:06:00+00:00,63360.86328,2026-07-17 05:10:00+00:00,63413.24069,4,-0.4133262023950923,0.4,-0.8133262023950923,-0.08266524047901846,sl,False
ema_pullback,-1,2026-07-17 05:12:00+00:00,63369.56241,2026-07-17 05:14:00+00:00,63428.44221,2,-0.46457477186800933,0.4,-0.8645747718680094,-0.09291495437360187,sl,False
ema_pullback,-1,2026-07-17 05:16:00+00:00,63387.56061,2026-07-17 05:18:00+00:00,63379.43731,2,0.032038226119718294,0.2,-0.16796177388028172,0.012815290447887318,tp1_partial,True
ema_pullback,-1,2026-07-17 05:16:00+00:00,63387.56061,2026-07-17 05:20:00+00:00,63358.53522,4,0.11447589132898561,0.2,-0.0855241086710144,0.045790356531594245,tp2,False
ema_pullback,-1,2026-07-17 05:40:00+00:00,63065.59281,2026-07-17 05:40:00+00:00,62971.2965,0,0.3738025197198014,0.2,0.17380251971980137,0.14952100788792055,tp1_partial,True
ema_pullback,-1,2026-07-17 05:40:00+00:00,63065.59281,2026-07-17 05:45:00+00:00,62864.2858,5,0.7980064922504249,0.2,0.5980064922504249,0.31920259690016994,tp2,False
ema_pullback,-1,2026-07-17 05:57:00+00:00,62793.819989999996,2026-07-17 06:02:00+00:00,62762.87566,5,0.12319815072933671,0.2,-0.0768018492706633,0.04927926029173468,tp1_partial,True
ema_pullback,-1,2026-07-17 05:57:00+00:00,62793.819989999996,2026-07-17 06:03:00+00:00,62849.88436,6,-0.2232081517294371,0.2,-0.4232081517294371,-0.08928326069177484,sl,False
ema_pullback,-1,2026-07-17 06:10:00+00:00,62773.82199,2026-07-17 06:16:00+00:00,62670.766449999996,6,0.4104240300057682,0.2,0.2104240300057682,0.16416961200230729,tp1_partial,True
ema_pullback,-1,2026-07-17 06:10:00+00:00,62773.82199,2026-07-17 06:29:00+00:00,62902.18959,19,-0.5112306210240392,0.2,-0.7112306210240391,-0.20449224840961566,sl,False
ema_pullback,-1,2026-07-17 06:33:00+00:00,62853.81399,2026-07-17 07:21:00+00:00,62793.578729999994,48,0.23958474504662264,0.2,0.03958474504662263,0.09583389801864906,tp1_partial,True
ema_pullback,-1,2026-07-17 06:33:00+00:00,62853.81399,2026-07-17 07:31:00+00:00,62939.19329,58,-0.3395947460466675,0.2,-0.5395947460466675,-0.135837898418667,sl,False
ema_pullback,-1,2026-07-17 07:34:00+00:00,62885.010870000006,2026-07-17 07:44:00+00:00,62950.894459999996,10,-0.5238417636294068,0.4,-0.9238417636294068,-0.10476835272588136,sl,False
ema_pullback,-1,2026-07-17 07:46:00+00:00,62873.81199,2026-07-17 07:53:00+00:00,62921.69154,7,-0.38075908303136785,0.4,-0.7807590830313679,-0.07615181660627357,sl,False
ema_pullback,-1,2026-07-17 07:55:00+00:00,62870.012370000004,2026-07-17 07:58:00+00:00,62832.78265000001,3,0.14804243945784612,0.2,-0.05195756054215389,0.05921697578313845,tp1_partial,True
ema_pullback,-1,2026-07-17 07:55:00+00:00,62870.012370000004,2026-07-17 08:00:00+00:00,62782.97767000001,5,0.34608987941572855,0.2,0.14608987941572854,0.13843595176629142,tp2,False
ema_pullback,-1,2026-07-17 08:04:00+00:00,62756.7237,2026-07-17 08:06:00+00:00,62835.68294,2,-0.6290898834796499,0.4,-1.0290898834796498,-0.12581797669592998,sl,False
ema_pullback,-1,2026-07-17 08:10:00+00:00,62815.01787,2026-07-17 08:10:00+00:00,62810.68044000001,0,0.017262711000776143,0.2,-0.18273728899922387,0.006905084400310457,tp1_partial,True
ema_pullback,-1,2026-07-17 08:10:00+00:00,62815.01787,2026-07-17 08:11:00+00:00,62844.483819999994,1,-0.11727271200084877,0.2,-0.3172727120008488,-0.04690908480033951,sl,False
ema_pullback,-1,2026-07-17 08:17:00+00:00,62759.82339,2026-07-17 08:32:00+00:00,62689.268299999996,15,0.2810519779571363,0.2,0.08105197795713631,0.11242079118285453,tp1_partial,True
ema_pullback,-1,2026-07-17 08:17:00+00:00,62759.82339,2026-07-17 08:51:00+00:00,62855.2849,34,-0.3802652112593896,0.2,-0.5802652112593896,-0.15210608450375585,sl,False
ema_pullback,-1,2026-07-17 09:03:00+00:00,62855.21385,2026-07-17 09:03:00+00:00,62854.2848,0,0.003695198628306251,0.2,-0.19630480137169376,0.0014780794513225004,tp1_partial,True
ema_pullback,-1,2026-07-17 09:03:00+00:00,62855.21385,2026-07-17 09:07:00+00:00,62881.08748,4,-0.10290964112280587,0.2,-0.3029096411228059,-0.04116385644912235,sl,False
ema_pullback,-1,2026-07-17 09:11:00+00:00,62854.513920000005,2026-07-17 09:13:00+00:00,62889.48832,2,-0.278217090696975,0.4,-0.678217090696975,-0.055643418139394996,sl,False
ema_pullback,-1,2026-07-17 09:17:00+00:00,62861.51322,2026-07-17 09:19:00+00:00,62849.38431000001,2,0.04823662913405746,0.2,-0.15176337086594255,0.019294651653622985,tp1_partial,True
ema_pullback,-1,2026-07-17 09:17:00+00:00,62861.51322,2026-07-17 09:23:00+00:00,62898.78925,6,-0.1482466301341856,0.2,-0.3482466301341856,-0.05929865205367424,sl,False
ema_pullback,-1,2026-07-17 09:31:00+00:00,62894.509920000004,2026-07-17 09:31:00+00:00,62926.49202,0,-0.2542519215165129,0.4,-0.6542519215165129,-0.050850384303302576,sl,False
ema_pullback,-1,2026-07-17 09:35:00+00:00,62910.40833,2026-07-17 09:35:00+00:00,62924.891859999996,0,-0.11511235091676841,0.4,-0.5151123509167684,-0.023022470183353683,sl,False
ema_pullback,-1,2026-07-17 09:50:00+00:00,62930.80629,2026-07-17 10:01:00+00:00,63011.500519999994,11,-0.6411345631591736,0.4,-1.0411345631591735,-0.12822691263183472,sl,False
ema_pullback,-1,2026-07-17 10:10:00+00:00,63043.99497000001,2026-07-17 10:10:00+00:00,63035.002870000004,0,0.03565803533026046,0.2,-0.16434196466973955,0.014263214132104185,tp1_partial,True
ema_pullback,-1,2026-07-17 10:10:00+00:00,63043.99497000001,2026-07-17 10:11:00+00:00,63013.30070000001,1,0.12171765928939426,0.2,-0.07828234071060575,0.048687063715757706,tp2,False
ema_pullback,-1,2026-07-17 10:20:00+00:00,63056.59371,2026-07-17 10:21:00+00:00,63038.70324,1,0.07093021105086805,0.2,-0.12906978894913196,0.02837208442034722,tp1_partial,True
ema_pullback,-1,2026-07-17 10:20:00+00:00,63056.59371,2026-07-17 10:28:00+00:00,63099.70934,8,-0.1709402120509962,0.2,-0.3709402120509962,-0.06837608482039848,sl,False
ema_pullback,-1,2026-07-17 10:31:00+00:00,63046.594710000005,2026-07-17 10:33:00+00:00,63069.90636,2,-0.18487636094566273,0.4,-0.5848763609456628,-0.036975272189132546,sl,False
ema_pullback,-1,2026-07-17 10:52:00+00:00,63133.58601,2026-07-17 10:52:00+00:00,63156.315,0,-0.18000712011201347,0.4,-0.5800071201120135,-0.036001424022402695,sl,False
ema_pullback,-1,2026-07-17 10:56:00+00:00,63139.18545,2026-07-17 11:00:00+00:00,63172.21659,4,-0.2615740111674425,0.4,-0.6615740111674425,-0.0523148022334885,sl,False
ema_pullback,-1,2026-07-17 11:04:00+00:00,63108.088560000004,2026-07-17 11:12:00+00:00,63077.20709,8,0.12233562568861323,0.2,-0.07766437431138679,0.04893425027544529,tp1_partial,True
ema_pullback,-1,2026-07-17 11:04:00+00:00,63108.088560000004,2026-07-17 11:36:00+00:00,63164.41581,32,-0.22313799738382656,0.2,-0.42313799738382657,-0.08925519895353062,sl,False
ema_pullback,-1,2026-07-17 11:50:00+00:00,63246.6747,2026-07-17 11:52:00+00:00,63288.92826,2,-0.33403779882834606,0.4,-0.7340377988283461,-0.06680755976566921,sl,False
ema_pullback,-1,2026-07-17 12:00:00+00:00,63266.77269,2026-07-17 12:01:00+00:00,63316.331,1,-0.3916614353226544,0.4,-0.7916614353226544,-0.07833228706453088,sl,False
ema_pullback,-1,2026-07-17 12:02:00+00:00,63273.77199,2026-07-17 12:11:00+00:00,63246.324,9,0.1084493192706204,0.2,-0.09155068072937961,0.04337972770824816,tp1_partial,True
ema_pullback,-1,2026-07-17 12:02:00+00:00,63273.77199,2026-07-17 12:19:00+00:00,63206.32,17,0.2665084911117055,0.2,0.06650849111170548,0.1066033964446822,tp2,False
ema_pullback,-1,2026-07-17 12:26:00+00:00,63211.478220000005,2026-07-17 12:26:00+00:00,63216.020970000005,0,-0.017966475899300338,0.2,-0.21796647589930035,-0.007186590359720135,tp1_partial,True
ema_pullback,-1,2026-07-17 12:26:00+00:00,63211.478220000005,2026-07-17 12:27:00+00:00,63207.82015000001,1,0.014467586042149483,0.2,-0.18553241395785053,0.005787034416859793,tp2,False
ema_pullback,-1,2026-07-17 12:35:00+00:00,63154.08396,2026-07-17 12:35:00+00:00,63149.11428,0,0.01967283700587963,0.2,-0.18032716299412038,0.007869134802351851,tp1_partial,True
ema_pullback,-1,2026-07-17 12:35:00+00:00,63154.08396,2026-07-17 12:37:00+00:00,63131.41251,2,0.08974657131580188,0.2,-0.11025342868419813,0.03589862852632075,tp2,False
ema_pullback,-1,2026-07-17 12:42:00+00:00,63089.29044,2026-07-17 12:42:00+00:00,63063.20569,0,0.10336441342925773,0.2,-0.09663558657074228,0.04134576537170309,tp1_partial,True
ema_pullback,-1,2026-07-17 12:42:00+00:00,63089.29044,2026-07-17 12:55:00+00:00,63140.41341,13,-0.2025818076390462,0.2,-0.4025818076390462,-0.08103272305561848,sl,False
ema_pullback,-1,2026-07-17 12:58:00+00:00,63095.78979,2026-07-17 12:58:00+00:00,63094.70883999999,0,0.004282971984376216,0.2,-0.1957170280156238,0.0017131887937504864,tp1_partial,True
ema_pullback,-1,2026-07-17 12:58:00+00:00,63095.78979,2026-07-17 12:59:00+00:00,63081.00746999999,1,0.05857094446876099,0.2,-0.14142905553123902,0.023428377787504395,tp2,False
ema_pullback,-1,2026-07-17 13:20:00+00:00,62824.91688,2026-07-17 13:20:00+00:00,62867.2861,0,-0.33720076447474323,0.4,-0.7372007644747433,-0.06744015289494865,sl,False
ema_pullback,-1,2026-07-17 13:25:00+00:00,62815.81779,2026-07-17 13:30:00+00:00,62899.68934,5,-0.6675989659196135,0.4,-1.0675989659196135,-0.1335197931839227,sl,False
ema_pullback,-1,2026-07-17 13:34:00+00:00,62758.7235,2026-07-17 13:36:00+00:00,62622.56163,2,0.5424021650153599,0.2,0.34240216501535986,0.21696086600614395,tp1_partial,True
ema_pullback,-1,2026-07-17 13:34:00+00:00,62758.7235,2026-07-17 13:57:00+00:00,62920.19139,23,-0.6432089476772207,0.2,-0.8432089476772207,-0.2572835790708883,sl,False
ema_pullback,-1,2026-07-17 14:18:00+00:00,63318.6675,2026-07-17 14:29:00+00:00,63188.018169999996,11,0.5158404904841429,0.2,0.3158404904841429,0.20633619619365717,tp1_partial,True
ema_pullback,-1,2026-07-17 14:18:00+00:00,63318.6675,2026-07-17 15:06:00+00:00,63044.703839999995,48,1.0816859814682944,0.2,0.8816859814682945,0.43267439258731777,tp2,False
ema_pullback,-1,2026-07-17 15:11:00+00:00,62963.10306,2026-07-17 15:13:00+00:00,62879.58733,2,0.33160583715360903,0.2,0.13160583715360902,0.1326423348614436,tp1_partial,True
ema_pullback,-1,2026-07-17 15:11:00+00:00,62963.10306,2026-07-17 15:22:00+00:00,63071.80655,11,-0.4316158381537094,0.2,-0.6316158381537094,-0.17264633526148376,sl,False
ema_pullback,-1,2026-07-17 15:41:00+00:00,63207.87858,2026-07-17 15:41:00+00:00,63180.517420000004,0,0.10821894601859006,0.2,-0.09178105398140995,0.04328757840743602,tp1_partial,True
ema_pullback,-1,2026-07-17 15:41:00+00:00,63207.87858,2026-07-17 15:42:00+00:00,63140.41341000001,1,0.2668384524035228,0.2,0.06683845240352276,0.10673538096140911,tp2,False
ema_pullback,-1,2026-07-17 15:46:00+00:00,63140.58531,2026-07-17 15:50:00+00:00,63194.3188,4,-0.4255067460665618,0.4,-0.8255067460665618,-0.08510134921331236,sl,False
ema_pullback,-1,2026-07-17 15:51:00+00:00,63151.58421,2026-07-17 15:51:00+00:00,63196.318999999996,0,-0.3541858099017636,0.4,-0.7541858099017636,-0.07083716198035273,sl,False
ema_pullback,-1,2026-07-17 16:06:00+00:00,63359.6634,2026-07-17 16:06:00+00:00,63409.24029,0,-0.39123384926320615,0.4,-0.7912338492632062,-0.07824676985264123,sl,False
ema_pullback,-1,2026-07-17 16:08:00+00:00,63364.86288,2026-07-17 16:09:00+00:00,63416.341,1,-0.40620398798529855,0.4,-0.8062039879852986,-0.08124079759705971,sl,False
ema_pullback,-1,2026-07-17 16:16:00+00:00,63395.25984,2026-07-17 16:17:00+00:00,63441.84355,1,-0.3674068859215174,0.4,-0.7674068859215174,-0.07348137718430348,sl,False
ema_pullback,-1,2026-07-17 16:22:00+00:00,63421.157250000004,2026-07-17 16:22:00+00:00,63398.23918999999,0,0.09034075139022213,0.2,-0.10965924860977788,0.03613630055608885,tp1_partial,True
ema_pullback,-1,2026-07-17 16:22:00+00:00,63421.157250000004,2026-07-17 16:23:00+00:00,63362.53561999999,1,0.23108073292063547,0.2,0.031080732920635457,0.09243229316825419,tp2,False
ema_pullback,-1,2026-07-17 16:32:00+00:00,63380.06136,2026-07-17 16:34:00+00:00,63349.3343,2,0.12120160244666334,0.2,-0.07879839755333667,0.048480640978665335,tp1_partial,True
ema_pullback,-1,2026-07-17 16:32:00+00:00,63380.06136,2026-07-17 16:37:00+00:00,63436.142980000004,5,-0.22121160344679147,0.2,-0.4212116034467915,-0.08848464137871659,sl,False
ema_pullback,-1,2026-07-17 16:41:00+00:00,63383.46102,2026-07-17 16:42:00+00:00,63431.3425,1,-0.37771272844255854,0.4,-0.7777127284425586,-0.07554254568851171,sl,False
ema_pullback,-1,2026-07-17 16:47:00+00:00,63452.05416,2026-07-17 16:47:00+00:00,63539.65333,0,-0.6902784406247475,0.4,-1.0902784406247474,-0.1380556881249495,sl,False
ema_pullback,-1,2026-07-17 16:56:00+00:00,63570.14235,2026-07-17 17:01:00+00:00,63631.16248,5,-0.4799433172890666,0.4,-0.8799433172890666,-0.09598866345781332,sl,False
ema_pullback,1,2026-07-17 17:17:00+00:00,63966.79604,2026-07-17 17:19:00+00:00,63889.41042,2,-0.6048889798357937,0.4,-1.0048889798357936,-0.12097779596715874,sl,False
ema_pullback,1,2026-07-17 17:21:00+00:00,63930.99246,2026-07-17 17:22:00+00:00,63958.10355,1,0.10601700738871456,0.2,-0.09398299261128545,0.04240680295548582,tp1_partial,True
ema_pullback,1,2026-07-17 17:21:00+00:00,63930.99246,2026-07-17 17:25:00+00:00,63998.09955,4,0.2624200228159568,0.2,0.062420022815956766,0.10496800912638271,tp2,False
ema_pullback,1,2026-07-17 17:28:00+00:00,64060.10537,2026-07-17 17:30:00+00:00,63972.30213,2,-0.685319197438583,0.4,-1.085319197438583,-0.1370638394877166,sl,False
ema_pullback,1,2026-07-17 17:31:00+00:00,64041.70353,2026-07-17 17:35:00+00:00,63970.202339999996,4,-0.5582392882983456,0.4,-0.9582392882983456,-0.11164785765966911,sl,False
ema_pullback,1,2026-07-17 17:39:00+00:00,64011.50051,2026-07-17 17:39:00+00:00,64012.39812,0,0.003505659111446846,0.2,-0.19649434088855317,0.0014022636445787384,tp1_partial,True
ema_pullback,1,2026-07-17 17:39:00+00:00,64011.50051,2026-07-17 17:40:00+00:00,63985.20084,1,-0.1027146285841607,0.2,-0.3027146285841607,-0.04108585143366428,sl,False
ema_pullback,1,2026-07-17 17:42:00+00:00,64016.401,2026-07-17 17:47:00+00:00,64055.393820000005,5,0.15227667984651916,0.2,-0.04772332015348085,0.06091067193860766,tp1_partial,True
ema_pullback,1,2026-07-17 17:42:00+00:00,64016.401,2026-07-17 17:48:00+00:00,64107.28863,6,0.35493884606230264,0.2,0.15493884606230263,0.14197553842492106,tp2,False
ema_pullback,1,2026-07-17 17:53:00+00:00,64086.30799,2026-07-17 17:53:00+00:00,64026.69669,0,-0.465086083671018,0.4,-0.865086083671018,-0.0930172167342036,sl,False
ema_pullback,1,2026-07-17 17:58:00+00:00,64036.20298,2026-07-17 18:00:00+00:00,63982.70109,2,-0.4177472079091582,0.4,-0.8177472079091582,-0.08354944158183164,sl,False
ema_pullback,1,2026-07-17 18:03:00+00:00,64027.80214,2026-07-17 18:04:00+00:00,63977.401620000004,1,-0.3935830866862444,0.4,-0.7935830866862444,-0.07871661733724888,sl,False
ema_pullback,1,2026-07-17 18:06:00+00:00,64027.50211,2026-07-17 18:06:00+00:00,63973.10205,0,-0.42481791579607187,0.4,-0.8248179157960719,-0.08496358315921437,sl,False
ema_pullback,1,2026-07-17 18:10:00+00:00,64008.50021,2026-07-17 18:10:00+00:00,64008.19854,0,-0.0011782419483685747,0.2,-0.20117824194836859,-0.00047129677934742986,tp1_partial,True
ema_pullback,1,2026-07-17 18:10:00+00:00,64008.50021,2026-07-17 18:11:00+00:00,64020.69729,1,0.04763851660316565,0.2,-0.15236148339683436,0.01905540664126626,tp2,False
ema_pullback,1,2026-07-17 18:14:00+00:00,64048.70423,2026-07-17 18:16:00+00:00,63993.99996,2,-0.427052121176108,0.4,-0.827052121176108,-0.0854104242352216,sl,False
ema_pullback,1,2026-07-17 18:30:00+00:00,63934.99286,2026-07-17 18:30:00+00:00,63958.70349,0,0.09271382125558558,0.2,-0.10728617874441443,0.03708552850223423,tp1_partial,True
ema_pullback,1,2026-07-17 18:30:00+00:00,63934.99286,2026-07-17 18:36:00+00:00,63995.19984,6,0.23542264301112947,0.2,0.03542264301112946,0.09416905720445179,tp2,False
ema_pullback,1,2026-07-17 18:44:00+00:00,64066.406,2026-07-17 18:44:00+00:00,64093.68999,0,0.10646761580473951,0.2,-0.0935323841952605,0.042587046321895805,tp1_partial,True
ema_pullback,1,2026-07-17 18:44:00+00:00,64066.406,2026-07-17 18:45:00+00:00,64133.78598,1,0.26293023210949285,0.2,0.06293023210949283,0.10517209284379714,tp2,False
ema_pullback,1,2026-07-17 18:54:00+00:00,64327.632119999995,2026-07-17 18:56:00+00:00,64235.67579,2,-0.7147498436477218,0.4,-1.1147498436477217,-0.14294996872954435,sl,False
ema_pullback,1,2026-07-17 19:27:00+00:00,64021.30149,2026-07-17 19:28:00+00:00,64029.996360000005,1,0.033953035152523015,0.2,-0.166046964847477,0.013581214061009206,tp1_partial,True
ema_pullback,1,2026-07-17 19:27:00+00:00,64021.30149,2026-07-17 19:29:00+00:00,64051.494210000004,2,0.11790107080500434,0.2,-0.08209892919499567,0.047160428322001735,tp2,False
ema_pullback,1,2026-07-17 19:32:00+00:00,64095.208880000006,2026-07-17 19:41:00+00:00,64135.98576000001,9,0.15904808141098403,0.2,-0.04095191858901598,0.06361923256439361,tp1_partial,True
ema_pullback,1,2026-07-17 19:32:00+00:00,64095.208880000006,2026-07-17 20:00:00+00:00,64028.79648,28,-0.25903808241090065,0.2,-0.45903808241090066,-0.10361523296436026,sl,False
ema_pullback,1,2026-07-17 20:20:00+00:00,63988.99826,2026-07-17 20:20:00+00:00,64009.09845,0,0.07852986664336203,0.2,-0.12147013335663798,0.031411946657344814,tp1_partial,True
ema_pullback,1,2026-07-17 20:20:00+00:00,63988.99826,2026-07-17 20:40:00+00:00,63943.305029999996,20,-0.17851986764327865,0.2,-0.37851986764327866,-0.07140794705731146,sl,False
ema_pullback,1,2026-07-17 20:43:00+00:00,63999.49931,2026-07-17 20:44:00+00:00,64035.99576,1,0.14256537314150108,0.2,-0.05743462685849893,0.057026149256600434,tp1_partial,True
ema_pullback,1,2026-07-17 20:43:00+00:00,63999.49931,2026-07-17 20:45:00+00:00,64085.29082999999,2,0.3351257467829605,0.2,0.13512574678296047,0.1340502987131842,tp2,False
ema_pullback,1,2026-07-17 20:49:00+00:00,64034.30279,2026-07-17 20:49:00+00:00,64013.69799,0,-0.16088876666287,0.4,-0.56088876666287,-0.032177753332574,sl,False
ema_pullback,1,2026-07-17 20:51:00+00:00,64033.00266,2026-07-17 20:52:00+00:00,64042.29513,1,0.03628000255329056,0.2,-0.16371999744670945,0.014512001021316223,tp1_partial,True
ema_pullback,1,2026-07-17 20:51:00+00:00,64033.00266,2026-07-17 20:53:00+00:00,64064.292929999996,2,0.1221646209773053,0.2,-0.07783537902269472,0.04886584839092212,tp2,False
ema_pullback,1,2026-07-17 21:01:00+00:00,64114.01076,2026-07-17 21:02:00+00:00,64122.88707,1,0.03461142851141075,0.2,-0.16538857148858926,0.013844571404564299,tp1_partial,True
ema_pullback,1,2026-07-17 21:01:00+00:00,64114.01076,2026-07-17 21:04:00+00:00,64144.48490999999,3,0.11882796614481883,0.2,-0.08117203385518118,0.04753118645792753,tp2,False
ema_pullback,1,2026-07-17 21:07:00+00:00,64139.31329,2026-07-17 21:13:00+00:00,64143.98496,6,0.018209073968711298,0.2,-0.1817909260312887,0.007283629587484519,tp1_partial,True
ema_pullback,1,2026-07-17 21:07:00+00:00,64139.31329,2026-07-17 21:19:00+00:00,64108.98846,12,-0.11819907496860016,0.2,-0.31819907496860017,-0.047279629987440064,sl,False
ema_pullback,1,2026-07-17 21:24:00+00:00,64152.51461,2026-07-17 21:28:00+00:00,64171.08224999999,4,0.07235741308375676,0.2,-0.12764258691624325,0.028942965233502704,tp1_partial,True
ema_pullback,1,2026-07-17 21:24:00+00:00,64152.51461,2026-07-17 21:29:00+00:00,64108.48851,5,-0.17156809934748551,0.2,-0.3715680993474855,-0.0686272397389942,sl,False
ema_pullback,1,2026-07-17 21:45:00+00:00,64076.407,2026-07-17 21:46:00+00:00,64042.29513,1,-0.26618120145222024,0.4,-0.6661812014522203,-0.05323624029044405,sl,False
ema_pullback,1,2026-07-17 21:49:00+00:00,64069.50631,2026-07-17 21:49:00+00:00,64067.292629999996,0,-0.008637806530348291,0.2,-0.2086378065303483,-0.0034551226121393164,tp1_partial,True
ema_pullback,1,2026-07-17 21:49:00+00:00,64069.50631,2026-07-17 21:50:00+00:00,64046.094750000004,1,-0.09135219446954057,0.2,-0.2913521944695406,-0.03654087778781623,sl,False
ema_pullback,1,2026-07-17 21:54:00+00:00,64062.30559,2026-07-17 21:54:00+00:00,64062.293130000005,0,-4.862453778509135e-05,0.2,-0.2000486245377851,-1.944981511403654e-05,tp1_partial,True
ema_pullback,1,2026-07-17 21:54:00+00:00,64062.30559,2026-07-17 22:00:00+00:00,64075.09185000001,6,0.049897751424388126,0.2,-0.15010224857561189,0.01995910056975525,tp2,False
ema_pullback,1,2026-07-17 22:01:00+00:00,64123.81174,2026-07-17 22:02:00+00:00,64064.09295,1,-0.4656522154526388,0.4,-0.8656522154526388,-0.09313044309052776,sl,False
ema_pullback,1,2026-07-17 22:12:00+00:00,64064.00576,2026-07-17 22:15:00+00:00,64028.09655,3,-0.2802604174840795,0.4,-0.6802604174840795,-0.056052083496815897,sl,False
ema_pullback,1,2026-07-17 22:26:00+00:00,63996.399,2026-07-17 22:26:00+00:00,63978.50151,0,-0.13983200836031884,0.4,-0.5398320083603189,-0.027966401672063768,sl,False
ema_pullback,1,2026-07-17 22:42:00+00:00,63922.59162,2026-07-17 22:42:00+00:00,63915.90777,0,-0.026140406038821506,0.2,-0.22614040603882152,-0.010456162415528603,tp1_partial,True
ema_pullback,1,2026-07-17 22:42:00+00:00,63922.59162,2026-07-17 22:43:00+00:00,63922.107149999996,1,-0.0018947526520818325,0.2,-0.20189475265208184,-0.000757901060832733,tp2,False
ema_pullback,1,2026-07-17 22:46:00+00:00,63934.59282,2026-07-17 22:49:00+00:00,63912.40812,3,-0.1734952787019184,0.4,-0.5734952787019184,-0.03469905574038368,sl,False
ema_pullback,1,2026-07-17 22:50:00+00:00,63950.3944,2026-07-17 23:02:00+00:00,63905.70879,12,-0.3493771259681089,0.4,-0.7493771259681089,-0.06987542519362178,sl,False
ema_pullback,1,2026-07-17 23:17:00+00:00,63884.58781999999,2026-07-17 23:18:00+00:00,63882.011159999995,1,-0.010083261424709278,0.2,-0.2100832614247093,-0.004033304569883711,tp1_partial,True
ema_pullback,1,2026-07-17 23:17:00+00:00,63884.58781999999,2026-07-17 23:20:00+00:00,63892.210139999996,3,0.029828477650484242,0.2,-0.17017152234951577,0.011931391060193697,tp2,False
ema_pullback,1,2026-07-17 23:46:00+00:00,63961.695530000005,2026-07-17 23:48:00+00:00,63924.20694,2,-0.2930550049476399,0.4,-0.6930550049476399,-0.058611000989527984,sl,False
ema_pullback,1,2026-07-17 23:54:00+00:00,63952.79464,2026-07-17 23:54:00+00:00,63925.00686,0,-0.21725227299618233,0.4,-0.6172522729961823,-0.043450454599236465,sl,False
ema_pullback,1,2026-07-17 23:56:00+00:00,63950.29439,2026-07-17 23:57:00+00:00,63914.6079,1,-0.2790174020338987,0.4,-0.6790174020338987,-0.05580348040677974,sl,False
ema_pullback,1,2026-07-18 00:03:00+00:00,63936.393,2026-07-18 00:03:00+00:00,63910.30833,0,-0.203989220974643,0.4,-0.603989220974643,-0.0407978441949286,sl,False
ema_pullback,1,2026-07-18 00:14:00+00:00,63899.58932,2026-07-18 00:14:00+00:00,63901.80918,0,0.008684954096005448,0.2,-0.19131504590399456,0.0034739816384021793,tp1_partial,True
ema_pullback,1,2026-07-18 00:14:00+00:00,63899.58932,2026-07-18 00:15:00+00:00,63916.80768,1,0.06736490869202472,0.2,-0.1326350913079753,0.026945963476809887,tp2,False
ema_pullback,1,2026-07-18 00:22:00+00:00,63979.3973,2026-07-18 00:22:00+00:00,63943.605,0,-0.2797173895853211,0.4,-0.6797173895853211,-0.05594347791706422,sl,False
ema_pullback,1,2026-07-18 00:24:00+00:00,63961.19548,2026-07-18 00:24:00+00:00,63941.30523,0,-0.15548685301092213,0.4,-0.5554868530109222,-0.031097370602184427,sl,False
ema_pullback,1,2026-07-18 00:26:00+00:00,63965.19588,2026-07-18 00:26:00+00:00,63961.20324000001,0,-0.0156047360797551,0.2,-0.2156047360797551,-0.00624189443190204,tp1_partial,True
ema_pullback,1,2026-07-18 00:26:00+00:00,63965.19588,2026-07-18 00:27:00+00:00,63970.002360000006,1,0.0187855283403926,0.2,-0.1812144716596074,0.0075142113361570395,tp2,False
ema_pullback,1,2026-07-18 00:49:00+00:00,63908.59022,2026-07-18 00:49:00+00:00,63904.408919999994,0,-0.016356564843666987,0.2,-0.216356564843667,-0.006542625937466795,tp1_partial,True
ema_pullback,1,2026-07-18 00:49:00+00:00,63908.59022,2026-07-18 00:50:00+00:00,63913.00805999999,1,0.017281870812624334,0.2,-0.18271812918737568,0.0069127483250497335,tp2,False
ema_pullback,1,2026-07-18 01:00:00+00:00,63887.98816,2026-07-18 01:00:00+00:00,63866.41272,0,-0.16885365012564435,0.4,-0.5688536501256444,-0.03377073002512887,sl,False
ema_pullback,1,2026-07-18 01:05:00+00:00,63892.88865,2026-07-18 01:16:00+00:00,63904.6089,11,0.04585897682685136,0.2,-0.15414102317314865,0.018343590730740544,tp1_partial,True
ema_pullback,1,2026-07-18 01:05:00+00:00,63892.88865,2026-07-18 01:23:00+00:00,63929.10645,18,0.14171295415360552,0.2,-0.05828704584639449,0.05668518166144221,tp2,False
ema_pullback,1,2026-07-18 01:40:00+00:00,63927.29209,2026-07-18 01:41:00+00:00,63902.70909,1,-0.19227312151276488,0.4,-0.5922731215127649,-0.038454624302552975,sl,False
ema_pullback,1,2026-07-18 01:44:00+00:00,63922.99166,2026-07-18 01:46:00+00:00,63917.80758,2,-0.02027470815027521,0.2,-0.22027470815027522,-0.008109883260110085,tp1_partial,True
ema_pullback,1,2026-07-18 01:44:00+00:00,63922.99166,2026-07-18 01:47:00+00:00,63925.40682,3,0.009445584199352375,0.2,-0.19055441580064764,0.00377823367974095,tp2,False
ema_pullback,1,2026-07-18 01:52:00+00:00,63944.593819999995,2026-07-18 01:53:00+00:00,63943.704990000006,1,-0.0034750005703798603,0.2,-0.20347500057037987,-0.0013900002281519441,tp1_partial,True
ema_pullback,1,2026-07-18 01:52:00+00:00,63944.593819999995,2026-07-18 01:59:00+00:00,63920.10735,7,-0.09573315169114638,0.2,-0.2957331516911464,-0.03829326067645855,sl,False
ema_pullback,1,2026-07-18 02:10:00+00:00,63942.49361,2026-07-18 02:16:00+00:00,63960.70329,6,0.07119553434631332,0.2,-0.1288044656536867,0.028478213738525326,tp1_partial,True
ema_pullback,1,2026-07-18 02:10:00+00:00,63942.49361,2026-07-18 02:36:00+00:00,63991.700189999996,26,0.19238606919258494,0.2,-0.00761393080741507,0.07695442767703398,tp2,False
ema_pullback,1,2026-07-18 02:40:00+00:00,63987.3981,2026-07-18 02:40:00+00:00,63955.6038,0,-0.24844188812234158,0.4,-0.6484418881223416,-0.049688377624468316,sl,False
ema_pullback,1,2026-07-18 02:55:00+00:00,63943.59372,2026-07-18 03:06:00+00:00,63947.504609999996,11,0.015290390219246941,0.2,-0.18470960978075307,0.006116156087698776,tp1_partial,True
ema_pullback,1,2026-07-18 02:55:00+00:00,63943.59372,2026-07-18 03:26:00+00:00,63914.10795,31,-0.1152803912191358,0.2,-0.3152803912191358,-0.04611215648765432,sl,False
ema_pullback,1,2026-07-18 03:32:00+00:00,63941.19348,2026-07-18 03:34:00+00:00,63912.40812,2,-0.2250924516212227,0.4,-0.6250924516212227,-0.04501849032424454,sl,False
ema_pullback,1,2026-07-18 03:42:00+00:00,63936.393,2026-07-18 03:44:00+00:00,63903.609000000004,2,-0.2563798054731614,0.4,-0.6563798054731614,-0.05127596109463228,sl,False
ema_pullback,1,2026-07-18 03:49:00+00:00,63921.991559999995,2026-07-18 03:49:00+00:00,63924.80688,0,0.011010764571384168,0.2,-0.18898923542861584,0.004404305828553667,tp1_partial,True
ema_pullback,1,2026-07-18 03:49:00+00:00,63921.991559999995,2026-07-18 03:56:00+00:00,63940.40532,7,0.07201652964267113,0.2,-0.12798347035732888,0.028806611857068454,tp2,False
ema_pullback,1,2026-07-18 04:04:00+00:00,63978.697230000005,2026-07-18 04:16:00+00:00,63948.80448,12,-0.23361486943490606,0.4,-0.6336148694349061,-0.04672297388698121,sl,False
ema_pullback,1,2026-07-18 04:20:00+00:00,63973.89675,2026-07-18 04:20:00+00:00,63936.70569,0,-0.29067371138369325,0.4,-0.6906737113836933,-0.05813474227673865,sl,False
ema_pullback,1,2026-07-18 04:29:00+00:00,63959.795340000004,2026-07-18 04:31:00+00:00,63924.80688,2,-0.27351916789303266,0.4,-0.6735191678930327,-0.05470383357860653,sl,False
ema_pullback,1,2026-07-18 04:34:00+00:00,63950.994459999994,2026-07-18 04:44:00+00:00,63913.608,10,-0.2923055404820962,0.4,-0.6923055404820962,-0.058461108096419245,sl,False
ema_pullback,1,2026-07-18 04:48:00+00:00,63933.29269,2026-07-18 04:54:00+00:00,63927.30663000001,6,-0.023407444494610852,0.2,-0.22340744449461086,-0.00936297779784434,tp1_partial,True
ema_pullback,1,2026-07-18 04:48:00+00:00,63933.29269,2026-07-18 04:59:00+00:00,63934.20594000001,11,0.003571104981392459,0.2,-0.19642889501860755,0.0014284419925569836,tp2,False
ema_pullback,1,2026-07-18 05:06:00+00:00,63946.59402,2026-07-18 05:08:00+00:00,63943.10504999999,2,-0.013640171354994957,0.2,-0.21364017135499497,-0.005456068541997983,tp1_partial,True
ema_pullback,1,2026-07-18 05:06:00+00:00,63946.59402,2026-07-18 05:09:00+00:00,63924.506910000004,3,-0.0863498296448939,0.2,-0.2863498296448939,-0.03453993185795756,sl,False
ema_pullback,1,2026-07-18 05:17:00+00:00,63918.29119,2026-07-18 05:21:00+00:00,63920.10735,4,0.007103443967981793,0.2,-0.19289655603201822,0.002841377587192717,tp1_partial,True
ema_pullback,1,2026-07-18 05:17:00+00:00,63918.29119,2026-07-18 05:24:00+00:00,63934.70589,7,0.0642018884359774,0.2,-0.1357981115640226,0.025680755374390962,tp2,False
ema_pullback,1,2026-07-18 05:25:00+00:00,63948.19418,2026-07-18 05:38:00+00:00,63957.60360000001,13,0.03678532334128182,0.2,-0.1632146766587182,0.014714129336512727,tp1_partial,True
ema_pullback,1,2026-07-18 05:25:00+00:00,63948.19418,2026-07-18 05:52:00+00:00,63913.20804,27,-0.13677532434114292,0.2,-0.33677532434114293,-0.05471012973645717,sl,False
ema_pullback,1,2026-07-18 05:54:00+00:00,63951.49451,2026-07-18 05:55:00+00:00,63918.007560000005,1,-0.2618152261848472,0.4,-0.6618152261848472,-0.05236304523696944,sl,False
ema_pullback,1,2026-07-18 06:00:00+00:00,63942.69363,2026-07-18 06:01:00+00:00,63919.507410000006,1,-0.18130468614724338,0.4,-0.5813046861472434,-0.036260937229448675,sl,False
ema_pullback,1,2026-07-18 06:03:00+00:00,63937.093069999995,2026-07-18 06:03:00+00:00,63929.10644999999,0,-0.03122842944727755,0.2,-0.23122842944727756,-0.01249137177891102,tp1_partial,True
ema_pullback,1,2026-07-18 06:03:00+00:00,63937.093069999995,2026-07-18 06:07:00+00:00,63933.90596999999,4,-0.012461858394596792,0.2,-0.2124618583945968,-0.004984743357838717,tp2,False
ema_pullback,1,2026-07-18 06:08:00+00:00,63947.69413,2026-07-18 06:18:00+00:00,63944.40491999999,10,-0.012858985944524948,0.2,-0.21285898594452496,-0.005143594377809979,tp1_partial,True
ema_pullback,1,2026-07-18 06:08:00+00:00,63947.69413,2026-07-18 06:19:00+00:00,63954.003959999995,11,0.024667934027333693,0.2,-0.17533206597266632,0.009867173610933477,tp2,False
ema_pullback,1,2026-07-18 06:41:00+00:00,63945.3939,2026-07-18 06:42:00+00:00,63938.20554000001,1,-0.028103509735338816,0.2,-0.22810350973533883,-0.011241403894135527,tp1_partial,True
ema_pullback,1,2026-07-18 06:41:00+00:00,63945.3939,2026-07-18 06:48:00+00:00,63943.90497000001,7,-0.005821099492792081,0.2,-0.2058210994927921,-0.0023284397971168325,tp2,False
ema_pullback,1,2026-07-18 07:01:00+00:00,63970.09637,2026-07-18 07:03:00+00:00,63966.902669999996,2,-0.012481222404020498,0.2,-0.2124812224040205,-0.004992488961608199,tp1_partial,True
ema_pullback,1,2026-07-18 07:01:00+00:00,63970.09637,2026-07-18 07:04:00+00:00,63947.70459,3,-0.08750877859586836,0.2,-0.2875087785958684,-0.035003511438347346,sl,False
ema_pullback,1,2026-07-18 07:10:00+00:00,63972.79664,2026-07-18 07:12:00+00:00,63973.602,2,0.0031472752571870544,0.2,-0.19685272474281296,0.0012589101028748217,tp1_partial,True
ema_pullback,1,2026-07-18 07:10:00+00:00,63972.79664,2026-07-18 07:44:00+00:00,63987.20064,34,0.05628955101438793,0.2,-0.14371044898561208,0.02251582040575517,tp2,False
ema_pullback,1,2026-07-18 07:57:00+00:00,63990.3984,2026-07-18 07:57:00+00:00,63985.70079,0,-0.018352792440168297,0.2,-0.2183527924401683,-0.007341116976067319,tp1_partial,True
ema_pullback,1,2026-07-18 07:57:00+00:00,63990.3984,2026-07-18 08:00:00+00:00,63969.50241,3,-0.08163720855969281,0.2,-0.2816372085596928,-0.032654883423877124,sl,False
ema_pullback,1,2026-07-18 08:11:00+00:00,63965.09587,2026-07-18 08:11:00+00:00,63943.70499,0,-0.16720744109782748,0.4,-0.5672074410978275,-0.033441488219565496,sl,False
ema_pullback,1,2026-07-18 08:15:00+00:00,63961.19548,2026-07-18 08:27:00+00:00,63959.60340000001,12,-0.006222835533503668,0.2,-0.20622283553350368,-0.002489134213401467,tp1_partial,True
ema_pullback,1,2026-07-18 08:15:00+00:00,63961.19548,2026-07-18 08:28:00+00:00,63970.80228000001,13,0.03754932943295097,0.2,-0.16245067056704904,0.01501973177318039,tp2,False
ema_pullback,1,2026-07-18 08:46:00+00:00,63975.29689,2026-07-18 08:49:00+00:00,63974.401920000004,3,-0.0034973264818605188,0.2,-0.20349732648186053,-0.0013989305927442075,tp1_partial,True
ema_pullback,1,2026-07-18 08:46:00+00:00,63975.29689,2026-07-18 09:05:00+00:00,63950.6043,19,-0.09649267451800059,0.2,-0.2964926745180006,-0.038597069807200235,sl,False
ema_pullback,1,2026-07-18 09:12:00+00:00,63961.595519999995,2026-07-18 09:12:00+00:00,63943.00506,0,-0.1453251740271,0.4,-0.5453251740271,-0.029065034805419998,sl,False
ema_pullback,1,2026-07-18 09:15:00+00:00,63959.49531,2026-07-18 09:17:00+00:00,63938.905470000005,2,-0.16095999429166508,0.4,-0.5609599942916651,-0.032191998858333015,sl,False
ema_pullback,1,2026-07-18 09:24:00+00:00,63946.193980000004,2026-07-18 09:29:00+00:00,63913.90797,5,-0.2524466898694566,0.4,-0.6524466898694566,-0.050489337973891324,sl,False
ema_pullback,1,2026-07-18 09:32:00+00:00,63939.09327,2026-07-18 09:35:00+00:00,63933.00605999999,3,-0.023800814527907832,0.2,-0.22380081452790784,-0.009520325811163133,tp1_partial,True
ema_pullback,1,2026-07-18 09:32:00+00:00,63939.09327,2026-07-18 09:44:00+00:00,63939.705389999996,12,0.0023933714441981557,0.2,-0.19760662855580186,0.0009573485776792623,tp2,False
ema_pullback,1,2026-07-18 10:05:00+00:00,63971.29649,2026-07-18 10:12:00+00:00,63954.70389,7,-0.1296878515085198,0.4,-0.5296878515085198,-0.02593757030170396,sl,False
ema_pullback,1,2026-07-18 10:15:00+00:00,63974.196780000006,2026-07-18 10:29:00+00:00,63972.10215,14,-0.008185448608338808,0.2,-0.20818544860833882,-0.003274179443335523,tp1_partial,True
ema_pullback,1,2026-07-18 10:15:00+00:00,63974.196780000006,2026-07-18 10:35:00+00:00,63982.70109,20,0.03323335980770503,0.2,-0.16676664019229498,0.013293343923082013,tp2,False
ema_pullback,1,2026-07-18 10:45:00+00:00,63987.598119999995,2026-07-18 11:06:00+00:00,63984.00096,21,-0.014054129650442615,0.2,-0.21405412965044263,-0.005621651860177046,tp1_partial,True
ema_pullback,1,2026-07-18 10:45:00+00:00,63987.598119999995,2026-07-18 11:58:00+00:00,63993.20003999999,73,0.021886741199017568,0.2,-0.17811325880098244,0.008754696479607027,tp2,False
ema_pullback,1,2026-07-18 11:59:00+00:00,64040.4034,2026-07-18 12:00:00+00:00,64062.5931,1,0.08662382973056992,0.2,-0.11337617026943009,0.03464953189222797,tp1_partial,True
ema_pullback,1,2026-07-18 11:59:00+00:00,64040.4034,2026-07-18 12:01:00+00:00,64097.5896,2,0.22324265996109816,0.2,0.023242659961098144,0.08929706398443926,tp2,False
ema_pullback,1,2026-07-18 12:12:00+00:00,64102.80964,2026-07-18 12:12:00+00:00,64095.389820000004,0,-0.028937187159433497,0.2,-0.2289371871594335,-0.011574874863773399,tp1_partial,True
ema_pullback,1,2026-07-18 12:12:00+00:00,64102.80964,2026-07-18 12:13:00+00:00,64100.789280000005,1,-0.007879373818964197,0.2,-0.2078793738189642,-0.003151749527585679,tp2,False
ema_pullback,1,2026-07-18 12:16:00+00:00,64109.81034,2026-07-18 12:16:00+00:00,64100.189340000004,0,-0.03751765895490533,0.2,-0.23751765895490534,-0.015007063581962132,tp1_partial,True
ema_pullback,1,2026-07-18 12:16:00+00:00,64109.81034,2026-07-18 12:17:00+00:00,64093.590000000004,1,-0.06325217589156495,0.2,-0.26325217589156497,-0.025300870356625982,sl,False
ema_pullback,1,2026-07-18 12:26:00+00:00,64083.70773,2026-07-18 12:32:00+00:00,64040.5953,6,-0.3363759021375867,0.4,-0.7363759021375867,-0.06727518042751734,sl,False
ema_pullback,1,2026-07-18 12:34:00+00:00,64083.007659999996,2026-07-18 12:37:00+00:00,64113.68799,3,0.1196898020251469,0.2,-0.08031019797485311,0.04787592081005876,tp1_partial,True
ema_pullback,1,2026-07-18 12:34:00+00:00,64083.007659999996,2026-07-18 12:39:00+00:00,64157.28363,5,0.28976468455599314,0.2,0.08976468455599312,0.11590587382239725,tp2,False
ema_pullback,1,2026-07-18 12:57:00+00:00,64192.4186,2026-07-18 13:00:00+00:00,64165.48281,3,-0.2098050719029354,0.4,-0.6098050719029354,-0.04196101438058708,sl,False
ema_pullback,1,2026-07-18 13:27:00+00:00,63993.89875,2026-07-18 13:28:00+00:00,64008.89846999999,1,0.05859824253945378,0.2,-0.14140175746054623,0.023439297015781513,tp1_partial,True
ema_pullback,1,2026-07-18 13:27:00+00:00,63993.89875,2026-07-18 13:30:00+00:00,64036.59569999999,3,0.16680086240250525,0.2,-0.033199137597494766,0.0667203449610021,tp2,False
ema_pullback,1,2026-07-18 13:39:00+00:00,64033.702730000005,2026-07-18 13:55:00+00:00,64046.29473,16,0.04916161124202123,0.2,-0.15083838875797878,0.019664644496808492,tp1_partial,True
ema_pullback,1,2026-07-18 13:39:00+00:00,64033.702730000005,2026-07-18 13:59:00+00:00,64071.69219000001,20,0.14831822298400077,0.2,-0.05168177701599924,0.05932728919360031,tp2,False
ema_pullback,1,2026-07-18 14:04:00+00:00,64100.30939,2026-07-18 14:05:00+00:00,64073.49201,1,-0.20918292169885833,0.4,-0.6091829216988583,-0.041836584339771665,sl,False
ema_pullback,1,2026-07-18 14:07:00+00:00,64104.509809999996,2026-07-18 14:07:00+00:00,64069.19244,0,-0.2754671247364171,0.4,-0.6754671247364171,-0.05509342494728342,sl,False
ema_pullback,1,2026-07-18 14:10:00+00:00,64110.110369999995,2026-07-18 14:11:00+00:00,64112.28813,1,0.008492264275627992,0.2,-0.19150773572437202,0.003396905710251197,tp1_partial,True
ema_pullback,1,2026-07-18 14:10:00+00:00,64110.110369999995,2026-07-18 14:12:00+00:00,64127.286629999995,2,0.06697952905115878,0.2,-0.13302047094884123,0.026791811620463513,tp2,False
ema_pullback,1,2026-07-18 14:20:00+00:00,64119.111269999994,2026-07-18 14:22:00+00:00,64121.48720999999,2,0.009263774688017534,0.2,-0.19073622531198248,0.0037055098752070137,tp1_partial,True
ema_pullback,1,2026-07-18 14:20:00+00:00,64119.111269999994,2026-07-18 14:28:00+00:00,64136.68568999999,8,0.06852254987593787,0.2,-0.13147745012406215,0.027409019950375146,tp2,False
ema_pullback,1,2026-07-18 14:29:00+00:00,64151.714530000005,2026-07-18 14:55:00+00:00,64111.38822,26,-0.3143042262818141,0.4,-0.7143042262818141,-0.06286084525636282,sl,False
ema_pullback,1,2026-07-18 15:07:00+00:00,64112.010559999995,2026-07-18 15:09:00+00:00,64090.69029,2,-0.16627360313437034,0.4,-0.5662736031343704,-0.03325472062687407,sl,False
ema_pullback,1,2026-07-18 15:17:00+00:00,64087.80814,2026-07-18 15:17:00+00:00,64083.09105,0,-0.01840088675561513,0.2,-0.21840088675561514,-0.0073603547022460525,tp1_partial,True
ema_pullback,1,2026-07-18 15:17:00+00:00,64087.80814,2026-07-18 15:18:00+00:00,64091.190239999996,1,0.013193226988672535,0.2,-0.18680677301132748,0.005277290795469014,tp2,False
ema_pullback,1,2026-07-18 15:21:00+00:00,64091.00846,2026-07-18 15:26:00+00:00,64051.494210000004,5,-0.3082667206325551,0.4,-0.7082667206325551,-0.06165334412651102,sl,False
ema_pullback,1,2026-07-18 15:36:00+00:00,64058.4052,2026-07-18 15:38:00+00:00,64032.996060000005,2,-0.19832791591256616,0.4,-0.5983279159125662,-0.03966558318251323,sl,False
ema_pullback,1,2026-07-18 15:42:00+00:00,64049.004259999994,2026-07-18 15:44:00+00:00,64017.99756,2,-0.24205450465802913,0.4,-0.6420545046580292,-0.04841090093160583,sl,False
ema_pullback,1,2026-07-18 15:47:00+00:00,64051.4045,2026-07-18 15:47:00+00:00,64054.29393,0,0.011277777679341572,0.2,-0.18872222232065844,0.004511111071736629,tp1_partial,True
ema_pullback,1,2026-07-18 15:47:00+00:00,64051.4045,2026-07-18 15:48:00+00:00,64069.99236,1,0.07255055585858594,0.2,-0.12744944414141407,0.029020222343434376,tp2,False
ema_pullback,1,2026-07-18 15:57:00+00:00,64105.50991,2026-07-18 15:58:00+00:00,64081.49121,1,-0.18733725099229215,0.4,-0.5873372509922922,-0.03746745019845843,sl,False
ema_pullback,1,2026-07-18 16:03:00+00:00,64096.509009999994,2026-07-18 16:06:00+00:00,64058.5935,3,-0.29576891616728274,0.4,-0.6957689161672828,-0.05915378323345655,sl,False
ema_pullback,1,2026-07-18 16:10:00+00:00,64083.90775,2026-07-18 16:10:00+00:00,64074.391919999995,0,-0.03712254111096214,0.2,-0.23712254111096215,-0.014849016444384855,tp1_partial,True
ema_pullback,1,2026-07-18 16:10:00+00:00,64083.90775,2026-07-18 16:11:00+00:00,64077.59159999999,1,-0.024640156248922906,0.2,-0.22464015624892292,-0.009856062499569163,tp2,False
ema_pullback,1,2026-07-18 16:22:00+00:00,64116.31099,2026-07-18 16:33:00+00:00,64129.68639,11,0.05215287574050764,0.2,-0.14784712425949237,0.020861150296203057,tp1_partial,True
ema_pullback,1,2026-07-18 16:22:00+00:00,64116.31099,2026-07-18 16:52:00+00:00,64155.78378,30,0.1539108745907125,0.2,-0.0460891254092875,0.061564349836285004,tp2,False
ema_pullback,1,2026-07-18 16:53:00+00:00,64286.62802,2026-07-18 18:19:00+00:00,64467.65259,86,0.703974432846588,0.2,0.503974432846588,0.2815897731386352,tp1_partial,True
ema_pullback,1,2026-07-18 16:53:00+00:00,64286.62802,2026-07-18 20:20:00+00:00,64661.63319,207,1.4583327106662547,0.2,1.2583327106662547,0.5833330842665019,tp2,False
ema_pullback,1,2026-07-18 20:26:00+00:00,64651.76453,2026-07-18 20:26:00+00:00,64629.03645,0,-0.17577308342026088,0.4,-0.5757730834202609,-0.035154616684052176,sl,False
ema_pullback,1,2026-07-18 20:41:00+00:00,64585.257880000005,2026-07-18 20:42:00+00:00,64581.24123,1,-0.015547859263276287,0.2,-0.2155478592632763,-0.006219143705310515,tp1_partial,True
ema_pullback,1,2026-07-18 20:41:00+00:00,64585.257880000005,2026-07-18 20:47:00+00:00,64563.24303,6,-0.08521623479815221,0.2,-0.2852162347981522,-0.034086493919260885,sl,False
ema_pullback,1,2026-07-18 20:54:00+00:00,64624.36179,2026-07-18 20:56:00+00:00,64674.5319,2,0.1940835801327867,0.2,-0.005916419867213307,0.07763343205311468,tp1_partial,True
ema_pullback,1,2026-07-18 20:54:00+00:00,64624.36179,2026-07-18 21:15:00+00:00,64737.625589999996,21,0.4381621607655317,0.2,0.2381621607655317,0.1752648643062127,tp2,False
ema_pullback,1,2026-07-18 21:21:00+00:00,64800.4794,2026-07-18 21:23:00+00:00,64736.125739999996,2,-0.4965523449507181,0.4,-0.8965523449507181,-0.09931046899014362,sl,False
ema_pullback,1,2026-07-18 21:49:00+00:00,64642.86364,2026-07-18 21:51:00+00:00,64669.532400000004,2,0.1031388404624245,0.2,-0.09686115953757551,0.0412555361849698,tp1_partial,True
ema_pullback,1,2026-07-18 21:49:00+00:00,64642.86364,2026-07-18 21:52:00+00:00,64709.02845,3,0.2558859798061919,0.2,0.055885979806191866,0.10235439192247675,tp2,False
ema_pullback,1,2026-07-18 22:03:00+00:00,64756.475,2026-07-18 22:11:00+00:00,64801.319220000005,8,0.17312639392436102,0.2,-0.02687360607563899,0.06925055756974441,tp1_partial,True
ema_pullback,1,2026-07-18 22:03:00+00:00,64756.475,2026-07-18 22:31:00+00:00,64685.5308,28,-0.27388844127168577,0.2,-0.4738884412716858,-0.10955537650867431,sl,False
ema_pullback,1,2026-07-18 22:35:00+00:00,64721.97155,2026-07-18 22:35:00+00:00,64699.12944,0,-0.17646333581139428,0.4,-0.5764633358113943,-0.03529266716227886,sl,False
ema_pullback,1,2026-07-18 22:40:00+00:00,64721.4715,2026-07-18 22:40:00+00:00,64728.02655,0,0.025320229315228815,0.2,-0.1746797706847712,0.010128091726091526,tp1_partial,True
ema_pullback,1,2026-07-18 22:40:00+00:00,64721.4715,2026-07-18 22:50:00+00:00,64747.524600000004,10,0.10063545913047145,0.2,-0.09936454086952856,0.04025418365218858,tp2,False
ema_pullback,1,2026-07-18 22:56:00+00:00,64767.4761,2026-07-18 23:07:00+00:00,64715.227829999996,11,-0.40335267904628713,0.4,-0.8033526790462872,-0.08067053580925743,sl,False
ema_pullback,1,2026-07-18 23:17:00+00:00,64767.37609,2026-07-18 23:57:00+00:00,64808.91846,40,0.1603522193884821,0.2,-0.03964778061151791,0.06414088775539284,tp1_partial,True
ema_pullback,1,2026-07-18 23:17:00+00:00,64767.37609,2026-07-19 00:26:00+00:00,64863.413010000004,69,0.3706994392769225,0.2,0.1706994392769225,0.148279775710769,tp2,False
ema_pullback,1,2026-07-19 00:48:00+00:00,64768.77623,2026-07-19 00:52:00+00:00,64767.222630000004,4,-0.005996716668232871,0.2,-0.20599671666823288,-0.0023986866672931484,tp1_partial,True
ema_pullback,1,2026-07-19 00:48:00+00:00,64768.77623,2026-07-19 00:56:00+00:00,64744.42491,8,-0.09399328433165599,0.2,-0.293993284331656,-0.037597313732662396,sl,False
ema_pullback,1,2026-07-19 01:00:00+00:00,64762.97565,2026-07-19 01:00:00+00:00,64756.5237,0,-0.024906012792202947,0.2,-0.22490601279220296,-0.009962405116881179,tp1_partial,True
ema_pullback,1,2026-07-19 01:00:00+00:00,64762.97565,2026-07-19 01:07:00+00:00,64743.525,7,-0.07508398820768591,0.2,-0.2750839882076859,-0.030033595283074366,sl,False
ema_pullback,1,2026-07-19 01:20:00+00:00,64759.37529,2026-07-19 01:20:00+00:00,64743.525,0,-0.12237834235601097,0.4,-0.522378342356011,-0.024475668471202194,sl,False
ema_pullback,1,2026-07-19 01:23:00+00:00,64770.4764,2026-07-19 01:23:00+00:00,64743.525,0,-0.2080531246486106,0.4,-0.6080531246486106,-0.04161062492972212,sl,False
ema_pullback,1,2026-07-19 01:25:00+00:00,64761.67552,2026-07-19 01:32:00+00:00,64743.525,7,-0.1401331872149525,0.4,-0.5401331872149525,-0.0280266374429905,sl,False
ema_pullback,1,2026-07-19 01:37:00+00:00,64759.4753,2026-07-19 01:37:00+00:00,64743.62499,0,-0.12237830778100145,0.4,-0.5223783077810015,-0.02447566155620029,sl,False
ema_pullback,1,2026-07-19 01:52:00+00:00,64756.57501,2026-07-19 01:52:00+00:00,64743.92496,0,-0.048836932767248875,0.2,-0.2488369327672489,-0.01953477310689955,tp1_partial,True
ema_pullback,1,2026-07-19 01:52:00+00:00,64756.57501,2026-07-19 01:53:00+00:00,64744.124939999994,1,-0.04806488761210925,0.2,-0.24806488761210926,-0.0192259550448437,tp2,False
ema_pullback,1,2026-07-19 01:54:00+00:00,64768.37619,2026-07-19 01:58:00+00:00,64744.62489,4,-0.18335568526783863,0.4,-0.5833556852678387,-0.036671137053567726,sl,False
ema_pullback,1,2026-07-19 02:03:00+00:00,64761.87554,2026-07-19 02:03:00+00:00,64796.819670000004,0,0.1348946803525486,0.2,-0.06510531964745142,0.053957872141019436,tp1_partial,True
ema_pullback,1,2026-07-19 02:03:00+00:00,64761.87554,2026-07-19 02:06:00+00:00,64844.71488000001,3,0.3197843612050555,0.2,0.11978436120505548,0.1279137444820222,tp2,False
ema_pullback,1,2026-07-19 02:11:00+00:00,64859.78533,2026-07-19 02:13:00+00:00,64879.51140000001,2,0.07603351560464544,0.2,-0.12396648439535457,0.030413406241858176,tp1_partial,True
ema_pullback,1,2026-07-19 02:11:00+00:00,64859.78533,2026-07-19 02:17:00+00:00,64814.11794,6,-0.17602351660450655,0.2,-0.37602351660450656,-0.07040940664180262,sl,False
ema_pullback,1,2026-07-19 02:24:00+00:00,64821.88154,2026-07-19 02:29:00+00:00,64792.5201,5,-0.22647784438256657,0.4,-0.6264778443825666,-0.045295568876513315,sl,False
ema_pullback,1,2026-07-19 02:31:00+00:00,64824.08176,2026-07-19 02:33:00+00:00,64833.01605,2,0.034455906498920275,0.2,-0.16554409350107974,0.01378236259956811,tp1_partial,True
ema_pullback,1,2026-07-19 02:31:00+00:00,64824.08176,2026-07-19 02:34:00+00:00,64854.91386,3,0.11890681349774335,0.2,-0.08109318650225666,0.04756272539909734,tp2,False
ema_pullback,1,2026-07-19 02:50:00+00:00,64822.08156,2026-07-19 02:53:00+00:00,64829.316419999996,3,0.027902760239562063,0.2,-0.17209723976043795,0.011161104095824825,tp1_partial,True
ema_pullback,1,2026-07-19 02:50:00+00:00,64822.08156,2026-07-19 02:59:00+00:00,64788.92046,9,-0.12789276123947868,0.2,-0.3278927612394787,-0.05115710449579147,sl,False
ema_pullback,1,2026-07-19 03:27:00+00:00,64650.96445,2026-07-19 03:32:00+00:00,64658.833470000005,5,0.0304288577399614,0.2,-0.1695711422600386,0.01217154309598456,tp1_partial,True
ema_pullback,1,2026-07-19 03:27:00+00:00,64650.96445,2026-07-19 03:44:00+00:00,64617.237629999996,17,-0.13041885873987802,0.2,-0.33041885873987803,-0.05216754349595121,sl,False
ema_pullback,1,2026-07-19 03:48:00+00:00,64661.06546,2026-07-19 03:49:00+00:00,64667.83257,1,0.02616377394903946,0.2,-0.17383622605096055,0.010465509579615784,tp1_partial,True
ema_pullback,1,2026-07-19 03:48:00+00:00,64661.06546,2026-07-19 04:04:00+00:00,64628.43651,16,-0.12615377494892832,0.2,-0.32615377494892833,-0.05046150997957133,sl,False
ema_pullback,1,2026-07-19 04:15:00+00:00,64623.4617,2026-07-19 04:16:00+00:00,64629.33642,1,0.022726730530442385,0.2,-0.17727326946955763,0.009090692212176954,tp1_partial,True
ema_pullback,1,2026-07-19 04:15:00+00:00,64623.4617,2026-07-19 04:21:00+00:00,64648.03455,6,0.09506164384254223,0.2,-0.10493835615745778,0.03802465753701689,tp2,False
ema_pullback,1,2026-07-19 04:25:00+00:00,64658.96525,2026-07-19 04:27:00+00:00,64661.833170000005,2,0.011088640178957831,0.2,-0.18891135982104218,0.004435456071583133,tp1_partial,True
ema_pullback,1,2026-07-19 04:25:00+00:00,64658.96525,2026-07-19 04:28:00+00:00,64677.73158000001,3,0.07255888617863082,0.2,-0.1274411138213692,0.02902355447145233,tp2,False
ema_pullback,1,2026-07-19 04:34:00+00:00,64681.367490000004,2026-07-19 04:35:00+00:00,64674.031950000004,1,-0.028352600929204552,0.2,-0.22835260092920456,-0.011341040371681821,tp1_partial,True
ema_pullback,1,2026-07-19 04:34:00+00:00,64681.367490000004,2026-07-19 04:36:00+00:00,64679.63139,2,-0.006710201358478551,0.2,-0.20671020135847856,-0.0026840805433914205,tp2,False
ema_pullback,1,2026-07-19 04:47:00+00:00,64764.175769999994,2026-07-19 04:47:00+00:00,64728.22653,0,-0.27753954692222305,0.4,-0.6775395469222231,-0.05550790938444461,sl,False
ema_pullback,1,2026-07-19 04:49:00+00:00,64743.77373,2026-07-19 04:51:00+00:00,64714.92786,2,-0.22276945208887788,0.4,-0.6227694520888779,-0.04455389041777558,sl,False
ema_pullback,1,2026-07-19 05:01:00+00:00,64716.07096,2026-07-19 05:02:00+00:00,64720.5273,1,0.017214966599121695,0.2,-0.18278503340087832,0.006885986639648678,tp1_partial,True
ema_pullback,1,2026-07-19 05:01:00+00:00,64716.07096,2026-07-19 05:03:00+00:00,64737.92556,2,0.08442493369814619,0.2,-0.11557506630185382,0.033769973479258475,tp2,False
ema_pullback,1,2026-07-19 05:07:00+00:00,64732.172569999995,2026-07-19 05:11:00+00:00,64725.82677,4,-0.024507905991927315,0.2,-0.22450790599192733,-0.009803162396770926,tp1_partial,True
ema_pullback,1,2026-07-19 05:07:00+00:00,64732.172569999995,2026-07-19 05:12:00+00:00,64732.42610999999,5,0.0009791885160481684,0.2,-0.19902081148395184,0.00039167540641926735,tp2,False
ema_pullback,1,2026-07-19 05:40:00+00:00,64678.96725,2026-07-19 05:45:00+00:00,64680.631290000005,5,0.006431920880733966,0.2,-0.19356807911926605,0.0025727683522935862,tp1_partial,True
ema_pullback,1,2026-07-19 05:40:00+00:00,64678.96725,2026-07-19 05:50:00+00:00,64695.32982000001,10,0.06324532802437499,0.2,-0.13675467197562502,0.025298131209749997,tp2,False
ema_pullback,1,2026-07-19 05:51:00+00:00,64728.4722,2026-07-19 06:01:00+00:00,64683.43101,10,-0.3479240932863781,0.4,-0.7479240932863781,-0.06958481865727562,sl,False
ema_pullback,1,2026-07-19 06:12:00+00:00,64692.168569999994,2026-07-19 06:16:00+00:00,64695.029850000006,4,0.01105728893951996,0.2,-0.18894271106048005,0.004422915575807984,tp1_partial,True
ema_pullback,1,2026-07-19 06:12:00+00:00,64692.168569999994,2026-07-19 06:22:00+00:00,64710.72828000001,10,0.07172317148379515,0.2,-0.12827682851620487,0.028689268593518058,tp2,False
ema_pullback,1,2026-07-19 06:28:00+00:00,64719.37129,2026-07-19 06:32:00+00:00,64689.63039,4,-0.2297681467480217,0.4,-0.6297681467480217,-0.04595362934960434,sl,False
ema_pullback,1,2026-07-19 06:34:00+00:00,64736.37299,2026-07-19 06:44:00+00:00,64687.03065,10,-0.38110213563885553,0.4,-0.7811021356388556,-0.0762204271277711,sl,False
ema_pullback,1,2026-07-19 06:52:00+00:00,64700.06936,2026-07-19 06:59:00+00:00,64677.43161,7,-0.17494378463522864,0.4,-0.5749437846352287,-0.03498875692704573,sl,False
ema_pullback,1,2026-07-19 07:02:00+00:00,64703.86974,2026-07-19 07:04:00+00:00,64671.63219,2,-0.24911608942052021,0.4,-0.6491160894205202,-0.04982321788410404,sl,False
ema_pullback,1,2026-07-19 07:16:00+00:00,64674.96685,2026-07-19 07:20:00+00:00,64669.432409999994,4,-0.02139328502803739,0.2,-0.2213932850280374,-0.008557314011214956,tp1_partial,True
ema_pullback,1,2026-07-19 07:16:00+00:00,64674.96685,2026-07-19 07:21:00+00:00,64676.73167999999,5,0.006821920775335055,0.2,-0.19317807922466496,0.002728768310134022,tp2,False
ema_pullback,1,2026-07-19 07:25:00+00:00,64698.36919,2026-07-19 07:38:00+00:00,64697.12964000001,13,-0.0047897266017282725,0.2,-0.20478972660172828,-0.001915890640691309,tp1_partial,True
ema_pullback,1,2026-07-19 07:25:00+00:00,64698.36919,2026-07-19 07:39:00+00:00,64708.82847000001,14,0.04041554729644625,0.2,-0.15958445270355376,0.0161662189185785,tp2,False
ema_pullback,1,2026-07-19 07:47:00+00:00,64745.97395,2026-07-19 07:49:00+00:00,64711.72818,2,-0.2644625442382309,0.4,-0.6644625442382309,-0.05289250884764618,sl,False
ema_pullback,1,2026-07-19 08:00:00+00:00,64698.569209999994,2026-07-19 08:02:00+00:00,64640.43531,2,-0.4492672767716366,0.4,-0.8492672767716366,-0.08985345535432732,sl,False
ema_pullback,1,2026-07-19 08:13:00+00:00,64690.26838,2026-07-19 08:18:00+00:00,64654.233929999995,5,-0.27851523036148684,0.4,-0.6785152303614869,-0.05570304607229737,sl,False
ema_pullback,1,2026-07-19 08:26:00+00:00,64650.86444,2026-07-19 08:35:00+00:00,64624.23693,9,-0.20593313199013252,0.4,-0.6059331319901325,-0.041186626398026505,sl,False
ema_pullback,1,2026-07-19 08:40:00+00:00,64634.162769999995,2026-07-19 08:48:00+00:00,64638.735479999996,8,0.01768689267422907,0.2,-0.18231310732577094,0.007074757069691628,tp1_partial,True
ema_pullback,1,2026-07-19 08:40:00+00:00,64634.162769999995,2026-07-19 08:49:00+00:00,64656.333719999995,9,0.08575553952361314,0.2,-0.11424446047638687,0.03430221580944526,tp2,False
ema_pullback,1,2026-07-19 08:59:00+00:00,64687.4681,2026-07-19 09:06:00+00:00,64655.13384,7,-0.2499267705918795,0.4,-0.6499267705918795,-0.0499853541183759,sl,False
ema_pullback,1,2026-07-19 09:32:00+00:00,64576.457,2026-07-19 09:34:00+00:00,64549.5444,2,-0.20837779935806156,0.4,-0.6083777993580616,-0.04167555987161231,sl,False
ema_pullback,1,2026-07-19 09:36:00+00:00,64574.156769999994,2026-07-19 09:36:00+00:00,64546.04475,0,-0.21767237395081684,0.4,-0.6176723739508169,-0.04353447479016337,sl,False
ema_pullback,1,2026-07-19 09:48:00+00:00,64513.550709999996,2026-07-19 09:49:00+00:00,64514.847870000005,1,0.005026695886867216,0.2,-0.1949733041131328,0.0020106783547468865,tp1_partial,True
ema_pullback,1,2026-07-19 09:48:00+00:00,64513.550709999996,2026-07-19 09:53:00+00:00,64486.25073,5,-0.10579165035698446,0.2,-0.30579165035698447,-0.04231666014279378,sl,False
ema_pullback,1,2026-07-19 09:59:00+00:00,64508.650219999996,2026-07-19 10:00:00+00:00,64484.85087,1,-0.1844663461321172,0.4,-0.5844663461321172,-0.03689326922642344,sl,False
ema_pullback,1,2026-07-19 10:04:00+00:00,64524.4518,2026-07-19 10:12:00+00:00,64554.843870000004,8,0.11775408063213755,0.2,-0.08224591936786246,0.04710163225285502,tp1_partial,True
ema_pullback,1,2026-07-19 10:04:00+00:00,64524.4518,2026-07-19 10:29:00+00:00,64598.139540000004,25,0.2855031617641779,0.2,0.08550316176417788,0.11420126470567116,tp2,False
ema_pullback,1,2026-07-19 10:35:00+00:00,64609.96035,2026-07-19 10:36:00+00:00,64606.738679999995,1,-0.01246584111239124,0.2,-0.21246584111239125,-0.004986336444956496,tp1_partial,True
ema_pullback,1,2026-07-19 10:35:00+00:00,64609.96035,2026-07-19 10:37:00+00:00,64616.337719999996,2,0.024676419724811716,0.2,-0.1753235802751883,0.009870567889924686,tp2,False
ema_pullback,1,2026-07-19 10:40:00+00:00,64620.76143,2026-07-19 10:40:00+00:00,64616.23773000001,0,-0.01750095441421795,0.2,-0.21750095441421796,-0.00700038176568718,tp1_partial,True
ema_pullback,1,2026-07-19 10:40:00+00:00,64620.76143,2026-07-19 10:42:00+00:00,64624.63689000001,2,0.014993091671522407,0.2,-0.1850069083284776,0.005997236668608963,tp2,False
ema_pullback,1,2026-07-19 10:43:00+00:00,64647.4641,2026-07-19 10:46:00+00:00,64655.5338,3,0.031206560506036318,0.2,-0.1687934394939637,0.012482624202414527,tp1_partial,True
ema_pullback,1,2026-07-19 10:43:00+00:00,64647.4641,2026-07-19 10:49:00+00:00,64613.538,6,-0.13119656150595294,0.2,-0.33119656150595295,-0.052478624602381174,sl,False
ema_pullback,1,2026-07-19 11:06:00+00:00,64553.75473,2026-07-19 11:06:00+00:00,64557.34362000001,0,0.013898842968207425,0.2,-0.18610115703179259,0.00555953718728297,tp1_partial,True
ema_pullback,1,2026-07-19 11:06:00+00:00,64553.75473,2026-07-19 11:08:00+00:00,64573.84197,2,0.07779268643637316,0.2,-0.12220731356362685,0.031117074574549264,tp2,False
ema_pullback,1,2026-07-19 11:16:00+00:00,64591.05846,2026-07-19 11:16:00+00:00,64552.84407000001,0,-0.295817957710498,0.4,-0.695817957710498,-0.0591635915420996,sl,False
ema_pullback,1,2026-07-19 11:19:00+00:00,64569.756330000004,2026-07-19 11:19:00+00:00,64571.94215999999,0,0.008463056561713866,0.2,-0.19153694343828614,0.0033852226246855466,tp1_partial,True
ema_pullback,1,2026-07-19 11:19:00+00:00,64569.756330000004,2026-07-19 11:20:00+00:00,64587.14063999999,1,0.06730825307416088,0.2,-0.13269174692583913,0.026923301229664354,tp2,False
ema_pullback,1,2026-07-19 11:36:00+00:00,64537.4531,2026-07-19 11:36:00+00:00,64512.5481,0,-0.1929499755855546,0.4,-0.5929499755855546,-0.03858999511711092,sl,False
ema_pullback,1,2026-07-19 11:45:00+00:00,64510.85044,2026-07-19 11:48:00+00:00,64478.5515,3,-0.2503372671395776,0.4,-0.6503372671395776,-0.05006745342791552,sl,False
ema_pullback,1,2026-07-19 12:16:00+00:00,64358.03516,2026-07-19 12:24:00+00:00,64386.76068,8,0.11158482359113764,0.2,-0.08841517640886237,0.044633929436455055,tp1_partial,True
ema_pullback,1,2026-07-19 12:16:00+00:00,64358.03516,2026-07-19 12:27:00+00:00,64303.569,11,-0.21157482459099874,0.2,-0.41157482459099876,-0.0846299298363995,sl,False
ema_pullback,1,2026-07-19 12:32:00+00:00,64329.93235,2026-07-19 12:33:00+00:00,64340.5653,1,0.041321938371363665,0.2,-0.15867806162863635,0.016528775348545466,tp1_partial,True
ema_pullback,1,2026-07-19 12:32:00+00:00,64329.93235,2026-07-19 12:37:00+00:00,64364.06295,5,0.13263887724263013,0.2,-0.06736112275736988,0.05305555089705205,tp2,False
ema_pullback,1,2026-07-19 12:44:00+00:00,64374.93685,2026-07-19 12:47:00+00:00,64336.465710000004,3,-0.2988052639930072,0.4,-0.6988052639930072,-0.059761052798601444,sl,False
ema_pullback,1,2026-07-19 12:51:00+00:00,64373.4367,2026-07-19 12:51:00+00:00,64386.260729999995,0,0.04980326768849741,0.2,-0.1501967323115026,0.019921307075398964,tp1_partial,True
ema_pullback,1,2026-07-19 12:51:00+00:00,64373.4367,2026-07-19 12:53:00+00:00,64411.958159999995,2,0.14960153587695313,0.2,-0.05039846412304688,0.05984061435078125,tp2,False
ema_pullback,1,2026-07-19 13:17:00+00:00,64366.536009999996,2026-07-19 13:18:00+00:00,64309.568400000004,1,-0.44252505674019504,0.4,-0.8425250567401951,-0.08850501134803901,sl,False
ema_pullback,1,2026-07-19 13:23:00+00:00,64352.234580000004,2026-07-19 13:23:00+00:00,64309.16844,0,-0.3346126228644386,0.4,-0.7346126228644386,-0.06692252457288772,sl,False
ema_pullback,1,2026-07-19 13:44:00+00:00,64400.23938,2026-07-19 13:45:00+00:00,64378.361520000006,1,-0.1698585301127542,0.4,-0.5698585301127542,-0.03397170602255084,sl,False
ema_pullback,1,2026-07-19 13:46:00+00:00,64424.4418,2026-07-19 13:50:00+00:00,64445.65479,4,0.08231732168456629,0.2,-0.11768267831543372,0.03292692867382652,tp1_partial,True
ema_pullback,1,2026-07-19 13:46:00+00:00,64424.4418,2026-07-19 13:51:00+00:00,64479.751379999994,5,0.2146296438690909,0.2,0.01462964386909088,0.08585185754763636,tp2,False
ema_pullback,1,2026-07-19 13:59:00+00:00,64472.94665,2026-07-19 13:59:00+00:00,64449.454410000006,0,-0.18218680253223596,0.4,-0.582186802532236,-0.03643736050644719,sl,False
ema_pullback,1,2026-07-19 14:03:00+00:00,64495.94895,2026-07-19 14:14:00+00:00,64518.5475,11,0.08759678075875854,0.2,-0.11240321924124147,0.035038712303503416,tp1_partial,True
ema_pullback,1,2026-07-19 14:03:00+00:00,64495.94895,2026-07-19 14:17:00+00:00,64447.5546,14,-0.18758678175861965,0.2,-0.38758678175861966,-0.07503471270344786,sl,False
ema_pullback,1,2026-07-19 14:19:00+00:00,64493.4487,2026-07-19 14:22:00+00:00,64437.5556,3,-0.4333238579006249,0.4,-0.8333238579006249,-0.08666477158012498,sl,False
ema_pullback,1,2026-07-19 14:29:00+00:00,64463.24568,2026-07-19 14:36:00+00:00,64498.04955,7,0.1349756346925579,0.2,-0.0650243653074421,0.053990253877023164,tp1_partial,True
ema_pullback,1,2026-07-19 14:29:00+00:00,64463.24568,2026-07-19 14:47:00+00:00,64545.64479,18,0.3195584907756399,0.2,0.1195584907756399,0.12782339631025597,tp2,False
ema_pullback,1,2026-07-19 14:55:00+00:00,64573.85674,2026-07-19 14:57:00+00:00,64543.04505,2,-0.23857712358782424,0.4,-0.6385771235878243,-0.04771542471756485,sl,False
ema_pullback,1,2026-07-19 15:00:00+00:00,64567.456099999996,2026-07-19 15:00:00+00:00,64560.743279999995,0,-0.02599149945448076,0.2,-0.22599149945448077,-0.010396599781792304,tp1_partial,True
ema_pullback,1,2026-07-19 15:00:00+00:00,64567.456099999996,2026-07-19 15:01:00+00:00,64566.84267,1,-0.002375151651662355,0.2,-0.20237515165166237,-0.000950060660664942,tp2,False
ema_pullback,1,2026-07-19 15:14:00+00:00,64557.4551,2026-07-19 15:15:00+00:00,64559.943360000005,1,0.00963583522672895,0.2,-0.19036416477327106,0.00385433409069158,tp1_partial,True
ema_pullback,1,2026-07-19 15:14:00+00:00,64557.4551,2026-07-19 15:16:00+00:00,64529.14644,2,-0.10962583622661781,0.2,-0.3096258362266178,-0.043850334490647125,sl,False
ema_pullback,1,2026-07-19 15:27:00+00:00,64520.651419999995,2026-07-19 15:27:00+00:00,64496.84967,0,-0.1844506330620499,0.4,-0.5844506330620499,-0.03689012661240998,sl,False
ema_pullback,1,2026-07-19 15:32:00+00:00,64503.54971,2026-07-19 15:33:00+00:00,64464.15294,1,-0.30538451121775445,0.4,-0.7053845112177545,-0.06107690224355089,sl,False
ema_pullback,1,2026-07-19 15:36:00+00:00,64502.4496,2026-07-19 15:36:00+00:00,64515.447810000005,0,0.05037874561591993,0.2,-0.14962125438408008,0.02015149824636797,tp1_partial,True
ema_pullback,1,2026-07-19 15:36:00+00:00,64502.4496,2026-07-19 15:40:00+00:00,64541.34522,4,0.15075249173174265,0.2,-0.049247508268257356,0.06030099669269706,tp2,False
ema_pullback,1,2026-07-19 15:46:00+00:00,64549.4543,2026-07-19 15:46:00+00:00,64524.5469,0,-0.19293269222880882,0.4,-0.5929326922288088,-0.038586538445761764,sl,False
ema_pullback,1,2026-07-19 15:49:00+00:00,64540.05336,2026-07-19 15:51:00+00:00,64519.74738,2,-0.1573130090761765,0.4,-0.5573130090761765,-0.0314626018152353,sl,False
ema_pullback,1,2026-07-19 15:54:00+00:00,64556.154969999996,2026-07-19 16:01:00+00:00,64517.5476,7,-0.29902160388844967,0.4,-0.6990216038884497,-0.059804320777689934,sl,False
ema_pullback,1,2026-07-19 16:04:00+00:00,64561.95555,2026-07-19 16:05:00+00:00,64574.94186,1,0.050286232384733065,0.2,-0.14971376761526695,0.020114492953893226,tp1_partial,True
ema_pullback,1,2026-07-19 16:04:00+00:00,64561.95555,2026-07-19 16:06:00+00:00,64522.94706,2,-0.15105060583933683,0.2,-0.35105060583933684,-0.06042024233573473,sl,False
ema_pullback,1,2026-07-19 16:13:00+00:00,64524.75183,2026-07-19 16:13:00+00:00,64520.14734,0,-0.017840014372050295,0.2,-0.2178400143720503,-0.007136005748820118,tp1_partial,True
ema_pullback,1,2026-07-19 16:13:00+00:00,64524.75183,2026-07-19 16:15:00+00:00,64503.549,2,-0.08214998662786632,0.2,-0.28214998662786633,-0.03285999465114653,sl,False
ema_pullback,1,2026-07-19 16:18:00+00:00,64526.95205,2026-07-19 16:19:00+00:00,64535.745780000005,1,0.03406998827865104,0.2,-0.16593001172134897,0.013627995311460417,tp1_partial,True
ema_pullback,1,2026-07-19 16:18:00+00:00,64526.95205,2026-07-19 16:22:00+00:00,64557.543600000005,4,0.1185223733188856,0.2,-0.08147762668111441,0.04740894932755424,tp2,False
ema_pullback,1,2026-07-19 16:30:00+00:00,64589.05826,2026-07-19 16:30:00+00:00,64556.64369,0,-0.2509292662970508,0.4,-0.6509292662970508,-0.05018585325941016,sl,False
ema_pullback,1,2026-07-19 16:38:00+00:00,64542.65362,2026-07-19 16:43:00+00:00,64561.14324,5,0.07161783318077042,0.2,-0.1283821668192296,0.028647133272308167,tp1_partial,True
ema_pullback,1,2026-07-19 16:38:00+00:00,64542.65362,2026-07-19 16:56:00+00:00,64498.14954,18,-0.17238243821682264,0.2,-0.37238243821682265,-0.06895297528672906,sl,False
ema_pullback,1,2026-07-19 17:05:00+00:00,64530.4524,2026-07-19 17:07:00+00:00,64599.339420000004,2,0.2668779523386511,0.2,0.06687795233865107,0.10675118093546043,tp1_partial,True
ema_pullback,1,2026-07-19 17:05:00+00:00,64530.4524,2026-07-19 17:15:00+00:00,64681.13124000001,10,0.583750905177316,0.2,0.38375090517731597,0.2335003620709264,tp2,False
ema_pullback,1,2026-07-19 17:20:00+00:00,64638.16317,2026-07-19 17:21:00+00:00,64639.83536999999,1,0.006467541456889325,0.2,-0.19353245854311069,0.00258701658275573,tp1_partial,True
ema_pullback,1,2026-07-19 17:20:00+00:00,64638.16317,2026-07-19 17:22:00+00:00,64654.533899999995,2,0.06331681315319138,0.2,-0.13668318684680864,0.02532672526127655,tp2,False
ema_pullback,1,2026-07-19 17:25:00+00:00,64653.06466,2026-07-19 17:25:00+00:00,64627.73658,0,-0.19587687090472095,0.4,-0.595876870904721,-0.03917537418094419,sl,False
ema_pullback,1,2026-07-19 17:31:00+00:00,64634.86284,2026-07-19 17:31:00+00:00,64649.73438,0,0.05752135668957159,0.2,-0.14247864331042842,0.023008542675828636,tp1_partial,True
ema_pullback,1,2026-07-19 17:31:00+00:00,64634.86284,2026-07-19 17:32:00+00:00,64677.53160000001,1,0.1650377138791015,0.2,-0.03496228612089852,0.0660150855516406,tp2,False
ema_pullback,1,2026-07-19 17:36:00+00:00,64666.466,2026-07-19 17:40:00+00:00,64633.83597,4,-0.252294829286015,0.4,-0.652294829286015,-0.050458965857203,sl,False
ema_pullback,1,2026-07-19 17:53:00+00:00,64582.157569999996,2026-07-19 17:54:00+00:00,64534.24593,1,-0.3709355788250601,0.4,-0.7709355788250601,-0.07418711576501202,sl,False
ema_pullback,1,2026-07-19 18:11:00+00:00,64446.34399,2026-07-19 18:13:00+00:00,64464.352920000005,2,0.06986016927040817,0.2,-0.13013983072959184,0.027944067708163267,tp1_partial,True
ema_pullback,1,2026-07-19 18:11:00+00:00,64446.34399,2026-07-19 18:15:00+00:00,64402.759079999996,4,-0.1690744086536855,0.2,-0.3690744086536855,-0.0676297634614742,sl,False
ema_pullback,1,2026-07-19 18:19:00+00:00,64454.04476,2026-07-19 18:22:00+00:00,64414.457910000005,3,-0.30709360558672794,0.4,-0.707093605586728,-0.06141872111734559,sl,False
ema_pullback,1,2026-07-19 18:25:00+00:00,64472.84664,2026-07-19 18:27:00+00:00,64409.358420000004,2,-0.4923640207365465,0.4,-0.8923640207365465,-0.0984728041473093,sl,False
ema_pullback,1,2026-07-19 18:34:00+00:00,64401.93955,2026-07-19 18:47:00+00:00,64358.16354,13,-0.3398656182242443,0.4,-0.7398656182242443,-0.06797312364484887,sl,False
ema_pullback,1,2026-07-19 18:50:00+00:00,64424.34179,2026-07-19 18:50:00+00:00,64377.26163,0,-0.3653910827173257,0.4,-0.7653910827173257,-0.07307821654346514,sl,False
ema_pullback,1,2026-07-19 18:59:00+00:00,64386.237980000005,2026-07-19 19:00:00+00:00,64398.25953,1,0.046677482553547645,0.2,-0.15332251744645237,0.018670993021419058,tp1_partial,True
ema_pullback,1,2026-07-19 18:59:00+00:00,64386.237980000005,2026-07-19 19:03:00+00:00,64348.464510000005,4,-0.1466674835534365,0.2,-0.3466674835534365,-0.0586669934213746,sl,False
ema_pullback,-1,2026-07-19 19:04:00+00:00,64313.06805,2026-07-19 19:04:00+00:00,64365.33589,0,-0.406354739283854,0.4,-0.806354739283854,-0.0812709478567708,sl,False
ema_pullback,1,2026-07-19 19:05:00+00:00,64367.23608,2026-07-19 19:08:00+00:00,64395.85977,3,0.1111733691828154,0.2,-0.08882663081718462,0.04446934767312616,tp1_partial,True
ema_pullback,1,2026-07-19 19:05:00+00:00,64367.23608,2026-07-19 20:00:00+00:00,64437.25563000001,55,0.27195338134833325,0.2,0.07195338134833323,0.1087813525393333,tp2,False
ema_pullback,1,2026-07-19 20:10:00+00:00,64495.74893,2026-07-19 20:14:00+00:00,64461.15324,4,-0.268201320040129,0.4,-0.668201320040129,-0.053640264008025795,sl,False
ema_pullback,1,2026-07-19 20:22:00+00:00,64489.24828,2026-07-19 20:36:00+00:00,64500.34932,14,0.04303446037934311,0.2,-0.1569655396206569,0.017213784151737244,tp1_partial,True
ema_pullback,1,2026-07-19 20:22:00+00:00,64489.24828,2026-07-19 20:37:00+00:00,64452.35412,15,-0.14302446137923197,0.2,-0.343024461379232,-0.05720978455169279,sl,False
ema_pullback,1,2026-07-19 20:43:00+00:00,64479.147269999994,2026-07-19 20:45:00+00:00,64473.75198,2,-0.020918739733782887,0.2,-0.2209187397337829,-0.008367495893513155,tp1_partial,True
ema_pullback,1,2026-07-19 20:43:00+00:00,64479.147269999994,2026-07-19 20:55:00+00:00,64481.35122,12,0.00854520450921381,0.2,-0.1914547954907862,0.0034180818036855243,tp2,False
ema_pullback,1,2026-07-19 20:59:00+00:00,64494.14877,2026-07-19 20:59:00+00:00,64495.14983999999,0,0.003880468302464024,0.2,-0.196119531697536,0.0015521873209856096,tp1_partial,True
ema_pullback,1,2026-07-19 20:59:00+00:00,64494.14877,2026-07-19 21:00:00+00:00,64509.04844999999,1,0.05775593710494187,0.2,-0.14224406289505814,0.023102374841976747,tp2,False
ema_pullback,1,2026-07-19 21:14:00+00:00,64529.55231,2026-07-19 21:19:00+00:00,64466.95266,5,-0.48504636836210757,0.4,-0.8850463683621076,-0.09700927367242151,sl,False
ema_pullback,-1,2026-07-19 21:41:00+00:00,64331.5662,2026-07-19 21:53:00+00:00,64406.44,12,-0.5819367102553041,0.4,-0.9819367102553042,-0.11638734205106083,sl,False
ema_pullback,1,2026-07-19 21:54:00+00:00,64410.4404,2026-07-19 21:55:00+00:00,64363.962960000004,1,-0.3607911986889256,0.4,-0.7607911986889256,-0.07215823973778512,sl,False
ema_pullback,-1,2026-07-19 21:56:00+00:00,64327.766579999996,2026-07-19 21:59:00+00:00,64378.237180000004,3,-0.39229249423144985,0.4,-0.7922924942314499,-0.07845849884628997,sl,False
ema_pullback,1,2026-07-19 22:00:00+00:00,64400.039359999995,2026-07-19 22:00:00+00:00,64348.36452,0,-0.40120192870635174,0.4,-0.8012019287063518,-0.08024038574127035,sl,False
ema_pullback,1,2026-07-19 22:01:00+00:00,64423.041659999995,2026-07-19 22:01:00+00:00,64484.250929999995,0,0.23752864046311384,0.2,0.03752864046311383,0.09501145618524554,tp1_partial,True
ema_pullback,1,2026-07-19 22:01:00+00:00,64423.041659999995,2026-07-19 22:02:00+00:00,64558.24353,1,0.5246642603183305,0.2,0.32466426031833046,0.2098657041273322,tp2,False
ema_pullback,1,2026-07-19 22:08:00+00:00,64432.84264,2026-07-19 22:09:00+00:00,64527.246629999994,1,0.3662883171531295,0.2,0.16628831715312947,0.1465153268612518,tp1_partial,True
ema_pullback,1,2026-07-19 22:08:00+00:00,64432.84264,2026-07-19 22:14:00+00:00,64634.43590999999,6,0.7821836727208153,0.2,0.5821836727208154,0.31287346908832614,tp2,False
ema_pullback,1,2026-07-19 22:27:00+00:00,64740.4734,2026-07-19 22:27:00+00:00,64742.825070000006,0,0.009081143048927931,0.2,-0.19091885695107208,0.0036324572195711724,tp1_partial,True
ema_pullback,1,2026-07-19 22:27:00+00:00,64740.4734,2026-07-19 22:28:00+00:00,64758.12354000001,1,0.06815728659781417,0.2,-0.13184271340218584,0.027262914639125668,tp2,False
ema_pullback,1,2026-07-19 22:29:00+00:00,64768.57621,2026-07-19 22:29:00+00:00,64719.827370000006,0,-0.37633095285233287,0.4,-0.7763309528523329,-0.07526619057046657,sl,False
ema_pullback,1,2026-07-19 22:39:00+00:00,64717.071059999995,2026-07-19 22:44:00+00:00,64757.62359,5,0.15665314165103084,0.2,-0.043346858348969175,0.06266125666041233,tp1_partial,True
ema_pullback,1,2026-07-19 22:39:00+00:00,64717.071059999995,2026-07-19 22:55:00+00:00,64650.434310000004,16,-0.2574156590701149,0.2,-0.4574156590701149,-0.10296626362804595,sl,False
ema_pullback,1,2026-07-19 23:06:00+00:00,64608.36019,2026-07-19 23:09:00+00:00,64639.33542,3,0.1198576697694631,0.2,-0.0801423302305369,0.04794306790778524,tp1_partial,True
ema_pullback,1,2026-07-19 23:06:00+00:00,64608.36019,2026-07-19 23:31:00+00:00,64683.23103,25,0.2897103400388845,0.2,0.0897103400388845,0.11588413601555381,tp2,False
ema_pullback,1,2026-07-19 23:32:00+00:00,64722.07156,2026-07-19 23:37:00+00:00,64630.23633,5,-0.7094583639435936,0.4,-1.1094583639435935,-0.14189167278871873,sl,False
ema_pullback,1,2026-07-19 23:43:00+00:00,64679.56731,2026-07-19 23:44:00+00:00,64709.528399999996,1,0.1158058535564721,0.2,-0.0841941464435279,0.04632234142258884,tp1_partial,True
ema_pullback,1,2026-07-19 23:43:00+00:00,64679.56731,2026-07-19 23:50:00+00:00,64623.93696,7,-0.21502289020183807,0.2,-0.4150228902018381,-0.08600915608073523,sl,False
ema_pullback,1,2026-07-19 23:52:00+00:00,64685.16787,2026-07-19 23:54:00+00:00,64643.535,2,-0.3218115633839558,0.4,-0.7218115633839558,-0.06436231267679116,sl,False
ema_pullback,1,2026-07-19 23:56:00+00:00,64678.4672,2026-07-19 23:57:00+00:00,64683.13104,1,0.018027019663191535,0.2,-0.18197298033680848,0.007210807865276614,tp1_partial,True
ema_pullback,1,2026-07-19 23:56:00+00:00,64678.4672,2026-07-19 23:58:00+00:00,64700.72928,2,0.08604903982634138,0.2,-0.11395096017365863,0.03441961593053655,tp2,False
ema_pullback,1,2026-07-20 00:06:00+00:00,64692.26858,2026-07-20 00:06:00+00:00,64755.72378,0,0.24521941103955447,0.2,0.04521941103955446,0.09808776441582179,tp1_partial,True
ema_pullback,1,2026-07-20 00:06:00+00:00,64692.26858,2026-07-20 00:07:00+00:00,64832.21613,1,0.5408202288768593,0.2,0.3408202288768593,0.21632809155074373,tp2,False
ema_pullback,1,2026-07-20 00:29:00+00:00,64886.38799,2026-07-20 00:29:00+00:00,64858.91346,0,-0.21171258603758236,0.4,-0.6117125860375824,-0.04234251720751647,sl,False
ema_pullback,1,2026-07-20 00:37:00+00:00,64833.68272,2026-07-20 00:38:00+00:00,64867.11263999999,1,0.12890645185298366,0.2,-0.07109354814701635,0.051562580741193464,tp1_partial,True
ema_pullback,1,2026-07-20 00:37:00+00:00,64833.68272,2026-07-20 00:45:00+00:00,64774.32192,8,-0.22889645285290028,0.2,-0.4288964528529003,-0.09155858114116011,sl,False
ema_pullback,1,2026-07-20 01:04:00+00:00,64557.4551,2026-07-20 01:05:00+00:00,64586.5407,1,0.11263455148186052,0.2,-0.08736544851813949,0.04505382059274421,tp1_partial,True
ema_pullback,1,2026-07-20 01:04:00+00:00,64557.4551,2026-07-20 01:06:00+00:00,64628.5365,2,0.27526410346373487,0.2,0.07526410346373485,0.11010564138549395,tp2,False
ema_pullback,1,2026-07-20 01:16:00+00:00,64795.37889,2026-07-20 01:18:00+00:00,64739.32542,2,-0.43254218865790284,0.4,-0.8325421886579029,-0.08650843773158057,sl,False
ema_pullback,1,2026-07-20 01:24:00+00:00,64794.678819999994,2026-07-20 01:24:00+00:00,64845.91475999999,0,0.19768575496120766,0.2,-0.0023142450387923508,0.07907430198448306,tp1_partial,True
ema_pullback,1,2026-07-20 01:24:00+00:00,64794.678819999994,2026-07-20 01:27:00+00:00,64910.10833999999,3,0.4453665104223181,0.2,0.2453665104223181,0.17814660416892725,tp2,False
ema_pullback,1,2026-07-20 01:31:00+00:00,64851.18446999999,2026-07-20 01:36:00+00:00,64793.719979999994,5,-0.44304888545698695,0.4,-0.843048885456987,-0.08860977709139739,sl,False
ema_pullback,1,2026-07-20 01:37:00+00:00,64835.38289,2026-07-20 01:37:00+00:00,64851.31422,0,0.061429921787592434,0.2,-0.13857007821240758,0.024571968715036974,tp1_partial,True
ema_pullback,1,2026-07-20 01:37:00+00:00,64835.38289,2026-07-20 01:38:00+00:00,64880.211330000006,1,0.17285484407508767,0.2,-0.027145155924912345,0.06914193763003507,tp2,False
ema_pullback,1,2026-07-20 01:59:00+00:00,64583.85774,2026-07-20 01:59:00+00:00,64591.14024,0,0.02819009368143499,0.2,-0.17180990631856502,0.011276037472573996,tp1_partial,True
ema_pullback,1,2026-07-20 01:59:00+00:00,64583.85774,2026-07-20 02:00:00+00:00,64611.238229999995,1,0.10598813294115939,0.2,-0.09401186705884063,0.042395253176463754,tp2,False
ema_pullback,1,2026-07-20 02:01:00+00:00,64688.16817,2026-07-20 02:02:00+00:00,64767.92255999999,1,0.3082263428390575,0.2,0.10822634283905747,0.12329053713562299,tp1_partial,True
ema_pullback,1,2026-07-20 02:01:00+00:00,64688.16817,2026-07-20 02:03:00+00:00,64860.71327999999,2,0.6668341169692171,0.2,0.4668341169692171,0.26673364678768685,tp2,False
ema_pullback,1,2026-07-20 02:13:00+00:00,64868.4862,2026-07-20 02:13:00+00:00,64830.5163,0,-0.29266830647883824,0.4,-0.6926683064788383,-0.05853366129576765,sl,False
ema_pullback,1,2026-07-20 02:29:00+00:00,64668.76623,2026-07-20 02:29:00+00:00,64633.536,0,-0.2723898417568704,0.4,-0.6723898417568704,-0.054477968351374084,sl,False
ema_pullback,1,2026-07-20 02:31:00+00:00,64698.769230000005,2026-07-20 02:32:00+00:00,64752.024150000005,1,0.20578026689610507,0.2,0.005780266896105057,0.08231210675844203,tp1_partial,True
ema_pullback,1,2026-07-20 02:31:00+00:00,64698.769230000005,2026-07-20 02:33:00+00:00,64818.21753000001,2,0.46155553429222396,0.2,0.26155553429222395,0.18462221371688958,tp2,False
ema_pullback,1,2026-07-20 02:41:00+00:00,64763.17567,2026-07-20 02:42:00+00:00,64810.41831000001,1,0.1823669064683342,0.2,-0.01763309353166581,0.07294676258733368,tp1_partial,True
ema_pullback,1,2026-07-20 02:41:00+00:00,64763.17567,2026-07-20 02:48:00+00:00,64870.51230000002,7,0.4143428302024188,0.2,0.2143428302024188,0.16573713208096752,tp2,False
ema_pullback,1,2026-07-20 02:53:00+00:00,64864.58581,2026-07-20 02:54:00+00:00,64822.21713,1,-0.3265933133690391,0.4,-0.7265933133690391,-0.06531866267380781,sl,False
ema_pullback,1,2026-07-20 02:57:00+00:00,64857.08506,2026-07-20 02:57:00+00:00,64800.81927000001,0,-0.43376749007406623,0.4,-0.8337674900740663,-0.08675349801481325,sl,False
ema_pullback,1,2026-07-20 03:01:00+00:00,64844.88384,2026-07-20 03:02:00+00:00,64793.61999,1,-0.3952806063042269,0.4,-0.7952806063042269,-0.07905612126084538,sl,False
ema_pullback,1,2026-07-20 03:04:00+00:00,64866.58601,2026-07-20 03:05:00+00:00,64804.81887,1,-0.4761090709358151,0.4,-0.8761090709358151,-0.09522181418716302,sl,False
ema_pullback,1,2026-07-20 03:14:00+00:00,64816.08096,2026-07-20 03:15:00+00:00,64772.42211,1,-0.3367902637228526,0.4,-0.7367902637228526,-0.06735805274457052,sl,False
ema_pullback,1,2026-07-20 03:16:00+00:00,64841.183469999996,2026-07-20 03:18:00+00:00,64766.5227,2,-0.5757202907511472,0.4,-0.9757202907511472,-0.11514405815022943,sl,False
ema_pullback,1,2026-07-20 03:32:00+00:00,64702.069559999996,2026-07-20 03:32:00+00:00,64711.328219999996,0,0.03577420344885729,0.2,-0.16422579655114272,0.014309681379542916,tp1_partial,True
ema_pullback,1,2026-07-20 03:32:00+00:00,64702.069559999996,2026-07-20 03:37:00+00:00,64733.52599999999,5,0.12154340739761738,0.2,-0.07845659260238264,0.04861736295904695,tp2,False
ema_pullback,1,2026-07-20 03:49:00+00:00,64846.68401999999,2026-07-20 03:49:00+00:00,64850.11434000001,0,0.013224731733985085,0.2,-0.18677526826601493,0.005289892693594034,tp1_partial,True
ema_pullback,1,2026-07-20 03:49:00+00:00,64846.68401999999,2026-07-20 03:52:00+00:00,64866.41271000001,3,0.07605897779572324,0.2,-0.12394102220427677,0.030423591118289295,tp2,False
ema_pullback,1,2026-07-20 04:00:00+00:00,64845.783930000005,2026-07-20 04:02:00+00:00,64779.12144,2,-0.5140078965809591,0.4,-0.9140078965809592,-0.10280157931619183,sl,False
ema_pullback,1,2026-07-20 04:11:00+00:00,64753.17466999999,2026-07-20 04:12:00+00:00,64704.32892000001,1,-0.3771687662336154,0.4,-0.7771687662336154,-0.07543375324672308,sl,False
ema_pullback,1,2026-07-20 04:21:00+00:00,64677.4671,2026-07-20 04:21:00+00:00,64640.13534,0,-0.28859942785236514,0.4,-0.6885994278523652,-0.05771988557047303,sl,False
ema_pullback,1,2026-07-20 04:24:00+00:00,64685.467899999996,2026-07-20 04:26:00+00:00,64706.72868,2,0.08216984699283003,0.2,-0.11783015300716998,0.03286793879713201,tp1_partial,True
ema_pullback,1,2026-07-20 04:24:00+00:00,64685.467899999996,2026-07-20 04:27:00+00:00,64740.925259999996,3,0.21433469448550735,0.2,0.014334694485507338,0.08573387779420294,tp2,False
ema_pullback,1,2026-07-20 04:33:00+00:00,64725.07186,2026-07-20 04:33:00+00:00,64738.92546,0,0.05350940370513202,0.2,-0.146490596294868,0.021403761482052808,tp1_partial,True
ema_pullback,1,2026-07-20 04:33:00+00:00,64725.07186,2026-07-20 04:36:00+00:00,64765.92276,3,0.15778622883710902,0.2,-0.04221377116289099,0.06311449153484361,tp2,False
ema_pullback,1,2026-07-20 04:39:00+00:00,64736.473,2026-07-20 04:39:00+00:00,64741.22523,0,0.018352212361016917,0.2,-0.1816477876389831,0.007340884944406767,tp1_partial,True
ema_pullback,1,2026-07-20 04:39:00+00:00,64736.473,2026-07-20 04:40:00+00:00,64705.82877,1,-0.11834221336093353,0.2,-0.31834221336093355,-0.047336885344373414,sl,False
ema_pullback,1,2026-07-20 04:43:00+00:00,64739.37329,2026-07-20 04:43:00+00:00,64684.93086,0,-0.42047387264726455,0.4,-0.8204738726472646,-0.08409477452945291,sl,False
ema_pullback,-1,2026-07-20 05:08:00+00:00,64441.5552,2026-07-20 05:08:00+00:00,64437.64311999999,0,0.0151768528392493,0.2,-0.1848231471607507,0.00607074113569972,tp1_partial,True
ema_pullback,-1,2026-07-20 05:08:00+00:00,64441.5552,2026-07-20 05:09:00+00:00,64420.741429999995,1,0.08074669340074614,0.2,-0.11925330659925387,0.032298677360298456,tp2,False
ema_pullback,-1,2026-07-20 05:17:00+00:00,64235.67579,2026-07-20 05:18:00+00:00,64301.82954,1,-0.5149299761106896,0.4,-0.9149299761106896,-0.10298599522213792,sl,False
ema_pullback,-1,2026-07-20 05:22:00+00:00,64286.770679999994,2026-07-20 05:22:00+00:00,64248.22418,0,0.14990059226910324,0.2,-0.05009940773089677,0.059960236907641296,tp1_partial,True
ema_pullback,-1,2026-07-20 05:22:00+00:00,64286.770679999994,2026-07-20 05:23:00+00:00,64196.91904999999,1,0.34941726365156356,0.2,0.14941726365156355,0.13976690546062542,tp2,False
ema_pullback,-1,2026-07-20 05:28:00+00:00,64158.28353,2026-07-20 05:30:00+00:00,64125.91195,2,0.126139518620616,0.2,-0.073860481379384,0.050455807448246404,tp1_partial,True
ema_pullback,-1,2026-07-20 05:28:00+00:00,64158.28353,2026-07-20 05:41:00+00:00,64216.120969999996,13,-0.22537011909362636,0.2,-0.4253701190936264,-0.09014804763745055,sl,False
ema_pullback,-1,2026-07-20 05:46:00+00:00,64156.78368,2026-07-20 05:46:00+00:00,64150.814439999995,0,0.02326036179500779,0.2,-0.17673963820499222,0.009304144718003116,tp1_partial,True
ema_pullback,-1,2026-07-20 05:46:00+00:00,64156.78368,2026-07-20 05:47:00+00:00,64132.01255999999,1,0.09652572409007965,0.2,-0.10347427590992037,0.03861028963603186,tp2,False
ema_pullback,-1,2026-07-20 05:49:00+00:00,64140.98526,2026-07-20 05:51:00+00:00,64119.91135000001,2,0.0821390173325609,0.2,-0.11786098266743911,0.03285560693302436,tp1_partial,True
ema_pullback,-1,2026-07-20 05:49:00+00:00,64140.98526,2026-07-20 05:54:00+00:00,64086.10797000001,5,0.2138932298028362,0.2,0.013893229802836193,0.08555729192113448,tp2,False
ema_pullback,-1,2026-07-20 06:00:00+00:00,64095.389820000004,2026-07-20 06:00:00+00:00,64129.012259999996,0,-0.2622843865558444,0.4,-0.6622843865558444,-0.05245687731116888,sl,False
ema_pullback,-1,2026-07-20 06:02:00+00:00,64100.88927000001,2026-07-20 06:02:00+00:00,64084.00776000001,0,0.06583960921702214,0.2,-0.13416039078297787,0.026335843686808857,tp1_partial,True
ema_pullback,-1,2026-07-20 06:02:00+00:00,64100.88927000001,2026-07-20 06:04:00+00:00,64143.4137,2,-0.16584961021709477,0.2,-0.3658496102170948,-0.0663398440868379,sl,False
ema_pullback,-1,2026-07-20 06:06:00+00:00,64048.5945,2026-07-20 06:07:00+00:00,64142.4136,1,-0.7324056111801536,0.4,-1.1324056111801535,-0.14648112223603071,sl,False
ema_pullback,-1,2026-07-20 06:11:00+00:00,64098.18954,2026-07-20 06:11:00+00:00,64129.21228,0,-0.24199388643142417,0.4,-0.6419938864314242,-0.04839877728628483,sl,False
ema_pullback,-1,2026-07-20 06:17:00+00:00,64133.68599,2026-07-20 06:20:00+00:00,64202.4196,3,-0.5358619962270161,0.4,-0.9358619962270162,-0.10717239924540323,sl,False
ema_pullback,-1,2026-07-20 06:25:00+00:00,64068.99246,2026-07-20 06:33:00+00:00,63996.79904,8,0.2817018702341578,0.2,0.08170187023415781,0.11268074809366313,tp1_partial,True
ema_pullback,-1,2026-07-20 06:25:00+00:00,64068.99246,2026-07-20 06:36:00+00:00,63911.79054,11,0.613408740968352,0.2,0.41340874096835195,0.24536349638734078,tp2,False
ema_pullback,-1,2026-07-20 06:58:00+00:00,63866.012760000005,2026-07-20 07:01:00+00:00,63919.89135,3,-0.4218095640513564,0.4,-0.8218095640513564,-0.08436191281027128,sl,False
ema_pullback,-1,2026-07-20 07:11:00+00:00,63941.005260000005,2026-07-20 07:11:00+00:00,63934.992860000006,0,0.023507606642853007,0.2,-0.176492393357147,0.009403042657141203,tp1_partial,True
ema_pullback,-1,2026-07-20 07:11:00+00:00,63941.005260000005,2026-07-20 07:17:00+00:00,63916.29099000001,6,0.09662918927963449,0.2,-0.10337081072036552,0.038651675711853795,tp2,False
ema_pullback,-1,2026-07-20 07:18:00+00:00,63867.71259,2026-07-20 07:19:00+00:00,63946.79404,1,-0.6191035093714436,0.4,-1.0191035093714436,-0.12382070187428873,sl,False
ema_pullback,-1,2026-07-20 07:21:00+00:00,63908.50851,2026-07-20 07:21:00+00:00,63893.58872000001,0,0.058363864013727396,0.2,-0.14163613598627262,0.023345545605490958,tp1_partial,True
ema_pullback,-1,2026-07-20 07:21:00+00:00,63908.50851,2026-07-20 07:22:00+00:00,63948.79424,1,-0.1575914183387095,0.2,-0.3575914183387095,-0.0630365673354838,sl,False
ema_pullback,-1,2026-07-20 07:37:00+00:00,64098.88947,2026-07-20 07:40:00+00:00,64080.107370000005,3,0.07325438925423478,0.2,-0.12674561074576524,0.02930175570169391,tp1_partial,True
ema_pullback,-1,2026-07-20 07:37:00+00:00,64098.88947,2026-07-20 07:43:00+00:00,64143.31369,6,-0.17326439025433515,0.2,-0.37326439025433517,-0.06930575610173406,sl,False
ema_pullback,-1,2026-07-20 08:06:00+00:00,64228.976460000005,2026-07-20 08:15:00+00:00,64285.4279,9,-0.43945461309935485,0.4,-0.8394546130993549,-0.08789092261987097,sl,False
ema_pullback,-1,2026-07-20 08:18:00+00:00,64250.07435,2026-07-20 08:34:00+00:00,64186.21798,16,0.24846807823189487,0.2,0.04846807823189486,0.09938723129275795,tp1_partial,True
ema_pullback,-1,2026-07-20 08:18:00+00:00,64250.07435,2026-07-20 08:36:00+00:00,64109.61032000001,18,0.5465520134452506,0.2,0.3465520134452506,0.21862080537810025,tp2,False
ema_pullback,-1,2026-07-20 08:37:00+00:00,64042.895070000006,2026-07-20 08:37:00+00:00,63925.69193,0,0.4575181207528978,0.2,0.25751812075289776,0.1830072483011591,tp1_partial,True
ema_pullback,-1,2026-07-20 08:37:00+00:00,64042.895070000006,2026-07-20 09:30:00+00:00,64185.91795,53,-0.5583089265548957,0.2,-0.7583089265548957,-0.2233235706219583,sl,False
ema_pullback,-1,2026-07-20 09:38:00+00:00,64184.5809,2026-07-20 09:45:00+00:00,64229.4223,7,-0.34931598345921966,0.4,-0.7493159834592197,-0.06986319669184393,sl,False
ema_pullback,-1,2026-07-20 09:50:00+00:00,64210.47831,2026-07-20 09:51:00+00:00,64247.4241,1,-0.2876928421372549,0.4,-0.6876928421372549,-0.057538568427450976,sl,False
ema_pullback,-1,2026-07-20 09:54:00+00:00,64215.5778,2026-07-20 09:54:00+00:00,64213.92075,0,0.006451121584399866,0.2,-0.19354887841560015,0.0025804486337599464,tp1_partial,True
ema_pullback,-1,2026-07-20 09:54:00+00:00,64215.5778,2026-07-20 09:55:00+00:00,64199.4193,1,0.06290724366883604,0.2,-0.13709275633116397,0.025162897467534417,tp2,False
ema_pullback,-1,2026-07-20 10:04:00+00:00,64181.78118,2026-07-20 10:05:00+00:00,64212.72063,1,-0.24102984858920262,0.4,-0.6410298485892026,-0.048205969717840524,sl,False
ema_pullback,-1,2026-07-20 10:07:00+00:00,64178.28153,2026-07-20 10:10:00+00:00,64208.4202,3,-0.23480427709732243,0.4,-0.6348042770973225,-0.04696085541946449,sl,False
ema_pullback,-1,2026-07-20 10:31:00+00:00,64282.27113,2026-07-20 10:35:00+00:00,64254.62482,4,0.10751918652693315,0.2,-0.09248081347306686,0.04300767461077326,tp1_partial,True
ema_pullback,-1,2026-07-20 10:31:00+00:00,64282.27113,2026-07-20 11:05:00+00:00,64335.63292,34,-0.20752918752697802,0.2,-0.40752918752697803,-0.08301167501079121,sl,False
ema_pullback,-1,2026-07-20 11:14:00+00:00,64369.16244,2026-07-20 11:15:00+00:00,64353.53471,1,0.0606957175129097,0.2,-0.13930428248709031,0.02427828700516388,tp1_partial,True
ema_pullback,-1,2026-07-20 11:14:00+00:00,64369.16244,2026-07-20 11:18:00+00:00,64325.031859999996,4,0.1713964355258557,0.2,-0.028603564474144305,0.06855857421034228,tp2,False
ema_pullback,-1,2026-07-20 11:25:00+00:00,64288.370520000004,2026-07-20 11:26:00+00:00,64339.63331999999,1,-0.39869419294147335,0.4,-0.7986941929414734,-0.07973883858829467,sl,False
ema_pullback,-1,2026-07-20 11:27:00+00:00,64311.268229999994,2026-07-20 11:28:00+00:00,64341.4335,1,-0.2345255414037961,0.4,-0.6345255414037961,-0.04690510828075922,sl,False
ema_pullback,-1,2026-07-20 11:30:00+00:00,64316.06775,2026-07-20 11:30:00+00:00,64341.4335,0,-0.19719605759016545,0.4,-0.5971960575901655,-0.03943921151803309,sl,False
ema_pullback,1,2026-07-20 11:31:00+00:00,64428.94225,2026-07-20 11:32:00+00:00,64522.74708,1,0.36398560462164165,0.2,0.16398560462164163,0.14559424184865666,tp1_partial,True
ema_pullback,1,2026-07-20 11:31:00+00:00,64428.94225,2026-07-20 11:33:00+00:00,64629.33642,2,0.7775782241714602,0.2,0.5775782241714602,0.31103128966858407,tp2,False
ema_pullback,1,2026-07-20 11:46:00+00:00,64826.481999999996,2026-07-20 11:46:00+00:00,64826.21673000001,0,-0.00102300013746226,0.2,-0.20102300013746227,-0.00040920005498490397,tp1_partial,True
ema_pullback,1,2026-07-20 11:46:00+00:00,64826.481999999996,2026-07-20 11:47:00+00:00,64839.015450000006,1,0.04833460652703403,0.2,-0.15166539347296598,0.019333842610813612,tp2,False
ema_pullback,1,2026-07-20 11:52:00+00:00,64925.39189,2026-07-20 11:57:00+00:00,64981.30122,5,0.21528299010781238,0.2,0.015282990107812366,0.08611319604312495,tp1_partial,True
ema_pullback,1,2026-07-20 11:52:00+00:00,64925.39189,2026-07-20 12:02:00+00:00,64843.515,10,-0.31527299110770124,0.2,-0.5152729911077012,-0.1261091964430805,sl,False
ema_pullback,1,2026-07-20 12:10:00+00:00,64851.08446,2026-07-20 12:10:00+00:00,64819.717379999995,0,-0.2418392865839447,0.4,-0.6418392865839447,-0.04836785731678894,sl,False
ema_pullback,1,2026-07-20 12:16:00+00:00,64781.77753,2026-07-20 12:17:00+00:00,64723.027050000004,1,-0.4534491197990542,0.4,-0.8534491197990542,-0.09068982395981084,sl,False
ema_pullback,1,2026-07-20 12:28:00+00:00,64700.4694,2026-07-20 12:32:00+00:00,64639.73538,4,-0.46934759950911786,0.4,-0.8693475995091179,-0.09386951990182357,sl,False
ema_pullback,1,2026-07-20 12:35:00+00:00,64692.86864,2026-07-20 12:44:00+00:00,64578.5415,9,-0.883614704398128,0.4,-1.2836147043981279,-0.1767229408796256,sl,False
ema_pullback,1,2026-07-20 12:46:00+00:00,64676.26698,2026-07-20 13:25:00+00:00,64564.5429,39,-0.8637177531794493,0.4,-1.2637177531794492,-0.17274355063588986,sl,False
ema_pullback,1,2026-07-20 13:31:00+00:00,64589.85834,2026-07-20 13:31:00+00:00,64493.55,0,-0.7455376314113304,0.4,-1.1455376314113304,-0.1491075262822661,sl,False
ema_pullback,1,2026-07-20 13:34:00+00:00,64658.16516999999,2026-07-20 13:46:00+00:00,64518.447510000005,12,-1.080433226280375,0.4,-1.480433226280375,-0.21608664525607502,sl,False
ema_pullback,1,2026-07-20 13:49:00+00:00,64600.95945,2026-07-20 13:49:00+00:00,64660.63329,0,0.23093248346484074,0.2,0.030932483464840732,0.0923729933859363,tp1_partial,True
ema_pullback,1,2026-07-20 13:49:00+00:00,64600.95945,2026-07-20 13:52:00+00:00,64515.447810000005,3,-0.3309224844647296,0.2,-0.5309224844647296,-0.13236899378589184,sl,False
ema_pullback,-1,2026-07-20 14:01:00+00:00,64298.26953,2026-07-20 14:01:00+00:00,64272.226579999995,0,0.10125836274588185,0.2,-0.09874163725411816,0.04050334509835274,tp1_partial,True
ema_pullback,-1,2026-07-20 14:01:00+00:00,64298.26953,2026-07-20 14:02:00+00:00,64350.03436,1,-0.20126836374595447,0.2,-0.4012683637459545,-0.08050734549838179,sl,False
ema_pullback,1,2026-07-20 14:06:00+00:00,64424.84184,2026-07-20 14:08:00+00:00,64348.36452,2,-0.5935390589699163,0.4,-0.9935390589699163,-0.11870781179398326,sl,False
ema_pullback,-1,2026-07-20 14:09:00+00:00,64356.26373,2026-07-20 14:09:00+00:00,64415.64092,0,-0.46131632383994425,0.4,-0.8613163238399443,-0.09226326476798885,sl,False
ema_pullback,1,2026-07-20 14:10:00+00:00,64447.244080000004,2026-07-20 14:11:00+00:00,64353.564,1,-0.7267966329461695,0.4,-1.1267966329461694,-0.1453593265892339,sl,False
ema_pullback,-1,2026-07-20 14:13:00+00:00,64313.36802,2026-07-20 14:13:00+00:00,64268.4262,0,0.1746985944898194,0.2,-0.02530140551018062,0.06987943779592776,tp1_partial,True
ema_pullback,-1,2026-07-20 14:13:00+00:00,64313.36802,2026-07-20 14:17:00+00:00,64210.52041,4,0.39979095002465326,0.2,0.19979095002465325,0.1599163800098613,tp2,False
ema_pullback,-1,2026-07-20 14:21:00+00:00,64195.17984,2026-07-20 14:21:00+00:00,64147.21408,0,0.1867965792741455,0.2,-0.013203420725854509,0.0747186317096582,tp1_partial,True
ema_pullback,-1,2026-07-20 14:21:00+00:00,64195.17984,2026-07-20 14:22:00+00:00,64086.40799999999,1,0.42359815904835507,0.2,0.22359815904835506,0.16943926361934203,tp2,False
ema_pullback,-1,2026-07-20 14:34:00+00:00,64392.66009,2026-07-20 14:34:00+00:00,64450.64442,0,-0.45024021308448514,0.4,-0.8502402130844852,-0.09004804261689703,sl,False
ema_pullback,1,2026-07-20 14:35:00+00:00,64424.94185,2026-07-20 14:36:00+00:00,64372.76208,1,-0.40496559641056695,0.4,-0.804965596410567,-0.08099311928211339,sl,False
ema_pullback,-1,2026-07-20 14:37:00+00:00,64348.86447,2026-07-20 14:40:00+00:00,64424.64182,3,-0.5888009883634471,0.4,-0.9888009883634471,-0.11776019767268942,sl,False
ema_pullback,1,2026-07-20 14:41:00+00:00,64436.54301,2026-07-20 14:43:00+00:00,64371.26223,2,-0.5065509177755723,0.4,-0.9065509177755723,-0.10131018355511445,sl,False
ema_pullback,-1,2026-07-20 14:44:00+00:00,64382.26113,2026-07-20 14:45:00+00:00,64444.04376,1,-0.4798109674593043,0.4,-0.8798109674593043,-0.09596219349186086,sl,False
ema_pullback,1,2026-07-20 14:46:00+00:00,64463.34569,2026-07-20 14:46:00+00:00,64538.14554,0,0.2900867508479066,0.2,0.09008675084790657,0.11603470033916263,tp1_partial,True
ema_pullback,1,2026-07-20 14:46:00+00:00,64463.34569,2026-07-20 14:48:00+00:00,64362.96306,2,-0.38930119483224224,0.2,-0.5893011948322422,-0.1557204779328969,sl,False
ema_pullback,-1,2026-07-20 14:49:00+00:00,64361.66319,2026-07-20 14:50:00+00:00,64320.831439999994,1,0.1586027612410501,0.2,-0.041397238758949906,0.06344110449642004,tp1_partial,True
ema_pullback,-1,2026-07-20 14:49:00+00:00,64361.66319,2026-07-20 15:00:00+00:00,64428.24218,11,-0.2586127622411505,0.2,-0.4586127622411505,-0.1034451048964602,sl,False
ema_pullback,1,2026-07-20 15:19:00+00:00,64949.4943,2026-07-20 15:28:00+00:00,64863.513,9,-0.6619089257481892,0.4,-1.061908925748189,-0.13238178514963783,sl,False
ema_pullback,1,2026-07-20 15:30:00+00:00,64929.89234,2026-07-20 15:32:00+00:00,64848.814470000005,2,-0.6243493333966676,0.4,-1.0243493333966676,-0.12486986667933353,sl,False
ema_pullback,1,2026-07-20 15:39:00+00:00,64841.58351,2026-07-20 15:40:00+00:00,64871.21223,1,0.11423502633706173,0.2,-0.08576497366293828,0.04569401053482469,tp1_partial,True
ema_pullback,1,2026-07-20 15:39:00+00:00,64841.58351,2026-07-20 15:41:00+00:00,64913.90796,2,0.2788505696689203,0.2,0.07885056966892029,0.11154022786756812,tp2,False
ema_pullback,1,2026-07-20 16:04:00+00:00,65596.45899,2026-07-20 16:05:00+00:00,65481.75117,1,-0.8743446046187153,0.4,-1.2743446046187152,-0.17486892092374307,sl,False
ema_pullback,1,2026-07-20 16:10:00+00:00,65483.84773,2026-07-20 16:12:00+00:00,65542.04514,2,0.222182309139618,0.2,0.022182309139617995,0.0888729236558472,tp1_partial,True
ema_pullback,1,2026-07-20 16:10:00+00:00,65483.84773,2026-07-20 16:22:00+00:00,65399.4594,12,-0.3221723101395346,0.2,-0.5221723101395346,-0.12886892405581385,sl,False
ema_pullback,1,2026-07-20 16:25:00+00:00,65465.04585,2026-07-20 16:25:00+00:00,65429.4564,0,-0.2718202480262999,0.4,-0.6718202480262999,-0.05436404960525998,sl,False
ema_pullback,1,2026-07-20 16:30:00+00:00,65424.741819999996,2026-07-20 16:31:00+00:00,65449.454399999995,1,0.0944313241158512,0.2,-0.10556867588414881,0.03777252964634048,tp1_partial,True
ema_pullback,1,2026-07-20 16:30:00+00:00,65424.741819999996,2026-07-20 16:33:00+00:00,65373.86196,3,-0.1944213251157123,0.2,-0.3944213251157123,-0.07776853004628492,sl,False
ema_pullback,1,2026-07-20 16:35:00+00:00,65420.04135,2026-07-20 16:35:00+00:00,65446.4547,0,0.10093753173701092,0.2,-0.09906246826298909,0.04037501269480437,tp1_partial,True
ema_pullback,1,2026-07-20 16:35:00+00:00,65420.04135,2026-07-20 16:40:00+00:00,65485.95075,5,0.25187006397392464,0.2,0.05187006397392463,0.10074802558956986,tp2,False
ema_pullback,1,2026-07-20 16:46:00+00:00,65416.04095,2026-07-20 16:46:00+00:00,65463.253020000004,0,0.1804300188240071,0.2,-0.0195699811759929,0.07217200752960284,tp1_partial,True
ema_pullback,1,2026-07-20 16:46:00+00:00,65416.04095,2026-07-20 16:56:00+00:00,65342.4651,10,-0.2811842819112065,0.2,-0.4811842819112065,-0.11247371276448259,sl,False
ema_pullback,1,2026-07-20 16:58:00+00:00,65429.14226,2026-07-20 17:00:00+00:00,65499.4494,2,0.26863847504149385,0.2,0.06863847504149384,0.10745539001659754,tp1_partial,True
ema_pullback,1,2026-07-20 16:58:00+00:00,65429.14226,2026-07-20 17:44:00+00:00,65332.666079999995,46,-0.36862847604141047,0.2,-0.5686284760414104,-0.1474513904165642,sl,False
ema_pullback,1,2026-07-20 17:46:00+00:00,65403.83973,2026-07-20 17:51:00+00:00,65455.75377,5,0.19843651463857803,0.2,-0.001563485361421979,0.07937460585543121,tp1_partial,True
ema_pullback,1,2026-07-20 17:46:00+00:00,65403.83973,2026-07-20 17:52:00+00:00,65520.74727000001,6,0.4468680297771144,0.2,0.24686802977711436,0.17874721191084575,tp2,False
ema_pullback,1,2026-07-20 18:02:00+00:00,65667.06605,2026-07-20 18:06:00+00:00,65557.04364,4,-0.8377289912436248,0.4,-1.2377289912436247,-0.16754579824872495,sl,False
ema_pullback,1,2026-07-20 18:12:00+00:00,65581.5575,2026-07-20 18:12:00+00:00,65601.23922,0,0.07502764782618687,0.2,-0.12497235217381314,0.03001105913047475,tp1_partial,True
ema_pullback,1,2026-07-20 18:12:00+00:00,65581.5575,2026-07-20 18:13:00+00:00,65634.03594,1,0.20005029615227654,0.2,5.029615227652995e-05,0.08002011846091062,tp2,False
ema_pullback,1,2026-07-20 19:01:00+00:00,65234.32278,2026-07-20 19:01:00+00:00,65248.47450000001,0,0.054234179941325955,0.2,-0.14576582005867406,0.021693671976530382,tp1_partial,True
ema_pullback,1,2026-07-20 19:01:00+00:00,65234.32278,2026-07-20 19:02:00+00:00,65194.079939999996,1,-0.15422418094124257,0.2,-0.3542241809412426,-0.06168967237649703,sl,False
ema_pullback,1,2026-07-20 19:07:00+00:00,65220.62141,2026-07-20 19:12:00+00:00,65152.78407,5,-0.5200605156270299,0.4,-0.92006051562703,-0.10401210312540599,sl,False
ema_pullback,1,2026-07-20 19:18:00+00:00,65168.816230000004,2026-07-20 19:20:00+00:00,65115.08784,2,-0.4122246889553538,0.4,-0.8122246889553538,-0.08244493779107076,sl,False
ema_pullback,1,2026-07-20 19:30:00+00:00,65137.81313,2026-07-20 19:30:00+00:00,65060.39331,0,-0.5942770894494798,0.4,-0.9942770894494798,-0.11885541788989595,sl,False
ema_pullback,1,2026-07-20 19:33:00+00:00,65095.00885,2026-07-20 19:33:00+00:00,65062.4931,0,-0.2497560917068542,0.4,-0.6497560917068542,-0.04995121834137084,sl,False
ema_pullback,1,2026-07-20 19:39:00+00:00,65090.20836999999,2026-07-20 19:41:00+00:00,65147.88455999999,2,0.2215240642345906,0.2,0.02152406423459058,0.08860962569383624,tp1_partial,True
ema_pullback,1,2026-07-20 19:39:00+00:00,65090.20836999999,2026-07-20 20:16:00+00:00,65218.67747999999,37,0.49342717290795646,0.2,0.29342717290795645,0.19737086916318258,tp2,False
ema_pullback,1,2026-07-20 20:17:00+00:00,65220.82143,2026-07-20 20:20:00+00:00,65255.77377000001,3,0.13397692344890855,0.2,-0.06602307655109146,0.05359076937956342,tp1_partial,True
ema_pullback,1,2026-07-20 20:17:00+00:00,65220.82143,2026-07-20 20:32:00+00:00,65303.768970000005,15,0.3179488473977199,0.2,0.11794884739771988,0.12717953895908796,tp2,False
ema_pullback,1,2026-07-20 20:48:00+00:00,65306.429990000004,2026-07-20 20:48:00+00:00,65297.26962000001,0,-0.03506687626853022,0.2,-0.23506687626853023,-0.014026750507412089,tp1_partial,True
ema_pullback,1,2026-07-20 20:48:00+00:00,65306.429990000004,2026-07-20 20:49:00+00:00,65301.16923000001,1,-0.020138752037129892,0.2,-0.2201387520371299,-0.008055500814851957,tp2,False
ema_pullback,1,2026-07-20 20:51:00+00:00,65334.43279,2026-07-20 20:51:00+00:00,65299.269420000004,0,-0.26910289489323613,0.4,-0.6691028948932362,-0.05382057897864723,sl,False
ema_pullback,1,2026-07-20 20:54:00+00:00,65316.531,2026-07-20 20:54:00+00:00,65316.36771,0,-0.0006249949189851556,0.2,-0.20062499491898517,-0.00024999796759406223,tp1_partial,True
ema_pullback,1,2026-07-20 20:54:00+00:00,65316.531,2026-07-20 20:55:00+00:00,65329.26642000001,1,0.04874501066204351,0.2,-0.1512549893379565,0.019498004264817403,tp2,False
ema_pullback,1,2026-07-20 20:59:00+00:00,65343.33368,2026-07-20 21:00:00+00:00,65308.4685,1,-0.26678452136175146,0.4,-0.6667845213617515,-0.05335690427235029,sl,False
ema_pullback,1,2026-07-20 21:05:00+00:00,65321.03145,2026-07-20 21:07:00+00:00,65277.87156,2,-0.3303674868716522,0.4,-0.7303674868716522,-0.06607349737433044,sl,False
ema_pullback,1,2026-07-20 21:11:00+00:00,65327.03205,2026-07-20 21:12:00+00:00,65295.86976,1,-0.2385099171208771,0.4,-0.6385099171208771,-0.04770198342417542,sl,False
ema_pullback,1,2026-07-20 21:14:00+00:00,65315.23087,2026-07-20 21:18:00+00:00,65281.4712,4,-0.25843642861184124,0.4,-0.6584364286118413,-0.05168728572236825,sl,False
ema_pullback,1,2026-07-20 21:21:00+00:00,65324.23177,2026-07-20 21:25:00+00:00,65289.070439999996,4,-0.26912930353167885,0.4,-0.6691293035316789,-0.05382586070633577,sl,False
ema_pullback,1,2026-07-20 21:31:00+00:00,65309.23026999999,2026-07-20 21:32:00+00:00,65321.067240000004,1,0.045311244486700986,0.2,-0.15468875551329903,0.018124497794680394,tp1_partial,True
ema_pullback,1,2026-07-20 21:31:00+00:00,65309.23026999999,2026-07-20 21:33:00+00:00,65345.86476000001,2,0.14023473346941318,0.2,-0.059765266530586836,0.05609389338776527,tp2,False
ema_pullback,1,2026-07-20 22:10:00+00:00,65196.519,2026-07-20 22:15:00+00:00,65154.88386,5,-0.3193049309886953,0.4,-0.7193049309886953,-0.06386098619773906,sl,False
ema_pullback,1,2026-07-20 22:20:00+00:00,65184.317780000005,2026-07-20 22:25:00+00:00,65198.17953000001,5,0.05316366908519887,0.2,-0.14683633091480114,0.02126546763407955,tp1_partial,True
ema_pullback,1,2026-07-20 22:20:00+00:00,65184.317780000005,2026-07-20 22:34:00+00:00,65144.38491,14,-0.1531536700851155,0.2,-0.3531536700851155,-0.061261468034046196,sl,False
ema_pullback,1,2026-07-20 22:45:00+00:00,65115.41089,2026-07-20 22:51:00+00:00,65117.08764,6,0.006437608152498608,0.2,-0.1935623918475014,0.0025750432609994434,tp1_partial,True
ema_pullback,1,2026-07-20 22:45:00+00:00,65115.41089,2026-07-20 22:53:00+00:00,65087.89056,8,-0.1056598185585067,0.2,-0.3056598185585067,-0.04226392742340268,sl,False
ema_pullback,1,2026-07-20 22:57:00+00:00,65130.212369999994,2026-07-20 23:04:00+00:00,65148.284519999994,7,0.06936930397727359,0.2,-0.13063069602272642,0.027747721590909435,tp1_partial,True
ema_pullback,1,2026-07-20 22:57:00+00:00,65130.212369999994,2026-07-20 23:07:00+00:00,65179.4814,10,0.18911741650751157,0.2,-0.01088258349248844,0.07564696660300463,tp2,False
ema_pullback,1,2026-07-20 23:16:00+00:00,65178.61721,2026-07-20 23:17:00+00:00,65208.978449999995,1,0.11645398943560537,0.2,-0.08354601056439465,0.046581595774242146,tp1_partial,True
ema_pullback,1,2026-07-20 23:16:00+00:00,65178.61721,2026-07-21 00:11:00+00:00,65122.38711,55,-0.2156769443988904,0.2,-0.4156769443988904,-0.08627077775955616,sl,False
ema_pullback,1,2026-07-21 00:13:00+00:00,65199.91934,2026-07-21 00:16:00+00:00,65118.887460000005,3,-0.6214108914570637,0.4,-1.0214108914570637,-0.12428217829141275,sl,False
ema_pullback,1,2026-07-21 00:17:00+00:00,65186.61801,2026-07-21 00:19:00+00:00,65238.37551,2,0.1984974124292771,0.2,-0.001502587570722913,0.07939896497171084,tp1_partial,True
ema_pullback,1,2026-07-21 00:17:00+00:00,65186.61801,2026-07-21 00:20:00+00:00,65303.16902999999,3,0.446989825358457,0.2,0.24698982535845698,0.1787959301433828,tp2,False
ema_pullback,1,2026-07-21 00:31:00+00:00,65359.03525,2026-07-21 00:31:00+00:00,65380.96125,0,0.0838675170010128,0.2,-0.11613248299898721,0.03354700680040512,tp1_partial,True
ema_pullback,1,2026-07-21 00:31:00+00:00,65359.03525,2026-07-21 00:32:00+00:00,65416.05774,1,0.2181124988376859,0.2,0.018112498837685898,0.08724499953507436,tp2,False
ema_pullback,1,2026-07-21 00:35:00+00:00,65395.33888,2026-07-21 00:35:00+00:00,65343.36501,0,-0.3973820679740725,0.4,-0.7973820679740725,-0.0794764135948145,sl,False
ema_pullback,1,2026-07-21 00:38:00+00:00,65400.43939,2026-07-21 00:40:00+00:00,65440.255320000004,2,0.1522005447187058,0.2,-0.0477994552812942,0.060880217887482324,tp1_partial,True
ema_pullback,1,2026-07-21 00:38:00+00:00,65400.43939,2026-07-21 00:42:00+00:00,65493.150030000004,4,0.35439608993736993,0.2,0.15439608993736992,0.14175843597494797,tp2,False
ema_pullback,1,2026-07-21 00:47:00+00:00,65506.55,2026-07-21 00:57:00+00:00,65539.54539,10,0.12592401065236736,0.2,-0.07407598934763265,0.05036960426094694,tp1_partial,True
ema_pullback,1,2026-07-21 00:47:00+00:00,65506.55,2026-07-21 01:02:00+00:00,65447.15463,15,-0.22667721777441807,0.2,-0.4266772177744181,-0.09067088710976723,sl,False
ema_pullback,1,2026-07-21 01:05:00+00:00,65521.251469999996,2026-07-21 01:05:00+00:00,65481.4512,0,-0.30372031292941193,0.4,-0.703720312929412,-0.060744062585882386,sl,False
ema_pullback,1,2026-07-21 01:07:00+00:00,65557.15506,2026-07-21 01:09:00+00:00,65582.94105,2,0.09833400326930697,0.2,-0.10166599673069304,0.03933360130772279,tp1_partial,True
ema_pullback,1,2026-07-21 01:07:00+00:00,65557.15506,2026-07-21 01:10:00+00:00,65621.93715,3,0.24704431553163042,0.2,0.04704431553163041,0.09881772621265217,tp2,False
ema_pullback,1,2026-07-21 01:28:00+00:00,65456.44499,2026-07-21 01:29:00+00:00,65430.35631,1,-0.19928274445690786,0.4,-0.5992827444569079,-0.03985654889138157,sl,False
ema_pullback,1,2026-07-21 01:35:00+00:00,65440.04335,2026-07-21 01:39:00+00:00,65393.46,4,-0.35592389319527573,0.4,-0.7559238931952758,-0.07118477863905515,sl,False
ema_pullback,1,2026-07-21 02:02:00+00:00,65252.42459,2026-07-21 02:02:00+00:00,65268.272520000006,0,0.06071778213445622,0.2,-0.1392822178655438,0.02428711285378249,tp1_partial,True
ema_pullback,1,2026-07-21 02:02:00+00:00,65252.42459,2026-07-21 02:04:00+00:00,65297.169630000004,2,0.17143056476887075,0.2,-0.02856943523112926,0.0685722259075483,tp2,False
ema_pullback,1,2026-07-21 02:22:00+00:00,65205.21986999999,2026-07-21 02:23:00+00:00,65230.776269999995,1,0.09798448671344273,0.2,-0.10201551328655728,0.03919379468537709,tp1_partial,True
ema_pullback,1,2026-07-21 02:22:00+00:00,65205.21986999999,2026-07-21 02:24:00+00:00,65269.47239999999,2,0.24634734047401796,0.2,0.04634734047401795,0.09853893618960718,tp2,False
ema_pullback,1,2026-07-21 02:29:00+00:00,65242.42359,2026-07-21 02:30:00+00:00,65239.77537,1,-0.010147615057326531,0.2,-0.21014761505732654,-0.0040590460229306125,tp1_partial,True
ema_pullback,1,2026-07-21 02:29:00+00:00,65242.42359,2026-07-21 02:31:00+00:00,65250.17433,2,0.029699770385249735,0.2,-0.17030022961475028,0.011879908154099894,tp2,False
ema_pullback,1,2026-07-21 02:44:00+00:00,65330.23237,2026-07-21 02:47:00+00:00,65280.771270000005,3,-0.37854679377130607,0.4,-0.7785467937713061,-0.07570935875426121,sl,False
ema_pullback,1,2026-07-21 02:51:00+00:00,65333.532699999996,2026-07-21 02:52:00+00:00,65341.56519000001,1,0.0307364750842809,0.2,-0.1692635249157191,0.01229459003371236,tp1_partial,True
ema_pullback,1,2026-07-21 02:51:00+00:00,65333.532699999996,2026-07-21 02:55:00+00:00,65362.76307000001,4,0.11185056429685591,0.2,-0.0881494357031441,0.044740225718742366,tp2,False
ema_pullback,1,2026-07-21 03:01:00+00:00,65415.04085,2026-07-21 03:02:00+00:00,65430.25632,1,0.05814973820350566,0.2,-0.14185026179649435,0.023259895281402265,tp1_partial,True
ema_pullback,1,2026-07-21 03:01:00+00:00,65415.04085,2026-07-21 03:07:00+00:00,65458.65348000001,6,0.16667661379288212,0.2,-0.03332338620711789,0.06667064551715285,tp2,False
ema_pullback,1,2026-07-21 03:11:00+00:00,65454.44479,2026-07-21 03:11:00+00:00,65416.05774,0,-0.29323486069710025,0.4,-0.6932348606971003,-0.05864697213942005,sl,False
ema_pullback,1,2026-07-21 03:13:00+00:00,65455.44489,2026-07-21 03:13:00+00:00,65469.4524,0,0.053500171084075454,0.2,-0.14649982891592456,0.02140006843363018,tp1_partial,True
ema_pullback,1,2026-07-21 03:13:00+00:00,65455.44489,2026-07-21 03:15:00+00:00,65496.54969,2,0.15699534266810922,0.2,-0.043004657331890794,0.06279813706724369,tp2,False
ema_pullback,1,2026-07-21 03:21:00+00:00,65471.94654,2026-07-21 03:23:00+00:00,65419.25742,2,-0.402379360813776,0.4,-0.802379360813776,-0.0804758721627552,sl,False
ema_pullback,1,2026-07-21 03:25:00+00:00,65455.44489,2026-07-21 03:39:00+00:00,65489.75037,14,0.13102607452158965,0.2,-0.06897392547841036,0.05241042980863586,tp1_partial,True
ema_pullback,1,2026-07-21 03:25:00+00:00,65455.44489,2026-07-21 03:58:00+00:00,65537.14563000001,33,0.3120471495431376,0.2,0.1120471495431376,0.12481885981725505,tp2,False
ema_pullback,1,2026-07-21 04:02:00+00:00,65562.05555,2026-07-21 04:03:00+00:00,65602.33911,1,0.15360851510093365,0.2,-0.04639148489906636,0.06144340604037346,tp1_partial,True
ema_pullback,1,2026-07-21 04:02:00+00:00,65562.05555,2026-07-21 04:04:00+00:00,65655.73377,2,0.3572120307018256,0.2,0.1572120307018256,0.14288481228073024,tp2,False
ema_pullback,1,2026-07-21 04:20:00+00:00,65597.75912,2026-07-21 04:21:00+00:00,65605.93875,1,0.031173435303788466,0.2,-0.16882656469621155,0.012469374121515386,tp1_partial,True
ema_pullback,1,2026-07-21 04:20:00+00:00,65597.75912,2026-07-21 04:22:00+00:00,65563.34301,2,-0.13116343630370508,0.2,-0.3311634363037051,-0.05246537452148203,sl,False
ema_pullback,1,2026-07-21 04:35:00+00:00,65516.45099,2026-07-21 04:35:00+00:00,65494.54989,0,-0.1671419900578508,0.4,-0.5671419900578508,-0.03342839801157016,sl,False
ema_pullback,1,2026-07-21 04:37:00+00:00,65521.05145,2026-07-21 04:37:00+00:00,65539.74536999999,0,0.07132791517494574,0.2,-0.12867208482505427,0.028531166069978298,tp1_partial,True
ema_pullback,1,2026-07-21 04:37:00+00:00,65521.05145,2026-07-21 04:41:00+00:00,65476.35171,4,-0.17055487896935895,0.2,-0.37055487896935896,-0.06822195158774358,sl,False
ema_pullback,1,2026-07-21 04:43:00+00:00,65527.05205,2026-07-21 04:45:00+00:00,65483.75097,2,-0.33040613491169823,0.4,-0.7304061349116983,-0.06608122698233965,sl,False
ema_pullback,1,2026-07-21 04:57:00+00:00,65495.348880000005,2026-07-21 05:01:00+00:00,65510.94825000001,4,0.059543808326678604,0.2,-0.1404561916733214,0.023817523330671442,tp1_partial,True
ema_pullback,1,2026-07-21 04:57:00+00:00,65495.348880000005,2026-07-21 05:05:00+00:00,65453.55399,8,-0.15953380932659522,0.2,-0.35953380932659523,-0.06381352373063809,sl,False
ema_pullback,1,2026-07-21 05:07:00+00:00,65525.851930000004,2026-07-21 05:16:00+00:00,65461.95315,9,-0.48758450380975704,0.4,-0.8875845038097571,-0.09751690076195141,sl,False
ema_pullback,1,2026-07-21 05:18:00+00:00,65511.25047,2026-07-21 05:24:00+00:00,65540.74527,6,0.11255623953287941,0.2,-0.0874437604671206,0.045022495813151764,tp1_partial,True
ema_pullback,1,2026-07-21 05:18:00+00:00,65511.25047,2026-07-21 05:26:00+00:00,65583.24102,8,0.27472590388488705,0.2,0.07472590388488703,0.10989036155395482,tp2,False
ema_pullback,1,2026-07-21 05:35:00+00:00,65572.45658999999,2026-07-21 05:38:00+00:00,65538.94545,3,-0.25552756250629693,0.4,-0.655527562506297,-0.05110551250125939,sl,False
ema_pullback,1,2026-07-21 05:41:00+00:00,65586.45799,2026-07-21 05:41:00+00:00,65610.53829,0,0.09178838413437251,0.2,-0.1082116158656275,0.036715353653749006,tp1_partial,True
ema_pullback,1,2026-07-21 05:41:00+00:00,65586.45799,2026-07-21 05:42:00+00:00,65647.73456999999,1,0.23357176876870334,0.2,0.033571768768703325,0.09342870750748133,tp2,False
ema_pullback,1,2026-07-21 05:53:00+00:00,65765.47588999999,2026-07-21 05:56:00+00:00,65694.02994000001,3,-0.5431873565355239,0.4,-0.9431873565355239,-0.10863747130710477,sl,False
ema_pullback,1,2026-07-21 05:59:00+00:00,65719.17126,2026-07-21 05:59:00+00:00,65732.52609,0,0.05080264154261327,0.2,-0.14919735845738674,0.020321056617045308,tp1_partial,True
ema_pullback,1,2026-07-21 05:59:00+00:00,65719.17126,2026-07-21 06:01:00+00:00,65759.02344,2,0.15160028358518485,0.2,-0.048399716414815164,0.06064011343407394,tp2,False
ema_pullback,1,2026-07-21 06:02:00+00:00,65808.5802,2026-07-21 06:05:00+00:00,65717.4276,3,-0.6925586277881646,0.4,-1.0925586277881645,-0.13851172555763291,sl,False
ema_pullback,1,2026-07-21 06:13:00+00:00,65706.26997,2026-07-21 06:16:00+00:00,65663.33301,3,-0.3267341154778447,0.4,-0.7267341154778447,-0.06534682309556894,sl,False
ema_pullback,1,2026-07-21 06:23:00+00:00,65717.87113,2026-07-21 06:24:00+00:00,65763.62297999999,1,0.1740464549950249,0.2,-0.025953545004975098,0.06961858199800997,tp1_partial,True
ema_pullback,1,2026-07-21 06:23:00+00:00,65717.87113,2026-07-21 06:31:00+00:00,65822.41709999998,8,0.3977075345044656,0.2,0.1977075345044656,0.15908301380178624,tp2,False
ema_pullback,1,2026-07-21 06:45:00+00:00,65939.5933,2026-07-21 06:46:00+00:00,65905.00884000001,1,-0.26224350401010676,0.4,-0.6622435040101068,-0.05244870080202135,sl,False
ema_pullback,1,2026-07-21 06:51:00+00:00,65905.68991,2026-07-21 06:51:00+00:00,65880.51129000001,0,-0.19102007758642348,0.4,-0.5910200775864235,-0.038204015517284695,sl,False
ema_pullback,1,2026-07-21 06:55:00+00:00,65894.38878000001,2026-07-21 06:55:00+00:00,65869.81236,0,-0.1864834051505393,0.4,-0.5864834051505393,-0.03729668103010786,sl,False
ema_pullback,1,2026-07-21 06:57:00+00:00,65889.28826999999,2026-07-21 06:59:00+00:00,65901.80915999999,2,0.047507304786365,0.2,-0.152492695213635,0.019002921914546,tp1_partial,True
ema_pullback,1,2026-07-21 06:57:00+00:00,65889.28826999999,2026-07-21 07:06:00+00:00,65850.4143,9,-0.1474973057862261,0.2,-0.3474973057862261,-0.05899892231449044,sl,False
ema_pullback,1,2026-07-21 07:13:00+00:00,65892.5886,2026-07-21 07:17:00+00:00,65915.70777000002,4,0.08771536560947535,0.2,-0.11228463439052466,0.03508614624379014,tp1_partial,True
ema_pullback,1,2026-07-21 07:13:00+00:00,65892.5886,2026-07-21 07:19:00+00:00,65951.90415000003,6,0.22504636431913694,0.2,0.025046364319136927,0.09001854572765478,tp2,False
ema_pullback,1,2026-07-21 07:23:00+00:00,65925.79192,2026-07-21 07:25:00+00:00,65863.31301,2,-0.4738578648840752,0.4,-0.8738578648840752,-0.09477157297681504,sl,False
ema_pullback,1,2026-07-21 07:28:00+00:00,65901.08945,2026-07-21 07:28:00+00:00,65908.4085,0,0.027765284538905366,0.2,-0.17223471546109465,0.011106113815562146,tp1_partial,True
ema_pullback,1,2026-07-21 07:28:00+00:00,65901.08945,2026-07-21 07:32:00+00:00,65928.90645,4,0.10552556957765802,0.2,-0.09447443042234199,0.04221022783106321,tp2,False
ema_pullback,1,2026-07-21 07:33:00+00:00,65993.89873,2026-07-21 07:33:00+00:00,66040.49528999999,0,0.17651843919175292,0.2,-0.023481560808247093,0.07060737567670117,tp1_partial,True
ema_pullback,1,2026-07-21 07:33:00+00:00,65993.89873,2026-07-21 07:43:00+00:00,66100.38929999998,10,0.4034106638996504,0.2,0.2034106638996504,0.16136426555986016,tp2,False
ema_pullback,1,2026-07-21 07:45:00+00:00,66021.90153,2026-07-21 07:46:00+00:00,66030.89624999999,1,0.03405960670455066,0.2,-0.16594039329544935,0.013623842681820264,tp1_partial,True
ema_pullback,1,2026-07-21 07:45:00+00:00,66021.90153,2026-07-21 07:47:00+00:00,66052.99403999998,2,0.11773558955224805,0.2,-0.08226441044775196,0.04709423582089922,tp2,False
ema_pullback,1,2026-07-21 07:53:00+00:00,66191.31847,2026-07-21 08:11:00+00:00,66104.68887,18,-0.6543879318498536,0.4,-1.0543879318498535,-0.1308775863699707,sl,False
ema_pullback,1,2026-07-21 08:14:00+00:00,66224.42178,2026-07-21 08:21:00+00:00,66288.47048999999,7,0.24178659578472095,0.2,0.04178659578472094,0.09671463831388838,tp1_partial,True
ema_pullback,1,2026-07-21 08:14:00+00:00,66224.42178,2026-07-21 09:11:00+00:00,66133.68597,57,-0.34253152976340684,0.2,-0.5425315297634068,-0.13701261190536274,sl,False
ema_pullback,1,2026-07-21 09:15:00+00:00,66194.41878,2026-07-21 09:16:00+00:00,66199.87935,1,0.02062322662782501,0.2,-0.179376773372175,0.008249290651130003,tp1_partial,True
ema_pullback,1,2026-07-21 09:15:00+00:00,66194.41878,2026-07-21 09:21:00+00:00,66162.28310999999,6,-0.121368502784297,0.2,-0.321368502784297,-0.0485474011137188,sl,False
ema_pullback,1,2026-07-21 09:25:00+00:00,66216.621,2026-07-21 09:31:00+00:00,66233.67597,6,0.06439081964026983,0.2,-0.13560918035973019,0.02575632785610793,tp1_partial,True
ema_pullback,1,2026-07-21 09:25:00+00:00,66216.621,2026-07-21 09:32:00+00:00,66263.97294,7,0.17877663978055347,0.2,-0.02122336021944654,0.07151065591222139,tp2,False
ema_pullback,1,2026-07-21 09:36:00+00:00,66293.82871999999,2026-07-21 09:50:00+00:00,66246.17472000001,14,-0.3594150535584095,0.4,-0.7594150535584095,-0.0718830107116819,sl,False
ema_pullback,1,2026-07-21 09:52:00+00:00,66292.82862,2026-07-21 09:58:00+00:00,66239.47539,6,-0.40240574365757453,0.4,-0.8024057436575746,-0.0804811487315149,sl,False
ema_pullback,1,2026-07-21 10:05:00+00:00,66274.32677,2026-07-21 10:08:00+00:00,66231.07622999999,3,-0.3262993538214465,0.4,-0.7262993538214465,-0.0652598707642893,sl,False
ema_pullback,1,2026-07-21 10:10:00+00:00,66276.82702,2026-07-21 10:10:00+00:00,66294.26991,0,0.06579558340480407,0.2,-0.13420441659519594,0.026318233361921628,tp1_partial,True
ema_pullback,1,2026-07-21 10:10:00+00:00,66276.82702,2026-07-21 10:11:00+00:00,66325.06683000001,1,0.18196333533537778,0.2,-0.018036664664622226,0.07278533413415111,tp2,False
ema_pullback,1,2026-07-21 10:14:00+00:00,66356.53499,2026-07-21 10:22:00+00:00,66294.76986,8,-0.46540352061258394,0.4,-0.865403520612584,-0.09308070412251679,sl,False
ema_pullback,1,2026-07-21 10:23:00+00:00,66329.93233,2026-07-21 10:29:00+00:00,66359.06343,6,0.10979620729545392,0.2,-0.09020379270454609,0.04391848291818157,tp1_partial,True
ema_pullback,1,2026-07-21 10:23:00+00:00,66329.93233,2026-07-21 10:49:00+00:00,66274.07192999999,26,-0.21053994040765023,0.2,-0.41053994040765024,-0.08421597616306009,sl,False
ema_pullback,1,2026-07-21 11:06:00+00:00,66183.41768,2026-07-21 11:09:00+00:00,66125.78675999999,3,-0.43538791150571354,0.4,-0.8353879115057136,-0.08707758230114271,sl,False
ema_pullback,1,2026-07-21 11:12:00+00:00,66166.616,2026-07-21 11:12:00+00:00,66195.87975000001,0,0.11056840960405045,0.2,-0.08943159039594956,0.04422736384162018,tp1_partial,True
ema_pullback,1,2026-07-21 11:12:00+00:00,66166.616,2026-07-21 11:31:00+00:00,66238.57548,19,0.2718874122261683,0.2,0.07188741222616829,0.10875496489046732,tp2,False
ema_pullback,1,2026-07-21 11:41:00+00:00,66277.12705,2026-07-21 11:42:00+00:00,66289.47038999999,1,0.04655957699661872,0.2,-0.1534404230033813,0.01862383079864749,tp1_partial,True
ema_pullback,1,2026-07-21 11:41:00+00:00,66277.12705,2026-07-21 11:49:00+00:00,66315.16781999999,8,0.1434913208115396,0.2,-0.05650867918846042,0.057396528324615836,tp2,False
ema_pullback,1,2026-07-21 12:00:00+00:00,66324.53179,2026-07-21 12:01:00+00:00,66286.17072000001,1,-0.2891921658900176,0.4,-0.6891921658900176,-0.05783843317800352,sl,False
ema_pullback,1,2026-07-21 12:07:00+00:00,66331.13245,2026-07-21 12:12:00+00:00,66389.36040000002,5,0.21945935433825836,0.2,0.01945935433825835,0.08778374173530334,tp1_partial,True
ema_pullback,1,2026-07-21 12:07:00+00:00,66331.13245,2026-07-21 12:21:00+00:00,66460.75326000003,14,0.4885368499389364,0.2,0.2885368499389364,0.19541473997557457,tp2,False
ema_pullback,1,2026-07-21 12:24:00+00:00,66444.84382,2026-07-21 12:26:00+00:00,66402.15912,2,-0.32120400580393227,0.4,-0.7212040058039323,-0.06424080116078645,sl,False
ema_pullback,1,2026-07-21 12:30:00+00:00,66437.44308,2026-07-21 12:30:00+00:00,66398.45949000001,0,-0.29338568879788696,0.4,-0.693385688797887,-0.05867713775957739,sl,False
ema_pullback,1,2026-07-21 12:31:00+00:00,66442.44358,2026-07-21 12:32:00+00:00,66469.15241999998,1,0.10049615336549245,0.2,-0.09950384663450756,0.04019846134619698,tp1_partial,True
ema_pullback,1,2026-07-21 12:31:00+00:00,66442.44358,2026-07-21 12:33:00+00:00,66509.24840999999,2,0.25136353511573395,0.2,0.05136353511573394,0.10054541404629358,tp2,False
ema_pullback,1,2026-07-21 12:36:00+00:00,66474.44678,2026-07-21 12:36:00+00:00,66491.65017,0,0.06469925976565483,0.2,-0.13530074023434518,0.02587970390626193,tp1_partial,True
ema_pullback,1,2026-07-21 12:36:00+00:00,66474.44678,2026-07-21 12:37:00+00:00,66522.24710999998,1,0.17976956678622535,0.2,-0.020230433213774657,0.07190782671449014,tp2,False
ema_pullback,1,2026-07-21 12:50:00+00:00,66522.15155,2026-07-21 12:50:00+00:00,66493.15002,0,-0.21798400475814272,0.4,-0.6179840047581427,-0.043596800951628545,sl,False
ema_pullback,1,2026-07-21 12:51:00+00:00,66532.15255,2026-07-21 12:51:00+00:00,66488.45049,0,-0.32842812328337523,0.4,-0.7284281232833753,-0.06568562465667505,sl,False
ema_pullback,1,2026-07-21 12:56:00+00:00,66500.04934,2026-07-21 12:57:00+00:00,66513.94794,1,0.05225033717243255,0.2,-0.14774966282756746,0.02090013486897302,tp1_partial,True
ema_pullback,1,2026-07-21 12:56:00+00:00,66500.04934,2026-07-21 13:07:00+00:00,66541.14521999999,11,0.1544956748448234,0.2,-0.045504325155176606,0.06179826993792936,tp2,False
ema_pullback,1,2026-07-21 13:08:00+00:00,66569.75631000001,2026-07-21 13:13:00+00:00,66603.43899,5,0.12649392857594366,0.2,-0.07350607142405635,0.050597571430377464,tp1_partial,True
ema_pullback,1,2026-07-21 13:08:00+00:00,66569.75631000001,2026-07-21 13:22:00+00:00,66509.64837000001,14,-0.22573291285646335,0.2,-0.42573291285646336,-0.09029316514258534,sl,False
ema_pullback,1,2026-07-21 13:34:00+00:00,66452.44458,2026-07-21 13:34:00+00:00,66477.95154000001,0,0.09595944950269164,0.2,-0.10404055049730837,0.038383779801076656,tp1_partial,True
ema_pullback,1,2026-07-21 13:34:00+00:00,66452.44458,2026-07-21 13:36:00+00:00,66516.74766000001,2,0.24191389950523057,0.2,0.041913899505230556,0.09676555980209223,tp2,False
ema_pullback,1,2026-07-21 13:39:00+00:00,66481.94753,2026-07-21 13:39:00+00:00,66443.355,0,-0.29024819092876575,0.4,-0.6902481909287658,-0.05804963818575315,sl,False
ema_pullback,1,2026-07-21 13:46:00+00:00,66377.63709999999,2026-07-21 13:47:00+00:00,66424.15692,1,0.17520893343159205,0.2,-0.02479106656840796,0.07008357337263682,tp1_partial,True
ema_pullback,1,2026-07-21 13:46:00+00:00,66377.63709999999,2026-07-21 13:48:00+00:00,66484.05092999998,2,0.4007894625703279,0.2,0.20078946257032787,0.16031578502813115,tp2,False
ema_pullback,1,2026-07-21 14:02:00+00:00,66769.27626,2026-07-21 14:05:00+00:00,66823.51698,3,0.2030901150882336,0.2,0.0030901150882335915,0.08123604603529344,tp1_partial,True
ema_pullback,1,2026-07-21 14:02:00+00:00,66769.27626,2026-07-21 14:06:00+00:00,66891.21020999999,4,0.4565496169420258,0.2,0.25654961694202577,0.1826198467768103,tp2,False
ema_pullback,1,2026-07-21 14:11:00+00:00,66891.78851,2026-07-21 14:18:00+00:00,66781.52118,7,-0.8242217203051627,0.4,-1.2242217203051626,-0.16484434406103254,sl,False
ema_pullback,1,2026-07-21 14:30:00+00:00,66706.67,2026-07-21 14:32:00+00:00,66763.323,2,0.21232134657600543,0.2,0.01232134657600542,0.08492853863040217,tp1_partial,True
ema_pullback,1,2026-07-21 14:30:00+00:00,66706.67,2026-07-21 14:34:00+00:00,66833.316,4,0.4746376936519692,0.2,0.27463769365196916,0.18985507746078767,tp2,False
ema_pullback,1,2026-07-21 14:37:00+00:00,66798.6792,2026-07-21 14:39:00+00:00,66755.52378,2,-0.32302599779543417,0.4,-0.7230259977954342,-0.06460519955908683,sl,False
ema_pullback,1,2026-07-21 14:44:00+00:00,66798.17915,2026-07-21 15:01:00+00:00,66685.23081,17,-0.8454447519173347,0.4,-1.2454447519173346,-0.16908895038346694,sl,False
ema_pullback,1,2026-07-21 15:09:00+00:00,66704.6698,2026-07-21 15:09:00+00:00,66714.82785,0,0.03807098524905017,0.2,-0.16192901475094984,0.015228394099620068,tp1_partial,True
ema_pullback,1,2026-07-21 15:09:00+00:00,66704.6698,2026-07-21 15:10:00+00:00,66738.3255,1,0.12613697099811416,0.2,-0.07386302900188585,0.050454788399245665,tp2,False
ema_pullback,1,2026-07-21 15:13:00+00:00,66721.57148999999,2026-07-21 15:13:00+00:00,66740.52527999999,0,0.07101822385446876,0.2,-0.12898177614553125,0.028407289541787506,tp1_partial,True
ema_pullback,1,2026-07-21 15:13:00+00:00,66721.57148999999,2026-07-21 15:14:00+00:00,66675.93174,1,-0.17100822485432987,0.2,-0.3710082248543299,-0.06840328994173195,sl,False
ema_pullback,1,2026-07-21 15:19:00+00:00,66705.76991,2026-07-21 15:20:00+00:00,66666.03272999999,1,-0.29785414405397725,0.4,-0.6978541440539773,-0.05957082881079545,sl,False
ema_pullback,1,2026-07-21 15:22:00+00:00,66691.06843999999,2026-07-21 15:24:00+00:00,66647.3346,2,-0.32788378581255495,0.4,-0.727883785812555,-0.06557675716251099,sl,False
ema_pullback,1,2026-07-21 15:38:00+00:00,66584.05773999999,2026-07-21 15:39:00+00:00,66620.03732999998,1,0.13509085816187927,0.2,-0.06490914183812074,0.05403634326475171,tp1_partial,True
ema_pullback,1,2026-07-21 15:38:00+00:00,66584.05773999999,2026-07-21 15:50:00+00:00,66669.33239999997,12,0.32017671682371684,0.2,0.12017671682371683,0.12807068672948674,tp2,False
ema_pullback,1,2026-07-21 15:53:00+00:00,66647.06404,2026-07-21 15:54:00+00:00,66651.93414,1,0.018268246584240977,0.2,-0.18173175341575903,0.007307298633696391,tp1_partial,True
ema_pullback,1,2026-07-21 15:53:00+00:00,66647.06404,2026-07-21 15:56:00+00:00,66670.13231999999,3,0.08653149366844026,0.2,-0.11346850633155975,0.034612597467376105,tp2,False
ema_pullback,1,2026-07-21 15:57:00+00:00,66688.36817,2026-07-21 16:00:00+00:00,66625.23681,3,-0.4733311200468271,0.4,-0.8733311200468271,-0.09466622400936542,sl,False
ema_pullback,1,2026-07-21 16:02:00+00:00,66654.26476,2026-07-21 16:03:00+00:00,66674.3319,1,0.07526577658706346,0.2,-0.12473422341293655,0.030106310634825384,tp1_partial,True
ema_pullback,1,2026-07-21 16:02:00+00:00,66654.26476,2026-07-21 16:04:00+00:00,66707.82855,2,0.20090158594077145,0.2,0.0009015859407714433,0.08036063437630858,tp2,False
ema_pullback,1,2026-07-21 16:23:00+00:00,66566.656,2026-07-21 16:27:00+00:00,66521.74716,4,-0.3373223374777967,0.4,-0.7373223374777967,-0.06746446749555934,sl,False
ema_pullback,1,2026-07-21 16:34:00+00:00,66536.15295,2026-07-21 16:37:00+00:00,66569.54237999998,3,0.12545596837060247,0.2,-0.07454403162939754,0.05018238734824099,tp1_partial,True
ema_pullback,1,2026-07-21 16:34:00+00:00,66536.15295,2026-07-21 16:45:00+00:00,66475.95174,11,-0.2261973653828464,0.2,-0.4261973653828464,-0.09047894615313856,sl,False
ema_pullback,1,2026-07-21 16:51:00+00:00,66510.85042,2026-07-21 16:53:00+00:00,66483.25100999999,2,-0.20748050750912794,0.4,-0.607480507509128,-0.04149610150182559,sl,False
ema_pullback,1,2026-07-21 16:55:00+00:00,66529.75231000001,2026-07-21 16:55:00+00:00,66549.64437000001,0,0.07474873762985945,0.2,-0.12525126237014056,0.02989949505194378,tp1_partial,True
ema_pullback,1,2026-07-21 16:55:00+00:00,66529.75231000001,2026-07-21 17:04:00+00:00,66483.05103,9,-0.17549020693177764,0.2,-0.37549020693177765,-0.07019608277271105,sl,False
ema_pullback,1,2026-07-21 17:24:00+00:00,66446.54398999999,2026-07-21 17:25:00+00:00,66453.05402999998,1,0.024493523699931075,0.2,-0.17550647630006894,0.00979740947997243,tp1_partial,True
ema_pullback,1,2026-07-21 17:24:00+00:00,66446.54398999999,2026-07-21 17:29:00+00:00,66413.45799000001,5,-0.12448352469979218,0.2,-0.3244835246997922,-0.04979340987991687,sl,False
ema_pullback,1,2026-07-21 17:37:00+00:00,66438.44318,2026-07-21 17:37:00+00:00,66458.85344999998,0,0.07680143085486701,0.2,-0.123198569145133,0.030720572341946806,tp1_partial,True
ema_pullback,1,2026-07-21 17:37:00+00:00,66438.44318,2026-07-21 17:46:00+00:00,66391.66017,9,-0.17603893077855481,0.2,-0.3760389307785548,-0.07041557231142193,sl,False
ema_pullback,1,2026-07-21 17:51:00+00:00,66312.43058,2026-07-21 17:52:00+00:00,66256.3737,1,-0.4226724877198773,0.4,-0.8226724877198773,-0.08453449754397546,sl,False
ema_pullback,1,2026-07-21 18:05:00+00:00,66192.71861000001,2026-07-21 18:06:00+00:00,66234.07593,1,0.15620041323455292,0.2,-0.043799586765447096,0.062480165293821166,tp1_partial,True
ema_pullback,1,2026-07-21 18:05:00+00:00,66192.71861000001,2026-07-21 18:07:00+00:00,66288.67047000001,2,0.36239582696906414,0.2,0.16239582696906413,0.14495833078762566,tp2,False
ema_pullback,1,2026-07-21 18:16:00+00:00,66267.12605,2026-07-21 18:16:00+00:00,66243.375,0,-0.17920688141875862,0.4,-0.5792068814187586,-0.035841376283751725,sl,False
ema_pullback,1,2026-07-21 18:19:00+00:00,66254.72481,2026-07-21 18:19:00+00:00,66222.47709,0,-0.24336166282840077,0.4,-0.6433616628284008,-0.048672332565680154,sl,False
ema_pullback,1,2026-07-21 18:23:00+00:00,66256.625,2026-07-21 18:24:00+00:00,66211.77816,1,-0.3384328736937281,0.4,-0.7384328736937281,-0.06768657473874562,sl,False
ema_pullback,1,2026-07-21 18:34:00+00:00,66179.51728999999,2026-07-21 18:37:00+00:00,66237.07562999999,3,0.2174326073873245,0.2,0.017432607387324495,0.0869730429549298,tp1_partial,True
ema_pullback,1,2026-07-21 18:34:00+00:00,66179.51728999999,2026-07-21 18:48:00+00:00,66307.76856,14,0.4844824926646396,0.2,0.2844824926646396,0.19379299706585584,tp2,False
ema_pullback,1,2026-07-21 18:49:00+00:00,66318.83122,2026-07-21 18:55:00+00:00,66251.07423,6,-0.5108427633112589,0.4,-0.9108427633112589,-0.10216855266225178,sl,False
ema_pullback,1,2026-07-21 18:59:00+00:00,66276.12695,2026-07-21 18:59:00+00:00,66279.37140000002,0,0.012238381108420349,0.2,-0.18776161889157966,0.0048953524433681395,tp1_partial,True
ema_pullback,1,2026-07-21 18:59:00+00:00,66276.12695,2026-07-21 19:01:00+00:00,66295.76976000002,2,0.07409459070700786,0.2,-0.12590540929299215,0.029637836282803143,tp2,False
ema_pullback,1,2026-07-21 19:05:00+00:00,66340.6334,2026-07-21 19:11:00+00:00,66278.27150999999,6,-0.4700127719915459,0.4,-0.8700127719915459,-0.09400255439830918,sl,False
ema_pullback,1,2026-07-21 19:17:00+00:00,66326.43198000001,2026-07-21 19:27:00+00:00,66349.76436,10,0.08794525539618236,0.2,-0.11205474460381765,0.035178102158472946,tp1_partial,True
ema_pullback,1,2026-07-21 19:17:00+00:00,66326.43198000001,2026-07-21 19:33:00+00:00,66386.26070999999,16,0.22550862534720384,0.2,0.025508625347203828,0.09020345013888154,tp2,False
ema_pullback,1,2026-07-21 19:47:00+00:00,66444.44378,2026-07-21 19:51:00+00:00,66458.15352,4,0.05158347041550604,0.2,-0.14841652958449397,0.020633388166202415,tp1_partial,True
ema_pullback,1,2026-07-21 19:47:00+00:00,66444.44378,2026-07-21 19:55:00+00:00,66404.15892,8,-0.1515734714153949,0.2,-0.3515734714153949,-0.06062938856615796,sl,False
ema_pullback,1,2026-07-21 20:04:00+00:00,66396.73901,2026-07-21 20:05:00+00:00,66403.55898000002,1,0.025678859013611444,0.2,-0.17432114098638857,0.010271543605444577,tp1_partial,True
ema_pullback,1,2026-07-21 20:04:00+00:00,66396.73901,2026-07-21 20:15:00+00:00,66363.363,11,-0.12566886001352806,0.2,-0.32566886001352807,-0.050267544005411224,sl,False
ema_pullback,1,2026-07-21 20:26:00+00:00,66370.83641999999,2026-07-21 20:26:00+00:00,66334.3659,0,-0.2747480818924841,0.4,-0.6747480818924841,-0.054949616378496824,sl,False
ema_pullback,1,2026-07-21 20:28:00+00:00,66364.6358,2026-07-21 20:28:00+00:00,66342.76505999999,0,-0.16477706640266598,0.4,-0.564777066402666,-0.0329554132805332,sl,False
ema_pullback,1,2026-07-21 20:30:00+00:00,66366.23596,2026-07-21 20:30:00+00:00,66372.46209,0,0.023453680587481873,0.2,-0.17654631941251814,0.00938147223499275,tp1_partial,True
ema_pullback,1,2026-07-21 20:30:00+00:00,66366.23596,2026-07-21 20:33:00+00:00,66391.96014000001,3,0.09690236167497757,0.2,-0.10309763832502244,0.038760944669991027,tp2,False
ema_pullback,1,2026-07-21 20:35:00+00:00,66416.641,2026-07-21 20:38:00+00:00,66435.15582,3,0.06969194663125622,0.2,-0.1303080533687438,0.027876778652502487,tp1_partial,True
ema_pullback,1,2026-07-21 20:35:00+00:00,66416.641,2026-07-21 20:59:00+00:00,66371.56218,24,-0.1696819476312006,0.2,-0.3696819476312006,-0.06787277905248024,sl,False
ema_pullback,1,2026-07-21 21:08:00+00:00,66340.43338,2026-07-21 21:13:00+00:00,66346.06473000001,5,0.021221409452321094,0.2,-0.17877859054767892,0.008488563780928438,tp1_partial,True
ema_pullback,1,2026-07-21 21:08:00+00:00,66340.43338,2026-07-21 21:14:00+00:00,66364.96284000002,6,0.0924378194046005,0.2,-0.10756218059539951,0.0369751277618402,tp2,False
ema_pullback,1,2026-07-21 21:22:00+00:00,66332.93263,2026-07-21 21:26:00+00:00,66293.37,4,-0.2982125803232538,0.4,-0.6982125803232538,-0.059642516064650763,sl,False
ema_pullback,1,2026-07-21 21:36:00+00:00,66328.53219,2026-07-21 21:51:00+00:00,66356.66367,15,0.10603084024013443,0.2,-0.09396915975986558,0.04241233609605377,tp1_partial,True
ema_pullback,1,2026-07-21 21:36:00+00:00,66328.53219,2026-07-21 22:07:00+00:00,66273.87195,31,-0.2060208412400233,0.2,-0.4060208412400233,-0.08240833649600932,sl,False
ema_pullback,1,2026-07-21 22:10:00+00:00,66321.13145,2026-07-21 22:12:00+00:00,66276.87165,2,-0.33367796230504565,0.4,-0.7336779623050457,-0.06673559246100913,sl,False
ema_pullback,1,2026-07-21 22:26:00+00:00,66244.52378999999,2026-07-21 22:33:00+00:00,66280.97124000001,7,0.1375489169322397,0.2,-0.062451083067760316,0.05501956677289588,tp1_partial,True
ema_pullback,1,2026-07-21 22:26:00+00:00,66244.52378999999,2026-07-21 23:28:00+00:00,66330.76626,62,0.3254701863107945,0.2,0.12547018631079448,0.1301880745243178,tp2,False
ema_pullback,1,2026-07-21 23:43:00+00:00,66400.53938999999,2026-07-21 23:45:00+00:00,66406.55867999999,2,0.022662805360063043,0.2,-0.17733719463993697,0.009065122144025217,tp1_partial,True
ema_pullback,1,2026-07-21 23:43:00+00:00,66400.53938999999,2026-07-21 23:49:00+00:00,66425.85674999998,6,0.0953206112200844,0.2,-0.10467938877991562,0.03812824448803376,tp2,False
ema_pullback,1,2026-07-21 23:50:00+00:00,66437.94313,2026-07-21 23:50:00+00:00,66455.45379,0,0.06589103746684755,0.2,-0.13410896253315246,0.02635641498673902,tp1_partial,True
ema_pullback,1,2026-07-21 23:50:00+00:00,66437.94313,2026-07-21 23:53:00+00:00,66486.25071000001,3,0.1817770754337089,0.2,-0.0182229245662911,0.07271083017348356,tp2,False
ema_pullback,1,2026-07-22 00:02:00+00:00,66523.85171999999,2026-07-22 00:02:00+00:00,66524.04693000001,0,0.0007336090551701702,0.2,-0.19926639094482984,0.00029344362206806807,tp1_partial,True
ema_pullback,1,2026-07-22 00:02:00+00:00,66523.85171999999,2026-07-22 00:03:00+00:00,66537.44559000002,1,0.05108645113199861,0.2,-0.1489135488680014,0.020434580452799445,tp2,False
ema_pullback,1,2026-07-22 00:07:00+00:00,66561.75551,2026-07-22 00:07:00+00:00,66564.94284,0,0.011971326385473713,0.2,-0.1880286736145263,0.004788530554189485,tp1_partial,True
ema_pullback,1,2026-07-22 00:07:00+00:00,66561.75551,2026-07-22 00:08:00+00:00,66581.44119000001,1,0.07393765327090573,0.2,-0.12606234672909428,0.029575061308362294,tp2,False
ema_pullback,1,2026-07-22 00:12:00+00:00,66617.16105,2026-07-22 00:14:00+00:00,66636.53568,2,0.0727088549505317,0.2,-0.1272911450494683,0.02908354198021268,tp1_partial,True
ema_pullback,1,2026-07-22 00:12:00+00:00,66617.16105,2026-07-22 00:16:00+00:00,66571.14222000001,4,-0.17269885595036505,0.2,-0.37269885595036506,-0.06907954238014602,sl,False
ema_pullback,1,2026-07-22 00:20:00+00:00,66598.55919,2026-07-22 00:20:00+00:00,66625.23681,0,0.10014338269653811,0.2,-0.0998566173034619,0.04005735307861524,tp1_partial,True
ema_pullback,1,2026-07-22 00:20:00+00:00,66598.55919,2026-07-22 00:21:00+00:00,66665.23281,1,0.250281765892979,0.2,0.050281765892979,0.1001127063571916,tp2,False
ema_pullback,1,2026-07-22 00:26:00+00:00,66636.96303,2026-07-22 00:26:00+00:00,66608.63847,0,-0.21252889321532464,0.4,-0.6125288932153247,-0.04250577864306493,sl,False
ema_pullback,1,2026-07-22 00:30:00+00:00,66636.663,2026-07-22 00:33:00+00:00,66668.63246999998,3,0.11993949186794861,0.2,-0.0800605081320514,0.047975796747179444,tp1_partial,True
ema_pullback,1,2026-07-22 00:30:00+00:00,66636.663,2026-07-22 00:47:00+00:00,66577.84155,17,-0.22067975552739205,0.2,-0.42067975552739206,-0.08827190221095682,sl,False
ema_pullback,1,2026-07-22 00:50:00+00:00,66680.56739,2026-07-22 00:55:00+00:00,66584.94084000001,5,-0.7170496123757308,0.4,-1.1170496123757307,-0.14340992247514617,sl,False
ema_pullback,1,2026-07-22 00:57:00+00:00,66639.6633,2026-07-22 01:02:00+00:00,66578.54148,5,-0.4585994059186915,0.4,-0.8585994059186915,-0.0917198811837383,sl,False
ema_pullback,1,2026-07-22 01:05:00+00:00,66613.6607,2026-07-22 01:05:00+00:00,66556.24371,0,-0.4309700847892062,0.4,-0.8309700847892062,-0.08619401695784124,sl,False
ema_pullback,1,2026-07-22 01:28:00+00:00,66410.34036999999,2026-07-22 01:28:00+00:00,66375.26181,0,-0.2641046545203696,0.4,-0.6641046545203696,-0.052820930904073915,sl,False
ema_pullback,1,2026-07-22 01:34:00+00:00,66401.23946000001,2026-07-22 01:41:00+00:00,66332.76606,7,-0.5156033272636917,0.4,-0.9156033272636918,-0.10312066545273835,sl,False
ema_pullback,1,2026-07-22 01:46:00+00:00,66364.43578,2026-07-22 01:46:00+00:00,66380.96123999999,0,0.062252695309461537,0.2,-0.13774730469053847,0.024901078123784615,tp1_partial,True
ema_pullback,1,2026-07-22 01:46:00+00:00,66364.43578,2026-07-22 01:47:00+00:00,66410.85824999999,1,0.17487706123908708,0.2,-0.025122938760912927,0.06995082449563483,tp2,False
ema_pullback,1,2026-07-22 02:00:00+00:00,66406.53998999999,2026-07-22 02:01:00+00:00,66346.46469000001,1,-0.452329695305842,0.4,-0.852329695305842,-0.0904659390611684,sl,False
ema_pullback,1,2026-07-22 02:04:00+00:00,66401.03944,2026-07-22 02:05:00+00:00,66422.75706,1,0.08176686759414631,0.2,-0.1182331324058537,0.03270674703765852,tp1_partial,True
ema_pullback,1,2026-07-22 02:04:00+00:00,66401.03944,2026-07-22 02:08:00+00:00,66352.56408,4,-0.18250979355449726,0.2,-0.38250979355449727,-0.0730039174217989,sl,False
ema_pullback,1,2026-07-22 02:12:00+00:00,66388.53818999999,2026-07-22 02:12:00+00:00,66389.06042999998,0,0.0019666045307786817,0.2,-0.19803339546922133,0.0007866418123114727,tp1_partial,True
ema_pullback,1,2026-07-22 02:12:00+00:00,66388.53818999999,2026-07-22 02:13:00+00:00,66402.85904999997,1,0.05392820956151567,0.2,-0.14607179043848434,0.02157128382460627,tp2,False
ema_pullback,1,2026-07-22 02:41:00+00:00,66348.43418,2026-07-22 02:51:00+00:00,66290.07033,10,-0.4398283902349309,0.4,-0.8398283902349309,-0.08796567804698618,sl,False
ema_pullback,1,2026-07-22 03:02:00+00:00,66300.6294,2026-07-22 03:08:00+00:00,66234.87585,6,-0.4958742518363368,0.4,-0.8958742518363368,-0.09917485036726736,sl,False
ema_pullback,1,2026-07-22 03:20:00+00:00,66235.52289,2026-07-22 03:21:00+00:00,66256.07373,1,0.07756728981417327,0.2,-0.12243271018582674,0.031026915925669307,tp1_partial,True
ema_pullback,1,2026-07-22 03:20:00+00:00,66235.52289,2026-07-22 03:36:00+00:00,66188.68047,16,-0.17680248436244272,0.2,-0.37680248436244274,-0.07072099374497709,sl,False
ema_pullback,1,2026-07-22 03:42:00+00:00,66241.02343999999,2026-07-22 03:42:00+00:00,66217.87755,0,-0.17470963458882105,0.4,-0.5747096345888211,-0.03494192691776421,sl,False
ema_pullback,1,2026-07-22 03:44:00+00:00,66237.6231,2026-07-22 03:44:00+00:00,66242.97504,0,0.02019977374462245,0.2,-0.17980022625537756,0.00807990949784898,tp1_partial,True
ema_pullback,1,2026-07-22 03:44:00+00:00,66237.6231,2026-07-22 03:45:00+00:00,66261.57318,1,0.09039454798920321,0.2,-0.1096054520107968,0.036157819195681284,tp2,False
ema_pullback,1,2026-07-22 03:53:00+00:00,66297.82912,2026-07-22 03:53:00+00:00,66266.47269000001,0,-0.23648157425509853,0.4,-0.6364815742550985,-0.047296314851019705,sl,False
ema_pullback,1,2026-07-22 04:03:00+00:00,66237.22306,2026-07-22 04:03:00+00:00,66256.67366999999,0,0.0734126866338003,0.2,-0.12658731336619972,0.029365074653520118,tp1_partial,True
ema_pullback,1,2026-07-22 04:03:00+00:00,66237.22306,2026-07-22 04:05:00+00:00,66289.27040999998,2,0.19644298022891693,0.2,-0.003557019771083081,0.07857719209156677,tp2,False
ema_pullback,1,2026-07-22 04:14:00+00:00,66308.53018999999,2026-07-22 04:15:00+00:00,66307.3686,1,-0.004379489323080854,0.2,-0.20437948932308087,-0.0017517957292323416,tp1_partial,True
ema_pullback,1,2026-07-22 04:14:00+00:00,66308.53018999999,2026-07-22 04:16:00+00:00,66319.3674,2,0.04085903415806946,0.2,-0.15914096584193055,0.016343613663227785,tp2,False
ema_pullback,1,2026-07-22 04:21:00+00:00,66343.43368,2026-07-22 04:34:00+00:00,66293.37,13,-0.377306970886393,0.4,-0.777306970886393,-0.0754613941772786,sl,False
ema_pullback,1,2026-07-22 04:35:00+00:00,66345.53388999999,2026-07-22 04:41:00+00:00,66387.26061,6,0.157232588063827,0.2,-0.042767411936173005,0.0628930352255308,tp1_partial,True
ema_pullback,1,2026-07-22 04:35:00+00:00,66345.53388999999,2026-07-22 05:04:00+00:00,66277.27161,29,-0.2572225890636881,0.2,-0.4572225890636881,-0.10288903562547524,sl,False
ema_pullback,1,2026-07-22 05:34:00+00:00,66086.40798,2026-07-22 05:36:00+00:00,66039.69537,2,-0.3534207065251649,0.4,-0.7534207065251649,-0.07068414130503298,sl,False
ema_pullback,1,2026-07-22 05:47:00+00:00,66011.00043999999,2026-07-22 05:48:00+00:00,65917.00764000001,1,-0.7119480039195492,0.4,-1.111948003919549,-0.14238960078390983,sl,False
ema_pullback,1,2026-07-22 05:51:00+00:00,65986.49798999999,2026-07-22 05:52:00+00:00,65996.49969,1,0.037892979263431936,0.2,-0.16210702073656807,0.015157191705372774,tp1_partial,True
ema_pullback,1,2026-07-22 05:51:00+00:00,65986.49798999999,2026-07-22 05:53:00+00:00,65950.10433,2,-0.1378829802632653,0.2,-0.3378829802632653,-0.055153192105306115,sl,False
ema_pullback,1,2026-07-22 06:01:00+00:00,65999.69931000001,2026-07-22 06:02:00+00:00,65947.80455999999,1,-0.39314383658228813,0.4,-0.7931438365822882,-0.07862876731645763,sl,False
ema_pullback,1,2026-07-22 06:04:00+00:00,65985.49789,2026-07-22 06:04:00+00:00,65945.20482,0,-0.3053176174193095,0.4,-0.7053176174193095,-0.0610635234838619,sl,False
ema_pullback,1,2026-07-22 06:12:00+00:00,65936.69301,2026-07-22 06:20:00+00:00,65848.71447,8,-0.6671440133239059,0.4,-1.0671440133239058,-0.1334288026647812,sl,False
ema_pullback,1,2026-07-22 06:32:00+00:00,65860.88543000001,2026-07-22 06:32:00+00:00,65894.4099,0,0.12725485613013232,0.2,-0.07274514386986769,0.05090194245205293,tp1_partial,True
ema_pullback,1,2026-07-22 06:32:00+00:00,65860.88543000001,2026-07-22 06:35:00+00:00,65941.10523,3,0.30450471276022295,0.2,0.10450471276022294,0.12180188510408918,tp2,False
ema_pullback,1,2026-07-22 06:40:00+00:00,65942.79362,2026-07-22 06:40:00+00:00,65903.409,0,-0.2986271724166878,0.4,-0.6986271724166878,-0.05972543448333756,sl,False
ema_pullback,1,2026-07-22 06:42:00+00:00,65935.5929,2026-07-22 06:44:00+00:00,65945.10483,2,0.03606523268251394,0.2,-0.16393476731748607,0.014426093073005575,tp1_partial,True
ema_pullback,1,2026-07-22 06:42:00+00:00,65935.5929,2026-07-22 06:45:00+00:00,65899.70937,3,-0.1360552336824583,0.2,-0.3360552336824583,-0.054422093472983324,sl,False
ema_pullback,1,2026-07-22 06:52:00+00:00,65932.09255,2026-07-22 06:53:00+00:00,65897.70957,1,-0.26074540235410115,0.4,-0.6607454023541012,-0.05214908047082023,sl,False
ema_pullback,1,2026-07-22 06:57:00+00:00,65913.29067,2026-07-22 06:58:00+00:00,65881.4112,1,-0.241828845714942,0.4,-0.641828845714942,-0.0483657691429884,sl,False
ema_pullback,1,2026-07-22 07:00:00+00:00,65913.29067,2026-07-22 07:00:00+00:00,65915.30781000001,0,0.007650733181097102,0.2,-0.1923492668189029,0.003060293272438841,tp1_partial,True
ema_pullback,1,2026-07-22 07:00:00+00:00,65913.29067,2026-07-22 07:01:00+00:00,65930.40630000002,1,0.06491721861417998,0.2,-0.13508278138582003,0.025966887445671993,tp2,False
ema_pullback,1,2026-07-22 07:10:00+00:00,65906.48998999999,2026-07-22 07:12:00+00:00,65855.61378,2,-0.3859726865116375,0.4,-0.7859726865116375,-0.0771945373023275,sl,False
ema_pullback,1,2026-07-22 07:13:00+00:00,65892.08855,2026-07-22 07:18:00+00:00,65853.414,5,-0.2934688431574517,0.4,-0.6934688431574517,-0.05869376863149034,sl,False
ema_pullback,1,2026-07-22 07:20:00+00:00,65893.38868,2026-07-22 07:26:00+00:00,65826.71667000001,6,-0.5059081899989604,0.4,-0.9059081899989604,-0.10118163799979207,sl,False
ema_pullback,1,2026-07-22 07:28:00+00:00,65903.18966,2026-07-22 07:31:00+00:00,65827.81655999999,3,-0.5718471320498297,0.4,-0.9718471320498298,-0.11436942640996595,sl,False
ema_pullback,1,2026-07-22 07:49:00+00:00,65785.07785,2026-07-22 07:49:00+00:00,65758.82346,0,-0.19954669704780326,0.4,-0.5995466970478033,-0.03990933940956065,sl,False
ema_pullback,-1,2026-07-22 07:50:00+00:00,65743.62498,2026-07-22 07:51:00+00:00,65785.07785,1,-0.31526151784766476,0.4,-0.7152615178476648,-0.06305230356953295,sl,False
ema_pullback,1,2026-07-22 07:52:00+00:00,65791.27846999999,2026-07-22 07:54:00+00:00,65804.81886,2,0.05145207052853484,0.2,-0.14854792947146517,0.020580828211413937,tp1_partial,True
ema_pullback,1,2026-07-22 07:52:00+00:00,65791.27846999999,2026-07-22 08:00:00+00:00,65831.51619,8,0.152899141557028,0.2,-0.047100858442972016,0.0611596566228112,tp2,False
ema_pullback,1,2026-07-22 08:01:00+00:00,65922.69161000001,2026-07-22 08:05:00+00:00,66012.19812000002,4,0.33943740696118496,0.2,0.13943740696118495,0.13577496278447398,tp1_partial,True
ema_pullback,1,2026-07-22 08:01:00+00:00,65922.69161000001,2026-07-22 08:23:00+00:00,66114.88785000003,22,0.7288698144223837,0.2,0.5288698144223838,0.2915479257689535,tp2,False
ema_pullback,1,2026-07-22 08:31:00+00:00,66022.70161,2026-07-22 08:31:00+00:00,66034.39590000002,0,0.04428132185912981,0.2,-0.1557186781408702,0.017712528743651923,tp1_partial,True
ema_pullback,1,2026-07-22 08:31:00+00:00,66022.70161,2026-07-22 08:36:00+00:00,65984.60088,5,-0.14427132285901867,0.2,-0.3442713228590187,-0.05770852914360747,sl,False
ema_pullback,1,2026-07-22 08:46:00+00:00,65956.595,2026-07-22 09:08:00+00:00,65993.30000999999,22,0.13912562496587455,0.2,-0.06087437503412546,0.05565024998634982,tp1_partial,True
ema_pullback,1,2026-07-22 08:46:00+00:00,65956.595,2026-07-22 09:22:00+00:00,66043.19501999998,36,0.3282462504317629,0.2,0.1282462504317629,0.13129850017270517,tp2,False
ema_pullback,1,2026-07-22 09:27:00+00:00,66024.30176999999,2026-07-22 09:29:00+00:00,65995.29981,2,-0.21963094816984663,0.4,-0.6196309481698467,-0.043926189633969326,sl,False
ema_pullback,1,2026-07-22 09:49:00+00:00,65880.48739,2026-07-22 09:51:00+00:00,65837.41560000001,2,-0.326893376979831,0.4,-0.726893376979831,-0.0653786753959662,sl,False
ema_pullback,1,2026-07-22 09:55:00+00:00,65866.88603000001,2026-07-22 09:56:00+00:00,65881.51119,1,0.05551029083616932,0.2,-0.1444897091638307,0.022204116334467727,tp1_partial,True
ema_pullback,1,2026-07-22 09:55:00+00:00,65866.88603000001,2026-07-22 09:57:00+00:00,65909.30841000001,2,0.16101558217235246,0.2,-0.038984417827647555,0.06440623286894098,tp2,False
ema_pullback,1,2026-07-22 10:03:00+00:00,65924.5918,2026-07-22 10:06:00+00:00,65884.4109,3,-0.3047489480245136,0.4,-0.7047489480245136,-0.060949789604902715,sl,False
ema_pullback,1,2026-07-22 10:10:00+00:00,65894.28877,2026-07-22 10:16:00+00:00,65907.60858000001,6,0.050534766550536236,0.2,-0.14946523344946377,0.020213906620214495,tp1_partial,True
ema_pullback,1,2026-07-22 10:10:00+00:00,65894.28877,2026-07-22 10:25:00+00:00,65934.00594000002,15,0.150685175989429,0.2,-0.04931482401057102,0.060274070395771595,tp2,False
ema_pullback,1,2026-07-22 10:31:00+00:00,65951.29447,2026-07-22 10:31:00+00:00,65927.00664,0,-0.18413459656230202,0.4,-0.584134596562302,-0.036826919312460404,sl,False
ema_pullback,1,2026-07-22 10:34:00+00:00,65949.09425,2026-07-22 10:43:00+00:00,65960.50329000001,9,0.043249418850088706,0.2,-0.1567505811499113,0.017299767540035482,tp1_partial,True
ema_pullback,1,2026-07-22 10:34:00+00:00,65949.09425,2026-07-22 10:46:00+00:00,65985.10083000001,12,0.13649383820013572,0.2,-0.06350616179986429,0.05459753528005429,tp2,False
ema_pullback,1,2026-07-22 10:47:00+00:00,66079.30726999999,2026-07-22 11:15:00+00:00,65964.20292000001,28,-0.8709560886410728,0.4,-1.2709560886410727,-0.17419121772821455,sl,False
ema_pullback,1,2026-07-22 11:21:00+00:00,65988.09815,2026-07-22 11:21:00+00:00,65996.99964000001,0,0.03372384660854655,0.2,-0.16627615339145346,0.01348953864341862,tp1_partial,True
ema_pullback,1,2026-07-22 11:21:00+00:00,65988.09815,2026-07-22 11:22:00+00:00,66019.09743000001,1,0.1174426937170514,0.2,-0.0825573062829486,0.04697707748682056,tp2,False
ema_pullback,1,2026-07-22 11:30:00+00:00,66026.10195,2026-07-22 11:30:00+00:00,66008.89845000001,0,-0.13027802256915244,0.4,-0.5302780225691525,-0.026055604513830488,sl,False
ema_pullback,1,2026-07-22 11:32:00+00:00,66023.90173,2026-07-22 11:34:00+00:00,66021.3972,2,-0.009483421663847302,0.2,-0.2094834216638473,-0.003793368665538921,tp1_partial,True
ema_pullback,1,2026-07-22 11:32:00+00:00,66023.90173,2026-07-22 11:35:00+00:00,65999.79935999999,3,-0.09126380510868226,0.2,-0.29126380510868227,-0.036505522043472904,sl,False
ema_pullback,1,2026-07-22 11:37:00+00:00,66037.50309,2026-07-22 11:37:00+00:00,65997.59958,0,-0.3021276406046103,0.4,-0.7021276406046103,-0.060425528120922056,sl,False
ema_pullback,1,2026-07-22 11:47:00+00:00,65947.19406000001,2026-07-22 11:47:00+00:00,65985.60078,0,0.14559649029588506,0.2,-0.05440350970411495,0.058238596118354025,tp1_partial,True
ema_pullback,1,2026-07-22 11:47:00+00:00,65947.19406000001,2026-07-22 12:07:00+00:00,65882.21112,20,-0.2463445978493073,0.2,-0.4463445978493073,-0.09853783913972292,sl,False
ema_pullback,1,2026-07-22 12:15:00+00:00,65886.68801,2026-07-22 12:15:00+00:00,65884.61088000001,0,-0.007881447917357232,0.2,-0.20788144791735724,-0.0031525791669428926,tp1_partial,True
ema_pullback,1,2026-07-22 12:15:00+00:00,65886.68801,2026-07-22 12:16:00+00:00,65895.70977000002,1,0.034232104665243845,0.2,-0.16576789533475617,0.013692841866097538,tp2,False
ema_pullback,1,2026-07-22 12:27:00+00:00,65859.38528,2026-07-22 12:28:00+00:00,65868.81246000002,1,0.03578525657327303,0.2,-0.16421474342672698,0.014314102629309211,tp1_partial,True
ema_pullback,1,2026-07-22 12:27:00+00:00,65859.38528,2026-07-22 12:30:00+00:00,65823.61697999999,3,-0.1357752575731619,0.2,-0.3357752575731619,-0.054310103029264756,sl,False
ema_pullback,1,2026-07-22 12:32:00+00:00,65856.585,2026-07-22 12:34:00+00:00,65813.81796,2,-0.324698281880309,0.4,-0.724698281880309,-0.0649396563760618,sl,False
ema_pullback,-1,2026-07-22 12:35:00+00:00,65759.52339,2026-07-22 12:49:00+00:00,65701.86953000001,14,0.2191844505094187,0.2,0.019184450509418693,0.08767378020376748,tp1_partial,True
ema_pullback,-1,2026-07-22 12:35:00+00:00,65759.52339,2026-07-22 12:55:00+00:00,65631.06245000003,20,0.48837390151884597,0.2,0.28837390151884595,0.1953495606075384,tp2,False
ema_pullback,-1,2026-07-22 12:56:00+00:00,65608.93845,2026-07-22 12:56:00+00:00,65526.451989999994,0,0.3143110601571131,0.2,0.11431106015711306,0.12572442406284523,tp1_partial,True
ema_pullback,-1,2026-07-22 12:56:00+00:00,65608.93845,2026-07-22 13:34:00+00:00,65717.67111000001,38,-0.4143210611571857,0.2,-0.6143210611571857,-0.16572842446287428,sl,False
ema_pullback,1,2026-07-22 13:40:00+00:00,65825.28186999999,2026-07-22 13:46:00+00:00,65930.80626,6,0.40077454665676804,0.2,0.20077454665676803,0.16030981866270722,tp1_partial,True
ema_pullback,1,2026-07-22 13:40:00+00:00,65825.28186999999,2026-07-22 14:05:00+00:00,66049.49438999999,25,0.8515440938133834,0.2,0.6515440938133834,0.34061763752535335,tp2,False
ema_pullback,-1,2026-07-22 14:27:00+00:00,65627.4366,2026-07-22 14:28:00+00:00,65578.85723000001,1,0.1850573956441448,0.2,-0.014942604355855205,0.07402295825765792,tp1_partial,True
ema_pullback,-1,2026-07-22 14:27:00+00:00,65627.4366,2026-07-22 14:33:00+00:00,65702.26956999999,6,-0.2850673966442452,0.2,-0.4850673966442452,-0.11402695865769807,sl,False
ema_pullback,1,2026-07-22 14:37:00+00:00,65845.5839,2026-07-22 14:38:00+00:00,65686.53069,1,-1.2077743151427955,0.4,-1.6077743151427955,-0.2415548630285591,sl,False
ema_pullback,-1,2026-07-22 14:39:00+00:00,65684.4309,2026-07-22 15:00:00+00:00,65782.07755,21,-0.7433013323100424,0.4,-1.1433013323100423,-0.14866026646200847,sl,False
ema_pullback,1,2026-07-22 15:09:00+00:00,65881.08745,2026-07-22 15:14:00+00:00,65927.80656,5,0.17728574241981931,0.2,-0.022714257580180697,0.07091429696792773,tp1_partial,True
ema_pullback,1,2026-07-22 15:09:00+00:00,65881.08745,2026-07-22 15:20:00+00:00,65987.80055999999,11,0.40494591896717,0.2,0.20494591896717002,0.161978367586868,tp2,False
ema_pullback,1,2026-07-22 15:24:00+00:00,66007.90013000001,2026-07-22 15:26:00+00:00,66054.89385000001,2,0.17798521051060057,0.2,-0.022014789489399444,0.07119408420424023,tp1_partial,True
ema_pullback,1,2026-07-22 15:24:00+00:00,66007.90013000001,2026-07-22 15:37:00+00:00,65934.30591,13,-0.27873262084945893,0.2,-0.47873262084945895,-0.11149304833978357,sl,False
ema_pullback,1,2026-07-22 15:42:00+00:00,65995.5989,2026-07-22 15:43:00+00:00,65948.60448,1,-0.35604207540573807,0.4,-0.7560420754057381,-0.07120841508114761,sl,False
ema_pullback,1,2026-07-22 15:45:00+00:00,65991.79852,2026-07-22 15:45:00+00:00,66005.89875000001,0,0.05341659992696979,0.2,-0.14658340007303022,0.021366639970787915,tp1_partial,True
ema_pullback,1,2026-07-22 15:45:00+00:00,65991.79852,2026-07-22 15:46:00+00:00,65951.30421,1,-0.15340660092677538,0.2,-0.3534066009267754,-0.06136264037071015,sl,False
ema_pullback,1,2026-07-22 15:50:00+00:00,66021.30146999999,2026-07-22 15:53:00+00:00,65960.50329000001,3,-0.4604436647436261,0.4,-0.8604436647436261,-0.09208873294872522,sl,False
ema_pullback,1,2026-07-22 15:55:00+00:00,65992.49858999999,2026-07-22 15:55:00+00:00,66010.89824999998,0,0.06970360417141164,0.2,-0.13029639582858837,0.027881441668564655,tp1_partial,True
ema_pullback,1,2026-07-22 15:55:00+00:00,65992.49858999999,2026-07-22 16:06:00+00:00,66042.49508999998,11,0.18940220884278158,0.2,-0.010597791157218428,0.07576088353711263,tp2,False
ema_pullback,1,2026-07-22 16:13:00+00:00,66072.30657,2026-07-22 16:14:00+00:00,66085.59078000001,1,0.05026391044005152,0.2,-0.1497360895599485,0.020105564176020607,tp1_partial,True
ema_pullback,1,2026-07-22 16:13:00+00:00,66072.30657,2026-07-22 16:15:00+00:00,66032.3961,2,-0.15101058246588805,0.2,-0.35101058246588807,-0.06040423298635522,sl,False
ema_pullback,1,2026-07-22 16:20:00+00:00,66037.50309,2026-07-22 16:20:00+00:00,65994.3999,0,-0.3263538745646444,0.4,-0.7263538745646444,-0.06527077491292888,sl,False
ema_pullback,1,2026-07-22 16:29:00+00:00,65979.79732,2026-07-22 16:30:00+00:00,66016.19771999998,1,0.13792252128119742,0.2,-0.06207747871880259,0.05516900851247897,tp1_partial,True
ema_pullback,1,2026-07-22 16:29:00+00:00,65979.79732,2026-07-22 16:31:00+00:00,66065.79275999998,2,0.32584004306240866,0.2,0.12584004306240865,0.13033601722496346,tp2,False
ema_pullback,1,2026-07-22 16:53:00+00:00,66211.12045,2026-07-22 16:53:00+00:00,66158.3835,0,-0.39824843350771966,0.4,-0.7982484335077197,-0.07964968670154393,sl,False
ema_pullback,1,2026-07-22 16:56:00+00:00,66188.6182,2026-07-22 17:03:00+00:00,66237.3756,7,0.1841608169423914,0.2,-0.01583918305760862,0.07366432677695656,tp1_partial,True
ema_pullback,1,2026-07-22 16:56:00+00:00,66188.6182,2026-07-22 17:15:00+00:00,66113.388,19,-0.2841508179422525,0.2,-0.4841508179422525,-0.113660327176901,sl,False
ema_pullback,1,2026-07-22 17:31:00+00:00,66002.5996,2026-07-22 17:31:00+00:00,66034.3959,0,0.12043578659287624,0.2,-0.07956421340712377,0.048174314637150495,tp1_partial,True
ema_pullback,1,2026-07-22 17:31:00+00:00,66002.5996,2026-07-22 17:37:00+00:00,66079.39140000001,6,0.2908665736857108,0.2,0.09086657368571077,0.11634662947428431,tp2,False
ema_pullback,1,2026-07-22 17:47:00+00:00,66195.51888999999,2026-07-22 17:49:00+00:00,66117.08763,2,-0.5924212191034672,0.4,-0.9924212191034673,-0.11848424382069345,sl,False
ema_pullback,1,2026-07-22 18:05:00+00:00,66052.00454,2026-07-22 18:07:00+00:00,66001.79916,2,-0.38004433286803474,0.4,-0.7800443328680348,-0.07600886657360695,sl,False
ema_pullback,1,2026-07-22 18:08:00+00:00,66036.20296000001,2026-07-22 18:09:00+00:00,65993.4,1,-0.32408707709880025,0.4,-0.7240870770988003,-0.06481741541976005,sl,False
ema_pullback,1,2026-07-22 18:19:00+00:00,65984.5978,2026-07-22 18:20:00+00:00,65994.29991,1,0.03675899499078206,0.2,-0.16324100500921795,0.014703597996312823,tp1_partial,True
ema_pullback,1,2026-07-22 18:19:00+00:00,65984.5978,2026-07-22 18:21:00+00:00,65948.30451,2,-0.1375066728072083,0.2,-0.3375066728072083,-0.05500266912288332,sl,False
ema_pullback,-1,2026-07-22 18:38:00+00:00,65729.32641,2026-07-22 18:46:00+00:00,65793.27867,8,-0.4864819365490991,0.4,-0.8864819365490991,-0.09729638730981982,sl,False
ema_pullback,1,2026-07-22 18:51:00+00:00,65839.98333999999,2026-07-22 18:55:00+00:00,65879.4114,4,0.14971168733596274,0.2,-0.05028831266403727,0.059884674934385096,tp1_partial,True
ema_pullback,1,2026-07-22 18:51:00+00:00,65839.98333999999,2026-07-22 19:08:00+00:00,65774.02194,17,-0.2504610293541376,0.2,-0.4504610293541376,-0.10018441174165504,sl,False
ema_pullback,-1,2026-07-22 19:18:00+00:00,65746.02474000001,2026-07-22 19:18:00+00:00,65783.17766,0,-0.2825487939911442,0.4,-0.6825487939911442,-0.05650975879822884,sl,False
ema_pullback,1,2026-07-22 19:38:00+00:00,65898.48919,2026-07-22 19:38:00+00:00,65866.51269,0,-0.2426193710435287,0.4,-0.6426193710435287,-0.04852387420870574,sl,False
ema_pullback,1,2026-07-22 19:49:00+00:00,65864.68581000001,2026-07-22 19:56:00+00:00,65879.51139,7,0.05627287148518567,0.2,-0.14372712851481434,0.02250914859407427,tp1_partial,True
ema_pullback,1,2026-07-22 19:49:00+00:00,65864.68581000001,2026-07-22 19:58:00+00:00,65907.60858000001,9,0.16292027158459899,0.2,-0.037079728415401025,0.0651681086338396,tp2,False
ema_pullback,-1,2026-07-22 20:05:00+00:00,65813.418,2026-07-22 20:06:00+00:00,65760.27536999999,1,0.20186852322431892,0.2,0.0018685232243189076,0.08074740928972757,tp1_partial,True
ema_pullback,-1,2026-07-22 20:05:00+00:00,65813.418,2026-07-22 20:14:00+00:00,65892.68861000001,9,-0.3011187247561331,0.2,-0.5011187247561331,-0.12044748990245324,sl,False
ema_pullback,1,2026-07-22 20:18:00+00:00,65884.08775,2026-07-22 20:19:00+00:00,65887.31061,1,0.012229280658138109,0.2,-0.1877707193418619,0.0048917122632552434,tp1_partial,True
ema_pullback,1,2026-07-22 20:18:00+00:00,65884.08775,2026-07-22 20:25:00+00:00,65903.80896,7,0.07483297816468504,0.2,-0.12516702183531497,0.029933191265874015,tp2,False
ema_pullback,1,2026-07-22 20:30:00+00:00,65907.09005,2026-07-22 20:30:00+00:00,65905.70876999998,0,-0.005239496991021886,0.2,-0.2052394969910219,-0.0020957987964087543,tp1_partial,True
ema_pullback,1,2026-07-22 20:30:00+00:00,65907.09005,2026-07-22 20:34:00+00:00,65881.91115,4,-0.09550907186500757,0.2,-0.2955090718650076,-0.03820362874600303,sl,False
ema_pullback,1,2026-07-22 20:39:00+00:00,65897.38908000001,2026-07-22 20:39:00+00:00,65896.10973000001,0,-0.004853568623341964,0.2,-0.20485356862334198,-0.0019414274493367856,tp1_partial,True
ema_pullback,1,2026-07-22 20:39:00+00:00,65897.38908000001,2026-07-22 20:46:00+00:00,65872.31211,7,-0.09513643237657465,0.2,-0.29513643237657466,-0.03805457295062986,sl,False
ema_pullback,1,2026-07-22 20:51:00+00:00,65892.48859,2026-07-22 20:51:00+00:00,65885.11082999999,0,-0.027991657918363666,0.2,-0.22799165791836368,-0.011196663167345466,tp1_partial,True
ema_pullback,1,2026-07-22 20:51:00+00:00,65892.48859,2026-07-22 20:52:00+00:00,65890.91024999997,1,-0.0059883153368245345,0.2,-0.20598831533682455,-0.002395326134729814,tp2,False
ema_pullback,1,2026-07-22 20:56:00+00:00,65904.08975,2026-07-22 20:58:00+00:00,65875.91175,2,-0.2137803595109733,0.4,-0.6137803595109733,-0.04275607190219466,sl,False
ema_pullback,1,2026-07-22 21:01:00+00:00,65904.48978999999,2026-07-22 21:01:00+00:00,65881.11123,0,-0.1773669751066187,0.4,-0.5773669751066187,-0.03547339502132374,sl,False
ema_pullback,1,2026-07-22 21:05:00+00:00,65897.48908999999,2026-07-22 21:16:00+00:00,65901.20921999999,11,0.014113322265307815,0.2,-0.1858866777346922,0.005645328906123126,tp1_partial,True
ema_pullback,1,2026-07-22 21:05:00+00:00,65897.48908999999,2026-07-22 21:18:00+00:00,65867.4126,13,-0.11410332326514117,0.2,-0.3141033232651412,-0.045641329306056466,sl,False
ema_pullback,1,2026-07-22 21:21:00+00:00,65913.39068,2026-07-22 21:23:00+00:00,65878.31151,2,-0.26610048154174226,0.4,-0.6661004815417423,-0.05322009630834845,sl,False
ema_pullback,1,2026-07-22 21:32:00+00:00,65888.68821000001,2026-07-22 21:32:00+00:00,65874.11193,0,-0.11061291699687725,0.4,-0.5106129169968773,-0.02212258339937545,sl,False
ema_pullback,1,2026-07-22 21:34:00+00:00,65896.08895,2026-07-22 21:34:00+00:00,65894.20992000002,0,-0.007128761470992506,0.2,-0.20712876147099252,-0.0028515045883970025,tp1_partial,True
ema_pullback,1,2026-07-22 21:34:00+00:00,65896.08895,2026-07-22 21:35:00+00:00,65905.40880000003,1,0.03535813030991486,0.2,-0.16464186969008515,0.014143252123965944,tp2,False
ema_pullback,1,2026-07-22 21:48:00+00:00,66061.50549,2026-07-22 21:48:00+00:00,66077.3916,0,0.06011863445348764,0.2,-0.13988136554651237,0.024047453781395056,tp1_partial,True
ema_pullback,1,2026-07-22 21:48:00+00:00,66061.50549,2026-07-22 21:54:00+00:00,66019.3974,6,-0.15935184071141917,0.2,-0.3593518407114192,-0.06374073628456767,sl,False
ema_pullback,1,2026-07-22 22:07:00+00:00,66016.601,2026-07-22 22:07:00+00:00,65965.00284,0,-0.3907968542639084,0.4,-0.7907968542639084,-0.07815937085278168,sl,False
ema_pullback,1,2026-07-22 22:12:00+00:00,65992.5986,2026-07-22 22:16:00+00:00,65959.20342,4,-0.2530221623974205,0.4,-0.6530221623974205,-0.050604432479484096,sl,False
ema_pullback,1,2026-07-22 22:18:00+00:00,65984.49779,2026-07-22 22:20:00+00:00,65953.90395,2,-0.23182596689114154,0.4,-0.6318259668911416,-0.04636519337822831,sl,False
ema_pullback,1,2026-07-22 22:25:00+00:00,65979.39728,2026-07-22 22:35:00+00:00,65929.00644000001,10,-0.3818679927170554,0.4,-0.7818679927170554,-0.07637359854341108,sl,False
ema_pullback,1,2026-07-22 22:47:00+00:00,65939.49329,2026-07-22 22:48:00+00:00,65941.20522,1,0.0064905336490950205,0.2,-0.193509466350905,0.002596213459638008,tp1_partial,True
ema_pullback,1,2026-07-22 22:47:00+00:00,65939.49329,2026-07-22 22:49:00+00:00,65956.00374,2,0.0625969702534035,0.2,-0.13740302974659652,0.025038788101361398,tp2,False
ema_pullback,1,2026-07-22 22:59:00+00:00,65999.79931999999,2026-07-22 22:59:00+00:00,65995.49979,0,-0.0162861480045573,0.2,-0.2162861480045573,-0.00651445920182292,tp1_partial,True
ema_pullback,1,2026-07-22 22:59:00+00:00,65999.79931999999,2026-07-22 23:00:00+00:00,66004.49889,1,0.017801455642396657,0.2,-0.18219854435760335,0.007120582256958663,tp2,False
ema_pullback,1,2026-07-22 23:03:00+00:00,66009.6003,2026-07-22 23:03:00+00:00,65988.4005,0,-0.16058118746103967,0.4,-0.5605811874610397,-0.03211623749220793,sl,False
ema_pullback,1,2026-07-22 23:08:00+00:00,66032.10255,2026-07-22 23:11:00+00:00,65989.4004,3,-0.32334386117466307,0.4,-0.7233438611746631,-0.06466877223493261,sl,False
ema_pullback,1,2026-07-22 23:21:00+00:00,65901.18946000001,2026-07-22 23:21:00+00:00,65922.10713000002,0,0.07935239929435234,0.2,-0.12064760070564767,0.031740959717740935,tp1_partial,True
ema_pullback,1,2026-07-22 23:21:00+00:00,65901.18946000001,2026-07-22 23:27:00+00:00,65956.20372000002,6,0.20869979908860747,0.2,0.008699799088607463,0.08347991963544299,tp2,False
ema_pullback,1,2026-07-22 23:31:00+00:00,65967.99613999999,2026-07-22 23:33:00+00:00,65929.00644000001,2,-0.2955198147692184,0.4,-0.6955198147692184,-0.05910396295384368,sl,False
ema_pullback,1,2026-07-22 23:37:00+00:00,65948.09415,2026-07-22 23:37:00+00:00,65925.30681,0,-0.17276723682246864,0.4,-0.5727672368224687,-0.03455344736449373,sl,False
ema_pullback,1,2026-07-22 23:38:00+00:00,65949.5943,2026-07-22 23:40:00+00:00,65953.20402,2,0.01368363231918357,0.2,-0.18631636768081644,0.005473452927673428,tp1_partial,True
ema_pullback,1,2026-07-22 23:38:00+00:00,65949.5943,2026-07-22 23:46:00+00:00,65970.00234,8,0.07736226513832545,0.2,-0.12263773486167456,0.03094490605533018,tp2,False
ema_pullback,1,2026-07-23 00:04:00+00:00,66067.20606000001,2026-07-23 00:04:00+00:00,66076.59168000001,0,0.03551542648660977,0.2,-0.16448457351339024,0.014206170594643908,tp1_partial,True
ema_pullback,1,2026-07-23 00:04:00+00:00,66067.20606000001,2026-07-23 00:05:00+00:00,66099.18942000002,1,0.12102585347323336,0.2,-0.07897414652676665,0.04841034138929334,tp2,False
ema_pullback,1,2026-07-23 00:15:00+00:00,66160.71541,2026-07-23 00:17:00+00:00,66177.98154,2,0.06524313519357117,0.2,-0.13475686480642884,0.026097254077428467,tp1_partial,True
ema_pullback,1,2026-07-23 00:15:00+00:00,66160.71541,2026-07-23 00:18:00+00:00,66117.18762,3,-0.1644774762873391,0.2,-0.3644774762873391,-0.06579099051493564,sl,False
ema_pullback,1,2026-07-23 00:20:00+00:00,66164.01573999999,2026-07-23 00:20:00+00:00,66173.382,0,0.035390309578609,0.2,-0.164609690421391,0.014156123831443601,tp1_partial,True
ema_pullback,1,2026-07-23 00:20:00+00:00,66164.01573999999,2026-07-23 00:22:00+00:00,66196.07973,2,0.12115343076368745,0.2,-0.07884656923631256,0.04846137230547498,tp2,False
ema_pullback,1,2026-07-23 00:35:00+00:00,66242.32357,2026-07-23 00:37:00+00:00,66184.48089,2,-0.43659911732157886,0.4,-0.8365991173215789,-0.08731982346431577,sl,False
ema_pullback,1,2026-07-23 00:47:00+00:00,66172.81662,2026-07-23 00:48:00+00:00,66140.28530999999,1,-0.24580569228915827,0.4,-0.6458056922891583,-0.049161138457831655,sl,False
ema_pullback,1,2026-07-23 00:52:00+00:00,66148.31417,2026-07-23 00:55:00+00:00,66068.3925,3,-0.6041096511892885,0.4,-1.0041096511892884,-0.1208219302378577,sl,False
ema_pullback,1,2026-07-23 01:02:00+00:00,66053.30467,2026-07-23 01:04:00+00:00,66088.89045,2,0.13468584266068673,0.2,-0.06531415733931328,0.05387433706427469,tp1_partial,True
ema_pullback,1,2026-07-23 01:02:00+00:00,66053.30467,2026-07-23 01:05:00+00:00,66137.68557,3,0.31936668582127625,0.2,0.11936668582127624,0.1277466743285105,tp2,False
ema_pullback,-1,2026-07-23 01:31:00+00:00,65828.91645,2026-07-23 01:37:00+00:00,65762.57559999998,6,0.2519441818946422,0.2,0.05194418189464217,0.10077767275785687,tp1_partial,True
ema_pullback,-1,2026-07-23 01:31:00+00:00,65828.91645,2026-07-23 02:23:00+00:00,65683.16765999998,52,0.5535135539969371,0.2,0.3535135539969371,0.22140542159877485,tp2,False
ema_pullback,-1,2026-07-23 02:38:00+00:00,65730.72627,2026-07-23 02:40:00+00:00,65715.57089999999,2,0.05764187793147468,0.2,-0.14235812206852533,0.023056751172589873,tp1_partial,True
ema_pullback,-1,2026-07-23 02:38:00+00:00,65730.72627,2026-07-23 02:45:00+00:00,65772.37658,7,-0.15841263425614427,0.2,-0.3584126342561443,-0.06336505370245771,sl,False
ema_pullback,-1,2026-07-23 02:48:00+00:00,65722.32711,2026-07-23 02:51:00+00:00,65775.17686,3,-0.4020684623016191,0.4,-0.8020684623016191,-0.08041369246032382,sl,False
ema_pullback,-1,2026-07-23 02:55:00+00:00,65744.02494,2026-07-23 02:57:00+00:00,65791.27846999999,2,-0.3593750918285954,0.4,-0.7593750918285954,-0.07187501836571908,sl,False
ema_pullback,-1,2026-07-23 03:01:00+00:00,65761.62318,2026-07-23 03:01:00+00:00,65754.77481999999,0,0.02603478924653735,0.2,-0.17396521075346266,0.01041391569861494,tp1_partial,True
ema_pullback,-1,2026-07-23 03:01:00+00:00,65761.62318,2026-07-23 03:04:00+00:00,65734.77282,3,0.1020745789930555,0.2,-0.09792542100694451,0.0408298315972222,tp2,False
ema_pullback,-1,2026-07-23 03:11:00+00:00,65667.83256,2026-07-23 03:11:00+00:00,65643.96373999999,0,0.09086952876888321,0.2,-0.1091304712311168,0.036347811507553285,tp1_partial,True
ema_pullback,-1,2026-07-23 03:11:00+00:00,65667.83256,2026-07-23 03:12:00+00:00,65606.86002999998,1,0.23212480000883717,0.2,0.03212480000883716,0.09284992000353487,tp2,False
ema_pullback,-1,2026-07-23 03:25:00+00:00,65604.83885999999,2026-07-23 03:25:00+00:00,65601.25946999998,0,0.013639961861849903,0.2,-0.1863600381381501,0.005455984744739961,tp1_partial,True
ema_pullback,-1,2026-07-23 03:25:00+00:00,65604.83885999999,2026-07-23 03:26:00+00:00,65584.55779999997,1,0.07728492422373612,0.2,-0.1227150757762639,0.030913969689494447,tp2,False
ema_pullback,-1,2026-07-23 03:42:00+00:00,65640.63528,2026-07-23 03:42:00+00:00,65641.16346,0,-0.0020116350098464686,0.2,-0.20201163500984648,-0.0008046540039385874,tp1_partial,True
ema_pullback,-1,2026-07-23 03:42:00+00:00,65640.63528,2026-07-23 03:43:00+00:00,65628.56219999999,1,0.045981730480343375,0.2,-0.15401826951965664,0.01839269219213735,tp2,False
ema_pullback,-1,2026-07-23 03:47:00+00:00,65635.83576,2026-07-23 03:49:00+00:00,65633.16266,2,0.010181556953786641,0.2,-0.18981844304621337,0.0040726227815146565,tp1_partial,True
ema_pullback,-1,2026-07-23 03:47:00+00:00,65635.83576,2026-07-23 04:00:00+00:00,65617.46109000001,13,0.06998718682876826,0.2,-0.13001281317123176,0.027994874731507302,tp2,False
ema_pullback,-1,2026-07-23 04:01:00+00:00,65588.24052,2026-07-23 04:05:00+00:00,65633.36268,4,-0.343980564520896,0.4,-0.743980564520896,-0.0687961129041792,sl,False
ema_pullback,-1,2026-07-23 04:08:00+00:00,65554.4439,2026-07-23 04:08:00+00:00,65623.26166999999,0,-0.524890197413419,0.4,-0.924890197413419,-0.1049780394826838,sl,False
ema_pullback,-1,2026-07-23 04:10:00+00:00,65582.84105999999,2026-07-23 04:12:00+00:00,65625.26187,2,-0.3234139396400826,0.4,-0.7234139396400826,-0.06468278792801652,sl,False
ema_pullback,-1,2026-07-23 04:17:00+00:00,65619.4374,2026-07-23 04:21:00+00:00,65667.96613999999,4,-0.36977412427485756,0.4,-0.7697741242748576,-0.07395482485497151,sl,False
ema_pullback,-1,2026-07-23 04:30:00+00:00,65660.13333,2026-07-23 04:30:00+00:00,65648.5642,0,0.044049293739079065,0.2,-0.15595070626092095,0.017619717495631626,tp1_partial,True
ema_pullback,-1,2026-07-23 04:30:00+00:00,65660.13333,2026-07-23 04:38:00+00:00,65623.76172,8,0.13848437459457186,0.2,-0.061515625405428154,0.05539374983782874,tp2,False
ema_pullback,-1,2026-07-23 04:50:00+00:00,65596.13973,2026-07-23 04:51:00+00:00,65585.85792999998,1,0.039185994947010805,0.2,-0.1608140050529892,0.015674397978804322,tp1_partial,True
ema_pullback,-1,2026-07-23 04:50:00+00:00,65596.13973,2026-07-23 05:00:00+00:00,65562.45558999998,10,0.12837699039403017,0.2,-0.07162300960596985,0.051350796157612066,tp2,False
ema_pullback,-1,2026-07-23 05:01:00+00:00,65558.64348,2026-07-23 05:06:00+00:00,65598.5592,5,-0.30442759246673834,0.4,-0.7044275924667384,-0.06088551849334767,sl,False
ema_pullback,-1,2026-07-23 05:13:00+00:00,65578.54149,2026-07-23 05:13:00+00:00,65598.5592,0,-0.15262393418014053,0.4,-0.5526239341801406,-0.030524786836028106,sl,False
ema_pullback,-1,2026-07-23 05:17:00+00:00,65566.84266,2026-07-23 05:18:00+00:00,65615.06085,1,-0.3677025463162398,0.4,-0.7677025463162398,-0.07354050926324796,sl,False
ema_pullback,-1,2026-07-23 05:24:00+00:00,65585.54079000001,2026-07-23 05:25:00+00:00,65635.76292,1,-0.3828750163148431,0.4,-0.7828750163148431,-0.07657500326296862,sl,False
ema_pullback,-1,2026-07-23 05:36:00+00:00,65703.32901,2026-07-23 05:36:00+00:00,65710.27036999998,0,-0.026411751522237292,0.2,-0.2264117515222373,-0.010564700608894917,tp1_partial,True
ema_pullback,-1,2026-07-23 05:36:00+00:00,65703.32901,2026-07-23 05:37:00+00:00,65704.06974999997,1,-0.002818502544410517,0.2,-0.20281850254441053,-0.0011274010177642069,tp2,False
ema_pullback,-1,2026-07-23 05:49:00+00:00,65698.32951,2026-07-23 05:49:00+00:00,65696.66901,0,0.006318653808956576,0.2,-0.19368134619104344,0.0025274615235826303,tp1_partial,True
ema_pullback,-1,2026-07-23 05:49:00+00:00,65698.32951,2026-07-23 05:50:00+00:00,65681.86752999999,1,0.06264230811797722,0.2,-0.1373576918820228,0.025056923247190888,tp2,False
ema_pullback,-1,2026-07-23 06:04:00+00:00,65645.73477000001,2026-07-23 06:04:00+00:00,65677.46708999999,0,-0.2416936919904522,0.4,-0.6416936919904522,-0.04833873839809044,sl,False
ema_pullback,-1,2026-07-23 06:08:00+00:00,65648.23452,2026-07-23 06:09:00+00:00,65642.5636,1,0.021595858751832786,0.2,-0.17840414124816723,0.008638343500733114,tp1_partial,True
ema_pullback,-1,2026-07-23 06:08:00+00:00,65648.23452,2026-07-23 06:11:00+00:00,65623.76172,3,0.09319671800370188,0.2,-0.10680328199629813,0.037278687201480754,tp2,False
ema_pullback,-1,2026-07-23 06:23:00+00:00,65645.4348,2026-07-23 06:24:00+00:00,65632.96264,1,0.047498200133805346,0.2,-0.15250179986619466,0.01899928005352214,tp1_partial,True
ema_pullback,-1,2026-07-23 06:23:00+00:00,65645.4348,2026-07-23 06:28:00+00:00,65684.16776000001,5,-0.14750820113390573,0.2,-0.34750820113390574,-0.05900328045356229,sl,False
ema_pullback,-1,2026-07-23 06:35:00+00:00,65676.33171,2026-07-23 06:36:00+00:00,65713.67071,1,-0.2842652674701629,0.4,-0.6842652674701629,-0.05685305349403258,sl,False
ema_pullback,-1,2026-07-23 06:53:00+00:00,65745.62478,2026-07-23 06:53:00+00:00,65771.47648999999,0,-0.19660403324550657,0.4,-0.5966040332455066,-0.039320806649101314,sl,False
ema_pullback,-1,2026-07-23 06:56:00+00:00,65753.02404,2026-07-23 07:00:00+00:00,65752.47459000001,4,0.0020890674155837896,0.2,-0.19791093258441622,0.0008356269662335158,tp1_partial,True
ema_pullback,-1,2026-07-23 06:56:00+00:00,65753.02404,2026-07-23 07:01:00+00:00,65738.77322000002,5,0.05418313533123165,0.2,-0.14581686466876836,0.02167325413249266,tp2,False
ema_pullback,-1,2026-07-23 07:05:00+00:00,65674.23192,2026-07-23 07:10:00+00:00,65645.5639,5,0.10912963563447509,0.2,-0.09087036436552492,0.043651854253790034,tp1_partial,True
ema_pullback,-1,2026-07-23 07:05:00+00:00,65674.23192,2026-07-23 07:11:00+00:00,65603.75972,6,0.2682642717689032,0.2,0.0682642717689032,0.10730570870756129,tp2,False
ema_pullback,-1,2026-07-23 07:12:00+00:00,65370.06234,2026-07-23 08:30:00+00:00,65616.96104,78,-1.888469210231447,0.4,-2.288469210231447,-0.3776938420462894,sl,False
ema_pullback,-1,2026-07-23 08:40:00+00:00,65575.84176,2026-07-23 08:40:00+00:00,65575.45689,0,0.0014672705285490029,0.2,-0.198532729471451,0.0005869082114196011,tp1_partial,True
ema_pullback,-1,2026-07-23 08:40:00+00:00,65575.84176,2026-07-23 08:43:00+00:00,65602.25957,3,-0.1007147193652913,0.2,-0.3007147193652913,-0.04028588774611652,sl,False
ema_pullback,-1,2026-07-23 08:50:00+00:00,65593.44,2026-07-23 08:50:00+00:00,65586.558,0,0.026229757122048225,0.2,-0.17377024287795179,0.01049190284881929,tp1_partial,True
ema_pullback,-1,2026-07-23 08:50:00+00:00,65593.44,2026-07-23 08:59:00+00:00,65626.562,9,-0.1262397581221486,0.2,-0.3262397581221486,-0.05049590324885944,sl,False
ema_pullback,-1,2026-07-23 09:01:00+00:00,65578.24152000001,2026-07-23 09:01:00+00:00,65612.36058000001,0,-0.26014009532104865,0.4,-0.6601400953210487,-0.05202801906420973,sl,False
ema_pullback,-1,2026-07-23 09:13:00+00:00,65645.33481,2026-07-23 09:17:00+00:00,65679.36728,4,-0.25921468828293825,0.4,-0.6592146882829383,-0.05184293765658765,sl,False
ema_pullback,-1,2026-07-23 09:25:00+00:00,65667.13263,2026-07-23 09:25:00+00:00,65688.86823000001,0,-0.16549831802836756,0.4,-0.5654983180283676,-0.03309966360567351,sl,False
ema_pullback,-1,2026-07-23 09:30:00+00:00,65677.73157,2026-07-23 09:30:00+00:00,65706.56999999999,0,-0.21954496075471397,0.4,-0.619544960754714,-0.043908992150942794,sl,False
ema_pullback,-1,2026-07-23 09:31:00+00:00,65674.83185999999,2026-07-23 09:31:00+00:00,65706.56999999999,0,-0.24163091934259473,0.4,-0.6416309193425948,-0.048326183868518946,sl,False
ema_pullback,-1,2026-07-23 09:34:00+00:00,65674.53189000001,2026-07-23 09:34:00+00:00,65676.26697000001,0,-0.006604843422797213,0.2,-0.20660484342279722,-0.002641937369118885,tp1_partial,True
ema_pullback,-1,2026-07-23 09:34:00+00:00,65674.53189000001,2026-07-23 09:37:00+00:00,65664.86583000001,3,0.036795313654441886,0.2,-0.16320468634555813,0.014718125461776754,tp2,False
ema_pullback,-1,2026-07-23 09:39:00+00:00,65667.83256,2026-07-23 09:42:00+00:00,65686.86803,3,-0.14493755357780636,0.4,-0.5449375535778064,-0.02898751071556127,sl,False
ema_pullback,-1,2026-07-23 09:47:00+00:00,65674.53189000001,2026-07-23 09:49:00+00:00,65665.16586000001,2,0.03565320425766294,0.2,-0.16434679574233707,0.014261281703065176,tp1_partial,True
ema_pullback,-1,2026-07-23 09:47:00+00:00,65674.53189000001,2026-07-23 09:55:00+00:00,65642.76362000001,8,0.12093070588309329,0.2,-0.07906929411690672,0.04837228235323732,tp2,False
ema_pullback,-1,2026-07-23 09:59:00+00:00,65591.94015,2026-07-23 10:05:00+00:00,65651.5645,6,-0.4545097298818135,0.4,-0.8545097298818135,-0.0909019459763627,sl,False
ema_pullback,-1,2026-07-23 10:09:00+00:00,65628.83645999999,2026-07-23 10:10:00+00:00,65672.5666,1,-0.33316254225124187,0.4,-0.7331625422512419,-0.06663250845024837,sl,False
ema_pullback,-1,2026-07-23 10:21:00+00:00,65645.23482,2026-07-23 10:24:00+00:00,65683.96774,3,-0.29501699633038836,0.4,-0.6950169963303884,-0.05900339926607767,sl,False
ema_pullback,-1,2026-07-23 10:35:00+00:00,65703.52899,2026-07-23 10:35:00+00:00,65735.37288,0,-0.2423301342370232,0.4,-0.6423301342370232,-0.04846602684740464,sl,False
ema_pullback,-1,2026-07-23 10:44:00+00:00,65728.52649,2026-07-23 10:44:00+00:00,65750.5744,0,-0.16771949089222637,0.4,-0.5677194908922264,-0.033543898178445275,sl,False
ema_pullback,-1,2026-07-23 10:48:00+00:00,65735.82575999999,2026-07-23 10:48:00+00:00,65756.67501,0,-0.1585836167642407,0.4,-0.5585836167642407,-0.03171672335284814,sl,False
ema_pullback,-1,2026-07-23 10:52:00+00:00,65715.52779000001,2026-07-23 10:54:00+00:00,65700.5694,2,0.05690584289230749,0.2,-0.14309415710769252,0.022762337156922996,tp1_partial,True
ema_pullback,-1,2026-07-23 10:52:00+00:00,65715.52779000001,2026-07-23 11:02:00+00:00,65672.5666,10,0.1634362206497375,0.2,-0.036563779350262504,0.065374488259895,tp2,False
ema_pullback,-1,2026-07-23 11:14:00+00:00,65649.93435,2026-07-23 11:14:00+00:00,65679.66731,0,-0.22645079766181464,0.4,-0.6264507976618147,-0.04529015953236293,sl,False
ema_pullback,-1,2026-07-23 11:18:00+00:00,65645.4348,2026-07-23 11:23:00+00:00,65623.5617,5,0.08330015661650592,0.2,-0.1166998433834941,0.033320062646602366,tp1_partial,True
ema_pullback,-1,2026-07-23 11:18:00+00:00,65645.4348,2026-07-23 11:31:00+00:00,65588.5582,13,0.21660531373310365,0.2,0.016605313733103644,0.08664212549324146,tp2,False
ema_pullback,-1,2026-07-23 11:33:00+00:00,65572.4421,2026-07-23 11:40:00+00:00,65553.35468,7,0.07277226296867334,0.2,-0.12722773703132667,0.029108905187469336,tp1_partial,True
ema_pullback,-1,2026-07-23 11:33:00+00:00,65572.4421,2026-07-23 11:47:00+00:00,65521.15146000001,14,0.195549526437383,0.2,-0.004450473562617019,0.0782198105749532,tp2,False
ema_pullback,-1,2026-07-23 11:50:00+00:00,65523.54699,2026-07-23 11:50:00+00:00,65548.25417,0,-0.18853664930384983,0.4,-0.5885366493038499,-0.03770732986076997,sl,False
ema_pullback,-1,2026-07-23 11:56:00+00:00,65522.4471,2026-07-23 11:56:00+00:00,65520.75141999999,0,0.006469843828543764,0.2,-0.19353015617145625,0.0025879375314175057,tp1_partial,True
ema_pullback,-1,2026-07-23 11:56:00+00:00,65522.4471,2026-07-23 12:01:00+00:00,65505.84993,5,0.06332627494312626,0.2,-0.13667372505687375,0.025330509977250504,tp2,False
ema_pullback,-1,2026-07-23 12:06:00+00:00,65501.64918,2026-07-23 12:09:00+00:00,65468.146160000004,3,0.12787090256280442,0.2,-0.07212909743719559,0.05114836102512177,tp1_partial,True
ema_pullback,-1,2026-07-23 12:06:00+00:00,65501.64918,2026-07-23 12:16:00+00:00,65421.441490000005,10,0.30612851357217363,0.2,0.10612851357217362,0.12245140542886945,tp2,False
ema_pullback,-1,2026-07-23 12:17:00+00:00,65382.16113,2026-07-23 12:22:00+00:00,65483.04765,5,-0.7715141122316416,0.4,-1.1715141122316415,-0.1543028224463283,sl,False
ema_pullback,-1,2026-07-23 12:24:00+00:00,65438.05554,2026-07-23 12:24:00+00:00,65420.64140999999,0,0.0665290627002435,0.2,-0.1334709372997565,0.0266116250800974,tp1_partial,True
ema_pullback,-1,2026-07-23 12:24:00+00:00,65438.05554,2026-07-23 12:28:00+00:00,65390.03834999999,4,0.18344520479623982,0.2,-0.016554795203760186,0.07337808191849593,tp2,False
ema_pullback,-1,2026-07-23 12:29:00+00:00,65376.4617,2026-07-23 12:31:00+00:00,65346.03395,2,0.11635590703742982,0.2,-0.0836440929625702,0.04654236281497193,tp1_partial,True
ema_pullback,-1,2026-07-23 12:29:00+00:00,65376.4617,2026-07-23 12:33:00+00:00,65302.42959,4,0.28309925344277564,0.2,0.08309925344277563,0.11323970137711026,tp2,False
ema_pullback,-1,2026-07-23 12:59:00+00:00,65108.78847000001,2026-07-23 13:00:00+00:00,65194.5188,1,-0.6583621966755882,0.4,-1.058362196675588,-0.13167243933511763,sl,False
ema_pullback,-1,2026-07-23 13:03:00+00:00,65145.88476,2026-07-23 13:04:00+00:00,65127.41209,1,0.07088962744175586,0.2,-0.12911037255824415,0.028355850976702346,tp1_partial,True
ema_pullback,-1,2026-07-23 13:03:00+00:00,65145.88476,2026-07-23 13:05:00+00:00,65095.90894,2,0.19178425538354804,0.2,-0.00821574461645197,0.07671370215341922,tp2,False
ema_pullback,-1,2026-07-23 13:09:00+00:00,65033.496,2026-07-23 13:19:00+00:00,64982.79763,10,0.1948932977553497,0.2,-0.0051067022446503185,0.07795731910213988,tp1_partial,True
ema_pullback,-1,2026-07-23 13:09:00+00:00,65033.496,2026-07-23 13:32:00+00:00,65110.01035,23,-0.2941343873009705,0.2,-0.49413438730097053,-0.11765375492038821,sl,False
ema_pullback,-1,2026-07-23 13:37:00+00:00,65056.993650000004,2026-07-23 13:38:00+00:00,64999.499299999996,1,0.22093839099499024,0.2,0.02093839099499023,0.0883753563979961,tp1_partial,True
ema_pullback,-1,2026-07-23 13:37:00+00:00,65056.993650000004,2026-07-23 13:47:00+00:00,64928.992249999996,10,0.49188178248998904,0.2,0.29188178248998903,0.19675271299599562,tp2,False
ema_pullback,-1,2026-07-23 13:58:00+00:00,64936.80567,2026-07-23 13:58:00+00:00,64893.08866000001,0,0.16830597666814273,0.2,-0.03169402333185728,0.06732239066725709,tp1_partial,True
ema_pullback,-1,2026-07-23 13:58:00+00:00,64936.80567,2026-07-23 14:02:00+00:00,64836.382990000006,4,0.38661695383634953,0.2,0.18661695383634952,0.1546467815345398,tp2,False
ema_pullback,-1,2026-07-23 14:04:00+00:00,64880.111339999996,2026-07-23 14:04:00+00:00,64935.19287,0,-0.4244870181506766,0.4,-0.8244870181506766,-0.08489740363013532,sl,False
ema_pullback,-1,2026-07-23 14:09:00+00:00,64877.711579999996,2026-07-23 14:09:00+00:00,64829.482299999996,0,0.18584687570449843,0.2,-0.014153124295501585,0.07433875028179937,tp1_partial,True
ema_pullback,-1,2026-07-23 14:09:00+00:00,64877.711579999996,2026-07-23 14:10:00+00:00,64951.69452,1,-0.2850861189392373,0.2,-0.4850861189392373,-0.11403444757569492,sl,False
ema_pullback,-1,2026-07-23 14:29:00+00:00,65075.79177,2026-07-23 14:30:00+00:00,65142.21357,1,-0.5103418505820745,0.4,-0.9103418505820745,-0.1020683701164149,sl,False
ema_pullback,-1,2026-07-23 14:32:00+00:00,65071.99215,2026-07-23 14:33:00+00:00,65025.70192000001,1,0.17784237300313976,0.2,-0.022157626996860247,0.0711369492012559,tp1_partial,True
ema_pullback,-1,2026-07-23 14:32:00+00:00,65071.99215,2026-07-23 14:37:00+00:00,65144.11376,5,-0.27708391743158645,0.2,-0.47708391743158646,-0.11083356697263458,sl,False
ema_pullback,-1,2026-07-23 14:42:00+00:00,65064.692879999995,2026-07-23 14:42:00+00:00,65036.002949999995,0,0.11023616930350144,0.2,-0.08976383069649857,0.044094467721400576,tp1_partial,True
ema_pullback,-1,2026-07-23 14:42:00+00:00,65064.692879999995,2026-07-23 14:45:00+00:00,64994.29877999999,3,0.27047733910706695,0.2,0.07047733910706694,0.10819093564282678,tp2,False
ema_pullback,-1,2026-07-23 15:02:00+00:00,64846.91466,2026-07-23 15:06:00+00:00,64825.98195,4,0.08070048555799958,0.2,-0.11929951444200043,0.03228019422319983,tp1_partial,True
ema_pullback,-1,2026-07-23 15:02:00+00:00,64846.91466,2026-07-23 15:10:00+00:00,64792.078559999994,8,0.21140597161606323,0.2,0.011405971616063215,0.08456238864642529,tp2,False
ema_pullback,-1,2026-07-23 15:23:00+00:00,64817.01765,2026-07-23 15:40:00+00:00,64952.19457,17,-1.0427579430599687,0.4,-1.4427579430599686,-0.20855158861199374,sl,False
ema_pullback,-1,2026-07-23 15:44:00+00:00,64895.30982,2026-07-23 15:44:00+00:00,64893.288680000005,0,0.007786155908656722,0.2,-0.1922138440913433,0.003114462363462689,tp1_partial,True
ema_pullback,-1,2026-07-23 15:44:00+00:00,64895.30982,2026-07-23 15:45:00+00:00,64878.28718,1,0.06557731231740527,0.2,-0.13442268768259474,0.026230924926962107,tp2,False
ema_pullback,-1,2026-07-23 15:54:00+00:00,64920.20733,2026-07-23 15:54:00+00:00,64940.09336,0,-0.1531574745203823,0.4,-0.5531574745203823,-0.03063149490407646,sl,False
ema_pullback,-1,2026-07-23 15:59:00+00:00,64931.306220000006,2026-07-23 15:59:00+00:00,64938.893240000005,0,-0.029211717897270617,0.2,-0.22921171789727063,-0.011684687158908247,tp1_partial,True
ema_pullback,-1,2026-07-23 15:59:00+00:00,64931.306220000006,2026-07-23 16:00:00+00:00,64933.49270000002,1,-0.008418435294532678,0.2,-0.2084184352945327,-0.003367374117813071,tp2,False
ema_pullback,-1,2026-07-23 16:01:00+00:00,64916.40771,2026-07-23 16:01:00+00:00,64911.59051,0,0.018551550254902738,0.2,-0.18144844974509727,0.007420620101961095,tp1_partial,True
ema_pullback,-1,2026-07-23 16:01:00+00:00,64916.40771,2026-07-23 16:02:00+00:00,64893.88874000001,1,0.08672295184827816,0.2,-0.11327704815172185,0.034689180739311265,tp2,False
ema_pullback,-1,2026-07-23 16:14:00+00:00,64826.31672,2026-07-23 16:18:00+00:00,64785.077860000005,4,0.15903595208915933,0.2,-0.040964047910840684,0.06361438083566373,tp1_partial,True
ema_pullback,-1,2026-07-23 16:14:00+00:00,64826.31672,2026-07-23 16:32:00+00:00,64730.87244000001,18,0.3680769046784105,0.2,0.16807690467841047,0.1472307618713642,tp2,False
ema_pullback,-1,2026-07-23 16:38:00+00:00,64735.42581,2026-07-23 16:38:00+00:00,64761.575509999995,0,-0.20197364636742599,0.4,-0.601973646367426,-0.0403947292734852,sl,False
ema_pullback,-1,2026-07-23 16:41:00+00:00,64727.5266,2026-07-23 16:42:00+00:00,64709.37029,1,0.07012592228419767,0.2,-0.12987407771580234,0.02805036891367907,tp1_partial,True
ema_pullback,-1,2026-07-23 16:41:00+00:00,64727.5266,2026-07-23 16:56:00+00:00,64771.57651,15,-0.17013592328429805,0.2,-0.37013592328429806,-0.06805436931371922,sl,False
ema_pullback,-1,2026-07-23 17:00:00+00:00,64725.02685,2026-07-23 17:16:00+00:00,64805.57991,16,-0.6222713525224632,0.4,-1.0222713525224632,-0.12445427050449265,sl,False
ema_pullback,-1,2026-07-23 17:17:00+00:00,64735.62579,2026-07-23 17:23:00+00:00,64816.481,6,-0.6245031928964195,0.4,-1.0245031928964194,-0.1249006385792839,sl,False
ema_pullback,-1,2026-07-23 17:31:00+00:00,64808.118539999996,2026-07-23 17:31:00+00:00,64834.38279,0,-0.20263086316718582,0.4,-0.6026308631671858,-0.04052617263343716,sl,False
ema_pullback,-1,2026-07-23 17:36:00+00:00,64804.81887,2026-07-23 17:56:00+00:00,64765.27588,20,0.15254648762819123,0.2,-0.04745351237180878,0.06101859505127649,tp1_partial,True
ema_pullback,-1,2026-07-23 17:36:00+00:00,64804.81887,2026-07-23 17:58:00+00:00,64712.77063,22,0.3550979757564465,0.2,0.15509797575644652,0.1420391903025786,tp2,False
ema_pullback,-1,2026-07-23 18:12:00+00:00,64715.327820000006,2026-07-23 18:12:00+00:00,64748.97425,0,-0.25995719355376146,0.4,-0.6599571935537615,-0.05199143871075229,sl,False
ema_pullback,-1,2026-07-23 18:14:00+00:00,64721.12724,2026-07-23 18:16:00+00:00,64751.4745,2,-0.23444631833635654,0.4,-0.6344463183363566,-0.04688926366727131,sl,False
ema_pullback,-1,2026-07-23 18:18:00+00:00,64705.92876,2026-07-23 18:18:00+00:00,64741.77353,0,-0.27698211498472514,0.4,-0.6769821149847252,-0.05539642299694503,sl,False
ema_pullback,-1,2026-07-23 18:19:00+00:00,64688.33052,2026-07-23 18:25:00+00:00,64751.37449,6,-0.48729013017667633,0.4,-0.8872901301766764,-0.09745802603533527,sl,False
ema_pullback,-1,2026-07-23 18:39:00+00:00,64796.819670000004,2026-07-23 18:40:00+00:00,64789.978350000005,1,0.026395276939678025,0.2,-0.17360472306032199,0.01055811077587121,tp1_partial,True
ema_pullback,-1,2026-07-23 18:39:00+00:00,64796.819670000004,2026-07-23 18:41:00+00:00,64770.17637000001,2,0.10279555437939236,0.2,-0.09720444562060765,0.041118221751756945,tp2,False
ema_pullback,-1,2026-07-23 18:42:00+00:00,64756.723679999996,2026-07-23 18:45:00+00:00,64809.38029,3,-0.40657253029208196,0.4,-0.806572530292082,-0.08131450605841639,sl,False
ema_pullback,-1,2026-07-23 18:55:00+00:00,64845.5148,2026-07-23 19:12:00+00:00,64798.37919,17,0.18172270721181216,0.2,-0.01827729278818785,0.07268908288472486,tp1_partial,True
ema_pullback,-1,2026-07-23 18:55:00+00:00,64845.5148,2026-07-23 19:13:00+00:00,64738.273180000004,18,0.41345041492366064,0.2,0.21345041492366063,0.16538016596946425,tp2,False
ema_pullback,-1,2026-07-23 19:19:00+00:00,64794.31992,2026-07-23 19:20:00+00:00,64775.07686000001,1,0.07424670875375017,0.2,-0.12575329124624984,0.029698683501500067,tp1_partial,True
ema_pullback,-1,2026-07-23 19:19:00+00:00,64794.31992,2026-07-23 19:25:00+00:00,64839.4833,6,-0.17425670975390606,0.2,-0.37425670975390607,-0.06970268390156242,sl,False
ema_pullback,-1,2026-07-23 19:36:00+00:00,64843.61499,2026-07-23 19:38:00+00:00,64828.282179999995,2,0.05911457127416586,0.2,-0.14088542872583415,0.023645828509666345,tp1_partial,True
ema_pullback,-1,2026-07-23 19:36:00+00:00,64843.61499,2026-07-23 19:39:00+00:00,64799.979349999994,3,0.1682341430483958,0.2,-0.03176585695160422,0.06729365721935832,tp2,False
ema_pullback,-1,2026-07-23 19:55:00+00:00,64693.829970000006,2026-07-23 19:55:00+00:00,64743.57371,0,-0.38445505562945126,0.4,-0.7844550556294513,-0.07689101112589025,sl,False
ema_pullback,-1,2026-07-23 20:32:00+00:00,65115.4878,2026-07-23 20:32:00+00:00,65109.11026,0,0.024485495753290287,0.2,-0.17551450424670972,0.009794198301316115,tp1_partial,True
ema_pullback,-1,2026-07-23 20:32:00+00:00,65115.4878,2026-07-23 20:40:00+00:00,65089.70832,8,0.09897599200664464,0.2,-0.10102400799335537,0.03959039680265786,tp2,False
ema_pullback,-1,2026-07-23 20:43:00+00:00,65073.39201,2026-07-23 20:43:00+00:00,65107.5101,0,-0.2621508495727065,0.4,-0.6621508495727065,-0.0524301699145413,sl,False
ema_pullback,-1,2026-07-23 20:47:00+00:00,65090.29032,2026-07-23 20:47:00+00:00,65101.00945,0,-0.04117023425193045,0.2,-0.24117023425193046,-0.01646809370077218,tp1_partial,True
ema_pullback,-1,2026-07-23 20:47:00+00:00,65090.29032,2026-07-23 20:48:00+00:00,65098.609209999995,1,-0.0319513477320954,0.2,-0.23195134773209541,-0.012780539092838161,tp2,False
ema_pullback,-1,2026-07-23 20:52:00+00:00,65094.08994,2026-07-23 20:55:00+00:00,65124.81183,3,-0.2359806399345743,0.4,-0.6359806399345743,-0.04719612798691486,sl,False
ema_pullback,-1,2026-07-23 21:05:00+00:00,65118.68748,2026-07-23 21:07:00+00:00,65111.210470000005,2,0.028705315975124934,0.2,-0.17129468402487508,0.011482126390049974,tp1_partial,True
ema_pullback,-1,2026-07-23 21:05:00+00:00,65118.68748,2026-07-23 21:08:00+00:00,65090.60841000001,3,0.10779958521359156,0.2,-0.09220041478640845,0.043119834085436626,tp2,False
ema_pullback,-1,2026-07-23 21:32:00+00:00,65067.29262,2026-07-23 21:37:00+00:00,65066.20597,5,0.004175100715902991,0.2,-0.19582489928409702,0.0016700402863611963,tp1_partial,True
ema_pullback,-1,2026-07-23 21:32:00+00:00,65067.29262,2026-07-23 21:38:00+00:00,65052.10456000001,6,0.05835520193184229,0.2,-0.14164479806815772,0.023342080772736917,tp2,False
ema_pullback,-1,2026-07-23 21:42:00+00:00,65033.995950000004,2026-07-23 21:45:00+00:00,65077.80713,3,-0.3368329083890398,0.4,-0.7368329083890398,-0.06736658167780796,sl,False
ema_pullback,-1,2026-07-23 21:54:00+00:00,65099.689379999996,2026-07-23 21:59:00+00:00,65133.812730000005,5,-0.26208535190408444,0.4,-0.6620853519040845,-0.05241707038081689,sl,False
ema_pullback,-1,2026-07-23 22:02:00+00:00,65105.28882,2026-07-23 22:05:00+00:00,65154.41479,3,-0.37728094668176837,0.4,-0.7772809466817684,-0.07545618933635367,sl,False
ema_pullback,-1,2026-07-23 22:10:00+00:00,65125.58679,2026-07-23 22:10:00+00:00,65109.61031,0,0.06132950498979883,0.2,-0.13867049501020118,0.024531801995919533,tp1_partial,True
ema_pullback,-1,2026-07-23 22:10:00+00:00,65125.58679,2026-07-23 22:11:00+00:00,65080.60741,1,0.17266401047963398,0.2,-0.027335989520366033,0.06906560419185359,tp2,False
ema_pullback,-1,2026-07-23 22:30:00+00:00,65104.58889,2026-07-23 22:30:00+00:00,65149.31428,0,-0.34348876755496693,0.4,-0.743488767554967,-0.06869775351099339,sl,False
ema_pullback,-1,2026-07-23 22:41:00+00:00,65141.08524,2026-07-23 22:43:00+00:00,65187.81813,2,-0.35870518450697997,0.4,-0.75870518450698,-0.071741036901396,sl,False
ema_pullback,-1,2026-07-23 22:46:00+00:00,65145.4848,2026-07-23 22:52:00+00:00,65138.213169999995,6,0.02790534916705112,0.2,-0.1720946508329489,0.011162139666820448,tp1_partial,True
ema_pullback,-1,2026-07-23 22:46:00+00:00,65145.4848,2026-07-23 22:53:00+00:00,65117.91114,7,0.10581569883413855,0.2,-0.09418430116586146,0.04232627953365542,tp2,False
ema_pullback,-1,2026-07-23 23:05:00+00:00,65149.18443,2026-07-23 23:05:00+00:00,65169.81633,0,-0.15834350176835432,0.4,-0.5583435017683543,-0.031668700353670864,sl,False
ema_pullback,-1,2026-07-23 23:10:00+00:00,65133.486,2026-07-23 23:21:00+00:00,65184.317780000005,11,-0.3902123402392821,0.4,-0.7902123402392821,-0.07804246804785642,sl,False
ema_pullback,-1,2026-07-23 23:24:00+00:00,65139.38541,2026-07-23 23:27:00+00:00,65134.31278,3,0.01946836759386672,0.2,-0.1805316324061333,0.007787347037546688,tp1_partial,True
ema_pullback,-1,2026-07-23 23:24:00+00:00,65139.38541,2026-07-23 23:34:00+00:00,65170.316380000004,10,-0.11871070706809261,0.2,-0.3187107070680926,-0.047484282827237045,sl,False
ema_pullback,-1,2026-07-23 23:40:00+00:00,65151.18423,2026-07-23 23:40:00+00:00,65143.813729999994,0,0.028282294815940023,0.2,-0.17171770518406,0.01131291792637601,tp1_partial,True
ema_pullback,-1,2026-07-23 23:40:00+00:00,65151.18423,2026-07-23 23:47:00+00:00,65123.41168999999,7,0.10656959013194411,0.2,-0.0934304098680559,0.042627836052777646,tp2,False
ema_pullback,-1,2026-07-23 23:48:00+00:00,65107.488600000004,2026-07-23 23:50:00+00:00,65098.10916,2,0.03601521192758694,0.2,-0.16398478807241307,0.014406084771034777,tp1_partial,True
ema_pullback,-1,2026-07-23 23:48:00+00:00,65107.488600000004,2026-07-23 23:51:00+00:00,65075.70692,3,0.12203542435518244,0.2,-0.07796457564481757,0.04881416974207298,tp2,False
ema_pullback,-1,2026-07-24 00:01:00+00:00,65053.993950000004,2026-07-24 00:01:00+00:00,65043.303680000005,0,0.041082296992456246,0.2,-0.15891770300754376,0.0164329187969825,tp1_partial,True
ema_pullback,-1,2026-07-24 00:01:00+00:00,65053.993950000004,2026-07-24 00:04:00+00:00,65019.70132,3,0.13178525989643308,0.2,-0.06821474010356693,0.05271410395857323,tp2,False
ema_pullback,-1,2026-07-24 00:18:00+00:00,64886.11074,2026-07-24 00:22:00+00:00,64934.4928,4,-0.3728229311961151,0.4,-0.7728229311961151,-0.07456458623922302,sl,False
ema_pullback,-1,2026-07-24 00:26:00+00:00,64878.21153,2026-07-24 00:32:00+00:00,64840.783429999996,6,0.14422445963502284,0.2,-0.05577554036497717,0.057689783854009136,tp1_partial,True
ema_pullback,-1,2026-07-24 00:26:00+00:00,64878.21153,2026-07-24 00:33:00+00:00,64790.37838999999,7,0.33845391977010975,0.2,0.13845391977010973,0.1353815679080439,tp2,False
ema_pullback,-1,2026-07-24 00:38:00+00:00,64834.5159,2026-07-24 00:38:00+00:00,64813.78073,0,0.07995421000744907,0.2,-0.12004578999255094,0.03198168400297963,tp1_partial,True
ema_pullback,-1,2026-07-24 00:38:00+00:00,64834.5159,2026-07-24 00:39:00+00:00,64780.07736,1,0.20991342051493445,0.2,0.009913420514934435,0.08396536820597378,tp2,False
ema_pullback,-1,2026-07-24 00:55:00+00:00,64883.21103,2026-07-24 00:56:00+00:00,64915.19087,1,-0.24644156394493244,0.4,-0.6464415639449325,-0.04928831278898649,sl,False
ema_pullback,-1,2026-07-24 01:12:00+00:00,65004.798870000006,2026-07-24 01:15:00+00:00,64989.29828,3,0.05961325267309081,0.2,-0.1403867473269092,0.023845301069236324,tp1_partial,True
ema_pullback,-1,2026-07-24 01:12:00+00:00,65004.798870000006,2026-07-24 01:25:00+00:00,65046.504,13,-0.1603925045726151,0.2,-0.3603925045726151,-0.06415700182904605,sl,False
ema_pullback,-1,2026-07-24 01:30:00+00:00,64996.09974,2026-07-24 01:33:00+00:00,65087.60811,3,-0.7039527784440391,0.4,-1.103952778444039,-0.14079055568880783,sl,False
ema_pullback,-1,2026-07-24 01:45:00+00:00,65064.39291,2026-07-24 02:10:00+00:00,65117.71112,25,-0.40973416960754516,0.4,-0.8097341696075452,-0.08194683392150903,sl,False
ema_pullback,-1,2026-07-24 02:17:00+00:00,65081.59119,2026-07-24 02:24:00+00:00,65138.313180000005,7,-0.4357759925875948,0.4,-0.8357759925875948,-0.08715519851751896,sl,False
ema_pullback,-1,2026-07-24 02:29:00+00:00,65106.58869,2026-07-24 02:30:00+00:00,65098.209169999995,1,0.03217615977355037,0.2,-0.16782384022644964,0.012870463909420149,tp1_partial,True
ema_pullback,-1,2026-07-24 02:29:00+00:00,65106.58869,2026-07-24 02:31:00+00:00,65076.90703999999,2,0.11397329593373917,0.2,-0.08602670406626084,0.04558931837349567,tp2,False
ema_pullback,-1,2026-07-24 02:47:00+00:00,65002.09914,2026-07-24 02:47:00+00:00,64994.298780000005,0,0.030000415768088873,0.2,-0.16999958423191114,0.012000166307235549,tp1_partial,True
ema_pullback,-1,2026-07-24 02:47:00+00:00,65002.09914,2026-07-24 02:48:00+00:00,64973.596710000005,1,0.10962119061189157,0.2,-0.09037880938810844,0.04384847624475663,tp2,False
ema_pullback,-1,2026-07-24 03:24:00+00:00,65278.371510000004,2026-07-24 03:27:00+00:00,65360.635409999995,3,-0.6301007370211886,0.4,-1.0301007370211885,-0.12602014740423773,sl,False
ema_pullback,-1,2026-07-24 03:30:00+00:00,65290.27032,2026-07-24 03:30:00+00:00,65330.43239,0,-0.3075655055734261,0.4,-0.7075655055734261,-0.06151310111468522,sl,False
ema_pullback,-1,2026-07-24 03:33:00+00:00,65293.569989999996,2026-07-24 03:33:00+00:00,65275.726919999994,0,0.06831863383613412,0.2,-0.1316813661638659,0.02732745353445365,tp1_partial,True
ema_pullback,-1,2026-07-24 03:33:00+00:00,65293.569989999996,2026-07-24 03:42:00+00:00,65337.333080000004,9,-0.16756278607032993,0.2,-0.36756278607032994,-0.06702511442813197,sl,False
ema_pullback,-1,2026-07-24 03:54:00+00:00,65379.86136,2026-07-24 03:56:00+00:00,65422.94164,2,-0.3294613899743615,0.4,-0.7294613899743615,-0.0658922779948723,sl,False
ema_pullback,-1,2026-07-24 04:01:00+00:00,65390.960250000004,2026-07-24 04:11:00+00:00,65361.5355,10,0.11249548059666381,0.2,-0.0875045194033362,0.044998192238665524,tp1_partial,True
ema_pullback,-1,2026-07-24 04:01:00+00:00,65390.960250000004,2026-07-24 04:21:00+00:00,65319.03125,20,0.27499596169336393,0.2,0.07499596169336392,0.10999838467734557,tp2,False
ema_pullback,-1,2026-07-24 04:31:00+00:00,65348.264520000004,2026-07-24 04:33:00+00:00,65389.638309999995,2,-0.3165638009202665,0.4,-0.7165638009202665,-0.0633127601840533,sl,False
ema_pullback,-1,2026-07-24 04:35:00+00:00,65343.465000000004,2026-07-24 04:35:00+00:00,65320.5314,0,0.08774251564408475,0.2,-0.11225748435591526,0.0350970062576339,tp1_partial,True
ema_pullback,-1,2026-07-24 04:35:00+00:00,65343.465000000004,2026-07-24 04:40:00+00:00,65284.527799999996,5,0.2254900317882058,0.2,0.025490031788205803,0.09019601271528233,tp2,False
ema_pullback,-1,2026-07-24 04:47:00+00:00,65298.86946,2026-07-24 04:51:00+00:00,65287.228070000005,4,0.04456964606075475,0.2,-0.15543035393924526,0.0178278584243019,tp1_partial,True
ema_pullback,-1,2026-07-24 04:47:00+00:00,65298.86946,2026-07-24 04:57:00+00:00,65262.62561,10,0.13876139931565112,0.2,-0.06123860068434889,0.05550455972626045,tp2,False
ema_pullback,-1,2026-07-24 05:01:00+00:00,65246.4747,2026-07-24 05:02:00+00:00,65227.5221,1,0.07261924911322604,0.2,-0.12738075088677397,0.029047699645290415,tp1_partial,True
ema_pullback,-1,2026-07-24 05:01:00+00:00,65246.4747,2026-07-24 05:06:00+00:00,65291.328480000004,5,-0.1718628485532503,0.2,-0.3718628485532503,-0.06874513942130012,sl,False
ema_pullback,-1,2026-07-24 05:15:00+00:00,65312.16813,2026-07-24 05:17:00+00:00,65338.23317,2,-0.19954199000193906,0.4,-0.5995419900019391,-0.03990839800038781,sl,False
ema_pullback,-1,2026-07-24 05:19:00+00:00,65318.56749,2026-07-24 05:22:00+00:00,65312.030549999996,3,0.02501945561270147,0.2,-0.17498054438729854,0.010007782245080588,tp1_partial,True
ema_pullback,-1,2026-07-24 05:19:00+00:00,65318.56749,2026-07-24 05:32:00+00:00,65292.42859,13,0.1000439117254115,0.2,-0.09995608827458852,0.0400175646901646,tp2,False
ema_pullback,-1,2026-07-24 05:44:00+00:00,65241.87516,2026-07-24 05:44:00+00:00,65266.526,0,-0.18891884958505134,0.4,-0.5889188495850514,-0.03778376991701027,sl,False
ema_pullback,-1,2026-07-24 05:51:00+00:00,65255.67378,2026-07-24 06:00:00+00:00,65291.328480000004,9,-0.273192336655792,0.4,-0.673192336655792,-0.0546384673311584,sl,False
ema_pullback,-1,2026-07-24 06:01:00+00:00,65251.37421,2026-07-24 06:04:00+00:00,65292.5286,3,-0.31535266880011736,0.4,-0.7153526688001174,-0.06307053376002347,sl,False
ema_pullback,-1,2026-07-24 06:06:00+00:00,65250.274320000004,2026-07-24 06:09:00+00:00,65294.5288,3,-0.33911336359260247,0.4,-0.7391133635926025,-0.0678226727185205,sl,False
ema_pullback,1,2026-07-24 06:20:00+00:00,65470.04635,2026-07-24 07:09:00+00:00,65560.64328,49,0.3459480138278681,0.2,0.1459480138278681,0.13837920553114724,tp1_partial,True
ema_pullback,1,2026-07-24 06:20:00+00:00,65470.04635,2026-07-24 07:10:00+00:00,65664.23292,50,0.7415092123269629,0.2,0.5415092123269629,0.29660368493078515,tp2,False
ema_pullback,1,2026-07-24 07:20:00+00:00,65700.46939,2026-07-24 07:21:00+00:00,65661.63318,1,-0.2955550421524511,0.4,-0.6955550421524511,-0.05911100843049022,sl,False
ema_pullback,1,2026-07-24 07:23:00+00:00,65695.5689,2026-07-24 07:23:00+00:00,65675.63178,0,-0.1517386966414236,0.4,-0.5517386966414236,-0.030347739328284717,sl,False
ema_pullback,1,2026-07-24 07:32:00+00:00,65630.36238,2026-07-24 07:32:00+00:00,65656.83366,0,0.1008347319748637,0.2,-0.09916526802513631,0.04033389278994548,tp1_partial,True
ema_pullback,1,2026-07-24 07:32:00+00:00,65630.36238,2026-07-24 07:34:00+00:00,65577.64158,2,-0.20082473297480807,0.2,-0.4008247329748081,-0.08032989318992323,sl,False
ema_pullback,-1,2026-07-24 07:51:00+00:00,65383.860960000005,2026-07-24 07:52:00+00:00,65429.94234,1,-0.35239108950901876,0.4,-0.7523910895090188,-0.07047821790180375,sl,False
ema_pullback,1,2026-07-24 08:09:00+00:00,65443.5437,2026-07-24 08:09:00+00:00,65451.35421,0,0.029836824071594048,0.2,-0.17016317592840596,0.01193472962863762,tp1_partial,True
ema_pullback,1,2026-07-24 08:09:00+00:00,65443.5437,2026-07-24 08:11:00+00:00,65409.75837,2,-0.1290628841665309,0.2,-0.3290628841665309,-0.051625153666612356,sl,False
ema_pullback,-1,2026-07-24 08:12:00+00:00,65408.65848,2026-07-24 08:16:00+00:00,65444.44379,4,-0.2735517806938814,0.4,-0.6735517806938814,-0.054710356138776284,sl,False
ema_pullback,1,2026-07-24 08:17:00+00:00,65455.74492,2026-07-24 08:19:00+00:00,65396.75967000001,2,-0.4505735139985201,0.4,-0.8505735139985201,-0.09011470279970402,sl,False
ema_pullback,-1,2026-07-24 08:29:00+00:00,65336.4657,2026-07-24 08:29:00+00:00,65356.534999999996,0,-0.1535842181312752,0.4,-0.5535842181312752,-0.03071684362625504,sl,False
ema_pullback,-1,2026-07-24 08:36:00+00:00,65356.56369,2026-07-24 08:36:00+00:00,65381.63751,0,-0.19182327362654572,0.4,-0.5918232736265457,-0.038364654725309144,sl,False
ema_pullback,-1,2026-07-24 08:47:00+00:00,65393.55999,2026-07-24 08:47:00+00:00,65412.44059,0,-0.14436131021833276,0.4,-0.5443613102183328,-0.028872262043666552,sl,False
ema_pullback,-1,2026-07-24 08:49:00+00:00,65388.86046,2026-07-24 08:51:00+00:00,65392.33858,2,-0.013297830760206075,0.2,-0.2132978307602061,-0.00531913230408243,tp1_partial,True
ema_pullback,-1,2026-07-24 08:49:00+00:00,65388.86046,2026-07-24 08:52:00+00:00,65382.637610000005,3,0.023791705331094315,0.2,-0.1762082946689057,0.009516682132437726,tp2,False
ema_pullback,-1,2026-07-24 09:27:00+00:00,64967.30262,2026-07-24 09:28:00+00:00,64959.79533,1,0.028888724393827392,0.2,-0.17111127560617262,0.011555489757530957,tp1_partial,True
ema_pullback,-1,2026-07-24 09:27:00+00:00,64967.30262,2026-07-24 09:34:00+00:00,64939.293280000005,7,0.10778244928771885,0.2,-0.09221755071228116,0.04311297971508754,tp2,False
ema_pullback,-1,2026-07-24 09:36:00+00:00,64944.00495,2026-07-24 09:37:00+00:00,64985.4979,1,-0.31945173408953753,0.4,-0.7194517340895376,-0.0638903468179075,sl,False
ema_pullback,-1,2026-07-24 09:39:00+00:00,64954.60389,2026-07-24 09:39:00+00:00,64995.89894,0,-0.3178762360704912,0.4,-0.7178762360704912,-0.06357524721409824,sl,False
ema_pullback,-1,2026-07-24 09:58:00+00:00,65073.492,2026-07-24 10:00:00+00:00,65102.10956,2,-0.21988646313919613,0.4,-0.6198864631391962,-0.043977292627839226,sl,False
ema_pullback,-1,2026-07-24 10:02:00+00:00,65075.291820000006,2026-07-24 10:06:00+00:00,65056.90503999999,4,0.07063656376246619,0.2,-0.12936343623753382,0.028254625504986475,tp1_partial,True
ema_pullback,-1,2026-07-24 10:02:00+00:00,65075.291820000006,2026-07-24 10:09:00+00:00,65025.60190999999,7,0.19089391922152976,0.2,-0.009106080778470249,0.0763575676886119,tp2,False
ema_pullback,-1,2026-07-24 10:12:00+00:00,65009.59839,2026-07-24 10:12:00+00:00,64991.898539999995,0,0.06806629497163597,0.2,-0.13193370502836405,0.027226517988654386,tp1_partial,True
ema_pullback,-1,2026-07-24 10:12:00+00:00,65009.59839,2026-07-24 10:17:00+00:00,64961.09545999999,5,0.18652218749698468,0.2,-0.01347781250301533,0.07460887499879387,tp2,False
ema_pullback,-1,2026-07-24 10:26:00+00:00,64964.60289,2026-07-24 10:26:00+00:00,64991.198469999996,0,-0.2046928543919524,0.4,-0.6046928543919524,-0.04093857087839048,sl,False
ema_pullback,-1,2026-07-24 10:35:00+00:00,64981.30122,2026-07-24 10:51:00+00:00,64968.39619000001,16,0.04964901347659367,0.2,-0.15035098652340634,0.01985960539063747,tp1_partial,True
ema_pullback,-1,2026-07-24 10:35:00+00:00,64981.30122,2026-07-24 10:52:00+00:00,64942.493600000016,17,0.14930302745322366,0.2,-0.05069697254677635,0.05972121098128946,tp2,False
ema_pullback,-1,2026-07-24 11:01:00+00:00,64896.00975,2026-07-24 11:02:00+00:00,64934.29278,1,-0.29495673268264966,0.4,-0.6949567326826497,-0.05899134653652993,sl,False
ema_pullback,-1,2026-07-24 11:10:00+00:00,64937.60559,2026-07-24 11:12:00+00:00,64981.697519999994,2,-0.33949457790594106,0.4,-0.7394945779059411,-0.06789891558118821,sl,False
ema_pullback,-1,2026-07-24 11:15:00+00:00,64962.203129999994,2026-07-24 11:15:00+00:00,64995.4989,0,-0.25627032640329617,0.4,-0.6562703264032962,-0.05125406528065923,sl,False
ema_pullback,-1,2026-07-24 11:21:00+00:00,64985.200829999994,2026-07-24 11:21:00+00:00,65010.60041,0,-0.1954258790893837,0.4,-0.5954258790893837,-0.03908517581787674,sl,False
ema_pullback,-1,2026-07-24 11:26:00+00:00,64989.800370000004,2026-07-24 11:27:00+00:00,65024.30178,1,-0.26543711323601116,0.4,-0.6654371132360112,-0.05308742264720223,sl,False
ema_pullback,-1,2026-07-24 11:30:00+00:00,64991.40021,2026-07-24 11:32:00+00:00,64981.79753,2,0.03693827171352693,0.2,-0.16306172828647308,0.01477530868541077,tp1_partial,True
ema_pullback,-1,2026-07-24 11:30:00+00:00,64991.40021,2026-07-24 11:33:00+00:00,65026.80203,3,-0.1361788632250338,0.2,-0.3361788632250338,-0.05447154529001352,sl,False
ema_pullback,-1,2026-07-24 11:34:00+00:00,64980.80127,2026-07-24 11:35:00+00:00,64954.59481,1,0.10082385676929428,0.2,-0.09917614323070573,0.040329542707717714,tp1_partial,True
ema_pullback,-1,2026-07-24 11:34:00+00:00,64980.80127,2026-07-24 11:44:00+00:00,64915.39089000001,10,0.2516527140385971,0.2,0.051652714038597114,0.10066108561543885,tp2,False
ema_pullback,-1,2026-07-24 12:03:00+00:00,64990.60029,2026-07-24 12:05:00+00:00,64968.196169999996,2,0.08618215518874095,0.2,-0.11381784481125906,0.03447286207549638,tp1_partial,True
ema_pullback,-1,2026-07-24 12:03:00+00:00,64990.60029,2026-07-24 12:09:00+00:00,65038.803230000005,6,-0.18542273723010094,0.2,-0.38542273723010095,-0.07416909489204038,sl,False
ema_pullback,-1,2026-07-24 12:16:00+00:00,65023.297020000005,2026-07-24 12:16:00+00:00,65025.10186,0,-0.00693920518762825,0.2,-0.20693920518762826,-0.0027756820750513,tp1_partial,True
ema_pullback,-1,2026-07-24 12:16:00+00:00,65023.297020000005,2026-07-24 12:17:00+00:00,65047.5041,1,-0.09307079581238886,0.2,-0.2930707958123889,-0.037228318324955545,sl,False
ema_pullback,-1,2026-07-24 12:19:00+00:00,65014.39791,2026-07-24 12:23:00+00:00,65055.10486,4,-0.3130610396203659,0.4,-0.7130610396203659,-0.06261220792407318,sl,False
ema_pullback,-1,2026-07-24 12:29:00+00:00,65010.79827000001,2026-07-24 12:35:00+00:00,64968.996250000004,6,0.16075029499865168,0.2,-0.039249705001348334,0.06430011799946067,tp1_partial,True
ema_pullback,-1,2026-07-24 12:29:00+00:00,65010.79827000001,2026-07-24 12:43:00+00:00,64914.19077000001,14,0.37150559049733967,0.2,0.17150559049733965,0.14860223619893587,tp2,False
ema_pullback,-1,2026-07-24 12:57:00+00:00,64727.12664,2026-07-24 13:05:00+00:00,64618.76123,8,0.4185471209108005,0.2,0.21854712091080047,0.1674188483643202,tp1_partial,True
ema_pullback,-1,2026-07-24 12:57:00+00:00,64727.12664,2026-07-24 13:06:00+00:00,64497.349089999996,9,0.8874855177721241,0.2,0.6874855177721242,0.35499420710884966,tp2,False
ema_pullback,-1,2026-07-24 13:23:00+00:00,64419.5574,2026-07-24 13:23:00+00:00,64408.34019,0,0.04353184984781655,0.2,-0.15646815015218346,0.01741273993912662,tp1_partial,True
ema_pullback,-1,2026-07-24 13:23:00+00:00,64419.5574,2026-07-24 13:24:00+00:00,64384.23778,1,0.1370687001956694,0.2,-0.0629312998043306,0.054827480078267765,tp2,False
ema_pullback,-1,2026-07-24 13:25:00+00:00,64360.063350000004,2026-07-24 13:30:00+00:00,64303.4297,5,0.21998754760393924,0.2,0.019987547603939226,0.0879950190415757,tp1_partial,True
ema_pullback,-1,2026-07-24 13:25:00+00:00,64360.063350000004,2026-07-24 13:40:00+00:00,64233.82274,15,0.4903685741943775,0.2,0.2903685741943775,0.196147429677751,tp2,False
ema_pullback,-1,2026-07-24 13:48:00+00:00,64301.36922,2026-07-24 13:50:00+00:00,64225.02186000001,2,0.29683411460018627,0.2,0.09683411460018626,0.11873364584007451,tp1_partial,True
ema_pullback,-1,2026-07-24 13:48:00+00:00,64301.36922,2026-07-24 13:51:00+00:00,64135.81294000001,3,0.6436732297004366,0.2,0.4436732297004366,0.25746929188017464,tp2,False
ema_pullback,-1,2026-07-24 14:03:00+00:00,64045.69479,2026-07-24 14:03:00+00:00,64013.600719999995,0,0.1252780148034982,0.2,-0.0747219851965018,0.05011120592139928,tp1_partial,True
ema_pullback,-1,2026-07-24 14:03:00+00:00,64045.69479,2026-07-24 14:04:00+00:00,63968.696229999994,1,0.30056103010700497,0.2,0.10056103010700496,0.12022441204280199,tp2,False
ema_pullback,-1,2026-07-24 14:07:00+00:00,64021.29723,2026-07-24 14:07:00+00:00,64073.706730000005,0,-0.4093130119788846,0.4,-0.8093130119788846,-0.08186260239577692,sl,False
ema_pullback,-1,2026-07-24 14:13:00+00:00,64000.49931,2026-07-24 14:18:00+00:00,63859.585320000006,5,0.5504409790517695,0.2,0.35044097905176946,0.2201763916207078,tp1_partial,True
ema_pullback,-1,2026-07-24 14:13:00+00:00,64000.49931,2026-07-24 14:22:00+00:00,63705.96996,9,1.1504962975889543,0.2,0.9504962975889544,0.46019851903558173,tp2,False
ema_pullback,-1,2026-07-24 14:31:00+00:00,63772.02216,2026-07-24 14:35:00+00:00,63853.3847,4,-0.6379172029065128,0.4,-1.0379172029065127,-0.12758344058130255,sl,False
ema_pullback,-1,2026-07-24 14:38:00+00:00,63777.12165,2026-07-24 14:38:00+00:00,63837.683130000005,0,-0.47479000645678227,0.4,-0.8747900064567823,-0.09495800129135645,sl,False
ema_pullback,-1,2026-07-24 14:40:00+00:00,63777.12165,2026-07-24 14:40:00+00:00,63858.18518,0,-0.6355220171652132,0.4,-1.035522017165213,-0.12710440343304263,sl,False
ema_pullback,-1,2026-07-24 14:42:00+00:00,63798.91947,2026-07-24 14:42:00+00:00,63794.67883,0,0.016617209332187022,0.2,-0.183382790667813,0.006646883732874809,tp1_partial,True
ema_pullback,-1,2026-07-24 14:42:00+00:00,63798.91947,2026-07-24 14:44:00+00:00,63828.482209999995,2,-0.11584341962833644,0.2,-0.31584341962833645,-0.04633736785133458,sl,False
ema_pullback,-1,2026-07-24 14:45:00+00:00,63797.919570000005,2026-07-24 14:45:00+00:00,63784.67783,0,0.05188938796615861,0.2,-0.1481106120338414,0.020755755186463443,tp1_partial,True
ema_pullback,-1,2026-07-24 14:45:00+00:00,63797.919570000005,2026-07-24 14:46:00+00:00,63758.575220000006,1,0.15417567792641584,0.2,-0.04582432207358417,0.06167027117056634,tp2,False
ema_pullback,-1,2026-07-24 14:48:00+00:00,63713.628000000004,2026-07-24 14:49:00+00:00,63807.180080000006,1,-0.7341606728156203,0.4,-1.1341606728156202,-0.14683213456312405,sl,False
ema_pullback,-1,2026-07-24 15:03:00+00:00,63946.90467,2026-07-24 15:03:00+00:00,63983.197680000005,0,-0.28377456412698177,0.4,-0.6837745641269818,-0.05675491282539635,sl,False
ema_pullback,-1,2026-07-24 15:04:00+00:00,63923.20704,2026-07-24 15:05:00+00:00,63881.48751,1,0.16316269134422634,0.2,-0.03683730865577367,0.06526507653769054,tp1_partial,True
ema_pullback,-1,2026-07-24 15:04:00+00:00,63923.20704,2026-07-24 15:10:00+00:00,63990.49841,6,-0.2631726923443267,0.2,-0.46317269234432673,-0.10526907693773069,sl,False
ema_pullback,-1,2026-07-24 15:19:00+00:00,63985.30083,2026-07-24 15:21:00+00:00,64061.505509999995,2,-0.595485830428899,0.4,-0.995485830428899,-0.1190971660857798,sl,False
ema_pullback,-1,2026-07-24 15:31:00+00:00,64035.395820000005,2026-07-24 15:31:00+00:00,64114.21078,0,-0.6154015212269659,0.4,-1.0154015212269658,-0.12308030424539318,sl,False
ema_pullback,-1,2026-07-24 15:43:00+00:00,64133.68599,2026-07-24 15:52:00+00:00,64057.10507,9,0.2985206557905573,0.2,0.0985206557905573,0.11940826231622292,tp1_partial,True
ema_pullback,-1,2026-07-24 15:43:00+00:00,64133.68599,2026-07-24 16:36:00+00:00,63967.79613999999,53,0.6466564623537896,0.2,0.4466564623537896,0.25866258494151584,tp2,False
ema_pullback,-1,2026-07-24 16:47:00+00:00,63898.70949,2026-07-24 16:48:00+00:00,63873.88675,1,0.09711753256883005,0.2,-0.10288246743116997,0.03884701302753202,tp1_partial,True
ema_pullback,-1,2026-07-24 16:47:00+00:00,63898.70949,2026-07-24 16:55:00+00:00,63948.89425,8,-0.19634496690362768,0.2,-0.3963449669036277,-0.07853798676145107,sl,False
ema_pullback,-1,2026-07-24 17:00:00+00:00,63923.906970000004,2026-07-24 17:05:00+00:00,63992.99866,5,-0.5404213640478606,0.4,-0.9404213640478606,-0.10808427280957211,sl,False
ema_pullback,-1,2026-07-24 17:07:00+00:00,63924.40692,2026-07-24 17:18:00+00:00,63993.998759999995,11,-0.5443291799882566,0.4,-0.9443291799882566,-0.10886583599765132,sl,False
ema_pullback,-1,2026-07-24 17:32:00+00:00,64062.5931,2026-07-24 17:32:00+00:00,64086.50801,0,-0.1866526848410821,0.4,-0.5866526848410821,-0.03733053696821642,sl,False
ema_pullback,-1,2026-07-24 17:38:00+00:00,64109.688389999996,2026-07-24 17:42:00+00:00,64151.21448,4,-0.32386750772672723,0.4,-0.7238675077267273,-0.06477350154534545,sl,False
ema_pullback,-1,2026-07-24 17:48:00+00:00,64104.388920000005,2026-07-24 17:54:00+00:00,64156.415,6,-0.4057918722610854,0.4,-0.8057918722610854,-0.08115837445221707,sl,False
ema_pullback,-1,2026-07-24 17:58:00+00:00,64135.685789999996,2026-07-24 18:05:00+00:00,64184.31779,7,-0.37913370225151066,0.4,-0.7791337022515107,-0.07582674045030213,sl,False
ema_pullback,-1,2026-07-24 18:07:00+00:00,64128.886470000005,2026-07-24 18:14:00+00:00,64189.4183,7,-0.4719544758375882,0.4,-0.8719544758375882,-0.09439089516751764,sl,False
ema_pullback,-1,2026-07-24 18:17:00+00:00,64136.78568,2026-07-24 18:47:00+00:00,64199.61932,30,-0.4898408872054949,0.4,-0.8898408872054949,-0.09796817744109898,sl,False
ema_pullback,-1,2026-07-24 19:01:00+00:00,64227.07665,2026-07-24 19:01:00+00:00,64256.425,0,-0.22847334434927813,0.4,-0.6284733443492782,-0.045694668869855626,sl,False
ema_pullback,-1,2026-07-24 19:02:00+00:00,64219.977360000004,2026-07-24 19:03:00+00:00,64192.31859,1,0.1076719859497699,0.2,-0.09232801405023011,0.04306879437990796,tp1_partial,True
ema_pullback,-1,2026-07-24 19:02:00+00:00,64219.977360000004,2026-07-24 19:07:00+00:00,64151.81454,5,0.26534897239960387,0.2,0.06534897239960386,0.10613958895984155,tp2,False
ema_pullback,-1,2026-07-24 19:17:00+00:00,64135.18584,2026-07-24 19:17:00+00:00,64158.11517,0,-0.17875780431353405,0.4,-0.5787578043135341,-0.03575156086270681,sl,False
ema_pullback,-1,2026-07-24 19:26:00+00:00,64162.5831,2026-07-24 19:27:00+00:00,64178.417199999996,1,-0.12339044997078386,0.4,-0.5233904499707839,-0.02467808999415677,sl,False
ema_pullback,-1,2026-07-24 19:37:00+00:00,64182.5811,2026-07-24 19:37:00+00:00,64213.62072,0,-0.24180719650113147,0.4,-0.6418071965011315,-0.048361439300226294,sl,False
ema_pullback,-1,2026-07-24 19:47:00+00:00,64193.58,2026-07-24 19:48:00+00:00,64185.31789,1,0.03217654319950802,0.2,-0.167823456800492,0.01287061727980321,tp1_partial,True
ema_pullback,-1,2026-07-24 19:47:00+00:00,64193.58,2026-07-24 19:56:00+00:00,64164.21578,9,0.11435808689905236,0.2,-0.08564191310094765,0.04574323475962094,tp2,False
ema_pullback,-1,2026-07-24 20:05:00+00:00,64197.27963,2026-07-24 20:05:00+00:00,64175.716929999995,0,0.08397045842237216,0.2,-0.11602954157762785,0.033588183368948865,tp1_partial,True
ema_pullback,-1,2026-07-24 20:05:00+00:00,64197.27963,2026-07-24 20:38:00+00:00,64141.31348999999,33,0.2179459173448084,0.2,0.017945917344808382,0.08717836693792336,tp2,False
ema_pullback,-1,2026-07-24 20:39:00+00:00,64112.5881,2026-07-24 20:39:00+00:00,64180.11737,0,-0.5266459520762989,0.4,-0.926645952076299,-0.10532919041525979,sl,False
ema_pullback,-1,2026-07-24 20:42:00+00:00,64142.68509,2026-07-24 20:48:00+00:00,64123.711729999995,6,0.0739498197393218,0.2,-0.1260501802606782,0.02957992789572872,tp1_partial,True
ema_pullback,-1,2026-07-24 20:42:00+00:00,64142.68509,2026-07-24 21:02:00+00:00,64187.31809,20,-0.17395982073942218,0.2,-0.3739598207394222,-0.06958392829576887,sl,False
ema_pullback,-1,2026-07-24 21:07:00+00:00,64133.386020000005,2026-07-24 21:13:00+00:00,64123.61171999999,6,0.03810144998800391,0.2,-0.1618985500119961,0.015240579995201564,tp1_partial,True
ema_pullback,-1,2026-07-24 21:07:00+00:00,64133.386020000005,2026-07-24 21:31:00+00:00,64168.616219999996,24,-0.13733174788638225,0.2,-0.33733174788638226,-0.0549326991545529,sl,False
ema_pullback,-1,2026-07-24 21:35:00+00:00,64136.5857,2026-07-24 21:43:00+00:00,64124.4118,8,0.04745302492770165,0.2,-0.15254697507229836,0.01898120997108066,tp1_partial,True
ema_pullback,-1,2026-07-24 21:35:00+00:00,64136.5857,2026-07-24 22:33:00+00:00,64174.4168,58,-0.14746302592777427,0.2,-0.3474630259277743,-0.05898521037110971,sl,False
ema_pullback,-1,2026-07-24 22:45:00+00:00,64147.78458,2026-07-24 23:01:00+00:00,64138.81324000001,16,0.034963561324569126,0.2,-0.16503643867543089,0.01398542452982765,tp1_partial,True
ema_pullback,-1,2026-07-24 22:45:00+00:00,64147.78458,2026-07-24 23:15:00+00:00,64116.91105000002,30,0.1203218871942413,0.2,-0.0796781128057587,0.04812875487769652,tp2,False
ema_pullback,-1,2026-07-24 23:16:00+00:00,64101.18924,2026-07-24 23:21:00+00:00,64132.71263,5,-0.24588771576428137,0.4,-0.6458877157642814,-0.04917754315285627,sl,False
ema_pullback,-1,2026-07-24 23:36:00+00:00,64119.18744,2026-07-24 23:38:00+00:00,64112.410599999996,2,0.02642282392595341,0.2,-0.1735771760740466,0.010569129570381364,tp1_partial,True
ema_pullback,-1,2026-07-24 23:36:00+00:00,64119.18744,2026-07-24 23:39:00+00:00,64151.81454,3,-0.12721270068544177,0.2,-0.3272127006854418,-0.05088508027417671,sl,False
ema_pullback,-1,2026-07-24 23:41:00+00:00,64119.98736,2026-07-24 23:43:00+00:00,64150.91445,2,-0.24116575246935223,0.4,-0.6411657524693523,-0.04823315049387045,sl,False
ema_pullback,-1,2026-07-24 23:48:00+00:00,64119.887370000004,2026-07-24 23:54:00+00:00,64116.310990000005,6,0.013944113701258587,0.2,-0.18605588629874142,0.005577645480503435,tp1_partial,True
ema_pullback,-1,2026-07-24 23:48:00+00:00,64119.887370000004,2026-07-25 00:03:00+00:00,64149.11427,15,-0.11395411470133121,0.2,-0.3139541147013312,-0.045581645880532484,sl,False
ema_pullback,-1,2026-07-25 00:09:00+00:00,64112.5881,2026-07-25 00:19:00+00:00,64113.31069,10,-0.0028176603901752806,0.2,-0.2028176603901753,-0.0011270641560701122,tp1_partial,True
ema_pullback,-1,2026-07-25 00:09:00+00:00,64112.5881,2026-07-25 00:22:00+00:00,64137.51311,13,-0.09719234060995285,0.2,-0.29719234060995287,-0.03887693624398114,sl,False
ema_pullback,-1,2026-07-25 00:30:00+00:00,64123.18704,2026-07-25 00:33:00+00:00,64143.71373,3,-0.1600566889103927,0.4,-0.5600566889103927,-0.03201133778207854,sl,False
ema_pullback,-1,2026-07-25 00:36:00+00:00,64114.48791,2026-07-25 00:42:00+00:00,64110.81044,6,0.014339465695983877,0.2,-0.18566053430401613,0.005735786278393551,tp1_partial,True
ema_pullback,-1,2026-07-25 00:36:00+00:00,64114.48791,2026-07-25 00:43:00+00:00,64094.30879,7,0.07868393189197631,0.2,-0.1213160681080237,0.031473572756790524,tp2,False
ema_pullback,-1,2026-07-25 00:57:00+00:00,64043.19504,2026-07-25 01:00:00+00:00,64075.60692,3,-0.25304702536899093,0.4,-0.653047025368991,-0.050609405073798186,sl,False
ema_pullback,-1,2026-07-25 01:07:00+00:00,64086.19074,2026-07-25 01:07:00+00:00,64096.509009999994,0,-0.04025153422620997,0.2,-0.24025153422620998,-0.01610061369048399,tp1_partial,True
ema_pullback,-1,2026-07-25 01:07:00+00:00,64086.19074,2026-07-25 01:08:00+00:00,64094.00876,1,-0.03049806795241139,0.2,-0.2304980679524114,-0.012199227180964556,tp2,False
ema_pullback,-1,2026-07-25 01:31:00+00:00,64000.49931,2026-07-25 01:33:00+00:00,64030.602419999996,2,-0.23517871207678898,0.4,-0.635178712076789,-0.047035742415357795,sl,False
ema_pullback,-1,2026-07-25 01:40:00+00:00,64044.19494,2026-07-25 01:43:00+00:00,64093.508709999995,3,-0.38499796934132746,0.4,-0.7849979693413275,-0.07699959386826549,sl,False
ema_pullback,-1,2026-07-25 01:50:00+00:00,64081.5912,2026-07-25 01:53:00+00:00,64070.106369999994,3,0.044805496340449835,0.2,-0.15519450365955018,0.017922198536179934,tp1_partial,True
ema_pullback,-1,2026-07-25 01:50:00+00:00,64081.5912,2026-07-25 01:58:00+00:00,64045.80393999999,8,0.13961599318093598,0.2,-0.06038400681906403,0.05584639727237439,tp2,False
ema_pullback,-1,2026-07-25 02:11:00+00:00,64049.49441,2026-07-25 02:11:00+00:00,64058.205180000004,0,-0.03400015129018108,0.2,-0.2340001512901811,-0.013600060516072432,tp1_partial,True
ema_pullback,-1,2026-07-25 02:11:00+00:00,64049.49441,2026-07-25 02:12:00+00:00,64054.104770000005,1,-0.017995302080353603,0.2,-0.21799530208035361,-0.007198120832141441,tp2,False
ema_pullback,-1,2026-07-25 02:16:00+00:00,64015.5978,2026-07-25 02:37:00+00:00,64000.199380000005,21,0.06013542218299972,0.2,-0.1398645778170003,0.024054168873199888,tp1_partial,True
ema_pullback,-1,2026-07-25 02:16:00+00:00,64015.5978,2026-07-25 03:25:00+00:00,64056.405,69,-0.15936428543356085,0.2,-0.35936428543356086,-0.06374571417342434,sl,False
ema_pullback,-1,2026-07-25 03:29:00+00:00,64044.19494,2026-07-25 03:50:00+00:00,64033.90275,21,0.04017612372847479,0.2,-0.15982387627152522,0.016070449491389915,tp1_partial,True
ema_pullback,-1,2026-07-25 03:29:00+00:00,64044.19494,2026-07-25 04:04:00+00:00,64080.10737,35,-0.1401861247285474,0.2,-0.3401861247285474,-0.056074449891418965,sl,False
ema_pullback,-1,2026-07-25 04:19:00+00:00,64090.390320000006,2026-07-25 04:19:00+00:00,64101.809539999995,0,-0.04454341728521438,0.2,-0.2445434172852144,-0.017817366914085753,tp1_partial,True
ema_pullback,-1,2026-07-25 04:19:00+00:00,64090.390320000006,2026-07-25 04:20:00+00:00,64100.50940999999,1,-0.03947194715719915,0.2,-0.23947194715719916,-0.01578877886287966,tp2,False
ema_pullback,-1,2026-07-25 04:28:00+00:00,64072.49211,2026-07-25 04:33:00+00:00,64079.307290000004,5,-0.02659167676943852,0.2,-0.22659167676943853,-0.010636670707775409,tp1_partial,True
ema_pullback,-1,2026-07-25 04:28:00+00:00,64072.49211,2026-07-25 04:34:00+00:00,64073.30669,6,-0.0031783530387574643,0.2,-0.20317835303875748,-0.0012713412155029857,tp2,False
ema_pullback,-1,2026-07-25 04:53:00+00:00,64123.28703,2026-07-25 05:34:00+00:00,64084.60782,41,0.1508001686731375,0.2,-0.04919983132686251,0.060320067469255,tp1_partial,True
ema_pullback,-1,2026-07-25 04:53:00+00:00,64123.28703,2026-07-25 05:37:00+00:00,64033.202679999995,44,0.35121542489649493,0.2,0.15121542489649492,0.14048616995859797,tp2,False
ema_pullback,-1,2026-07-25 06:00:00+00:00,63983.601,2026-07-25 06:03:00+00:00,64004.999859999996,3,-0.16722144163150432,0.4,-0.5672214416315043,-0.033444288326300864,sl,False
ema_pullback,-1,2026-07-25 06:07:00+00:00,63995.5998,2026-07-25 06:08:00+00:00,64021.80154,1,-0.20471516855757876,0.4,-0.6047151685575788,-0.04094303371151575,sl,False
ema_pullback,-1,2026-07-25 06:17:00+00:00,63981.6012,2026-07-25 06:30:00+00:00,63965.295889999994,13,0.06371093288615182,0.2,-0.1362890671138482,0.025484373154460727,tp1_partial,True
ema_pullback,-1,2026-07-25 06:17:00+00:00,63981.6012,2026-07-25 08:06:00+00:00,63936.09296999999,109,0.17781764267571498,0.2,-0.02218235732428503,0.07112705707028599,tp2,False
ema_pullback,-1,2026-07-25 08:13:00+00:00,63893.61,2026-07-25 08:14:00+00:00,63939.19328,1,-0.35671235355150266,0.4,-0.7567123535515027,-0.07134247071030053,sl,False
ema_pullback,-1,2026-07-25 08:23:00+00:00,63937.6056,2026-07-25 08:28:00+00:00,63962.89565,5,-0.1977713253622504,0.4,-0.5977713253622504,-0.03955426507245008,sl,False
ema_pullback,-1,2026-07-25 08:35:00+00:00,63951.104250000004,2026-07-25 08:35:00+00:00,63948.89425,0,0.00863941297779558,0.2,-0.19136058702220443,0.003455765191118232,tp1_partial,True
ema_pullback,-1,2026-07-25 08:35:00+00:00,63951.104250000004,2026-07-25 08:37:00+00:00,63933.89275,2,0.06728382645559972,0.2,-0.1327161735444003,0.026913530582239886,tp2,False
ema_pullback,-1,2026-07-25 08:44:00+00:00,63917.80758,2026-07-25 08:45:00+00:00,63905.789939999995,1,0.04700427179454847,0.2,-0.15299572820545154,0.018801708717819388,tp1_partial,True
ema_pullback,-1,2026-07-25 08:44:00+00:00,63917.80758,2026-07-25 08:49:00+00:00,63881.08746999999,5,0.143622377668573,0.2,-0.05637762233142701,0.0574489510674292,tp2,False
ema_pullback,-1,2026-07-25 08:59:00+00:00,63808.51851,2026-07-25 09:00:00+00:00,63851.98456,1,-0.3405975488459667,0.4,-0.7405975488459667,-0.06811950976919334,sl,False
ema_pullback,-1,2026-07-25 09:03:00+00:00,63834.915870000004,2026-07-25 09:04:00+00:00,63806.27999000001,1,0.112148185713562,0.2,-0.08785181428643801,0.0448592742854248,tp1_partial,True
ema_pullback,-1,2026-07-25 09:03:00+00:00,63834.915870000004,2026-07-25 09:17:00+00:00,63889.08826999999,14,-0.21215818671366238,0.2,-0.4121581867136624,-0.08486327468546495,sl,False
ema_pullback,-1,2026-07-25 09:21:00+00:00,63845.91477,2026-07-25 09:23:00+00:00,63869.586319999995,2,-0.18538030260251137,0.4,-0.5853803026025114,-0.037076060520502274,sl,False
ema_pullback,-1,2026-07-25 09:40:00+00:00,63890.21034,2026-07-25 09:47:00+00:00,63934.59282,7,-0.347333963715335,0.4,-0.747333963715335,-0.069466792743067,sl,False
ema_pullback,-1,2026-07-25 09:58:00+00:00,63952.20414,2026-07-25 09:59:00+00:00,63976.89705,1,-0.19305753673437565,0.4,-0.5930575367343757,-0.03861150734687513,sl,False
ema_pullback,-1,2026-07-25 10:07:00+00:00,63973.602,2026-07-25 10:09:00+00:00,63994.99886,2,-0.1672319467019845,0.4,-0.5672319467019845,-0.0334463893403969,sl,False
ema_pullback,-1,2026-07-25 10:21:00+00:00,63993.799979999996,2026-07-25 10:34:00+00:00,63992.898649999996,13,0.003521161426128794,0.2,-0.19647883857387122,0.0014084645704515175,tp1_partial,True
ema_pullback,-1,2026-07-25 10:21:00+00:00,63993.799979999996,2026-07-25 10:35:00+00:00,63979.197279999986,14,0.057047323352321655,0.2,-0.14295267664767836,0.022818929340928662,tp2,False
ema_pullback,-1,2026-07-25 10:51:00+00:00,63990.10035,2026-07-25 10:52:00+00:00,63993.89875,1,-0.014839795449694826,0.2,-0.21483979544969484,-0.00593591817987793,tp1_partial,True
ema_pullback,-1,2026-07-25 10:51:00+00:00,63990.10035,2026-07-25 10:54:00+00:00,64012.100569999995,3,-0.08595165455149711,0.2,-0.2859516545514971,-0.034380661820598846,sl,False
ema_pullback,-1,2026-07-25 11:01:00+00:00,64008.99846,2026-07-25 11:01:00+00:00,64046.10397,0,-0.28984604424941995,0.4,-0.68984604424942,-0.05796920884988399,sl,False
ema_pullback,-1,2026-07-25 11:08:00+00:00,64028.89647000001,2026-07-25 11:19:00+00:00,64057.90515,11,-0.22652803342926298,0.4,-0.626528033429263,-0.045305606685852595,sl,False
ema_pullback,-1,2026-07-25 11:26:00+00:00,64037.79558,2026-07-25 11:30:00+00:00,64057.60511999999,4,-0.15467068955588026,0.4,-0.5546706895558803,-0.03093413791117605,sl,False
ema_pullback,-1,2026-07-25 11:35:00+00:00,64040.39532,2026-07-25 11:42:00+00:00,64032.102569999995,7,0.032373121521850345,0.2,-0.16762687847814967,0.012949248608740138,tp1_partial,True
ema_pullback,-1,2026-07-25 11:35:00+00:00,64040.39532,2026-07-25 12:44:00+00:00,64074.10677,69,-0.1316022872420719,0.2,-0.3316022872420719,-0.05264091489682876,sl,False
ema_pullback,-1,2026-07-25 13:15:00+00:00,64087.89057,2026-07-25 13:16:00+00:00,64106.51001,1,-0.14526488416444217,0.4,-0.5452648841644422,-0.029052976832888433,sl,False
ema_pullback,-1,2026-07-25 13:18:00+00:00,64086.39072,2026-07-25 13:19:00+00:00,64089.70833,1,-0.012941944314226461,0.2,-0.21294194431422647,-0.0051767777256905845,tp1_partial,True
ema_pullback,-1,2026-07-25 13:18:00+00:00,64086.39072,2026-07-25 13:20:00+00:00,64080.20738,2,0.024121111871555634,0.2,-0.17587888812844438,0.009648444748622254,tp2,False
ema_pullback,-1,2026-07-25 13:28:00+00:00,64088.99046,2026-07-25 13:31:00+00:00,64109.61032,3,-0.16086897181555315,0.4,-0.5608689718155532,-0.03217379436311063,sl,False
ema_pullback,-1,2026-07-25 13:34:00+00:00,64079.791379999995,2026-07-25 13:39:00+00:00,64110.4104,5,-0.23891323099378692,0.4,-0.6389132309937869,-0.047782646198757384,sl,False
ema_pullback,-1,2026-07-25 13:52:00+00:00,64174.68189,2026-07-25 13:53:00+00:00,64167.016059999994,1,0.0298631398482907,0.2,-0.1701368601517093,0.01194525593931628,tp1_partial,True
ema_pullback,-1,2026-07-25 13:52:00+00:00,64174.68189,2026-07-25 13:56:00+00:00,64146.61401999999,4,0.10934167951201501,0.2,-0.090658320487985,0.043736671804806004,tp2,False
ema_pullback,-1,2026-07-25 14:01:00+00:00,64079.29143,2026-07-25 14:09:00+00:00,64143.31369,8,-0.4995549932846899,0.4,-0.8995549932846899,-0.09991099865693798,sl,False
ema_pullback,-1,2026-07-25 14:12:00+00:00,64116.387720000006,2026-07-25 14:14:00+00:00,64146.21398,2,-0.23259466932423756,0.4,-0.6325946693242376,-0.04651893386484751,sl,False
ema_pullback,-1,2026-07-25 14:18:00+00:00,64125.68679,2026-07-25 14:22:00+00:00,64122.81163999999,4,0.011209041742593628,0.2,-0.18879095825740638,0.004483616697037451,tp1_partial,True
ema_pullback,-1,2026-07-25 14:18:00+00:00,64125.68679,2026-07-25 14:34:00+00:00,64154.4148,16,-0.11199883945911537,0.2,-0.3119988394591154,-0.04479953578364615,sl,False
ema_pullback,-1,2026-07-25 14:43:00+00:00,64140.98526,2026-07-25 14:44:00+00:00,64170.01636,1,-0.22630693839764682,0.4,-0.6263069383976468,-0.045261387679529363,sl,False
ema_pullback,-1,2026-07-25 14:47:00+00:00,64136.88567,2026-07-25 14:52:00+00:00,64161.81554,5,-0.19434892838632312,0.4,-0.5943489283863231,-0.03886978567726462,sl,False
ema_pullback,-1,2026-07-25 15:01:00+00:00,64152.98406,2026-07-25 15:06:00+00:00,64184.11777,5,-0.2426520796825482,0.4,-0.6426520796825482,-0.04853041593650964,sl,False
ema_pullback,-1,2026-07-25 15:19:00+00:00,64194.27993,2026-07-25 15:20:00+00:00,64227.822140000004,1,-0.26125544235855447,0.4,-0.6612554423585545,-0.052251088471710894,sl,False
ema_pullback,-1,2026-07-25 15:22:00+00:00,64193.58,2026-07-25 15:27:00+00:00,64174.51681,5,0.07424103002201532,0.2,-0.1257589699779847,0.029696412008806128,tp1_partial,True
ema_pullback,-1,2026-07-25 15:22:00+00:00,64193.58,2026-07-25 15:55:00+00:00,64142.61362,33,0.1984870605440947,0.2,-0.0015129394559053044,0.07939482421763788,tp2,False
ema_pullback,-1,2026-07-25 16:04:00+00:00,64157.48361,2026-07-25 16:07:00+00:00,64154.4148,3,0.011958113953852711,0.2,-0.1880418860461473,0.004783245581541085,tp1_partial,True
ema_pullback,-1,2026-07-25 16:04:00+00:00,64157.48361,2026-07-25 16:09:00+00:00,64138.51321,5,0.07392122840774173,0.2,-0.12607877159225828,0.029568491363096694,tp2,False
ema_pullback,-1,2026-07-25 16:18:00+00:00,64137.48561,2026-07-25 16:23:00+00:00,64124.211780000005,5,0.05173975045075219,0.2,-0.14826024954924782,0.020695900180300875,tp1_partial,True
ema_pullback,-1,2026-07-25 16:18:00+00:00,64137.48561,2026-07-25 16:37:00+00:00,64176.417,19,-0.1517497514508248,0.2,-0.3517497514508248,-0.060699900580329924,sl,False
ema_pullback,-1,2026-07-25 16:52:00+00:00,64164.382920000004,2026-07-25 17:03:00+00:00,64198.819240000004,11,-0.2683445116501426,0.4,-0.6683445116501426,-0.05366890233002852,sl,False
ema_pullback,-1,2026-07-25 17:09:00+00:00,64186.180739999996,2026-07-25 17:11:00+00:00,64196.91905,2,-0.04182485184583973,0.2,-0.24182485184583974,-0.01672994073833589,tp1_partial,True
ema_pullback,-1,2026-07-25 17:09:00+00:00,64186.180739999996,2026-07-25 17:12:00+00:00,64194.81884,3,-0.03364470319161539,0.2,-0.2336447031916154,-0.013457881276646155,tp2,False
ema_pullback,-1,2026-07-25 17:20:00+00:00,64186.48071,2026-07-25 17:22:00+00:00,64210.82044,2,-0.18960168660719923,0.4,-0.5896016866071992,-0.037920337321439845,sl,False
ema_pullback,-1,2026-07-25 17:31:00+00:00,64218.97746,2026-07-25 17:33:00+00:00,64247.32409,2,-0.22070290684439442,0.4,-0.6207029068443944,-0.044140581368878884,sl,False
ema_pullback,-1,2026-07-25 17:38:00+00:00,64239.17544,2026-07-25 17:41:00+00:00,64266.52601,3,-0.21288076794778732,0.4,-0.6128807679477873,-0.042576153589557464,sl,False
ema_pullback,-1,2026-07-25 17:49:00+00:00,64238.27553,2026-07-25 18:02:00+00:00,64336.633019999994,13,-0.765567640075071,0.4,-1.165567640075071,-0.1531135280150142,sl,False
ema_pullback,-1,2026-07-25 18:10:00+00:00,64306.06875,2026-07-25 18:11:00+00:00,64351.23448,1,-0.35117781943405646,0.4,-0.7511778194340565,-0.07023556388681129,sl,False
ema_pullback,-1,2026-07-25 18:15:00+00:00,64319.06745,2026-07-25 18:25:00+00:00,64351.33449,10,-0.2508357263192318,0.4,-0.6508357263192318,-0.05016714526384636,sl,False
ema_pullback,-1,2026-07-25 18:32:00+00:00,64350.764279999996,2026-07-25 18:33:00+00:00,64394.23878,1,-0.3377931908534748,0.4,-0.7377931908534748,-0.06755863817069496,sl,False
ema_pullback,-1,2026-07-25 18:37:00+00:00,64354.76388,2026-07-25 18:47:00+00:00,64385.4379,10,-0.23831973074439627,0.4,-0.6383197307443963,-0.047663946148879255,sl,False
ema_pullback,-1,2026-07-25 18:54:00+00:00,64361.36322000001,2026-07-25 20:03:00+00:00,64331.73253,69,0.11509502175521824,0.2,-0.08490497824478177,0.046038008702087296,tp1_partial,True
ema_pullback,-1,2026-07-25 18:54:00+00:00,64361.36322000001,2026-07-25 21:04:00+00:00,64289.22828,130,0.28019504401044504,0.2,0.08019504401044503,0.11207801760417802,tp2,False
ema_pullback,-1,2026-07-25 21:07:00+00:00,64279.37142,2026-07-25 21:11:00+00:00,64275.026860000005,4,0.016897178301611415,0.2,-0.1831028216983886,0.006758871320644566,tp1_partial,True
ema_pullback,-1,2026-07-25 21:07:00+00:00,64279.37142,2026-07-25 21:13:00+00:00,64257.82514000001,6,0.0837993571032869,0.2,-0.11620064289671311,0.03351974284131476,tp2,False
ema_pullback,-1,2026-07-25 21:45:00+00:00,64304.168939999996,2026-07-25 21:46:00+00:00,64337.63312,1,-0.26020225866874025,0.4,-0.6602022586687403,-0.05204045173374805,sl,False
ema_pullback,-1,2026-07-25 21:52:00+00:00,64315.96776,2026-07-25 22:02:00+00:00,64362.03556,10,-0.3581365686038396,0.4,-0.7581365686038396,-0.07162731372076792,sl,False
ema_pullback,-1,2026-07-25 22:13:00+00:00,64339.66539,2026-07-25 22:14:00+00:00,64369.4363,1,-0.23135735801194102,0.4,-0.631357358011941,-0.0462714716023882,sl,False
ema_pullback,-1,2026-07-25 22:21:00+00:00,64360.363320000004,2026-07-25 22:23:00+00:00,64367.13607,2,-0.02630792327229514,0.2,-0.22630792327229515,-0.010523169308918057,tp1_partial,True
ema_pullback,-1,2026-07-25 22:21:00+00:00,64360.363320000004,2026-07-25 22:27:00+00:00,64361.03546000001,6,-0.002610846044581727,0.2,-0.20261084604458174,-0.0010443384178326909,tp2,False
ema_pullback,-1,2026-07-25 22:28:00+00:00,64341.96516,2026-07-25 22:31:00+00:00,64338.333190000005,3,0.014111979603687042,0.2,-0.18588802039631297,0.005644791841474817,tp1_partial,True
ema_pullback,-1,2026-07-25 22:28:00+00:00,64341.96516,2026-07-25 22:38:00+00:00,64371.13647,10,-0.11334480508740086,0.2,-0.31334480508740087,-0.04533792203496034,sl,False
ema_pullback,-1,2026-07-25 22:42:00+00:00,64340.5653,2026-07-25 22:44:00+00:00,64361.83554,2,-0.16529416473742842,0.4,-0.5652941647374284,-0.03305883294748568,sl,False
ema_pullback,-1,2026-07-25 22:46:00+00:00,64336.16574,2026-07-25 22:49:00+00:00,64378.03716,3,-0.3254112171466872,0.4,-0.7254112171466872,-0.06508224342933744,sl,False
ema_pullback,-1,2026-07-25 23:03:00+00:00,64363.76298,2026-07-25 23:04:00+00:00,64390.53841,1,-0.20800081257155156,0.4,-0.6080008125715516,-0.04160016251431031,sl,False
ema_pullback,-1,2026-07-25 23:05:00+00:00,64366.5627,2026-07-25 23:05:00+00:00,64397.839140000004,0,-0.24295564877196973,0.4,-0.6429556487719698,-0.04859112975439395,sl,False
ema_pullback,-1,2026-07-25 23:08:00+00:00,64373.46201,2026-07-25 23:08:00+00:00,64382.83764,0,-0.036411083493281815,0.2,-0.23641108349328183,-0.014564433397312726,tp1_partial,True
ema_pullback,-1,2026-07-25 23:08:00+00:00,64373.46201,2026-07-25 23:12:00+00:00,64390.03836,4,-0.06437571276429743,0.2,-0.26437571276429744,-0.025750285105718973,sl,False
ema_pullback,-1,2026-07-25 23:15:00+00:00,64371.66219,2026-07-25 23:23:00+00:00,64372.53660999999,8,-0.0033959819050743967,0.2,-0.2033959819050744,-0.0013583927620297587,tp1_partial,True
ema_pullback,-1,2026-07-25 23:15:00+00:00,64371.66219,2026-07-25 23:36:00+00:00,64396.739030000004,21,-0.09739083607157584,0.2,-0.29739083607157585,-0.038956334428630335,sl,False
ema_pullback,-1,2026-07-25 23:40:00+00:00,64358.16354,2026-07-25 23:53:00+00:00,64342.033559999996,13,0.06265708619071497,0.2,-0.13734291380928504,0.02506283447628599,tp1_partial,True
ema_pullback,-1,2026-07-25 23:40:00+00:00,64358.16354,2026-07-26 00:07:00+00:00,64399.83934,27,-0.16189010728256958,0.2,-0.3618901072825696,-0.06475604291302783,sl,False
ema_pullback,-1,2026-07-26 00:18:00+00:00,64388.26053,2026-07-26 00:21:00+00:00,64411.4405,3,-0.18000152364106015,0.4,-0.5800015236410602,-0.03600030472821203,sl,False
ema_pullback,-1,2026-07-26 00:31:00+00:00,64422.35712,2026-07-26 00:32:00+00:00,64450.94445,1,-0.22187429394082692,0.4,-0.6218742939408269,-0.04437485878816538,sl,False
ema_pullback,-1,2026-07-26 00:35:00+00:00,64418.75748,2026-07-26 00:35:00+00:00,64420.24138,0,-0.005758804027145015,0.2,-0.20575880402714503,-0.002303521610858006,tp1_partial,True
ema_pullback,-1,2026-07-26 00:35:00+00:00,64418.75748,2026-07-26 00:39:00+00:00,64408.64022,4,0.03926364150666495,0.2,-0.16073635849333506,0.01570545660266598,tp2,False
ema_pullback,-1,2026-07-26 00:40:00+00:00,64383.46101,2026-07-26 00:53:00+00:00,64430.04236,13,-0.36174934734223285,0.4,-0.7617493473422329,-0.07234986946844657,sl,False
ema_pullback,-1,2026-07-26 01:04:00+00:00,64441.45521,2026-07-26 01:06:00+00:00,64471.54651,2,-0.2334778125504533,0.4,-0.6334778125504533,-0.04669556251009066,sl,False
ema_pullback,-1,2026-07-26 01:11:00+00:00,64438.955460000005,2026-07-26 01:11:00+00:00,64458.84524,0,-0.15433040354251304,0.4,-0.5543304035425131,-0.030866080708502608,sl,False
ema_pullback,1,2026-07-26 01:12:00+00:00,64479.24728,2026-07-26 01:20:00+00:00,64436.05575,8,-0.3349258235944008,0.4,-0.7349258235944008,-0.06698516471888016,sl,False
ema_pullback,-1,2026-07-26 01:21:00+00:00,64437.95556,2026-07-26 01:30:00+00:00,64471.4465,9,-0.259869666169088,0.4,-0.659869666169088,-0.051973933233817604,sl,False
ema_pullback,1,2026-07-26 01:31:00+00:00,64471.746530000004,2026-07-26 01:41:00+00:00,64438.255529999995,10,-0.2597339284459155,0.4,-0.6597339284459155,-0.051946785689183095,sl,False
ema_pullback,-1,2026-07-26 01:42:00+00:00,64426.656689999996,2026-07-26 02:05:00+00:00,64411.64051999999,23,0.058268466701039134,0.2,-0.14173153329896088,0.023307386680415654,tp1_partial,True
ema_pullback,-1,2026-07-26 01:42:00+00:00,64426.656689999996,2026-07-26 02:50:00+00:00,64467.246080000004,68,-0.15750231381439495,0.2,-0.35750231381439496,-0.06300092552575798,sl,False
ema_pullback,1,2026-07-26 03:10:00+00:00,64480.84744,2026-07-26 03:12:00+00:00,64489.150440000005,2,0.03219172951990368,0.2,-0.16780827048009633,0.012876691807961471,tp1_partial,True
ema_pullback,1,2026-07-26 03:10:00+00:00,64480.84744,2026-07-26 03:13:00+00:00,64510.34832000001,3,0.11437845953971015,0.2,-0.08562154046028986,0.04575138381588406,tp2,False
ema_pullback,1,2026-07-26 03:21:00+00:00,64533.4527,2026-07-26 03:28:00+00:00,64502.04915,7,-0.24331217908013514,0.4,-0.6433121790801352,-0.04866243581602703,sl,False
ema_pullback,1,2026-07-26 03:30:00+00:00,64530.35239,2026-07-26 03:34:00+00:00,64536.74568000001,4,0.024768538227415426,0.2,-0.17523146177258458,0.00990741529096617,tp1_partial,True
ema_pullback,1,2026-07-26 03:30:00+00:00,64530.35239,2026-07-26 03:56:00+00:00,64497.94956,26,-0.1255332909239626,0.2,-0.3255332909239626,-0.05021331636958504,sl,False
ema_pullback,1,2026-07-26 04:00:00+00:00,64525.35189,2026-07-26 04:02:00+00:00,64493.55,2,-0.24642941935604235,0.4,-0.6464294193560424,-0.04928588387120847,sl,False
ema_pullback,1,2026-07-26 04:05:00+00:00,64518.35119,2026-07-26 04:07:00+00:00,64492.5501,2,-0.19995156047941665,0.4,-0.5999515604794167,-0.03999031209588333,sl,False
ema_pullback,1,2026-07-26 04:14:00+00:00,64495.54891,2026-07-26 04:15:00+00:00,64467.352620000005,1,-0.2185909762497107,0.4,-0.6185909762497107,-0.04371819524994214,sl,False
ema_pullback,1,2026-07-26 04:23:00+00:00,64481.4475,2026-07-26 04:23:00+00:00,64471.752179999996,0,-0.03758957179120226,0.2,-0.23758957179120227,-0.015035828716480903,tp1_partial,True
ema_pullback,1,2026-07-26 04:23:00+00:00,64481.4475,2026-07-26 04:24:00+00:00,64474.951859999994,1,-0.025184143082418453,0.2,-0.22518414308241846,-0.010073657232967381,tp2,False
ema_pullback,1,2026-07-26 04:36:00+00:00,64523.4517,2026-07-26 04:36:00+00:00,64503.549,0,-0.15422841986612035,0.4,-0.5542284198661204,-0.03084568397322407,sl,False
ema_pullback,1,2026-07-26 04:38:00+00:00,64525.85194,2026-07-26 04:41:00+00:00,64523.34702,3,-0.0097051023918715,0.2,-0.2097051023918715,-0.0038820409567486003,tp1_partial,True
ema_pullback,1,2026-07-26 04:38:00+00:00,64525.85194,2026-07-26 04:44:00+00:00,64533.74598000001,6,0.03058479571627082,0.2,-0.1694152042837292,0.012233918286508327,tp2,False
ema_pullback,1,2026-07-26 04:49:00+00:00,64541.453499999996,2026-07-26 04:51:00+00:00,64517.64759,2,-0.1844234109167897,0.4,-0.5844234109167897,-0.03688468218335794,sl,False
ema_pullback,1,2026-07-26 05:12:00+00:00,64484.54781,2026-07-26 05:12:00+00:00,64473.45200999999,0,-0.043017282344515184,0.2,-0.2430172823445152,-0.017206912937806074,tp1_partial,True
ema_pullback,1,2026-07-26 05:12:00+00:00,64484.54781,2026-07-26 05:13:00+00:00,64475.251829999994,1,-0.036039564189044304,0.2,-0.23603956418904432,-0.014415825675617722,tp2,False
ema_pullback,-1,2026-07-26 05:37:00+00:00,64425.756779999996,2026-07-26 05:39:00+00:00,64451.24448,2,-0.19780675675284964,0.4,-0.5978067567528497,-0.03956135135056993,sl,False
ema_pullback,-1,2026-07-26 05:42:00+00:00,64426.25673,2026-07-26 05:42:00+00:00,64450.4444,0,-0.18771593467992176,0.4,-0.5877159346799218,-0.03754318693598435,sl,False
ema_pullback,-1,2026-07-26 05:46:00+00:00,64430.25633,2026-07-26 05:51:00+00:00,64433.242679999996,5,-0.011587529563372723,0.2,-0.21158752956337273,-0.004635011825349089,tp1_partial,True
ema_pullback,-1,2026-07-26 05:46:00+00:00,64430.25633,2026-07-26 05:52:00+00:00,64423.341689999994,6,0.026829941373290866,0.2,-0.17317005862670914,0.010731976549316347,tp2,False
ema_pullback,-1,2026-07-26 06:05:00+00:00,64372.06215,2026-07-26 06:06:00+00:00,64356.635019999994,1,0.05991391872786633,0.2,-0.14008608127213368,0.023965567491146533,tp1_partial,True
ema_pullback,-1,2026-07-26 06:05:00+00:00,64372.06215,2026-07-26 06:11:00+00:00,64328.332189999994,6,0.16983283795579673,0.2,-0.030167162044203277,0.0679331351823187,tp2,False
ema_pullback,-1,2026-07-26 06:20:00+00:00,64296.5697,2026-07-26 06:21:00+00:00,64279.72733,1,0.0654870472817648,0.2,-0.1345129527182352,0.02619481891270592,tp1_partial,True
ema_pullback,-1,2026-07-26 06:20:00+00:00,64296.5697,2026-07-26 06:38:00+00:00,64339.13327,18,-0.16549704828189293,0.2,-0.36549704828189294,-0.06619881931275717,sl,False
ema_pullback,-1,2026-07-26 07:05:00+00:00,64398.85947,2026-07-26 07:07:00+00:00,64401.53951,2,-0.010404066244584786,0.2,-0.2104040662445848,-0.004161626497833915,tp1_partial,True
ema_pullback,-1,2026-07-26 07:05:00+00:00,64398.85947,2026-07-26 07:10:00+00:00,64391.33849000001,5,0.029196868010894494,0.2,-0.17080313198910552,0.011678747204357798,tp2,False
ema_pullback,-1,2026-07-26 07:19:00+00:00,64383.76098,2026-07-26 07:19:00+00:00,64391.63852,0,-0.030588225509387,0.2,-0.230588225509387,-0.0122352902037548,tp1_partial,True
ema_pullback,-1,2026-07-26 07:19:00+00:00,64383.76098,2026-07-26 07:20:00+00:00,64386.538010000004,1,-0.010783115018953016,0.2,-0.21078311501895303,-0.004313246007581206,tp2,False
ema_pullback,-1,2026-07-26 07:38:00+00:00,64318.66749,2026-07-26 07:40:00+00:00,64321.4315,2,-0.010743420642334023,0.2,-0.21074342064233403,-0.004297368256933609,tp1_partial,True
ema_pullback,-1,2026-07-26 07:38:00+00:00,64318.66749,2026-07-26 07:41:00+00:00,64341.4335,3,-0.08848912333087045,0.2,-0.28848912333087046,-0.03539564933234818,sl,False
ema_pullback,-1,2026-07-26 07:45:00+00:00,64314.46791,2026-07-26 07:49:00+00:00,64356.435,4,-0.3262647687509723,0.4,-0.7262647687509723,-0.06525295375019446,sl,False
ema_pullback,-1,2026-07-26 07:52:00+00:00,64327.166639999996,2026-07-26 08:00:00+00:00,64352.234580000004,8,-0.1948472263694212,0.4,-0.5948472263694212,-0.03896944527388424,sl,False
ema_pullback,-1,2026-07-26 08:01:00+00:00,64328.466510000006,2026-07-26 08:03:00+00:00,64326.73203,2,0.006740717189868128,0.2,-0.19325928281013188,0.0026962868759472514,tp1_partial,True
ema_pullback,-1,2026-07-26 08:01:00+00:00,64328.466510000006,2026-07-26 08:08:00+00:00,64355.73493,7,-0.1059733795913953,0.2,-0.3059733795913953,-0.04238935183655812,sl,False
ema_pullback,-1,2026-07-26 08:24:00+00:00,64359.76338,2026-07-26 08:25:00+00:00,64366.33598999999,1,-0.025530741781909505,0.2,-0.22553074178190952,-0.010212296712763802,tp1_partial,True
ema_pullback,-1,2026-07-26 08:24:00+00:00,64359.76338,2026-07-26 08:26:00+00:00,64360.03535999999,2,-0.0010564830637549427,0.2,-0.20105648306375495,-0.0004225932255019771,tp2,False
ema_pullback,1,2026-07-26 09:01:00+00:00,64463.14567,2026-07-26 09:01:00+00:00,64456.95365999999,0,-0.024013759860969097,0.2,-0.2240137598609691,-0.009605503944387639,tp1_partial,True
ema_pullback,1,2026-07-26 09:01:00+00:00,64463.14567,2026-07-26 09:02:00+00:00,64463.652989999995,1,0.0019674807780756254,0.2,-0.19803251922192439,0.0007869923112302502,tp2,False
ema_pullback,1,2026-07-26 09:09:00+00:00,64469.846340000004,2026-07-26 09:17:00+00:00,64470.352320000005,8,0.0019620800603692423,0.2,-0.19803791993963077,0.0007848320241476969,tp1_partial,True
ema_pullback,1,2026-07-26 09:09:00+00:00,64469.846340000004,2026-07-26 09:18:00+00:00,64483.750980000004,9,0.053919160620752304,0.2,-0.1460808393792477,0.021567664248300922,tp2,False
ema_pullback,1,2026-07-26 09:38:00+00:00,64511.4505,2026-07-26 09:40:00+00:00,64509.04845,2,-0.009308618785425216,0.2,-0.20930861878542523,-0.0037234475141700862,tp1_partial,True
ema_pullback,1,2026-07-26 09:38:00+00:00,64511.4505,2026-07-26 10:00:00+00:00,64487.85057,22,-0.09145636091378861,0.2,-0.2914563609137886,-0.036582544365515446,sl,False
ema_pullback,1,2026-07-26 10:21:00+00:00,64484.84784,2026-07-26 10:22:00+00:00,64475.751780000006,1,-0.035264330709772196,0.2,-0.2352643307097722,-0.014105732283908878,tp1_partial,True
ema_pullback,1,2026-07-26 10:21:00+00:00,64484.84784,2026-07-26 10:23:00+00:00,64479.651390000006,2,-0.020146011714600176,0.2,-0.2201460117146002,-0.00805840468584007,tp2,False
ema_pullback,1,2026-07-26 10:31:00+00:00,64506.45,2026-07-26 10:35:00+00:00,64499.649390000006,4,-0.026356317856551792,0.2,-0.2263563178565518,-0.010542527142620717,tp1_partial,True
ema_pullback,1,2026-07-26 10:31:00+00:00,64506.45,2026-07-26 10:36:00+00:00,64505.84877000001,5,-0.0023301158255661925,0.2,-0.2023301158255662,-0.000932046330226477,tp2,False
ema_pullback,1,2026-07-26 11:04:00+00:00,64502.34959,2026-07-26 11:06:00+00:00,64498.149540000006,2,-0.01627867057049648,0.2,-0.2162786705704965,-0.006511468228198591,tp1_partial,True
ema_pullback,1,2026-07-26 11:04:00+00:00,64502.34959,2026-07-26 11:09:00+00:00,64480.75128,5,-0.08371133042939238,0.2,-0.2837113304293924,-0.03348453217175695,sl,False
ema_pullback,1,2026-07-26 11:17:00+00:00,64493.74873,2026-07-26 11:18:00+00:00,64486.35072,1,-0.028677236731000644,0.2,-0.22867723673100065,-0.011470894692400257,tp1_partial,True
ema_pullback,1,2026-07-26 11:17:00+00:00,64493.74873,2026-07-26 11:19:00+00:00,64491.850170000005,2,-0.007359472962042979,0.2,-0.207359472962043,-0.0029437891848171915,tp2,False
ema_pullback,1,2026-07-26 11:46:00+00:00,64482.647619999996,2026-07-26 11:47:00+00:00,64475.951759999996,1,-0.02595992971418659,0.2,-0.2259599297141866,-0.010383971885674637,tp1_partial,True
ema_pullback,1,2026-07-26 11:46:00+00:00,64482.647619999996,2026-07-26 11:48:00+00:00,64482.151139999994,2,-0.0019248589284426298,0.2,-0.20192485892844264,-0.0007699435713770519,tp2,False
ema_pullback,1,2026-07-26 12:00:00+00:00,64487.94815,2026-07-26 12:02:00+00:00,64481.051250000004,2,-0.02673716639250978,0.2,-0.2267371663925098,-0.010694866557003913,tp1_partial,True
ema_pullback,1,2026-07-26 12:00:00+00:00,64487.94815,2026-07-26 12:03:00+00:00,64487.15064,3,-0.0030917017166676164,0.2,-0.20309170171666763,-0.0012366806866670466,tp2,False
ema_pullback,1,2026-07-26 12:13:00+00:00,64571.256480000004,2026-07-26 12:13:00+00:00,64571.642190000006,0,0.0014933502189284908,0.2,-0.19850664978107152,0.0005973400875713963,tp1_partial,True
ema_pullback,1,2026-07-26 12:13:00+00:00,64571.256480000004,2026-07-26 12:16:00+00:00,64584.84087000001,3,0.052594570481234726,0.2,-0.14740542951876529,0.02103782819249389,tp2,False
ema_pullback,1,2026-07-26 12:23:00+00:00,64546.15397,2026-07-26 12:39:00+00:00,64514.04795,16,-0.24870591061804115,0.4,-0.6487059106180412,-0.04974118212360823,sl,False
ema_pullback,-1,2026-07-26 12:58:00+00:00,64437.65559,2026-07-26 12:58:00+00:00,64444.64382,0,-0.027112369064385966,0.2,-0.22711236906438598,-0.010844947625754386,tp1_partial,True
ema_pullback,-1,2026-07-26 12:58:00+00:00,64437.65559,2026-07-26 13:02:00+00:00,64438.74322999999,4,-0.004219737628707865,0.2,-0.20421973762870788,-0.001687895051483146,tp2,False
ema_pullback,-1,2026-07-26 13:03:00+00:00,64404.258929999996,2026-07-26 13:10:00+00:00,64388.23817999999,7,0.06218823982362398,0.2,-0.13781176017637603,0.024875295929449592,tp1_partial,True
ema_pullback,-1,2026-07-26 13:03:00+00:00,64404.258929999996,2026-07-26 13:17:00+00:00,64446.043959999995,14,-0.1621982408236966,0.2,-0.3621982408236966,-0.06487929632947864,sl,False
ema_pullback,-1,2026-07-26 13:28:00+00:00,64433.755979999994,2026-07-26 13:37:00+00:00,64470.74643,9,-0.2870424782585035,0.4,-0.6870424782585035,-0.0574084956517007,sl,False
ema_pullback,1,2026-07-26 13:41:00+00:00,64490.948449999996,2026-07-26 13:41:00+00:00,64505.94875999999,0,0.05814889670768819,0.2,-0.14185110329231182,0.023259558683075277,tp1_partial,True
ema_pullback,1,2026-07-26 13:41:00+00:00,64490.948449999996,2026-07-26 13:45:00+00:00,64533.74597999999,4,0.16590518138054344,0.2,-0.03409481861945657,0.06636207255221738,tp2,False
ema_pullback,1,2026-07-26 14:01:00+00:00,64509.15027,2026-07-26 14:02:00+00:00,64507.348620000004,1,-0.006982149014733707,0.2,-0.20698214901473372,-0.002792859605893483,tp1_partial,True
ema_pullback,1,2026-07-26 14:01:00+00:00,64509.15027,2026-07-26 14:03:00+00:00,64518.34752,2,0.035643199303936335,0.2,-0.16435680069606368,0.014257279721574534,tp2,False
ema_pullback,1,2026-07-26 14:13:00+00:00,64666.265980000004,2026-07-26 14:19:00+00:00,64620.93726,6,-0.3504819654657765,0.4,-0.7504819654657765,-0.0700963930931553,sl,False
ema_pullback,1,2026-07-26 14:23:00+00:00,64647.664119999994,2026-07-26 14:24:00+00:00,64614.83787,1,-0.2538858166558078,0.4,-0.6538858166558078,-0.05077716333116156,sl,False
ema_pullback,1,2026-07-26 14:32:00+00:00,64643.86374,2026-07-26 14:41:00+00:00,64661.833170000005,9,0.06949395101241151,0.2,-0.1305060489875885,0.027797580404964606,tp1_partial,True
ema_pullback,1,2026-07-26 14:32:00+00:00,64643.86374,2026-07-26 14:42:00+00:00,64692.630090000006,10,0.18859620688882472,0.2,-0.011403793111175287,0.07543848275552989,tp2,False
ema_pullback,1,2026-07-26 14:53:00+00:00,64684.96785,2026-07-26 14:57:00+00:00,64659.33342,4,-0.19814827812425495,0.4,-0.598148278124255,-0.03962965562485099,sl,False
ema_pullback,1,2026-07-26 14:59:00+00:00,64692.26858,2026-07-26 15:02:00+00:00,64711.52819999999,3,0.07442782740019194,0.2,-0.12557217259980807,0.029771130960076775,tp1_partial,True
ema_pullback,1,2026-07-26 14:59:00+00:00,64692.26858,2026-07-26 15:06:00+00:00,64646.93466,7,-0.17519064099577597,0.2,-0.375190640995776,-0.07007625639831039,sl,False
ema_pullback,1,2026-07-26 15:07:00+00:00,64695.96895,2026-07-26 15:11:00+00:00,64636.83567,4,-0.45700899885819934,0.4,-0.8570089988581994,-0.09140179977163987,sl,False
ema_pullback,1,2026-07-26 15:16:00+00:00,64697.96915,2026-07-26 15:19:00+00:00,64736.32572,3,0.14821396445641177,0.2,-0.05178603554358824,0.05928558578256471,tp1_partial,True
ema_pullback,1,2026-07-26 15:16:00+00:00,64697.96915,2026-07-26 15:36:00+00:00,64787.72058000001,20,0.3468093016641971,0.2,0.1468093016641971,0.13872372066567884,tp2,False
ema_pullback,1,2026-07-26 15:43:00+00:00,64772.87664,2026-07-26 15:45:00+00:00,64748.22453,2,-0.19029655064584095,0.4,-0.590296550645841,-0.03805931012916819,sl,False
ema_pullback,1,2026-07-26 15:51:00+00:00,64760.37539,2026-07-26 15:51:00+00:00,64728.92646,0,-0.24280997300130114,0.4,-0.6428099730013012,-0.04856199460026023,sl,False
ema_pullback,1,2026-07-26 15:56:00+00:00,64756.475,2026-07-26 15:58:00+00:00,64727.726579999995,2,-0.22197332390316848,0.4,-0.6219733239031685,-0.0443946647806337,sl,False
ema_pullback,1,2026-07-26 15:59:00+00:00,64752.4746,2026-07-26 16:01:00+00:00,64755.5238,2,0.011772523053510398,0.2,-0.1882274769464896,0.004709009221404159,tp1_partial,True
ema_pullback,1,2026-07-26 15:59:00+00:00,64752.4746,2026-07-26 16:03:00+00:00,64723.527,4,-0.11176252405339926,0.2,-0.31176252405339927,-0.044705009621359704,sl,False
ema_pullback,1,2026-07-26 16:15:00+00:00,64694.16877,2026-07-26 16:15:00+00:00,64693.72998,0,-0.0016956319570382572,0.2,-0.20169563195703827,-0.0006782527828153029,tp1_partial,True
ema_pullback,1,2026-07-26 16:15:00+00:00,64694.16877,2026-07-26 16:16:00+00:00,64706.228729999995,1,0.046603736585881794,0.2,-0.15339626341411822,0.018641494634352718,tp2,False
ema_pullback,1,2026-07-26 16:21:00+00:00,64734.67282,2026-07-26 16:22:00+00:00,64736.725679999996,1,0.007927977042965217,0.2,-0.1920720229570348,0.003171190817186087,tp1_partial,True
ema_pullback,1,2026-07-26 16:21:00+00:00,64734.67282,2026-07-26 16:24:00+00:00,64706.72868,3,-0.10791797804285408,0.2,-0.3079179780428541,-0.04316719121714163,sl,False
ema_pullback,1,2026-07-26 16:26:00+00:00,64733.57271,2026-07-26 16:26:00+00:00,64724.02694999999,0,-0.036865569133542886,0.2,-0.2368655691335429,-0.014746227653417154,tp1_partial,True
ema_pullback,1,2026-07-26 16:26:00+00:00,64733.57271,2026-07-26 16:27:00+00:00,64727.32661999999,1,-0.024122297513196056,0.2,-0.22412229751319607,-0.009648919005278422,tp2,False
ema_pullback,1,2026-07-26 16:30:00+00:00,64777.27708,2026-07-26 16:31:00+00:00,64795.819769999995,1,0.07156325040141853,0.2,-0.12843674959858148,0.028625300160567413,tp1_partial,True
ema_pullback,1,2026-07-26 16:30:00+00:00,64777.27708,2026-07-26 16:32:00+00:00,64827.41660999999,2,0.19350740051204962,0.2,-0.00649259948795039,0.07740296020481985,tp2,False
ema_pullback,1,2026-07-26 16:42:00+00:00,64815.280880000006,2026-07-26 16:44:00+00:00,64788.02055,2,-0.21029246213155606,0.4,-0.6102924621315561,-0.04205849242631121,sl,False
ema_pullback,1,2026-07-26 16:48:00+00:00,64802.379590000004,2026-07-26 16:49:00+00:00,64776.62169,1,-0.19874193018043496,0.4,-0.598741930180435,-0.03974838603608699,sl,False
ema_pullback,1,2026-07-26 17:06:00+00:00,64701.36949,2026-07-26 17:06:00+00:00,64714.02795,0,0.04891109763127677,0.2,-0.15108890236872324,0.019564439052510707,tp1_partial,True
ema_pullback,1,2026-07-26 17:06:00+00:00,64701.36949,2026-07-26 17:07:00+00:00,64663.03305,1,-0.14812839473948847,0.2,-0.3481283947394885,-0.05925135789579539,sl,False
ema_pullback,1,2026-07-26 17:13:00+00:00,64720.67142,2026-07-26 17:15:00+00:00,64746.62469,2,0.10025108450889553,0.2,-0.09974891549110448,0.04010043380355821,tp1_partial,True
ema_pullback,1,2026-07-26 17:13:00+00:00,64720.67142,2026-07-26 17:37:00+00:00,64668.632489999996,24,-0.2010135589536055,0.2,-0.4010135589536055,-0.0804054235814422,sl,False
ema_pullback,1,2026-07-26 17:46:00+00:00,64672.36659,2026-07-26 17:48:00+00:00,64646.334720000006,2,-0.2012596057062721,0.4,-0.6012596057062721,-0.04025192114125442,sl,False
ema_pullback,1,2026-07-26 17:51:00+00:00,64670.56641,2026-07-26 17:53:00+00:00,64668.832469999994,2,-0.00670297206387116,0.2,-0.20670297206387117,-0.002681188825548464,tp1_partial,True
ema_pullback,1,2026-07-26 17:51:00+00:00,64670.56641,2026-07-26 17:56:00+00:00,64646.63469,5,-0.09251395699969023,0.2,-0.29251395699969024,-0.03700558279987609,sl,False
ema_pullback,1,2026-07-26 18:00:00+00:00,64669.76633,2026-07-26 18:00:00+00:00,64643.43501,0,-0.20358292208472184,0.4,-0.6035829220847219,-0.04071658441694437,sl,False
ema_pullback,1,2026-07-26 18:02:00+00:00,64668.4662,2026-07-26 18:11:00+00:00,64669.332420000006,9,0.003348695472860097,0.2,-0.19665130452713991,0.0013394781891440388,tp1_partial,True
ema_pullback,1,2026-07-26 18:02:00+00:00,64668.4662,2026-07-26 18:15:00+00:00,64641.735179999996,13,-0.10333869647277671,0.2,-0.3033386964727767,-0.041335478589110686,sl,False
ema_pullback,1,2026-07-26 18:22:00+00:00,64668.76623,2026-07-26 18:26:00+00:00,64638.135539999996,4,-0.23682754276665996,0.4,-0.63682754276666,-0.04736550855333199,sl,False
ema_pullback,1,2026-07-26 18:28:00+00:00,64669.66632,2026-07-26 18:39:00+00:00,64673.631989999994,11,0.015330487327602782,0.2,-0.18466951267239723,0.006132194931041113,tp1_partial,True
ema_pullback,1,2026-07-26 18:28:00+00:00,64669.66632,2026-07-26 18:40:00+00:00,64690.530299999984,12,0.08065597515510836,0.2,-0.11934402484489165,0.032262390062043345,tp2,False
ema_pullback,1,2026-07-26 18:44:00+00:00,64682.96765,2026-07-26 18:45:00+00:00,64672.73208,1,-0.039560530275067896,0.2,-0.2395605302750679,-0.015824212110027158,tp1_partial,True
ema_pullback,1,2026-07-26 18:44:00+00:00,64682.96765,2026-07-26 18:46:00+00:00,64675.53180000001,2,-0.028739598189997384,0.2,-0.2287395981899974,-0.011495839275998954,tp2,False
ema_pullback,1,2026-07-26 18:53:00+00:00,64736.773030000004,2026-07-26 19:02:00+00:00,64690.93026,9,-0.35407055259578657,0.4,-0.7540705525957866,-0.07081411051915731,sl,False
ema_pullback,1,2026-07-26 19:04:00+00:00,64711.67052,2026-07-26 19:06:00+00:00,64682.5311,2,-0.22514810517054729,0.4,-0.6251481051705473,-0.04502962103410946,sl,False
ema_pullback,1,2026-07-26 19:20:00+00:00,64674.266780000005,2026-07-26 19:22:00+00:00,64678.231530000005,2,0.015325840544477831,0.2,-0.18467415945552218,0.0061303362177911325,tp1_partial,True
ema_pullback,1,2026-07-26 19:20:00+00:00,64674.266780000005,2026-07-26 19:31:00+00:00,64695.12984000001,11,0.08064668158885846,0.2,-0.11935331841114155,0.032258672635543384,tp2,False
ema_pullback,1,2026-07-26 19:41:00+00:00,64702.66961999999,2026-07-26 19:47:00+00:00,64681.731179999995,6,-0.16180507020013835,0.4,-0.5618050702001384,-0.03236101404002767,sl,False
ema_pullback,1,2026-07-26 20:06:00+00:00,64679.56731,2026-07-26 20:15:00+00:00,64649.93436,9,-0.22907504821401137,0.4,-0.6290750482140114,-0.045815009642802274,sl,False
ema_pullback,1,2026-07-26 20:30:00+00:00,64630.26238,2026-07-26 20:31:00+00:00,64631.83617,1,0.006087666760301591,0.2,-0.19391233323969842,0.0024350667041206364,tp1_partial,True
ema_pullback,1,2026-07-26 20:30:00+00:00,64630.26238,2026-07-26 21:03:00+00:00,64646.334720000006,33,0.06217033402056149,0.2,-0.13782966597943852,0.024868133608224596,tp2,False
ema_pullback,1,2026-07-26 21:13:00+00:00,64655.664919999996,2026-07-26 21:13:00+00:00,64654.533899999995,0,-0.004373244020472455,0.2,-0.20437324402047247,-0.0017492976081889822,tp1_partial,True
ema_pullback,1,2026-07-26 21:13:00+00:00,64655.664919999996,2026-07-26 21:14:00+00:00,64666.33271999999,1,0.0412485124590134,0.2,-0.1587514875409866,0.01649940498360536,tp2,False
ema_pullback,1,2026-07-26 21:34:00+00:00,64812.38059,2026-07-26 21:36:00+00:00,64773.522,2,-0.2997775243422929,0.4,-0.6997775243422929,-0.059955504868458576,sl,False
ema_pullback,1,2026-07-26 21:37:00+00:00,64801.77953,2026-07-26 21:37:00+00:00,64773.522,0,-0.2180305093853474,0.4,-0.6180305093853474,-0.04360610187706948,sl,False
ema_pullback,1,2026-07-26 21:39:00+00:00,64800.27938,2026-07-26 21:39:00+00:00,64768.72248,0,-0.24349354896258113,0.4,-0.6434935489625812,-0.048698709792516226,sl,False
ema_pullback,1,2026-07-26 21:42:00+00:00,64806.37999,2026-07-26 21:44:00+00:00,64762.5231,2,-0.338368614376916,0.4,-0.738368614376916,-0.0676737228753832,sl,False
ema_pullback,1,2026-07-26 21:46:00+00:00,64800.079359999996,2026-07-26 21:48:00+00:00,64816.217730000004,2,0.06226215368637655,0.2,-0.13773784631362346,0.02490486147455062,tp1_partial,True
ema_pullback,1,2026-07-26 21:46:00+00:00,64800.079359999996,2026-07-26 21:49:00+00:00,64845.11484000001,3,0.17374778103979027,0.2,-0.02625221896020974,0.06949911241591611,tp2,False
ema_pullback,1,2026-07-26 21:53:00+00:00,64838.98325,2026-07-26 21:56:00+00:00,64850.914260000005,3,0.04600245640035139,0.2,-0.15399754359964862,0.018400982560140555,tp1_partial,True
ema_pullback,1,2026-07-26 21:53:00+00:00,64838.98325,2026-07-26 22:00:00+00:00,64875.91176,7,0.14238544525607688,0.2,-0.05761455474392313,0.05695417810243075,tp2,False
ema_pullback,1,2026-07-26 22:01:00+00:00,65058.40519,2026-07-26 22:32:00+00:00,65275.57179000001,31,0.8345063153861187,0.2,0.6345063153861188,0.3338025261544475,tp1_partial,True
ema_pullback,1,2026-07-26 22:01:00+00:00,65058.40519,2026-07-26 23:08:00+00:00,65505.74877000001,67,1.7190076312721403,0.2,1.5190076312721403,0.6876030525088561,tp2,False
ema_pullback,1,2026-07-26 23:13:00+00:00,65473.04665,2026-07-26 23:13:00+00:00,65439.85536,0,-0.25347293045202557,0.4,-0.6534729304520256,-0.050694586090405114,sl,False
ema_pullback,1,2026-07-26 23:16:00+00:00,65444.44379,2026-07-26 23:17:00+00:00,65369.662379999994,1,-0.5713350566471376,0.4,-0.9713350566471376,-0.11426701132942751,sl,False
ema_pullback,1,2026-07-26 23:34:00+00:00,65332.33258,2026-07-26 23:34:00+00:00,65351.16423,0,0.0720609890093038,0.2,-0.1279390109906962,0.02882439560372152,tp1_partial,True
ema_pullback,1,2026-07-26 23:34:00+00:00,65332.33258,2026-07-26 23:46:00+00:00,65382.961050000005,12,0.1937343578617967,0.2,-0.006265642138203298,0.07749374314471869,tp2,False
ema_pullback,1,2026-07-26 23:50:00+00:00,65377.83713,2026-07-26 23:50:00+00:00,65383.16103,0,0.020358198717318476,0.2,-0.17964180128268153,0.00814327948692739,tp1_partial,True
ema_pullback,1,2026-07-26 23:50:00+00:00,65377.83713,2026-07-26 23:51:00+00:00,65401.55919000001,1,0.09071139793459526,0.2,-0.10928860206540475,0.036284559173838105,tp2,False
ema_pullback,1,2026-07-27 00:00:00+00:00,65381.737519999995,2026-07-27 00:00:00+00:00,65355.06384,0,-0.20398417824113446,0.4,-0.6039841782411345,-0.04079683564822689,sl,False
ema_pullback,1,2026-07-27 00:14:00+00:00,65221.42149,2026-07-27 00:15:00+00:00,65170.38231,1,-0.39127620062545665,0.4,-0.7912762006254567,-0.07825524012509133,sl,False
ema_pullback,1,2026-07-27 00:23:00+00:00,65158.81523,2026-07-27 00:24:00+00:00,65088.09054,1,-0.5427100673205398,0.4,-0.9427100673205399,-0.10854201346410797,sl,False
ema_pullback,1,2026-07-27 00:26:00+00:00,65204.81983,2026-07-27 00:30:00+00:00,65119.4874,4,-0.6543414292262129,0.4,-1.0543414292262128,-0.13086828584524257,sl,False
ema_pullback,1,2026-07-27 00:32:00+00:00,65201.21947,2026-07-27 00:35:00+00:00,65135.08584,3,-0.5071502537650208,0.4,-0.9071502537650208,-0.10143005075300415,sl,False
ema_pullback,1,2026-07-27 00:44:00+00:00,65129.212269999996,2026-07-27 00:44:00+00:00,65096.28972,0,-0.2527479517448472,0.4,-0.6527479517448472,-0.05054959034896944,sl,False
ema_pullback,1,2026-07-27 00:45:00+00:00,65136.61301,2026-07-27 00:45:00+00:00,65152.184129999994,0,0.059763316207439576,0.2,-0.14023668379256043,0.02390532648297583,tp1_partial,True
ema_pullback,1,2026-07-27 00:45:00+00:00,65136.61301,2026-07-27 00:53:00+00:00,65095.189829999996,8,-0.15898577653111756,0.2,-0.3589857765311176,-0.06359431061244702,sl,False
ema_pullback,1,2026-07-27 01:00:00+00:00,65112.5106,2026-07-27 01:02:00+00:00,65130.486300000004,2,0.06901784247898002,0.2,-0.13098215752102,0.027607136991592007,tp1_partial,True
ema_pullback,1,2026-07-27 01:00:00+00:00,65112.5106,2026-07-27 01:03:00+00:00,65161.4832,3,0.18803068545786283,0.2,-0.011969314542137177,0.07521227418314513,tp2,False
ema_pullback,1,2026-07-27 01:10:00+00:00,65170.5164,2026-07-27 01:11:00+00:00,65116.38771,1,-0.41528510889626835,0.4,-0.8152851088962684,-0.08305702177925367,sl,False
ema_pullback,1,2026-07-27 01:20:00+00:00,65063.205669999996,2026-07-27 01:21:00+00:00,65024.4969,1,-0.29747051041667527,0.4,-0.6974705104166753,-0.059494102083335054,sl,False
ema_pullback,1,2026-07-27 01:25:00+00:00,65050.40439,2026-07-27 01:25:00+00:00,65025.09684,0,-0.19452261855495978,0.4,-0.5945226185549598,-0.038904523710991956,sl,False
ema_pullback,1,2026-07-27 01:32:00+00:00,65044.703819999995,2026-07-27 01:35:00+00:00,64968.40251,3,-0.5865297673669501,0.4,-0.9865297673669501,-0.11730595347339001,sl,False
ema_pullback,1,2026-07-27 01:39:00+00:00,65049.70432,2026-07-27 01:46:00+00:00,65113.388009999995,7,0.24475011326230423,0.2,0.044750113262304214,0.09790004530492169,tp1_partial,True
ema_pullback,1,2026-07-27 01:39:00+00:00,65049.70432,2026-07-27 01:59:00+00:00,65190.08033999999,20,0.5394952270245668,0.2,0.33949522702456675,0.2157980908098267,tp2,False
ema_pullback,1,2026-07-27 02:02:00+00:00,65196.11896,2026-07-27 02:04:00+00:00,65135.4858,2,-0.4650059004064344,0.4,-0.8650059004064344,-0.09300118008128688,sl,False
ema_pullback,1,2026-07-27 02:06:00+00:00,65166.31598,2026-07-27 02:11:00+00:00,65182.18113,5,0.060864074335864604,0.2,-0.1391359256641354,0.02434562973434584,tp1_partial,True
ema_pullback,1,2026-07-27 02:06:00+00:00,65166.31598,2026-07-27 02:16:00+00:00,65124.186929999996,10,-0.1616212661650629,0.2,-0.3616212661650629,-0.06464850646602516,sl,False
ema_pullback,1,2026-07-27 02:19:00+00:00,65163.71571999999,2026-07-27 02:19:00+00:00,65157.68358,0,-0.023142249998137077,0.2,-0.2231422499981371,-0.00925689999925483,tp1_partial,True
ema_pullback,1,2026-07-27 02:19:00+00:00,65163.71571999999,2026-07-27 02:20:00+00:00,65164.782869999995,1,0.004094111225150243,0.2,-0.19590588877484977,0.0016376444900600973,tp2,False
ema_pullback,1,2026-07-27 02:23:00+00:00,65178.61721,2026-07-27 02:23:00+00:00,65139.58539,0,-0.2994219705079182,0.4,-0.6994219705079182,-0.05988439410158364,sl,False
ema_pullback,1,2026-07-27 02:26:00+00:00,65184.217769999996,2026-07-27 02:30:00+00:00,65144.4849,4,-0.3047736964504888,0.4,-0.7047736964504888,-0.06095473929009776,sl,False
ema_pullback,1,2026-07-27 02:37:00+00:00,65212.920640000004,2026-07-27 02:52:00+00:00,65110.788270000005,15,-0.7830685161596129,0.4,-1.1830685161596128,-0.15661370323192259,sl,False
ema_pullback,1,2026-07-27 02:59:00+00:00,65162.91564,2026-07-27 02:59:00+00:00,65141.68518,0,-0.16290293176329795,0.4,-0.562902931763298,-0.03258058635265959,sl,False
ema_pullback,1,2026-07-27 03:01:00+00:00,65200.21937,2026-07-27 03:02:00+00:00,65237.17563,1,0.14170297415061484,0.2,-0.058297025849385176,0.056681189660245934,tp1_partial,True
ema_pullback,1,2026-07-27 03:01:00+00:00,65200.21937,2026-07-27 03:04:00+00:00,65137.18563,3,-0.24169297515047594,0.2,-0.44169297515047595,-0.09667719006019038,sl,False
ema_pullback,1,2026-07-27 03:06:00+00:00,65199.71932,2026-07-27 03:14:00+00:00,65236.37570999999,8,0.14055424771114433,0.2,-0.05944575228885568,0.05622169908445773,tp1_partial,True
ema_pullback,1,2026-07-27 03:06:00+00:00,65199.71932,2026-07-27 03:23:00+00:00,65286.070739999996,17,0.33110349592224697,0.2,0.13110349592224696,0.1324413983688988,tp2,False
ema_pullback,1,2026-07-27 03:26:00+00:00,65322.03155,2026-07-27 03:30:00+00:00,65271.87216,4,-0.38393929896074486,0.4,-0.7839392989607449,-0.07678785979214897,sl,False
ema_pullback,1,2026-07-27 03:36:00+00:00,65273.72672,2026-07-27 03:38:00+00:00,65273.472,2,-0.0009755839477654238,0.2,-0.20097558394776543,-0.0003902335791061695,tp1_partial,True
ema_pullback,1,2026-07-27 03:36:00+00:00,65273.72672,2026-07-27 03:41:00+00:00,65286.37071,5,0.04842679679623041,0.2,-0.1515732032037696,0.019370718718492164,tp2,False
ema_pullback,1,2026-07-27 03:42:00+00:00,65314.13076,2026-07-27 03:45:00+00:00,65336.36571,3,0.08510773144060346,0.2,-0.11489226855939655,0.034043092576241385,tp1_partial,True
ema_pullback,1,2026-07-27 03:42:00+00:00,65314.13076,2026-07-27 03:51:00+00:00,65265.77277,9,-0.18509773244052008,0.2,-0.3850977324405201,-0.07403909297620803,sl,False
ema_pullback,1,2026-07-27 03:59:00+00:00,65280.92744,2026-07-27 03:59:00+00:00,65245.67478,0,-0.27000734657450787,0.4,-0.6700073465745079,-0.05400146931490157,sl,False
ema_pullback,1,2026-07-27 04:04:00+00:00,65322.43159,2026-07-27 04:09:00+00:00,65253.37401,5,-0.5285900901044749,0.4,-0.9285900901044749,-0.10571801802089498,sl,False
ema_pullback,1,2026-07-27 04:14:00+00:00,65275.12686,2026-07-27 04:14:00+00:00,65284.77086999999,0,0.03693600634696592,0.2,-0.1630639936530341,0.014774402538786369,tp1_partial,True
ema_pullback,1,2026-07-27 04:14:00+00:00,65275.12686,2026-07-27 04:16:00+00:00,65307.46859999999,2,0.12386701319389015,0.2,-0.07613298680610986,0.04954680527755606,tp2,False
ema_pullback,1,2026-07-27 04:17:00+00:00,65329.732319999996,2026-07-27 04:18:00+00:00,65359.263419999996,1,0.11300788688123342,0.2,-0.08699211311876659,0.04520315475249337,tp1_partial,True
ema_pullback,1,2026-07-27 04:17:00+00:00,65329.732319999996,2026-07-27 04:22:00+00:00,65401.85915999999,5,0.27601077426242515,0.2,0.07601077426242514,0.11040430970497006,tp2,False
ema_pullback,1,2026-07-27 04:36:00+00:00,65305.42989,2026-07-27 04:37:00+00:00,65316.76767,1,0.043402899341959955,0.2,-0.15659710065804006,0.017361159736783982,tp1_partial,True
ema_pullback,1,2026-07-27 04:36:00+00:00,65305.42989,2026-07-27 04:38:00+00:00,65341.26522,2,0.1371835774619523,0.2,-0.0628164225380477,0.054873430984780924,tp2,False
ema_pullback,1,2026-07-27 04:45:00+00:00,65372.5366,2026-07-27 04:45:00+00:00,65333.06604,0,-0.3018894634723712,0.4,-0.7018894634723712,-0.060377892694474244,sl,False
ema_pullback,1,2026-07-27 04:48:00+00:00,65344.5338,2026-07-27 04:48:00+00:00,65310.56829,0,-0.25989557216793413,0.4,-0.6598955721679342,-0.051979114433586826,sl,False
ema_pullback,1,2026-07-27 04:50:00+00:00,65337.73312,2026-07-27 04:50:00+00:00,65308.268520000005,0,-0.22547920315718617,0.4,-0.6254792031571862,-0.045095840631437234,sl,False
ema_pullback,1,2026-07-27 05:02:00+00:00,65289.828330000004,2026-07-27 05:10:00+00:00,65309.168430000005,8,0.07405479725819397,0.2,-0.12594520274180604,0.02962191890327759,tp1_partial,True
ema_pullback,1,2026-07-27 05:02:00+00:00,65289.828330000004,2026-07-27 05:13:00+00:00,65341.465200000006,11,0.1977217252701613,0.2,-0.002278274729838714,0.07908869010806452,tp2,False
ema_pullback,1,2026-07-27 05:17:00+00:00,65336.03295,2026-07-27 05:17:00+00:00,65316.96765,0,-0.14590187940083377,0.4,-0.5459018794008338,-0.029180375880166753,sl,False
ema_pullback,1,2026-07-27 05:18:00+00:00,65357.93514,2026-07-27 05:20:00+00:00,65376.661680000005,2,0.07163070543725336,0.2,-0.12836929456274665,0.028652282174901345,tp1_partial,True
ema_pullback,1,2026-07-27 05:18:00+00:00,65357.93514,2026-07-27 05:22:00+00:00,65408.55849,4,0.19363888214785074,0.2,-0.006361117852149267,0.0774555528591403,tp2,False
ema_pullback,1,2026-07-27 05:25:00+00:00,65386.638009999995,2026-07-27 05:25:00+00:00,65362.86306,0,-0.18180281723884084,0.4,-0.5818028172388409,-0.03636056344776817,sl,False
ema_pullback,1,2026-07-27 05:28:00+00:00,65387.5381,2026-07-27 05:30:00+00:00,65357.863560000005,2,-0.2269128098584261,0.4,-0.6269128098584261,-0.04538256197168522,sl,False
ema_pullback,1,2026-07-27 05:32:00+00:00,65393.03865,2026-07-27 05:32:00+00:00,65366.96265,0,-0.19937902059857793,0.4,-0.599379020598578,-0.039875804119715585,sl,False
ema_pullback,1,2026-07-27 05:33:00+00:00,65398.33918,2026-07-27 05:34:00+00:00,65363.463,1,-0.26664423315098107,0.4,-0.6666442331509811,-0.053328846630196214,sl,False
ema_pullback,1,2026-07-27 05:39:00+00:00,65380.5374,2026-07-27 05:40:00+00:00,65336.16573,1,-0.33933393456631045,0.4,-0.7393339345663105,-0.06786678691326209,sl,False
ema_pullback,1,2026-07-27 05:44:00+00:00,65382.33758,2026-07-27 05:45:00+00:00,65353.464,1,-0.220805656915124,0.4,-0.620805656915124,-0.0441611313830248,sl,False
ema_pullback,1,2026-07-27 05:52:00+00:00,65357.335080000004,2026-07-27 05:56:00+00:00,65373.76197000001,4,0.06283491355596471,0.2,-0.1371650864440353,0.025133965422385884,tp1_partial,True
ema_pullback,1,2026-07-27 05:52:00+00:00,65357.335080000004,2026-07-27 05:57:00+00:00,65403.259020000005,5,0.17566482761188773,0.2,-0.02433517238811228,0.07026593104475509,tp2,False
ema_pullback,1,2026-07-27 06:07:00+00:00,65662.5656,2026-07-27 06:09:00+00:00,65471.352210000005,2,-1.4560304509331767,0.4,-1.8560304509331766,-0.29120609018663535,sl,False
ema_pullback,1,2026-07-27 06:10:00+00:00,65535.152859999995,2026-07-27 06:10:00+00:00,65578.64147999999,0,0.16589806425298947,0.2,-0.03410193574701054,0.06635922570119579,tp1_partial,True
ema_pullback,1,2026-07-27 06:10:00+00:00,65535.152859999995,2026-07-27 06:27:00+00:00,65465.4528,17,-0.2658880652529061,0.2,-0.4658880652529061,-0.10635522610116244,sl,False
ema_pullback,1,2026-07-27 06:33:00+00:00,65503.44969,2026-07-27 06:34:00+00:00,65512.74807,1,0.03548813094578218,0.2,-0.16451186905421783,0.014195252378312873,tp1_partial,True
ema_pullback,1,2026-07-27 06:33:00+00:00,65503.44969,2026-07-27 06:37:00+00:00,65535.145830000016,4,0.12097126239157818,0.2,-0.07902873760842183,0.04838850495663127,tp2,False
ema_pullback,1,2026-07-27 06:43:00+00:00,65501.04945,2026-07-27 06:45:00+00:00,65464.752870000004,2,-0.27706869053834016,0.4,-0.6770686905383402,-0.05541373810766803,sl,False
ema_pullback,1,2026-07-27 06:58:00+00:00,65427.5421,2026-07-27 06:58:00+00:00,65403.459,0,-0.18404405260391554,0.4,-0.5840440526039156,-0.03680881052078311,sl,False
ema_pullback,1,2026-07-27 07:05:00+00:00,65406.339980000004,2026-07-27 07:05:00+00:00,65388.66048,0,-0.13515127130958593,0.4,-0.535151271309586,-0.027030254261917186,sl,False
ema_pullback,1,2026-07-27 07:06:00+00:00,65418.741219999996,2026-07-27 07:06:00+00:00,65376.06174,0,-0.32620224116258756,0.4,-0.7262022411625876,-0.06524044823251751,sl,False
ema_pullback,1,2026-07-27 07:10:00+00:00,65401.33948,2026-07-27 07:30:00+00:00,65323.56699,20,-0.5945787243683553,0.4,-0.9945787243683554,-0.11891574487367107,sl,False
ema_pullback,1,2026-07-27 07:45:00+00:00,65269.42629,2026-07-27 07:45:00+00:00,65270.272320000004,0,0.003240529479475729,0.2,-0.19675947052052428,0.0012962117917902916,tp1_partial,True
ema_pullback,1,2026-07-27 07:45:00+00:00,65269.42629,2026-07-27 07:47:00+00:00,65284.27092,2,0.056859048883195484,0.2,-0.14314095111680453,0.022743619553278194,tp2,False
ema_pullback,1,2026-07-27 07:50:00+00:00,65286.427990000004,2026-07-27 07:50:00+00:00,65260.27332,0,-0.20030709908047672,0.4,-0.6003070990804767,-0.040061419816095345,sl,False
ema_pullback,1,2026-07-27 07:55:00+00:00,65289.828330000004,2026-07-27 07:57:00+00:00,65235.07584,2,-0.41930336930329215,0.4,-0.8193033693032922,-0.08386067386065843,sl,False
ema_pullback,1,2026-07-27 08:08:00+00:00,65215.520899999996,2026-07-27 08:09:00+00:00,65191.38021,1,-0.18508393145405533,0.4,-0.5850839314540554,-0.037016786290811066,sl,False
ema_pullback,1,2026-07-27 08:18:00+00:00,65225.42189,2026-07-27 08:22:00+00:00,65157.88356,4,-0.5177301123011069,0.4,-0.9177301123011069,-0.10354602246022138,sl,False
ema_pullback,1,2026-07-27 08:24:00+00:00,65215.62091,2026-07-27 08:33:00+00:00,65168.98245,9,-0.35757123331203733,0.4,-0.7575712333120374,-0.07151424666240747,sl,False
ema_pullback,1,2026-07-27 08:47:00+00:00,65186.41799,2026-07-27 08:50:00+00:00,65134.58589,3,-0.3975682480969467,0.4,-0.7975682480969467,-0.07951364961938934,sl,False
ema_pullback,1,2026-07-27 08:55:00+00:00,65155.61491,2026-07-27 09:00:00+00:00,65113.98795,5,-0.3194426148651619,0.4,-0.7194426148651619,-0.06388852297303238,sl,False
ema_pullback,1,2026-07-27 09:08:00+00:00,65117.41109,2026-07-27 09:08:00+00:00,65092.4901,0,-0.1913542751688646,0.4,-0.5913542751688646,-0.03827085503377292,sl,False
ema_pullback,1,2026-07-27 09:11:00+00:00,65129.312280000006,2026-07-27 09:21:00+00:00,65152.284120000004,10,0.0881778081013862,0.2,-0.11182219189861381,0.03527112324055448,tp1_partial,True
ema_pullback,1,2026-07-27 09:11:00+00:00,65129.312280000006,2026-07-27 09:25:00+00:00,65188.28052,14,0.2263506167026752,0.2,0.02635061670267519,0.09054024668107008,tp2,False
ema_pullback,1,2026-07-27 09:32:00+00:00,65204.81983,2026-07-27 09:33:00+00:00,65206.978650000005,1,0.008277072176710032,0.2,-0.19172292782328998,0.0033108288706840128,tp1_partial,True
ema_pullback,1,2026-07-27 09:32:00+00:00,65204.81983,2026-07-27 09:34:00+00:00,65222.17713000001,2,0.06654914485332286,0.2,-0.13345085514667715,0.026619657941329145,tp2,False
ema_pullback,1,2026-07-27 09:43:00+00:00,65282.227569999995,2026-07-27 09:45:00+00:00,65261.4732,2,-0.1589588068034442,0.4,-0.5589588068034442,-0.03179176136068884,sl,False
ema_pullback,1,2026-07-27 09:48:00+00:00,65273.22667,2026-07-27 09:48:00+00:00,65268.97245000001,0,-0.016293893442320684,0.2,-0.2162938934423207,-0.0065175573769282735,tp1_partial,True
ema_pullback,1,2026-07-27 09:48:00+00:00,65273.22667,2026-07-27 09:54:00+00:00,65251.57419,6,-0.08293017330621155,0.2,-0.28293017330621156,-0.03317206932248462,sl,False
ema_pullback,1,2026-07-27 10:03:00+00:00,65249.82433,2026-07-27 10:04:00+00:00,65217.777570000006,1,-0.24556970328321048,0.4,-0.6455697032832105,-0.0491139406566421,sl,False
ema_pullback,1,2026-07-27 10:08:00+00:00,65237.723119999995,2026-07-27 10:11:00+00:00,65200.87926,3,-0.2823815596094681,0.4,-0.6823815596094681,-0.05647631192189362,sl,False
ema_pullback,1,2026-07-27 10:15:00+00:00,65235.02285,2026-07-27 10:16:00+00:00,65232.67608,1,-0.008993520265176969,0.2,-0.20899352026517698,-0.0035974081060707874,tp1_partial,True
ema_pullback,1,2026-07-27 10:15:00+00:00,65235.02285,2026-07-27 10:17:00+00:00,65243.375009999996,2,0.03200795996960437,0.2,-0.16799204003039564,0.012803183987841749,tp2,False
ema_pullback,1,2026-07-27 10:32:00+00:00,65349.834330000005,2026-07-27 10:34:00+00:00,65315.26782,2,-0.26447282043173814,0.4,-0.6644728204317382,-0.05289456408634763,sl,False
ema_pullback,1,2026-07-27 10:37:00+00:00,65337.43309,2026-07-27 10:38:00+00:00,65332.56609,1,-0.01862255589876738,0.2,-0.2186225558987674,-0.007449022359506952,tp1_partial,True
ema_pullback,1,2026-07-27 10:37:00+00:00,65337.43309,2026-07-27 10:39:00+00:00,65340.66528,2,0.01236729791459501,0.2,-0.187632702085405,0.004946919165838004,tp2,False
ema_pullback,1,2026-07-27 10:40:00+00:00,65378.93724,2026-07-27 10:45:00+00:00,65403.558990000005,5,0.09415016150238209,0.2,-0.10584983849761792,0.037660064600952836,tp1_partial,True
ema_pullback,1,2026-07-27 10:40:00+00:00,65378.93724,2026-07-27 10:49:00+00:00,65328.166529999995,9,-0.1941401625022987,0.2,-0.3941401625022987,-0.07765606500091948,sl,False
ema_pullback,1,2026-07-27 11:08:00+00:00,65283.5277,2026-07-27 11:08:00+00:00,65277.37161,0,-0.023574438364787342,0.2,-0.22357443836478735,-0.009429775345914937,tp1_partial,True
ema_pullback,1,2026-07-27 11:08:00+00:00,65283.5277,2026-07-27 11:10:00+00:00,65263.57299,2,-0.07641556263510152,0.2,-0.27641556263510153,-0.030566225054040608,sl,False
ema_pullback,1,2026-07-27 11:32:00+00:00,65169.91634,2026-07-27 11:32:00+00:00,65142.38511,0,-0.21122652556715416,0.4,-0.6112265255671542,-0.04224530511343083,sl,False
ema_pullback,1,2026-07-27 11:34:00+00:00,65168.41619,2026-07-27 11:37:00+00:00,65178.08154,3,0.037078352387032165,0.2,-0.16292164761296785,0.014831340954812866,tp1_partial,True
ema_pullback,1,2026-07-27 11:34:00+00:00,65168.41619,2026-07-27 11:43:00+00:00,65132.886060000004,9,-0.13630118728222285,0.2,-0.33630118728222286,-0.05452047491288914,sl,False
ema_pullback,1,2026-07-27 12:01:00+00:00,65096.709019999995,2026-07-27 12:02:00+00:00,65109.08843999999,1,0.04754241875803977,0.2,-0.15245758124196024,0.01901696750321591,tp1_partial,True
ema_pullback,1,2026-07-27 12:01:00+00:00,65096.709019999995,2026-07-27 12:03:00+00:00,65134.485899999985,2,0.14507983801603785,0.2,-0.05492016198396216,0.05803193520641514,tp2,False
ema_pullback,1,2026-07-27 12:38:00+00:00,64921.4915,2026-07-27 12:38:00+00:00,64932.30612,0,0.04164499209019512,0.2,-0.1583550079098049,0.01665799683607805,tp1_partial,True
ema_pullback,1,2026-07-27 12:38:00+00:00,64921.4915,2026-07-27 12:40:00+00:00,64956.103740000006,2,0.13328498468034855,0.2,-0.06671501531965146,0.05331399387213942,tp2,False
ema_pullback,1,2026-07-27 12:42:00+00:00,65036.70301999999,2026-07-27 13:14:00+00:00,64940.90526,32,-0.736489978362953,0.4,-1.136489978362953,-0.1472979956725906,sl,False
ema_pullback,1,2026-07-27 13:20:00+00:00,65006.39999,2026-07-27 13:20:00+00:00,64980.10134,0,-0.20227739118028332,0.4,-0.6022773911802833,-0.04045547823605666,sl,False
ema_pullback,1,2026-07-27 13:31:00+00:00,64977.69712,2026-07-27 13:32:00+00:00,65016.39771,1,0.14889951366131582,0.2,-0.05110048633868419,0.05955980546452633,tp1_partial,True
ema_pullback,1,2026-07-27 13:31:00+00:00,64977.69712,2026-07-27 13:33:00+00:00,65068.09253999999,2,0.34779402782253444,0.2,0.14779402782253442,0.13911761112901377,tp2,False
ema_pullback,1,2026-07-27 13:34:00+00:00,65118.71122,2026-07-27 13:36:00+00:00,65242.97505,2,0.47706652846746245,0.2,0.27706652846746244,0.19082661138698498,tp1_partial,True
ema_pullback,1,2026-07-27 13:34:00+00:00,65118.71122,2026-07-27 13:39:00+00:00,65380.36131,5,1.0045119332753316,0.2,0.8045119332753317,0.40180477331013265,tp2,False
ema_pullback,1,2026-07-27 13:48:00+00:00,65515.75092,2026-07-27 13:48:00+00:00,65525.746770000005,0,0.03814292692838617,0.2,-0.16185707307161384,0.015257170771354467,tp1_partial,True
ema_pullback,1,2026-07-27 13:48:00+00:00,65515.75092,2026-07-27 13:49:00+00:00,65548.74447,1,0.125899304887378,0.2,-0.07410069511262202,0.0503597219549512,tp2,False
ema_pullback,1,2026-07-27 13:51:00+00:00,65607.06005,2026-07-27 13:52:00+00:00,65526.64668,1,-0.612840827943828,0.4,-1.012840827943828,-0.1225681655887656,sl,False
ema_pullback,1,2026-07-27 14:03:00+00:00,65355.5349,2026-07-27 14:03:00+00:00,65250.4743,0,-0.8037620697370906,0.4,-1.2037620697370905,-0.16075241394741813,sl,False
ema_pullback,1,2026-07-27 14:09:00+00:00,65323.631709999994,2026-07-27 14:11:00+00:00,65200.87926,2,-0.9395715362622847,0.4,-1.3395715362622846,-0.18791430725245695,sl,False
ema_pullback,1,2026-07-27 14:13:00+00:00,65322.231569999996,2026-07-27 14:17:00+00:00,65237.97555,4,-0.6449260686210989,0.4,-1.0449260686210988,-0.12898521372421978,sl,False
ema_pullback,-1,2026-07-27 14:37:00+00:00,64592.24013,2026-07-27 14:37:00+00:00,64478.147170000004,0,0.44158926741960647,0.2,0.24158926741960646,0.1766357069678426,tp1_partial,True
ema_pullback,-1,2026-07-27 14:37:00+00:00,64592.24013,2026-07-27 15:00:00+00:00,64732.37259,23,-0.5423734326212015,0.2,-0.7423734326212015,-0.2169493730484806,sl,False
ema_pullback,-1,2026-07-27 15:03:00+00:00,64630.03635,2026-07-27 15:03:00+00:00,64679.96735,0,-0.38628324243539236,0.4,-0.7862832424353924,-0.07725664848707847,sl,False
ema_pullback,-1,2026-07-27 15:04:00+00:00,64627.23663,2026-07-27 15:04:00+00:00,64680.567409999996,0,-0.4126029734593528,0.4,-0.8126029734593528,-0.08252059469187056,sl,False
ema_pullback,-1,2026-07-27 15:07:00+00:00,64644.834870000006,2026-07-27 15:10:00+00:00,64560.35539000001,3,0.32670622552397055,0.2,0.12670622552397054,0.13068249020958822,tp1_partial,True
ema_pullback,-1,2026-07-27 15:07:00+00:00,64644.834870000006,2026-07-27 15:20:00+00:00,64755.174869999995,13,-0.42671622652407093,0.2,-0.6267162265240709,-0.17068649060962837,sl,False
ema_pullback,-1,2026-07-27 15:24:00+00:00,64611.938160000005,2026-07-27 15:28:00+00:00,64535.852940000004,4,0.2943930416217655,0.2,0.09439304162176548,0.1177572166487062,tp1_partial,True
ema_pullback,-1,2026-07-27 15:24:00+00:00,64611.938160000005,2026-07-27 15:35:00+00:00,64446.84404,11,0.6387910837435951,0.2,0.43879108374359505,0.255516433497438,tp2,False
ema_pullback,-1,2026-07-27 15:46:00+00:00,64504.74888,2026-07-27 15:46:00+00:00,64552.85464,0,-0.3728854141381577,0.4,-0.7728854141381577,-0.07457708282763154,sl,False
ema_pullback,-1,2026-07-27 15:55:00+00:00,64539.345420000005,2026-07-27 15:55:00+00:00,64577.95715,0,-0.29913326319563893,0.4,-0.699133263195639,-0.059826652639127786,sl,False
ema_pullback,-1,2026-07-27 15:57:00+00:00,64534.34592000001,2026-07-27 16:01:00+00:00,64508.350190000005,4,0.10070501850373281,0.2,-0.0992949814962672,0.040282007401493125,tp1_partial,True
ema_pullback,-1,2026-07-27 15:57:00+00:00,64534.34592000001,2026-07-27 16:03:00+00:00,64586.15796999999,6,-0.20071501950380544,0.2,-0.40071501950380545,-0.08028600780152217,sl,False
ema_pullback,-1,2026-07-27 16:14:00+00:00,64583.740979999995,2026-07-27 16:16:00+00:00,64535.25287999999,2,0.187694686248574,0.2,-0.012305313751426017,0.0750778744994296,tp1_partial,True
ema_pullback,-1,2026-07-27 16:14:00+00:00,64583.740979999995,2026-07-27 16:25:00+00:00,64658.06516,11,-0.28770468724870213,0.2,-0.48770468724870214,-0.11508187489948085,sl,False
ema_pullback,1,2026-07-27 16:45:00+00:00,64900.88944,2026-07-27 16:46:00+00:00,64866.31272,1,-0.26638094098818677,0.4,-0.6663809409881868,-0.05327618819763735,sl,False
ema_pullback,1,2026-07-27 16:48:00+00:00,64906.18997,2026-07-27 16:50:00+00:00,64870.01235,2,-0.2786916010377727,0.4,-0.6786916010377727,-0.05573832020755454,sl,False
ema_pullback,1,2026-07-27 16:58:00+00:00,64873.286680000005,2026-07-27 17:01:00+00:00,64905.40881000001,3,0.12378797053419488,0.2,-0.07621202946580513,0.04951518821367795,tp1_partial,True
ema_pullback,1,2026-07-27 16:58:00+00:00,64873.286680000005,2026-07-27 17:02:00+00:00,64815.21783,4,-0.2237779715341115,0.2,-0.4237779715341115,-0.0895111886136446,sl,False
ema_pullback,-1,2026-07-27 17:03:00+00:00,64807.01865,2026-07-27 17:16:00+00:00,64891.788530000005,13,-0.6540177419502857,0.4,-1.0540177419502856,-0.13080354839005714,sl,False
ema_pullback,1,2026-07-27 17:27:00+00:00,65010.700419999994,2026-07-27 17:34:00+00:00,65040.295320000005,7,0.113807803210908,0.2,-0.08619219678909201,0.0455231212843632,tp1_partial,True
ema_pullback,1,2026-07-27 17:27:00+00:00,65010.700419999994,2026-07-27 17:44:00+00:00,64955.30382,17,-0.2130287769632755,0.2,-0.4130287769632755,-0.0852115107853102,sl,False
ema_pullback,1,2026-07-27 17:55:00+00:00,64961.4955,2026-07-27 17:56:00+00:00,64973.502,1,0.04620621765089039,0.2,-0.15379378234910962,0.018482487060356156,tp1_partial,True
ema_pullback,1,2026-07-27 17:55:00+00:00,64961.4955,2026-07-27 17:57:00+00:00,64998.4995,2,0.1424074358017391,0.2,-0.05759256419826092,0.056962974320695636,tp2,False
ema_pullback,1,2026-07-27 18:04:00+00:00,65025.40189,2026-07-27 18:04:00+00:00,64979.90136,0,-0.3498673493549931,0.4,-0.7498673493549931,-0.06997346987099862,sl,False
ema_pullback,-1,2026-07-27 18:16:00+00:00,64837.91556,2026-07-27 18:40:00+00:00,64761.4755,24,0.29473518442024726,0.2,0.09473518442024725,0.1178940737680989,tp1_partial,True
ema_pullback,-1,2026-07-27 18:16:00+00:00,64837.91556,2026-07-27 19:07:00+00:00,64940.29338,51,-0.3947451854203199,0.2,-0.5947451854203198,-0.15789807416812796,sl,False
ema_pullback,1,2026-07-27 19:19:00+00:00,64955.39489,2026-07-27 19:20:00+00:00,64971.20223,1,0.060839211380225855,0.2,-0.13916078861977416,0.024335684552090342,tp1_partial,True
ema_pullback,1,2026-07-27 19:19:00+00:00,64955.39489,2026-07-27 19:21:00+00:00,64999.999350000006,2,0.17167342326046553,0.2,-0.02832657673953448,0.06866936930418621,tp2,False
ema_pullback,1,2026-07-27 19:30:00+00:00,64978.09716,2026-07-27 19:33:00+00:00,65009.19843,3,0.11966059087348269,0.2,-0.08033940912651732,0.047864236349393074,tp1_partial,True
ema_pullback,1,2026-07-27 19:30:00+00:00,64978.09716,2026-07-27 19:45:00+00:00,64921.00725,15,-0.21965059187337155,0.2,-0.41965059187337156,-0.08786023674934862,sl,False
ema_pullback,1,2026-07-27 19:55:00+00:00,64940.19336999999,2026-07-27 19:55:00+00:00,64921.20723,0,-0.1461817328739512,0.4,-0.5461817328739512,-0.02923634657479024,sl,False
ema_pullback,1,2026-07-27 19:56:00+00:00,64949.19427,2026-07-27 19:59:00+00:00,64954.60389,3,0.020822506194284607,0.2,-0.1791774938057154,0.008329002477713843,tp1_partial,True
ema_pullback,1,2026-07-27 19:56:00+00:00,64949.19427,2026-07-27 20:00:00+00:00,64973.10204,4,0.0920248906422505,0.2,-0.10797510935774951,0.0368099562569002,tp2,False
ema_pullback,1,2026-07-27 20:01:00+00:00,65030.90244,2026-07-27 20:06:00+00:00,64948.70448,5,-0.6319915372221541,0.4,-1.031991537222154,-0.1263983074444308,sl,False
ema_pullback,1,2026-07-27 20:21:00+00:00,64915.79093,2026-07-27 20:23:00+00:00,64918.80747000001,2,0.011617127191942966,0.2,-0.18838287280805704,0.0046468508767771866,tp1_partial,True
ema_pullback,1,2026-07-27 20:21:00+00:00,64915.79093,2026-07-27 20:24:00+00:00,64934.805870000004,3,0.07322925488384424,0.2,-0.12677074511615577,0.029291701953537697,tp2,False
ema_pullback,1,2026-07-27 20:53:00+00:00,64916.59101,2026-07-27 20:54:00+00:00,64895.20983,1,-0.1646819377553732,0.4,-0.5646819377553732,-0.03293638755107464,sl,False
ema_pullback,1,2026-07-27 20:55:00+00:00,64919.79133,2026-07-27 20:55:00+00:00,64920.40731,0,0.0023720809455007874,0.2,-0.19762791905449922,0.000948832378200315,tp1_partial,True
ema_pullback,1,2026-07-27 20:55:00+00:00,64919.79133,2026-07-27 20:56:00+00:00,64933.905960000004,1,0.054354110321508387,0.2,-0.14564588967849162,0.021741644128603355,tp2,False
ema_pullback,1,2026-07-27 21:08:00+00:00,64916.79103,2026-07-27 21:12:00+00:00,64879.71138,4,-0.28559367624059195,0.4,-0.685593676240592,-0.05711873524811839,sl,False
ema_pullback,-1,2026-07-27 21:25:00+00:00,64840.71528,2026-07-27 21:25:00+00:00,64846.484000000004,0,-0.022241889124363645,0.2,-0.22224188912436366,-0.008896755649745458,tp1_partial,True
ema_pullback,-1,2026-07-27 21:25:00+00:00,64840.71528,2026-07-27 21:27:00+00:00,64839.18327000001,2,0.00590682102044604,0.2,-0.19409317897955397,0.002362728408178416,tp2,False
ema_pullback,-1,2026-07-27 21:32:00+00:00,64810.81827,2026-07-27 21:32:00+00:00,64836.78303,0,-0.20031192857206115,0.4,-0.6003119285720612,-0.04006238571441223,sl,False
ema_pullback,-1,2026-07-27 21:36:00+00:00,64813.318020000006,2026-07-27 21:39:00+00:00,64801.77952999999,3,0.044506632095486776,0.2,-0.15549336790451324,0.01780265283819471,tp1_partial,True
ema_pullback,-1,2026-07-27 21:36:00+00:00,64813.318020000006,2026-07-27 21:43:00+00:00,64777.377089999994,7,0.13863250292525664,0.2,-0.06136749707474337,0.055453001170102656,tp2,False
ema_pullback,-1,2026-07-27 21:46:00+00:00,64773.42201,2026-07-27 21:47:00+00:00,64805.27988,1,-0.24591776234306195,0.4,-0.645917762343062,-0.04918355246861239,sl,False
ema_pullback,-1,2026-07-27 21:58:00+00:00,64805.5188,2026-07-27 21:58:00+00:00,64813.98075,0,-0.0326436318877632,0.2,-0.2326436318877632,-0.013057452755105281,tp1_partial,True
ema_pullback,-1,2026-07-27 21:58:00+00:00,64805.5188,2026-07-27 21:59:00+00:00,64809.38029,1,-0.014896455084012494,0.2,-0.2148964550840125,-0.005958582033604998,tp2,False
ema_pullback,-1,2026-07-27 22:00:00+00:00,64783.82097,2026-07-27 22:00:00+00:00,64775.37688999999,0,0.03258560499203034,0.2,-0.16741439500796967,0.013034241996812135,tp1_partial,True
ema_pullback,-1,2026-07-27 22:00:00+00:00,64783.82097,2026-07-27 22:01:00+00:00,64754.07475999999,1,0.1147902730752326,0.2,-0.08520972692476741,0.04591610923009304,tp2,False
ema_pullback,-1,2026-07-27 22:08:00+00:00,64682.93106,2026-07-27 22:08:00+00:00,64712.970649999996,0,-0.23220646859778427,0.4,-0.6322064685977843,-0.04644129371955685,sl,False
ema_pullback,-1,2026-07-27 22:09:00+00:00,64671.23223,2026-07-27 22:09:00+00:00,64715.270880000004,0,-0.3404809873065462,0.4,-0.7404809873065462,-0.06809619746130924,sl,False
ema_pullback,-1,2026-07-27 22:11:00+00:00,64694.029950000004,2026-07-27 22:11:00+00:00,64697.76913,0,-0.014449478579758868,0.2,-0.21444947857975888,-0.005779791431903547,tp1_partial,True
ema_pullback,-1,2026-07-27 22:11:00+00:00,64694.029950000004,2026-07-27 22:12:00+00:00,64688.66822000001,1,0.020719570276189758,0.2,-0.17928042972381025,0.008287828110475903,tp2,False
ema_pullback,-1,2026-07-27 22:21:00+00:00,64689.73038,2026-07-27 22:23:00+00:00,64676.06696,2,0.05280366728901975,0.2,-0.14719633271098026,0.0211214669156079,tp1_partial,True
ema_pullback,-1,2026-07-27 22:21:00+00:00,64689.73038,2026-07-27 22:24:00+00:00,64649.564309999994,3,0.15522583632696096,0.2,-0.04477416367303905,0.062090334530784386,tp2,False
ema_pullback,-1,2026-07-27 22:35:00+00:00,64500.149339999996,2026-07-27 22:40:00+00:00,64442.54361,5,0.2232775062904757,0.2,0.023277506290475702,0.08931100251619029,tp1_partial,True
ema_pullback,-1,2026-07-27 22:35:00+00:00,64500.149339999996,2026-07-27 22:41:00+00:00,64372.03656,6,0.49656001308104325,0.2,0.29656001308104324,0.1986240052324173,tp2,False
ema_pullback,-1,2026-07-27 22:58:00+00:00,63788.42052000001,2026-07-27 23:03:00+00:00,63593.15868,5,0.7652714960185714,0.2,0.5652714960185714,0.30610859840742854,tp1_partial,True
ema_pullback,-1,2026-07-27 22:58:00+00:00,63788.42052000001,2026-07-28 01:05:00+00:00,63385.13788,127,1.5805479925371513,0.2,1.3805479925371513,0.6322191970148605,tp2,False
ema_pullback,-1,2026-07-28 01:17:00+00:00,63137.885579999995,2026-07-28 01:21:00+00:00,63229.022269999994,4,-0.7217274474967672,0.4,-1.1217274474967671,-0.14434548949935344,sl,False
ema_pullback,-1,2026-07-28 01:23:00+00:00,63169.78239,2026-07-28 01:26:00+00:00,63245.82395,3,-0.6018823963214182,0.4,-1.001882396321418,-0.12037647926428363,sl,False
ema_pullback,-1,2026-07-28 01:36:00+00:00,63278.77149,2026-07-28 01:40:00+00:00,63210.620429999995,4,0.2692493011292596,0.2,0.06924930112925959,0.10769972045170384,tp1_partial,True
ema_pullback,-1,2026-07-28 01:36:00+00:00,63278.77149,2026-07-28 02:03:00+00:00,63129.81234999999,27,0.5885036027585833,0.2,0.38850360275858326,0.2354014411034333,tp2,False
ema_pullback,-1,2026-07-28 02:14:00+00:00,63199.07946,2026-07-28 02:19:00+00:00,63175.11688,5,0.09479006737417306,0.2,-0.10520993262582695,0.037916026949669224,tp1_partial,True
ema_pullback,-1,2026-07-28 02:14:00+00:00,63199.07946,2026-07-28 02:20:00+00:00,63248.52422,6,-0.1955912982533614,0.2,-0.3955912982533614,-0.07823651930134456,sl,False
ema_pullback,-1,2026-07-28 02:27:00+00:00,63212.77809,2026-07-28 02:31:00+00:00,63195.21889,4,0.06944482006077113,0.2,-0.13055517993922888,0.02777792802430845,tp1_partial,True
ema_pullback,-1,2026-07-28 02:27:00+00:00,63212.77809,2026-07-28 02:39:00+00:00,63164.915859999994,12,0.18929016982871527,0.2,-0.01070983017128474,0.07571606793148611,tp2,False
ema_pullback,-1,2026-07-28 02:52:00+00:00,63097.089660000005,2026-07-28 02:52:00+00:00,63131.21249,0,-0.27039939705508775,0.4,-0.6703993970550878,-0.05407987941101755,sl,False
ema_pullback,-1,2026-07-28 03:02:00+00:00,63144.98487,2026-07-28 03:02:00+00:00,63184.11778,0,-0.30986554261247523,0.4,-0.7098655426124753,-0.061973108522495046,sl,False
ema_pullback,-1,2026-07-28 03:05:00+00:00,63153.98397,2026-07-28 03:07:00+00:00,63199.21929,2,-0.3581351258971077,0.4,-0.7581351258971077,-0.07162702517942154,sl,False
ema_pullback,-1,2026-07-28 03:10:00+00:00,63148.28454,2026-07-28 03:11:00+00:00,63195.918959999995,1,-0.3771632147016035,0.4,-0.7771632147016035,-0.0754326429403207,sl,False
ema_pullback,-1,2026-07-28 03:27:00+00:00,63249.97437,2026-07-28 03:30:00+00:00,63238.82325000001,3,0.04407559098271174,0.2,-0.15592440901728827,0.017630236393084697,tp1_partial,True
ema_pullback,-1,2026-07-28 03:27:00+00:00,63249.97437,2026-07-28 03:31:00+00:00,63215.02087000001,4,0.13815618246548755,0.2,-0.06184381753451246,0.05526247298619502,tp2,False
ema_pullback,-1,2026-07-28 03:46:00+00:00,63299.569410000004,2026-07-28 03:47:00+00:00,63285.12788,1,0.05703644643481609,0.2,-0.14296355356518392,0.022814578573926436,tp1_partial,True
ema_pullback,-1,2026-07-28 03:46:00+00:00,63299.569410000004,2026-07-28 03:57:00+00:00,63258.02517,11,0.1640778933696685,0.2,-0.03592210663033152,0.0656311573478674,tp2,False
ema_pullback,-1,2026-07-28 04:10:00+00:00,63296.76969,2026-07-28 04:10:00+00:00,63316.43101,0,-0.15531061139684166,0.4,-0.5553106113968417,-0.03106212227936833,sl,False
ema_pullback,-1,2026-07-28 04:13:00+00:00,63280.27134,2026-07-28 04:14:00+00:00,63317.23109,1,-0.29203217066986475,0.4,-0.6920321706698648,-0.05840643413397295,sl,False
ema_pullback,-1,2026-07-28 04:17:00+00:00,63293.76999,2026-07-28 04:19:00+00:00,63329.43231,2,-0.28172061804532245,0.4,-0.6817206180453225,-0.05634412360906449,sl,False
ema_pullback,-1,2026-07-28 04:21:00+00:00,63289.470420000005,2026-07-28 04:30:00+00:00,63264.625830000004,9,0.09813871815930741,0.2,-0.1018612818406926,0.039255487263722966,tp1_partial,True
ema_pullback,-1,2026-07-28 04:21:00+00:00,63289.470420000005,2026-07-28 04:31:00+00:00,63227.12208,10,0.2462824368186789,0.2,0.046282436818678885,0.09851297472747156,tp2,False
ema_pullback,-1,2026-07-28 04:59:00+00:00,63293.57001,2026-07-28 04:59:00+00:00,63326.332,0,-0.25880978111070263,0.4,-0.6588097811107027,-0.051761956222140526,sl,False
ema_pullback,-1,2026-07-28 05:15:00+00:00,63411.858179999996,2026-07-28 05:15:00+00:00,63429.742340000004,0,-0.14101589602721898,0.4,-0.541015896027219,-0.028203179205443796,sl,False
ema_pullback,-1,2026-07-28 05:23:00+00:00,63473.652,2026-07-28 05:35:00+00:00,63411.04047,12,0.24660440996840394,0.2,0.046604409968403926,0.09864176398736157,tp1_partial,True
ema_pullback,-1,2026-07-28 05:23:00+00:00,63473.652,2026-07-28 06:50:00+00:00,63561.65553,87,-0.3466144109685043,0.2,-0.5466144109685043,-0.13864576438740173,sl,False
ema_pullback,-1,2026-07-28 07:04:00+00:00,63573.74199,2026-07-28 07:05:00+00:00,63566.456009999994,1,0.028651687677738735,0.2,-0.17134831232226128,0.011460675071095494,tp1_partial,True
ema_pullback,-1,2026-07-28 07:04:00+00:00,63573.74199,2026-07-28 07:06:00+00:00,63546.45401,2,0.10730837585545827,0.2,-0.09269162414454174,0.04292335034218331,tp2,False
ema_pullback,-1,2026-07-28 07:16:00+00:00,63520.24734,2026-07-28 07:19:00+00:00,63560.75544,3,-0.31885974705969655,0.4,-0.7188597470596966,-0.06377194941193931,sl,False
ema_pullback,-1,2026-07-28 07:20:00+00:00,63529.44642,2026-07-28 07:20:00+00:00,63523.15168,0,0.024770954080016727,0.2,-0.17522904591998328,0.00990838163200669,tp1_partial,True
ema_pullback,-1,2026-07-28 07:20:00+00:00,63529.44642,2026-07-28 07:21:00+00:00,63504.049770000005,1,0.09994046631578435,0.2,-0.10005953368421566,0.03997618652631374,tp2,False
ema_pullback,-1,2026-07-28 07:28:00+00:00,63520.34733,2026-07-28 07:36:00+00:00,63502.349599999994,8,0.07083450719538864,0.2,-0.12916549280461137,0.028333802878155456,tp1_partial,True
ema_pullback,-1,2026-07-28 07:28:00+00:00,63520.34733,2026-07-28 07:37:00+00:00,63471.64652999999,9,0.19167401489084135,0.2,-0.008325985109158662,0.07666960595633654,tp2,False
ema_pullback,-1,2026-07-28 07:41:00+00:00,63488.350529999996,2026-07-28 07:41:00+00:00,63484.747839999996,0,0.014186421484901901,0.2,-0.1858135785150981,0.00567456859396076,tp1_partial,True
ema_pullback,-1,2026-07-28 07:41:00+00:00,63488.350529999996,2026-07-28 07:43:00+00:00,63468.44620999999,2,0.07837784346989563,0.2,-0.12162215653010439,0.03135113738795825,tp2,False
ema_pullback,-1,2026-07-28 07:54:00+00:00,63450.25434,2026-07-28 07:55:00+00:00,63486.348,1,-0.28442486460800165,0.4,-0.6844248646080017,-0.05688497292160033,sl,False
ema_pullback,-1,2026-07-28 07:59:00+00:00,63464.15295,2026-07-28 08:00:00+00:00,63456.845049999996,1,0.028787510981842512,0.2,-0.1712124890181575,0.011515004392737005,tp1_partial,True
ema_pullback,-1,2026-07-28 07:59:00+00:00,63464.15295,2026-07-28 08:02:00+00:00,63496.84905,3,-0.12879751198191514,0.2,-0.32879751198191515,-0.051519004792766054,sl,False
ema_pullback,-1,2026-07-28 08:08:00+00:00,63481.551210000005,2026-07-28 08:09:00+00:00,63468.14618,1,0.05279104615629748,0.2,-0.14720895384370253,0.021116418462518993,tp1_partial,True
ema_pullback,-1,2026-07-28 08:08:00+00:00,63481.551210000005,2026-07-28 08:10:00+00:00,63442.14358,2,0.155193238227741,0.2,-0.04480676177225901,0.0620772952910964,tp2,False
ema_pullback,-1,2026-07-28 08:17:00+00:00,63423.657,2026-07-28 08:19:00+00:00,63463.3457,2,-0.31288561616682475,0.4,-0.7128856161668248,-0.06257712323336495,sl,False
ema_pullback,-1,2026-07-28 08:23:00+00:00,63422.25714,2026-07-28 08:24:00+00:00,63453.3447,1,-0.24508399260669833,0.4,-0.6450839926066984,-0.049016798521339666,sl,False
ema_pullback,-1,2026-07-28 08:26:00+00:00,63437.855579999996,2026-07-28 08:27:00+00:00,63470.94646,1,-0.260813355822509,0.4,-0.660813355822509,-0.052162671164501795,sl,False
ema_pullback,-1,2026-07-28 08:31:00+00:00,63429.35643,2026-07-28 08:31:00+00:00,63427.24208999999,0,0.008333444161373604,0.2,-0.1916665558386264,0.0033333776645494417,tp1_partial,True
ema_pullback,-1,2026-07-28 08:31:00+00:00,63429.35643,2026-07-28 08:33:00+00:00,63412.44060999999,2,0.06667188882278352,0.2,-0.1333281111772165,0.026668755529113408,tp2,False
ema_pullback,-1,2026-07-28 08:49:00+00:00,63453.55401,2026-07-28 08:50:00+00:00,63459.54532,1,-0.023605100192891637,0.2,-0.22360510019289165,-0.009442040077156655,tp1_partial,True
ema_pullback,-1,2026-07-28 08:49:00+00:00,63453.55401,2026-07-28 08:51:00+00:00,63452.74463999999,2,0.003188828477135308,0.2,-0.1968111715228647,0.0012755313908541233,tp2,False
ema_pullback,-1,2026-07-28 08:52:00+00:00,63410.85828,2026-07-28 08:53:00+00:00,63388.03817000001,1,0.0899692521871831,0.2,-0.11003074781281691,0.03598770087487324,tp1_partial,True
ema_pullback,-1,2026-07-28 08:52:00+00:00,63410.85828,2026-07-28 09:21:00+00:00,63459.24529,29,-0.19076784052635132,0.2,-0.39076784052635133,-0.07630713621054053,sl,False
ema_pullback,-1,2026-07-28 09:27:00+00:00,63426.95667000001,2026-07-28 09:28:00+00:00,63445.74394,1,-0.1481016194561091,0.4,-0.5481016194561091,-0.029620323891221823,sl,False
ema_pullback,-1,2026-07-28 09:38:00+00:00,63464.752889999996,2026-07-28 09:38:00+00:00,63506.45001,0,-0.328506124275596,0.4,-0.728506124275596,-0.0657012248551192,sl,False
ema_pullback,-1,2026-07-28 09:42:00+00:00,63494.54991,2026-07-28 09:50:00+00:00,63530.45241,8,-0.28272111583504955,0.4,-0.6827211158350496,-0.05654422316700991,sl,False
ema_pullback,-1,2026-07-28 09:53:00+00:00,63467.25264,2026-07-28 09:53:00+00:00,63449.74433999999,0,0.06896588111085511,0.2,-0.1310341188891449,0.027586352444342044,tp1_partial,True
ema_pullback,-1,2026-07-28 09:53:00+00:00,63467.25264,2026-07-28 09:54:00+00:00,63419.44130999999,1,0.1883307060382977,0.2,-0.011669293961702298,0.07533228241531909,tp2,False
ema_pullback,-1,2026-07-28 10:04:00+00:00,63353.963970000004,2026-07-28 10:04:00+00:00,63344.83385000001,0,0.03602821129045086,0.2,-0.16397178870954915,0.014411284516180345,tp1_partial,True
ema_pullback,-1,2026-07-28 10:04:00+00:00,63353.963970000004,2026-07-28 10:05:00+00:00,63323.03167000001,1,0.12206142308096579,0.2,-0.07793857691903422,0.04882456923238632,tp2,False
ema_pullback,-1,2026-07-28 10:13:00+00:00,63300.36933,2026-07-28 10:16:00+00:00,63349.23429,3,-0.38597689489972,0.4,-0.78597689489972,-0.077195378979944,sl,False
ema_pullback,-1,2026-07-28 10:23:00+00:00,63336.6657,2026-07-28 10:25:00+00:00,63317.03107,2,0.07750104060183505,0.2,-0.12249895939816496,0.03100041624073402,tp1_partial,True
ema_pullback,-1,2026-07-28 10:23:00+00:00,63336.6657,2026-07-28 10:26:00+00:00,63284.62783,3,0.20540183724890304,0.2,0.00540183724890303,0.08216073489956122,tp2,False
ema_pullback,-1,2026-07-28 10:53:00+00:00,63485.15085,2026-07-28 10:57:00+00:00,63458.74524,4,0.10398341047654358,0.2,-0.09601658952345643,0.04159336419061743,tp1_partial,True
ema_pullback,-1,2026-07-28 10:53:00+00:00,63485.15085,2026-07-28 11:02:00+00:00,63419.54131999999,9,0.25836565370629394,0.2,0.05836565370629393,0.10334626148251758,tp2,False
ema_pullback,-1,2026-07-28 11:24:00+00:00,63433.75599,2026-07-28 11:34:00+00:00,63506.35,10,-0.572203307742325,0.4,-0.972203307742325,-0.114440661548465,sl,False
ema_pullback,-1,2026-07-28 11:40:00+00:00,63449.85438,2026-07-28 11:41:00+00:00,63431.54252,1,0.07215091420983977,0.2,-0.12784908579016024,0.028860365683935907,tp1_partial,True
ema_pullback,-1,2026-07-28 11:40:00+00:00,63449.85438,2026-07-28 11:42:00+00:00,63400.439410000006,2,0.19470088025752563,0.2,-0.0052991197424743786,0.07788035210301025,tp2,False
ema_pullback,-1,2026-07-28 11:54:00+00:00,63439.15545,2026-07-28 11:54:00+00:00,63438.44321,0,0.0028067838976908455,0.2,-0.19719321610230917,0.0011227135590763382,tp1_partial,True
ema_pullback,-1,2026-07-28 11:54:00+00:00,63439.15545,2026-07-28 11:58:00+00:00,63465.24589,4,-0.10281678489776347,0.2,-0.3028167848977635,-0.04112671395910539,sl,False
ema_pullback,-1,2026-07-28 12:00:00+00:00,63424.356929999994,2026-07-28 12:04:00+00:00,63494.14878,4,-0.5501975374936352,0.4,-0.9501975374936352,-0.11003950749872704,sl,False
ema_pullback,-1,2026-07-28 12:10:00+00:00,63439.85538,2026-07-28 12:13:00+00:00,63431.64253,3,0.03236470965614635,0.2,-0.16763529034385366,0.01294588386245854,tp1_partial,True
ema_pullback,-1,2026-07-28 12:10:00+00:00,63439.85538,2026-07-28 12:15:00+00:00,63410.740439999994,5,0.11473441981232901,0.2,-0.085265580187671,0.045893767924931606,tp2,False
ema_pullback,-1,2026-07-28 12:23:00+00:00,63402.6591,2026-07-28 12:24:00+00:00,63441.14348,1,-0.30349184518663197,0.4,-0.703491845186632,-0.060698369037326394,sl,False
ema_pullback,-1,2026-07-28 12:29:00+00:00,63425.45682000001,2026-07-28 12:34:00+00:00,63383.23769,5,0.16641240014961256,0.2,-0.03358759985038745,0.06656496005984502,tp1_partial,True
ema_pullback,-1,2026-07-28 12:29:00+00:00,63425.45682000001,2026-07-28 12:46:00+00:00,63493.24869,17,-0.2672108069807777,0.2,-0.4672108069807777,-0.10688432279231108,sl,False
ema_pullback,-1,2026-07-28 12:51:00+00:00,63478.25154,2026-07-28 12:57:00+00:00,63541.953559999994,6,-0.5017625600467479,0.4,-0.9017625600467479,-0.10035251200934958,sl,False
ema_pullback,-1,2026-07-28 13:02:00+00:00,63503.848979999995,2026-07-28 13:02:00+00:00,63501.74954,0,0.008265010836810971,0.2,-0.19173498916318904,0.0033060043347243884,tp1_partial,True
ema_pullback,-1,2026-07-28 13:02:00+00:00,63503.848979999995,2026-07-28 13:06:00+00:00,63531.3525,4,-0.10827501183696686,0.2,-0.3082750118369669,-0.043310004734786745,sl,False
ema_pullback,-1,2026-07-28 13:10:00+00:00,63468.85248,2026-07-28 13:22:00+00:00,63396.939060000004,12,0.28326264454939243,0.2,0.08326264454939242,0.11330505781975697,tp1_partial,True
ema_pullback,-1,2026-07-28 13:10:00+00:00,63468.85248,2026-07-28 13:27:00+00:00,63312.23059000001,17,0.6169242229853988,0.2,0.41692422298539883,0.24676968919415954,tp2,False
ema_pullback,-1,2026-07-28 13:37:00+00:00,63251.77419,2026-07-28 13:37:00+00:00,63159.51532,0,0.3646493366449566,0.2,0.16464933664495657,0.14585973465798263,tp1_partial,True
ema_pullback,-1,2026-07-28 13:37:00+00:00,63251.77419,2026-07-28 13:39:00+00:00,63054.60483,2,0.7793036737899495,0.2,0.5793036737899495,0.3117214695159798,tp2,False
ema_pullback,-1,2026-07-28 13:50:00+00:00,62893.010070000004,2026-07-28 13:50:00+00:00,62956.295,0,-0.5031157669951325,0.4,-0.9031157669951325,-0.1006231533990265,sl,False
ema_pullback,-1,2026-07-28 14:10:00+00:00,63163.683,2026-07-28 14:10:00+00:00,63209.72034,0,-0.3644288760046299,0.4,-0.7644288760046299,-0.07288577520092598,sl,False
ema_pullback,-1,2026-07-28 14:14:00+00:00,63188.18055,2026-07-28 14:14:00+00:00,63166.61603,0,0.08531864587768556,0.2,-0.11468135412231445,0.034127458351074225,tp1_partial,True
ema_pullback,-1,2026-07-28 14:14:00+00:00,63188.18055,2026-07-28 14:15:00+00:00,63132.31259999999,1,0.22103797543196468,0.2,0.021037975431964673,0.08841519017278587,tp2,False
ema_pullback,-1,2026-07-28 14:23:00+00:00,63029.596410000006,2026-07-28 14:23:00+00:00,63117.81115,0,-0.6997882346110318,0.4,-1.0997882346110317,-0.13995764692220636,sl,False
ema_pullback,-1,2026-07-28 14:34:00+00:00,63140.58531,2026-07-28 14:35:00+00:00,63185.91796,1,-0.35898186386318365,0.4,-0.7589818638631837,-0.07179637277263673,sl,False
ema_pullback,-1,2026-07-28 14:40:00+00:00,63190.28034,2026-07-28 14:40:00+00:00,63256.72504,0,-0.5257509512736069,0.4,-0.925750951273607,-0.10515019025472139,sl,False
ema_pullback,-1,2026-07-28 14:46:00+00:00,63293.76999,2026-07-28 14:46:00+00:00,63356.03496999999,0,-0.49187289688878977,0.4,-0.8918728968887898,-0.09837457937775795,sl,False
ema_pullback,-1,2026-07-28 14:58:00+00:00,63400.6593,2026-07-28 14:59:00+00:00,63382.23759,1,0.07264005691501318,0.2,-0.12735994308498683,0.029056022766005274,tp1_partial,True
ema_pullback,-1,2026-07-28 14:58:00+00:00,63400.6593,2026-07-28 15:01:00+00:00,63444.64383,3,-0.17343877211067893,0.2,-0.37343877211067894,-0.06937550884427157,sl,False
ema_pullback,-1,2026-07-28 15:02:00+00:00,63398.05956,2026-07-28 15:02:00+00:00,63371.93656,0,0.10301182789071439,0.2,-0.09698817210928562,0.04120473115628576,tp1_partial,True
ema_pullback,-1,2026-07-28 15:02:00+00:00,63398.05956,2026-07-28 15:03:00+00:00,63333.23269000001,1,0.2556342830123959,0.2,0.05563428301239587,0.10225371320495835,tp2,False
ema_pullback,-1,2026-07-28 15:16:00+00:00,63376.26174,2026-07-28 15:20:00+00:00,63438.74324,4,-0.4929408763200138,0.4,-0.8929408763200138,-0.09858817526400276,sl,False
ema_pullback,-1,2026-07-28 15:30:00+00:00,63715.92777,2026-07-28 15:31:00+00:00,63683.96776000001,1,0.12540039484068566,0.2,-0.07459960515931435,0.05016015793627426,tp1_partial,True
ema_pullback,-1,2026-07-28 15:30:00+00:00,63715.92777,2026-07-28 15:34:00+00:00,63773.3767,4,-0.22541039584078604,0.2,-0.42541039584078605,-0.09016415833631442,sl,False
ema_pullback,-1,2026-07-28 15:50:00+00:00,63850.01436,2026-07-28 15:50:00+00:00,63813.980760000006,0,0.14108689074379677,0.2,-0.058913109256203244,0.05643475629751871,tp1_partial,True
ema_pullback,-1,2026-07-28 15:50:00+00:00,63850.01436,2026-07-28 15:59:00+00:00,63911.59052,9,-0.24109689174389715,0.2,-0.44109689174389716,-0.09643875669755886,sl,False
ema_pullback,-1,2026-07-28 16:05:00+00:00,63851.414220000006,2026-07-28 16:06:00+00:00,63834.38279999999,1,0.06668380100921523,0.2,-0.13331619899078478,0.02667352040368609,tp1_partial,True
ema_pullback,-1,2026-07-28 16:05:00+00:00,63851.414220000006,2026-07-28 16:09:00+00:00,63804.67982999999,4,0.18298102935901395,0.2,-0.017018970640986064,0.07319241174360558,tp2,False
ema_pullback,-1,2026-07-28 16:13:00+00:00,63820.41732,2026-07-28 16:13:00+00:00,63801.779539999996,0,0.07300868900053659,0.2,-0.12699131099946342,0.029203475600214635,tp1_partial,True
ema_pullback,-1,2026-07-28 16:13:00+00:00,63820.41732,2026-07-28 16:19:00+00:00,63864.3858,6,-0.1722351633158814,0.2,-0.3722351633158814,-0.06889406532635256,sl,False
ema_pullback,-1,2026-07-28 16:23:00+00:00,63799.81938,2026-07-28 16:30:00+00:00,63768.576219999995,7,0.12242652214231042,0.2,-0.07757347785768959,0.04897060885692417,tp1_partial,True
ema_pullback,-1,2026-07-28 16:23:00+00:00,63799.81938,2026-07-28 16:33:00+00:00,63856.58502,10,-0.2224365231424108,0.2,-0.4224365231424108,-0.08897460925696432,sl,False
ema_pullback,-1,2026-07-28 16:35:00+00:00,63773.22204,2026-07-28 16:40:00+00:00,63843.683730000004,5,-0.552439470251409,0.4,-0.9524394702514091,-0.11048789405028181,sl,False
ema_pullback,-1,2026-07-28 16:47:00+00:00,63834.015960000004,2026-07-28 16:50:00+00:00,63915.89095,3,-0.6413116014140074,0.4,-1.0413116014140074,-0.1282623202828015,sl,False
ema_pullback,-1,2026-07-28 17:01:00+00:00,63984.20094,2026-07-28 17:02:00+00:00,63967.3961,1,0.06566011512654235,0.2,-0.13433988487345766,0.02626404605061694,tp1_partial,True
ema_pullback,-1,2026-07-28 17:01:00+00:00,63984.20094,2026-07-28 17:06:00+00:00,63937.893149999996,5,0.18093447022737852,0.2,-0.019065529772621492,0.07237378809095141,tp2,False
ema_pullback,-1,2026-07-28 17:24:00+00:00,63752.02416,2026-07-28 17:26:00+00:00,63710.070369999994,2,0.1645194429227559,0.2,-0.035480557077244124,0.06580777716910235,tp1_partial,True
ema_pullback,-1,2026-07-28 17:24:00+00:00,63752.02416,2026-07-28 17:31:00+00:00,63655.26488999999,7,0.3794360699715671,0.2,0.17943606997156708,0.15177442798862684,tp2,False
ema_pullback,-1,2026-07-28 17:43:00+00:00,63540.34533,2026-07-28 17:46:00+00:00,63601.959559999996,3,-0.4848433674699004,0.4,-0.8848433674699004,-0.09696867349398008,sl,False
ema_pullback,-1,2026-07-28 17:51:00+00:00,63593.64,2026-07-28 17:59:00+00:00,63647.264090000004,8,-0.4216151961108361,0.4,-0.8216151961108361,-0.08432303922216722,sl,False
ema_pullback,-1,2026-07-28 18:08:00+00:00,63712.428120000004,2026-07-28 18:08:00+00:00,63710.67043,0,0.006896966776609448,0.2,-0.19310303322339056,0.002758786710643779,tp1_partial,True
ema_pullback,-1,2026-07-28 18:08:00+00:00,63712.428120000004,2026-07-28 18:13:00+00:00,63696.26899,5,0.0634065066927314,0.2,-0.1365934933072686,0.02536260267709256,tp2,False
ema_pullback,-1,2026-07-28 18:18:00+00:00,63664.832879999994,2026-07-28 18:22:00+00:00,63710.97046,4,-0.3623474523758441,0.4,-0.7623474523758441,-0.07246949047516882,sl,False
ema_pullback,-1,2026-07-28 18:26:00+00:00,63669.332429999995,2026-07-28 18:30:00+00:00,63704.469809999995,4,-0.2759364568384326,0.4,-0.6759364568384326,-0.05518729136768652,sl,False
ema_pullback,-1,2026-07-28 18:31:00+00:00,63648.534510000005,2026-07-28 18:33:00+00:00,63711.77054,2,-0.49675951290018006,0.4,-0.8967595129001801,-0.09935190258003601,sl,False
ema_pullback,-1,2026-07-28 18:37:00+00:00,63674.43192,2026-07-28 18:37:00+00:00,63705.3699,0,-0.24293879872272495,0.4,-0.642938798722725,-0.04858775974454499,sl,False
ema_pullback,-1,2026-07-28 18:40:00+00:00,63689.6304,2026-07-28 18:42:00+00:00,63734.07277,2,-0.34889800522375225,0.4,-0.7488980052237523,-0.06977960104475045,sl,False
ema_pullback,-1,2026-07-28 18:53:00+00:00,63685.03086,2026-07-28 19:02:00+00:00,63766.47601,9,-0.6394371557976175,0.4,-1.0394371557976174,-0.1278874311595235,sl,False
ema_pullback,-1,2026-07-28 19:07:00+00:00,63772.42212,2026-07-28 19:16:00+00:00,63726.17197999999,9,0.1813093280077227,0.2,-0.018690671992277308,0.07252373120308908,tp1_partial,True
ema_pullback,-1,2026-07-28 19:07:00+00:00,63772.42212,2026-07-28 19:30:00+00:00,63843.983759999996,23,-0.28053521263993186,0.2,-0.4805352126399319,-0.11221408505597275,sl,False
ema_pullback,-1,2026-07-28 19:39:00+00:00,63767.422620000005,2026-07-28 19:39:00+00:00,63761.975560000006,0,0.021355183321664084,0.2,-0.17864481667833593,0.008542073328665634,tp1_partial,True
ema_pullback,-1,2026-07-28 19:39:00+00:00,63767.422620000005,2026-07-28 19:41:00+00:00,63743.77374000001,2,0.09271536714333672,0.2,-0.10728463285666329,0.03708614685733469,tp2,False
ema_pullback,-1,2026-07-28 19:50:00+00:00,63703.02906,2026-07-28 19:50:00+00:00,63722.17158,0,-0.15024811443398178,0.4,-0.5502481144339818,-0.030049622886796357,sl,False
ema_pullback,-1,2026-07-28 20:21:00+00:00,63937.10565,2026-07-28 20:21:00+00:00,63932.29259,0,0.018819510013284857,0.2,-0.18118048998671515,0.007527804005313943,tp1_partial,True
ema_pullback,-1,2026-07-28 20:21:00+00:00,63937.10565,2026-07-28 20:22:00+00:00,63914.69083,1,0.08764402052660603,0.2,-0.11235597947339399,0.03505760821064241,tp2,False
ema_pullback,-1,2026-07-28 20:27:00+00:00,63889.910370000005,2026-07-28 20:29:00+00:00,63876.387,2,0.05291668872942079,0.2,-0.14708331127057922,0.021166675491768316,tp1_partial,True
ema_pullback,-1,2026-07-28 20:27:00+00:00,63889.910370000005,2026-07-28 21:00:00+00:00,63929.19228,33,-0.1537093641723053,0.2,-0.3537093641723053,-0.06148374566892212,sl,False
ema_pullback,-1,2026-07-28 21:07:00+00:00,63908.6085,2026-07-28 21:13:00+00:00,63962.59561999999,6,-0.422377526808404,0.4,-0.822377526808404,-0.0844755053616808,sl,False
ema_pullback,-1,2026-07-28 21:14:00+00:00,63912.50811,2026-07-28 21:22:00+00:00,63876.68703,8,0.14011764308463626,0.2,-0.059882356915363755,0.0560470572338545,tp1_partial,True
ema_pullback,-1,2026-07-28 21:14:00+00:00,63912.50811,2026-07-28 21:35:00+00:00,63974.09677,21,-0.24091004179493947,0.2,-0.4409100417949395,-0.09636401671797579,sl,False
ema_pullback,-1,2026-07-28 21:49:00+00:00,63982.00116,2026-07-28 21:49:00+00:00,64017.001059999995,0,-0.27351363950367524,0.4,-0.6735136395036753,-0.05470272790073505,sl,False
ema_pullback,-1,2026-07-28 21:52:00+00:00,63993.6,2026-07-28 21:53:00+00:00,63989.198280000004,1,0.01719593834381694,0.2,-0.18280406165618307,0.0068783753375267764,tp1_partial,True
ema_pullback,-1,2026-07-28 21:52:00+00:00,63993.6,2026-07-28 21:59:00+00:00,63972.09657,7,0.08400617405490696,0.2,-0.11599382594509305,0.03360246962196278,tp2,False
ema_pullback,-1,2026-07-28 22:00:00+00:00,63943.70499,2026-07-28 22:00:00+00:00,63914.490809999996,0,0.11421835818151149,0.2,-0.08578164181848852,0.0456873432726046,tp1_partial,True
ema_pullback,-1,2026-07-28 22:00:00+00:00,63943.70499,2026-07-28 22:07:00+00:00,63998.499209999994,7,-0.21422835918161187,0.2,-0.4142283591816119,-0.08569134367264475,sl,False
ema_pullback,-1,2026-07-28 22:10:00+00:00,63948.90447,2026-07-28 22:15:00+00:00,63999.09927,5,-0.39246020253203007,0.4,-0.7924602025320301,-0.07849204050640601,sl,False
ema_pullback,-1,2026-07-28 22:18:00+00:00,63963.70299,2026-07-28 22:18:00+00:00,63956.09497,0,0.029735692448851214,0.2,-0.1702643075511488,0.011894276979540486,tp1_partial,True
ema_pullback,-1,2026-07-28 22:18:00+00:00,63963.70299,2026-07-28 22:24:00+00:00,63935.69293,6,0.10947638539773874,0.2,-0.09052361460226127,0.043790554159095496,tp2,False
ema_pullback,-1,2026-07-28 22:38:00+00:00,63848.414520000006,2026-07-28 22:38:00+00:00,63849.58432,0,-0.004580379985907879,0.2,-0.2045803799859079,-0.0018321519943631515,tp1_partial,True
ema_pullback,-1,2026-07-28 22:38:00+00:00,63848.414520000006,2026-07-28 22:40:00+00:00,63872.78664,2,-0.09542962101416474,0.2,-0.29542962101416476,-0.0381718484056659,sl,False
ema_pullback,-1,2026-07-28 22:44:00+00:00,63851.914170000004,2026-07-28 22:45:00+00:00,63848.68423,1,0.012646214455708238,0.2,-0.18735378554429177,0.005058485782283295,tp1_partial,True
ema_pullback,-1,2026-07-28 22:44:00+00:00,63851.914170000004,2026-07-28 22:46:00+00:00,63832.58262,2,0.0756889995049137,0.2,-0.12431100049508631,0.03027559980196548,tp2,False
ema_pullback,-1,2026-07-28 22:59:00+00:00,63766.12275,2026-07-28 23:00:00+00:00,63750.174380000004,1,0.06252681405188865,0.2,-0.13747318594811136,0.02501072562075546,tp1_partial,True
ema_pullback,-1,2026-07-28 22:59:00+00:00,63766.12275,2026-07-28 23:02:00+00:00,63721.571520000005,3,0.17466653168901614,0.2,-0.025333468310983875,0.06986661267560645,tp2,False
ema_pullback,-1,2026-07-28 23:17:00+00:00,63612.938070000004,2026-07-28 23:19:00+00:00,63608.860250000005,2,0.016025906536154544,0.2,-0.18397409346384547,0.0064103626144618175,tp1_partial,True
ema_pullback,-1,2026-07-28 23:17:00+00:00,63612.938070000004,2026-07-28 23:23:00+00:00,63592.05857000001,6,0.0820568135723454,0.2,-0.11794318642765461,0.03282272542893816,tp2,False
ema_pullback,-1,2026-07-28 23:24:00+00:00,63546.54471,2026-07-28 23:29:00+00:00,63613.960759999994,5,-0.530446228883541,0.4,-0.930446228883541,-0.1060892457767082,sl,False
ema_pullback,-1,2026-07-28 23:43:00+00:00,63743.625,2026-07-28 23:44:00+00:00,63778.17718,1,-0.2710245926553778,0.4,-0.6710245926553778,-0.05420491853107556,sl,False
ema_pullback,1,2026-07-29 00:08:00+00:00,64052.70463,2026-07-29 00:15:00+00:00,63974.101950000004,7,-0.613578149853633,0.4,-1.013578149853633,-0.1227156299707266,sl,False
ema_pullback,-1,2026-07-29 00:21:00+00:00,63999.99936,2026-07-29 00:21:00+00:00,64049.90435,0,-0.3898827382737835,0.4,-0.7898827382737835,-0.0779765476547567,sl,False
ema_pullback,-1,2026-07-29 00:23:00+00:00,63980.90127,2026-07-29 00:28:00+00:00,63942.19358,5,0.1512470488523321,0.2,-0.04875295114766792,0.060498819540932836,tp1_partial,True
ema_pullback,-1,2026-07-29 00:23:00+00:00,63980.90127,2026-07-29 00:32:00+00:00,63890.68843,9,0.35249909820472825,0.2,0.15249909820472823,0.1409996392818913,tp2,False
ema_pullback,-1,2026-07-29 00:42:00+00:00,63963.10305,2026-07-29 00:42:00+00:00,64020.4014,0,-0.44790158128515944,0.4,-0.8479015812851595,-0.08958031625703189,sl,False
ema_pullback,-1,2026-07-29 00:49:00+00:00,63993.6,2026-07-29 00:59:00+00:00,63916.59102,10,0.3008464127662591,0.2,0.10084641276625911,0.12033856510650365,tp1_partial,True
ema_pullback,-1,2026-07-29 00:49:00+00:00,63993.6,2026-07-29 01:11:00+00:00,63826.78203999999,22,0.6516978260326378,0.2,0.4516978260326378,0.2606791304130551,tp2,False
ema_pullback,-1,2026-07-29 01:19:00+00:00,63776.72169,2026-07-29 01:19:00+00:00,63825.081869999995,0,-0.37913660908328595,0.4,-0.779136609083286,-0.07582732181665719,sl,False
ema_pullback,-1,2026-07-29 01:32:00+00:00,63844.41492,2026-07-29 01:43:00+00:00,63791.57852,11,0.2068951531085661,0.2,0.006895153108566088,0.08275806124342644,tp1_partial,True
ema_pullback,-1,2026-07-29 01:32:00+00:00,63844.41492,2026-07-29 01:51:00+00:00,63725.87195000001,19,0.46418692280497664,0.2,0.26418692280497663,0.18567476912199066,tp2,False
ema_pullback,-1,2026-07-29 01:52:00+00:00,63715.427820000004,2026-07-29 01:59:00+00:00,63666.065969999996,7,0.19368091720053937,0.2,-0.00631908279946064,0.07747236688021575,tp1_partial,True
ema_pullback,-1,2026-07-29 01:52:00+00:00,63715.427820000004,2026-07-29 02:12:00+00:00,63790.078369999996,20,-0.2929061004302014,0.2,-0.4929061004302014,-0.11716244017208055,sl,False
ema_pullback,-1,2026-07-29 02:16:00+00:00,63766.82268,2026-07-29 02:17:00+00:00,63740.273389999995,1,0.10408739562434155,0.2,-0.09591260437565846,0.04163495824973662,tp1_partial,True
ema_pullback,-1,2026-07-29 02:16:00+00:00,63766.82268,2026-07-29 02:18:00+00:00,63701.06946999999,2,0.257787699137757,0.2,0.057787699137757,0.1031150796551028,tp2,False
ema_pullback,-1,2026-07-29 02:43:00+00:00,64006.298729999995,2026-07-29 02:47:00+00:00,63982.59762,4,0.0925733500853343,0.2,-0.10742664991466572,0.03702934003413372,tp1_partial,True
ema_pullback,-1,2026-07-29 02:43:00+00:00,64006.298729999995,2026-07-29 02:48:00+00:00,63945.99396000001,5,0.23554232628875127,0.2,0.03554232628875126,0.09421693051550051,tp2,False
ema_pullback,-1,2026-07-29 02:53:00+00:00,63918.907470000006,2026-07-29 02:54:00+00:00,63956.69503,1,-0.2955898457567274,0.4,-0.6955898457567274,-0.059117969151345484,sl,False
ema_pullback,-1,2026-07-29 02:57:00+00:00,63937.70559,2026-07-29 03:00:00+00:00,63933.59271999999,3,0.016081551418106743,0.2,-0.18391844858189327,0.006432620567242697,tp1_partial,True
ema_pullback,-1,2026-07-29 02:57:00+00:00,63937.70559,2026-07-29 03:01:00+00:00,63916.691029999994,4,0.08216810333622204,0.2,-0.11783189666377797,0.03286724133448882,tp2,False
ema_pullback,-1,2026-07-29 03:02:00+00:00,63905.408820000004,2026-07-29 03:03:00+00:00,63879.887350000005,1,0.09984080561900588,0.2,-0.10015919438099413,0.03993632224760235,tp1_partial,True
ema_pullback,-1,2026-07-29 03:02:00+00:00,63905.408820000004,2026-07-29 03:08:00+00:00,63956.49501,6,-0.19985080661905075,0.2,-0.39985080661905076,-0.0799403226476203,sl,False
ema_pullback,-1,2026-07-29 03:13:00+00:00,63935.6058,2026-07-29 03:14:00+00:00,63920.89145,1,0.05753581989206835,0.2,-0.14246418010793166,0.02301432795682734,tp1_partial,True
ema_pullback,-1,2026-07-29 03:13:00+00:00,63935.6058,2026-07-29 03:15:00+00:00,63893.48871,2,0.16468558275550826,0.2,-0.03531441724449175,0.0658742331022033,tp2,False
ema_pullback,-1,2026-07-29 03:18:00+00:00,63908.308529999995,2026-07-29 03:19:00+00:00,63890.78844,1,0.06853604172521455,0.2,-0.13146395827478546,0.02741441669008582,tp1_partial,True
ema_pullback,-1,2026-07-29 03:18:00+00:00,63908.308529999995,2026-07-29 03:20:00+00:00,63860.485409999994,2,0.18707708395049316,0.2,-0.01292291604950685,0.07483083358019726,tp2,False
ema_pullback,-1,2026-07-29 03:22:00+00:00,63867.11265,2026-07-29 03:23:00+00:00,63919.99136,1,-0.41397448393964975,0.4,-0.8139744839396498,-0.08279489678792995,sl,False
ema_pullback,-1,2026-07-29 03:24:00+00:00,63859.11345,2026-07-29 03:27:00+00:00,63819.68133,3,0.1543715449121852,0.2,-0.04562845508781482,0.061748617964874075,tp1_partial,True
ema_pullback,-1,2026-07-29 03:24:00+00:00,63859.11345,2026-07-29 03:29:00+00:00,63767.47611,5,0.35874809032443444,0.2,0.15874809032443443,0.14349923612977378,tp2,False
ema_pullback,-1,2026-07-29 03:41:00+00:00,63768.22254,2026-07-29 03:41:00+00:00,63766.47601,0,0.006847180031188671,0.2,-0.19315281996881134,0.0027388720124754684,tp1_partial,True
ema_pullback,-1,2026-07-29 03:41:00+00:00,63768.22254,2026-07-29 03:42:00+00:00,63751.974559999995,1,0.06369936056244141,0.2,-0.1363006394375586,0.025479744224976564,tp2,False
ema_pullback,-1,2026-07-29 03:47:00+00:00,63711.528210000004,2026-07-29 04:02:00+00:00,63661.965560000004,15,0.19448069836214277,0.2,-0.0055193016378572435,0.07779227934485711,tp1_partial,True
ema_pullback,-1,2026-07-29 03:47:00+00:00,63711.528210000004,2026-07-29 04:06:00+00:00,63599.75934000001,19,0.43857396432084306,0.2,0.23857396432084305,0.17542958572833722,tp2,False
ema_pullback,-1,2026-07-29 04:16:00+00:00,63686.53071,2026-07-29 04:16:00+00:00,63672.566620000005,0,0.05481571159676735,0.2,-0.14518428840323266,0.02192628463870694,tp1_partial,True
ema_pullback,-1,2026-07-29 04:16:00+00:00,63686.53071,2026-07-29 04:18:00+00:00,63645.863950000006,2,0.15963642369362652,0.2,-0.040363576306373494,0.0638545694774506,tp2,False
ema_pullback,-1,2026-07-29 04:21:00+00:00,63630.036360000006,2026-07-29 04:23:00+00:00,63681.3675,2,-0.4033562051543038,0.4,-0.8033562051543038,-0.08067124103086076,sl,False
ema_pullback,-1,2026-07-29 04:45:00+00:00,63834.615900000004,2026-07-29 04:45:00+00:00,63830.28238999999,0,0.016971630278167504,0.2,-0.1830283697218325,0.006788652111267002,tp1_partial,True
ema_pullback,-1,2026-07-29 04:45:00+00:00,63834.615900000004,2026-07-29 04:46:00+00:00,63864.68583,1,-0.117764983684987,0.2,-0.317764983684987,-0.0471059934739948,sl,False
ema_pullback,-1,2026-07-29 04:50:00+00:00,63846.41472,2026-07-29 04:51:00+00:00,63886.88805,1,-0.31695851816815335,0.4,-0.7169585181681534,-0.06339170363363067,sl,False
ema_pullback,-1,2026-07-29 05:05:00+00:00,63931.00626,2026-07-29 05:08:00+00:00,63975.89695,3,-0.35108699695285406,0.4,-0.7510869969528541,-0.07021739939057081,sl,False
ema_pullback,-1,2026-07-29 05:16:00+00:00,63920.80728,2026-07-29 05:20:00+00:00,63885.58792,4,0.13774607009314765,0.2,-0.06225392990685236,0.05509842803725906,tp1_partial,True
ema_pullback,-1,2026-07-29 05:16:00+00:00,63920.80728,2026-07-29 05:35:00+00:00,63981.597519999996,19,-0.23775607109322028,0.2,-0.4377560710932203,-0.09510242843728811,sl,False
ema_pullback,1,2026-07-29 05:41:00+00:00,64027.90215,2026-07-29 05:54:00+00:00,64058.993460000005,13,0.12139750388495685,0.2,-0.07860249611504316,0.04855900155398274,tp1_partial,True
ema_pullback,1,2026-07-29 05:41:00+00:00,64027.90215,2026-07-29 06:14:00+00:00,64102.889070000005,33,0.292790008269872,0.2,0.09279000826987199,0.1171160033079488,tp2,False
ema_pullback,1,2026-07-29 06:40:00+00:00,64408.34019,2026-07-29 06:41:00+00:00,64409.15844000001,1,0.003176025020923401,0.2,-0.1968239749790766,0.0012704100083693604,tp1_partial,True
ema_pullback,1,2026-07-29 06:40:00+00:00,64408.34019,2026-07-29 06:44:00+00:00,64422.85707000001,4,0.05634705054186062,0.2,-0.1436529494581394,0.02253882021674425,tp2,False
ema_pullback,1,2026-07-29 06:45:00+00:00,64445.94395,2026-07-29 06:45:00+00:00,64397.459610000005,0,-0.3761628508197057,0.4,-0.7761628508197057,-0.07523257016394114,sl,False
ema_pullback,1,2026-07-29 06:48:00+00:00,64420.54141,2026-07-29 06:48:00+00:00,64376.161739999996,0,-0.34445278655415024,0.4,-0.7444527865541503,-0.06889055731083005,sl,False
ema_pullback,1,2026-07-29 06:51:00+00:00,64412.140569999996,2026-07-29 06:54:00+00:00,64375.5618,3,-0.28394313305146746,0.4,-0.6839431330514675,-0.05678862661029349,sl,False
ema_pullback,1,2026-07-29 06:58:00+00:00,64405.639919999994,2026-07-29 07:01:00+00:00,64376.66169,3,-0.2249665560034031,0.4,-0.6249665560034031,-0.04499331120068062,sl,False
ema_pullback,1,2026-07-29 07:05:00+00:00,64404.03976,2026-07-29 07:07:00+00:00,64408.458510000004,2,0.017152456648961145,0.2,-0.18284754335103887,0.006860982659584458,tp1_partial,True
ema_pullback,1,2026-07-29 07:05:00+00:00,64404.03976,2026-07-29 07:08:00+00:00,64425.856770000006,3,0.08468804938832619,0.2,-0.11531195061167382,0.03387521975533048,tp2,False
ema_pullback,1,2026-07-29 07:20:00+00:00,64470.04636,2026-07-29 07:22:00+00:00,64403.05905,2,-0.5195227379389267,0.4,-0.9195227379389267,-0.10390454758778533,sl,False
ema_pullback,1,2026-07-29 07:24:00+00:00,64451.24448,2026-07-29 07:28:00+00:00,64472.35212,4,0.08187444699592206,0.2,-0.11812555300407795,0.03274977879836882,tp1_partial,True
ema_pullback,1,2026-07-29 07:24:00+00:00,64451.24448,2026-07-29 07:58:00+00:00,64506.34872,34,0.21374389449180242,0.2,0.01374389449180241,0.08549755779672097,tp2,False
ema_pullback,1,2026-07-29 08:20:00+00:00,64373.736730000004,2026-07-29 08:22:00+00:00,64338.66549,2,-0.27240332611966345,0.4,-0.6724033261196635,-0.05448066522393269,sl,False
ema_pullback,1,2026-07-29 08:32:00+00:00,64307.630119999994,2026-07-29 08:32:00+00:00,64303.269029999996,0,-0.01695401460083401,0.2,-0.21695401460083402,-0.006781605840333604,tp1_partial,True
ema_pullback,1,2026-07-29 08:32:00+00:00,64307.630119999994,2026-07-29 08:34:00+00:00,64286.07075,2,-0.08381342136137837,0.2,-0.2838134213613784,-0.03352536854455135,sl,False
ema_pullback,1,2026-07-29 08:38:00+00:00,64302.62962,2026-07-29 08:42:00+00:00,64303.569,4,0.00365218345482754,0.2,-0.19634781654517247,0.001460873381931016,tp1_partial,True
ema_pullback,1,2026-07-29 08:38:00+00:00,64302.62962,2026-07-29 08:43:00+00:00,64317.46761,5,0.057688115119414185,0.2,-0.14231188488058583,0.023075246047765674,tp2,False
ema_pullback,1,2026-07-29 08:59:00+00:00,64391.4385,2026-07-29 08:59:00+00:00,64381.06125,0,-0.04028971180694563,0.2,-0.24028971180694564,-0.01611588472277825,tp1_partial,True
ema_pullback,1,2026-07-29 08:59:00+00:00,64391.4385,2026-07-29 09:00:00+00:00,64383.66099,1,-0.0301962115662191,0.2,-0.2301962115662191,-0.01207848462648764,tp2,False
ema_pullback,1,2026-07-29 09:02:00+00:00,64424.4418,2026-07-29 09:05:00+00:00,64381.561200000004,3,-0.33279760601662156,0.4,-0.7327976060166216,-0.06655952120332431,sl,False
ema_pullback,1,2026-07-29 09:10:00+00:00,64408.84024,2026-07-29 09:12:00+00:00,64428.65649000001,2,0.07691587803076994,0.2,-0.12308412196923008,0.030766351212307974,tp1_partial,True
ema_pullback,1,2026-07-29 09:10:00+00:00,64408.84024,2026-07-29 09:31:00+00:00,64461.35322000001,21,0.20382675656144267,0.2,0.003826756561442657,0.08153070262457707,tp2,False
ema_pullback,1,2026-07-29 09:37:00+00:00,64461.545509999996,2026-07-29 09:37:00+00:00,64465.05285,0,0.013602450779970354,0.2,-0.18639754922002966,0.005440980311988142,tp1_partial,True
ema_pullback,1,2026-07-29 09:37:00+00:00,64461.545509999996,2026-07-29 09:38:00+00:00,64481.45121,1,0.07719990205989902,0.2,-0.122800097940101,0.030879960823959607,tp2,False
ema_pullback,1,2026-07-29 09:52:00+00:00,64539.75333,2026-07-29 09:52:00+00:00,64553.643990000004,0,0.05380660477960486,0.2,-0.14619339522039515,0.021522641911841944,tp1_partial,True
ema_pullback,1,2026-07-29 09:52:00+00:00,64539.75333,2026-07-29 09:53:00+00:00,64580.341320000014,1,0.15722089063652245,0.2,-0.04277910936347756,0.06288835625460898,tp2,False
ema_pullback,1,2026-07-29 10:10:00+00:00,64647.86414,2026-07-29 10:11:00+00:00,64603.13904,1,-0.3459132068395765,0.4,-0.7459132068395765,-0.0691826413679153,sl,False
ema_pullback,1,2026-07-29 10:14:00+00:00,64631.66252,2026-07-29 10:15:00+00:00,64638.23553,1,0.025424883654978636,0.2,-0.17457511634502137,0.010169953461991454,tp1_partial,True
ema_pullback,1,2026-07-29 10:14:00+00:00,64631.66252,2026-07-29 10:18:00+00:00,64657.73358,4,0.10084476780997109,0.2,-0.09915523219002892,0.04033790712398844,tp2,False
ema_pullback,1,2026-07-29 10:19:00+00:00,64679.76733,2026-07-29 10:19:00+00:00,64625.936760000004,0,-0.4161314443615338,0.4,-0.8161314443615338,-0.08322628887230676,sl,False
ema_pullback,1,2026-07-29 10:23:00+00:00,64648.16417,2026-07-29 10:23:00+00:00,64624.436910000004,0,-0.18351070215699705,0.4,-0.5835107021569971,-0.03670214043139941,sl,False
ema_pullback,1,2026-07-29 10:34:00+00:00,64606.35999,2026-07-29 10:34:00+00:00,64587.440610000005,0,-0.14642041435952713,0.4,-0.5464204143595272,-0.029284082871905426,sl,False
ema_pullback,1,2026-07-29 10:42:00+00:00,64590.75843,2026-07-29 10:42:00+00:00,64612.93805999999,0,0.08584676252110235,0.2,-0.11415323747889766,0.03433870500844094,tp1_partial,True
ema_pullback,1,2026-07-29 10:42:00+00:00,64590.75843,2026-07-29 10:50:00+00:00,64542.5451,8,-0.18661079066073505,0.2,-0.38661079066073506,-0.07464431626429402,sl,False
ema_pullback,1,2026-07-29 11:01:00+00:00,64469.24628,2026-07-29 11:02:00+00:00,64428.5565,1,-0.31557511796614923,0.4,-0.7155751179661493,-0.06311502359322985,sl,False
ema_pullback,1,2026-07-29 11:04:00+00:00,64484.34779,2026-07-29 11:04:00+00:00,64438.355520000005,0,-0.35661576472612033,0.4,-0.7566157647261204,-0.07132315294522407,sl,False
ema_pullback,1,2026-07-29 11:08:00+00:00,64467.946149999996,2026-07-29 11:13:00+00:00,64484.650890000004,5,0.06477924688780279,0.2,-0.13522075311219722,0.025911698755121115,tp1_partial,True
ema_pullback,1,2026-07-29 11:08:00+00:00,64467.946149999996,2026-07-29 11:21:00+00:00,64514.34792000001,13,0.1799412451113369,0.2,-0.0200587548886631,0.07197649804453476,tp2,False
ema_pullback,1,2026-07-29 11:24:00+00:00,64509.25028,2026-07-29 11:25:00+00:00,64485.850770000005,1,-0.1813655398135161,0.4,-0.5813655398135161,-0.03627310796270322,sl,False
ema_pullback,1,2026-07-29 11:28:00+00:00,64511.95055,2026-07-29 11:29:00+00:00,64483.451010000004,1,-0.22088574099077274,0.4,-0.6208857409907728,-0.04417714819815455,sl,False
ema_pullback,1,2026-07-29 11:41:00+00:00,64426.64202,2026-07-29 11:41:00+00:00,64384.66089,0,-0.32580566582196546,0.4,-0.7258056658219655,-0.06516113316439309,sl,False
ema_pullback,1,2026-07-29 11:47:00+00:00,64418.141169999995,2026-07-29 11:47:00+00:00,64422.65709,0,0.017525808405749466,0.2,-0.18247419159425055,0.007010323362299786,tp1_partial,True
ema_pullback,1,2026-07-29 11:47:00+00:00,64418.141169999995,2026-07-29 11:48:00+00:00,64440.15534,1,0.08543466793736743,0.2,-0.11456533206263259,0.03417386717494697,tp2,False
ema_pullback,1,2026-07-29 11:56:00+00:00,64455.044859999995,2026-07-29 11:59:00+00:00,64462.35312000001,3,0.02834634595277885,0.2,-0.17165365404722116,0.01133853838111154,tp1_partial,True
ema_pullback,1,2026-07-29 11:56:00+00:00,64455.044859999995,2026-07-29 12:03:00+00:00,64421.75718,7,-0.12911200384818633,0.2,-0.32911200384818634,-0.05164480153927453,sl,False
ema_pullback,1,2026-07-29 12:14:00+00:00,64459.645319999996,2026-07-29 12:15:00+00:00,64410.15834,1,-0.38386016362890185,0.4,-0.7838601636289019,-0.07677203272578037,sl,False
ema_pullback,1,2026-07-29 12:24:00+00:00,64345.433899999996,2026-07-29 12:24:00+00:00,64305.16884,0,-0.31288203031293316,0.4,-0.7128820303129332,-0.06257640606258663,sl,False
ema_pullback,1,2026-07-29 12:26:00+00:00,64339.53331,2026-07-29 12:29:00+00:00,64303.968960000006,3,-0.27638022977755083,0.4,-0.6763802297775509,-0.05527604595551017,sl,False
ema_pullback,1,2026-07-29 12:33:00+00:00,64331.53251,2026-07-29 12:35:00+00:00,64344.06495,2,0.04870255499528353,0.2,-0.15129744500471648,0.019481021998113413,tp1_partial,True
ema_pullback,1,2026-07-29 12:33:00+00:00,64331.53251,2026-07-29 12:36:00+00:00,64293.27003,3,-0.14869255599520015,0.2,-0.34869255599520016,-0.05947702239808006,sl,False
ema_pullback,1,2026-07-29 12:44:00+00:00,64306.43,2026-07-29 12:51:00+00:00,64264.37292,7,-0.32700524659817765,0.4,-0.7270052465981777,-0.06540104931963553,sl,False
ema_pullback,1,2026-07-29 12:56:00+00:00,64285.227880000006,2026-07-29 12:57:00+00:00,64253.97396,1,-0.24308788372301438,0.4,-0.6430878837230144,-0.048617576744602875,sl,False
ema_pullback,1,2026-07-29 13:05:00+00:00,64250.424399999996,2026-07-29 13:05:00+00:00,64202.47911,0,-0.37311263270034534,0.4,-0.7731126327003454,-0.07462252654006907,sl,False
ema_pullback,1,2026-07-29 13:08:00+00:00,64259.52531,2026-07-29 13:08:00+00:00,64268.17253999999,0,0.03364182180881636,0.2,-0.16635817819118365,0.013456728723526545,tp1_partial,True
ema_pullback,1,2026-07-29 13:08:00+00:00,64259.52531,2026-07-29 13:12:00+00:00,64289.57039999999,4,0.11688963564177035,0.2,-0.08311036435822966,0.04675585425670814,tp2,False
ema_pullback,1,2026-07-29 13:28:00+00:00,64196.61902,2026-07-29 13:30:00+00:00,64167.78258,2,-0.2245946939278265,0.4,-0.6245946939278265,-0.0449189387855653,sl,False
ema_pullback,1,2026-07-29 13:31:00+00:00,64210.12037,2026-07-29 13:32:00+00:00,64265.07285000001,1,0.21395568051951752,0.2,0.01395568051951751,0.08558227220780701,tp1_partial,True
ema_pullback,1,2026-07-29 13:31:00+00:00,64210.12037,2026-07-29 13:33:00+00:00,64332.766080000016,2,0.4775170537498208,0.2,0.2775170537498208,0.19100682149992831,tp2,False
ema_pullback,1,2026-07-29 13:40:00+00:00,64332.33259,2026-07-29 13:45:00+00:00,64500.549300000006,5,0.6537020469632449,0.2,0.45370204696324484,0.26148081878529794,tp1_partial,True
ema_pullback,1,2026-07-29 13:40:00+00:00,64332.33259,2026-07-29 14:26:00+00:00,64138.18554,46,-0.7544691844042495,0.2,-0.9544691844042494,-0.3017876737616998,sl,False
ema_pullback,1,2026-07-29 14:31:00+00:00,64233.52271,2026-07-29 14:34:00+00:00,64159.283429999996,3,-0.5778857897548173,0.4,-0.9778857897548173,-0.11557715795096346,sl,False
ema_pullback,-1,2026-07-29 14:49:00+00:00,64053.594,2026-07-29 14:50:00+00:00,64131.91255,1,-0.611351722122011,0.4,-1.011351722122011,-0.12227034442440221,sl,False
ema_pullback,1,2026-07-29 14:51:00+00:00,64156.415,2026-07-29 14:51:00+00:00,64087.79058,0,-0.5348211866264552,0.4,-0.9348211866264552,-0.10696423732529103,sl,False
ema_pullback,-1,2026-07-29 14:52:00+00:00,64084.79088,2026-07-29 14:52:00+00:00,64161.31549,0,-0.5970574995188827,0.4,-0.9970574995188827,-0.11941149990377653,sl,False
ema_pullback,1,2026-07-29 14:53:00+00:00,64198.819240000004,2026-07-29 14:58:00+00:00,64084.79088,5,-0.8880876731838239,0.4,-1.2880876731838238,-0.17761753463676477,sl,False
ema_pullback,-1,2026-07-29 14:59:00+00:00,64093.78998,2026-07-29 15:00:00+00:00,64072.30658999999,1,0.08379669078201202,0.2,-0.116203309217988,0.03351867631280481,tp1_partial,True
ema_pullback,-1,2026-07-29 14:59:00+00:00,64093.78998,2026-07-29 15:02:00+00:00,64140.71343,3,-0.18302650699325573,0.2,-0.38302650699325574,-0.0732106027973023,sl,False
ema_pullback,1,2026-07-29 15:04:00+00:00,64143.01366,2026-07-29 15:05:00+00:00,64096.589700000004,1,-0.36187853790337066,0.4,-0.7618785379033707,-0.07237570758067413,sl,False
ema_pullback,-1,2026-07-29 15:06:00+00:00,64083.19104,2026-07-29 15:06:00+00:00,64124.01176,0,-0.31849787235571636,0.4,-0.7184978723557164,-0.06369957447114327,sl,False
ema_pullback,-1,2026-07-29 15:07:00+00:00,64067.292629999996,2026-07-29 15:08:00+00:00,64143.71373,1,-0.5964127471512759,0.4,-0.9964127471512759,-0.11928254943025518,sl,False
ema_pullback,1,2026-07-29 15:10:00+00:00,64167.11607,2026-07-29 15:11:00+00:00,64087.5906,1,-0.6196746470048531,0.4,-1.019674647004853,-0.12393492940097062,sl,False
ema_pullback,-1,2026-07-29 15:12:00+00:00,64108.38852,2026-07-29 15:12:00+00:00,64144.013759999994,0,-0.2778516261477959,0.4,-0.6778516261477959,-0.05557032522955918,sl,False
ema_pullback,1,2026-07-29 15:13:00+00:00,64162.515609999995,2026-07-29 15:14:00+00:00,64101.289229999995,1,-0.477119541042903,0.4,-0.877119541042903,-0.0954239082085806,sl,False
ema_pullback,-1,2026-07-29 15:15:00+00:00,64100.18934,2026-07-29 15:17:00+00:00,64079.4073,2,0.08105295871188578,0.2,-0.11894704128811423,0.03242118348475431,tp1_partial,True
ema_pullback,-1,2026-07-29 15:15:00+00:00,64100.18934,2026-07-29 15:18:00+00:00,64045.90395,3,0.21172086447379668,0.2,0.011720864473796666,0.08468834578951867,tp2,False
ema_pullback,-1,2026-07-29 15:19:00+00:00,64019.49741,2026-07-29 15:19:00+00:00,63947.29409,0,0.2819583209845711,0.2,0.08195832098457106,0.11278332839382843,tp1_partial,True
ema_pullback,-1,2026-07-29 15:19:00+00:00,64019.49741,2026-07-29 15:36:00+00:00,64117.31109,17,-0.38196832198467146,0.2,-0.5819683219846714,-0.15278732879386858,sl,False
ema_pullback,-1,2026-07-29 15:39:00+00:00,64023.69699,2026-07-29 15:39:00+00:00,63966.496009999995,0,0.22335862613859225,0.2,0.023358626138592242,0.0893434504554369,tp1_partial,True
ema_pullback,-1,2026-07-29 15:39:00+00:00,64023.69699,2026-07-29 15:55:00+00:00,63896.48901,16,0.4967222527772208,0.2,0.2967222527772208,0.19868890111088833,tp2,False
ema_pullback,-1,2026-07-29 16:02:00+00:00,63919.00746,2026-07-29 16:02:00+00:00,63899.489310000004,0,0.07633938156897946,0.2,-0.12366061843102055,0.030535752627591783,tp1_partial,True
ema_pullback,-1,2026-07-29 16:02:00+00:00,63919.00746,2026-07-29 16:06:00+00:00,63964.09577,4,-0.1763493825691076,0.2,-0.3763493825691076,-0.07053975302764304,sl,False
ema_pullback,-1,2026-07-29 16:12:00+00:00,63939.10545,2026-07-29 16:18:00+00:00,63911.59052,6,0.10758255767873148,0.2,-0.09241744232126853,0.04303302307149259,tp1_partial,True
ema_pullback,-1,2026-07-29 16:12:00+00:00,63939.10545,2026-07-29 16:22:00+00:00,63992.198580000004,10,-0.2075925586788041,0.2,-0.4075925586788041,-0.08303702347152164,sl,False
ema_pullback,-1,2026-07-29 16:28:00+00:00,64009.69839,2026-07-29 16:31:00+00:00,63969.69632999999,3,0.15623437153336472,0.2,-0.04376562846663529,0.06249374861334589,tp1_partial,True
ema_pullback,-1,2026-07-29 16:28:00+00:00,64009.69839,2026-07-29 16:32:00+00:00,63916.89104999999,4,0.362473743566738,0.2,0.162473743566738,0.1449894974266952,tp2,False
ema_pullback,-1,2026-07-29 16:35:00+00:00,63888.310529999995,2026-07-29 16:41:00+00:00,63818.18117999999,6,0.27442167987473676,0.2,0.07442167987473675,0.1097686719498947,tp1_partial,True
ema_pullback,-1,2026-07-29 16:35:00+00:00,63888.310529999995,2026-07-29 16:43:00+00:00,63735.372899999995,8,0.5984570132285261,0.2,0.39845701322852606,0.23938280529141043,tp2,False
ema_pullback,-1,2026-07-29 16:49:00+00:00,63690.43032000001,2026-07-29 16:55:00+00:00,63790.078369999996,6,-0.7822843204177143,0.4,-1.1822843204177143,-0.15645686408354287,sl,False
ema_pullback,-1,2026-07-29 17:03:00+00:00,63770.52231,2026-07-29 17:03:00+00:00,63823.28169,0,-0.4136658920835812,0.4,-0.8136658920835812,-0.08273317841671624,sl,False
ema_pullback,-1,2026-07-29 17:05:00+00:00,63758.323529999994,2026-07-29 17:05:00+00:00,63703.96976000001,0,0.2131242126152122,0.2,0.013124212615212183,0.08524968504608488,tp1_partial,True
ema_pullback,-1,2026-07-29 17:05:00+00:00,63758.323529999994,2026-07-29 17:10:00+00:00,63837.583119999996,5,-0.3107813443475882,0.2,-0.5107813443475882,-0.12431253773903528,sl,False
ema_pullback,-1,2026-07-29 17:16:00+00:00,63781.92117,2026-07-29 17:29:00+00:00,63732.97266000001,13,0.1918588727890802,0.2,-0.008141127210919807,0.07674354911563208,tp1_partial,True
ema_pullback,-1,2026-07-29 17:16:00+00:00,63781.92117,2026-07-29 17:33:00+00:00,63856.385,17,-0.2918688737892361,0.2,-0.4918688737892361,-0.11674754951569444,sl,False
ema_pullback,1,2026-07-29 18:07:00+00:00,64481.34749,2026-07-29 18:14:00+00:00,64342.36512,7,-1.0776943675188666,0.4,-1.4776943675188665,-0.21553887350377332,sl,False
ema_pullback,1,2026-07-29 18:31:00+00:00,64168.616219999996,2026-07-29 18:31:00+00:00,64065.5928,0,-0.8027555062647962,0.4,-1.202755506264796,-0.16055110125295924,sl,False
ema_pullback,-1,2026-07-29 18:32:00+00:00,63964.20294,2026-07-29 18:32:00+00:00,63775.97695999999,0,0.7356692155476852,0.2,0.5356692155476852,0.29426768621907406,tp1_partial,True
ema_pullback,-1,2026-07-29 18:32:00+00:00,63964.20294,2026-07-29 18:38:00+00:00,64178.21718,6,-0.8364609819368485,0.2,-1.0364609819368484,-0.3345843927747394,sl,False
ema_pullback,1,2026-07-29 19:00:00+00:00,64490.84844,2026-07-29 19:01:00+00:00,64518.74748,1,0.10815115894291516,0.2,-0.09184884105708485,0.043260463577166064,tp1_partial,True
ema_pullback,1,2026-07-29 19:00:00+00:00,64490.84844,2026-07-29 19:02:00+00:00,64559.44340999999,2,0.26590970524992263,0.2,0.06590970524992262,0.10636388209996905,tp2,False
ema_pullback,1,2026-07-29 19:16:00+00:00,64350.4344,2026-07-29 19:18:00+00:00,64224.87687,2,-0.9755763979737431,0.4,-1.375576397973743,-0.19511527959474861,sl,False
ema_pullback,-1,2026-07-29 19:33:00+00:00,63966.50271,2026-07-29 19:34:00+00:00,63885.187880000005,1,0.3178023909195249,0.2,0.11780239091952488,0.12712095636780996,tp1_partial,True
ema_pullback,-1,2026-07-29 19:33:00+00:00,63966.50271,2026-07-29 19:45:00+00:00,63791.17848,12,0.6852189136978826,0.2,0.48521891369788256,0.27408756547915303,tp2,False
ema_pullback,-1,2026-07-29 19:46:00+00:00,63716.22774,2026-07-29 19:47:00+00:00,63569.25629,1,0.5766641215787793,0.2,0.3766641215787793,0.23066564863151173,tp1_partial,True
ema_pullback,-1,2026-07-29 19:46:00+00:00,63716.22774,2026-07-29 20:02:00+00:00,63409.64033,16,1.2029408396988794,0.2,1.0029408396988795,0.4811763358795518,tp2,False
ema_pullback,-1,2026-07-29 20:08:00+00:00,63532.846079999996,2026-07-29 20:08:00+00:00,63502.749639999995,0,0.11842866271921659,0.2,-0.08157133728078342,0.04737146508768664,tp1_partial,True
ema_pullback,-1,2026-07-29 20:08:00+00:00,63532.846079999996,2026-07-29 20:09:00+00:00,63459.94535999999,1,0.28686232593849725,0.2,0.08686232593849724,0.1147449303753989,tp2,False
ema_pullback,-1,2026-07-29 20:25:00+00:00,63582.94107,2026-07-29 20:26:00+00:00,63546.15398,1,0.14464213742290677,0.2,-0.05535786257709324,0.05785685496916271,tp1_partial,True
ema_pullback,-1,2026-07-29 20:25:00+00:00,63582.94107,2026-07-29 20:27:00+00:00,63496.64903,2,0.3392892753458776,0.2,0.1392892753458776,0.13571571013835104,tp2,False
ema_pullback,-1,2026-07-29 20:43:00+00:00,63606.83868,2026-07-29 20:44:00+00:00,63574.85684999999,1,0.12570122436406095,0.2,-0.07429877563593906,0.05028048974562438,tp1_partial,True
ema_pullback,-1,2026-07-29 20:43:00+00:00,63606.83868,2026-07-29 20:48:00+00:00,63530.152379999985,5,0.30140744922813045,0.2,0.10140744922813044,0.12056297969125218,tp2,False
ema_pullback,-1,2026-07-29 20:49:00+00:00,63485.350829999996,2026-07-29 21:03:00+00:00,63411.540519999995,14,0.2906588253629161,0.2,0.09065882536291608,0.11626353014516644,tp1_partial,True
ema_pullback,-1,2026-07-29 20:49:00+00:00,63485.350829999996,2026-07-29 21:04:00+00:00,63325.03187,15,0.6313226512258685,0.2,0.4313226512258685,0.2525290604903474,tp2,False
ema_pullback,-1,2026-07-29 21:17:00+00:00,63374.76189,2026-07-29 21:17:00+00:00,63357.03507,0,0.0699285467564148,0.2,-0.1300714532435852,0.02797141870256592,tp1_partial,True
ema_pullback,-1,2026-07-29 21:17:00+00:00,63374.76189,2026-07-29 21:19:00+00:00,63417.64113,2,-0.16914951126140165,0.2,-0.36914951126140166,-0.06765980450456066,sl,False
ema_pullback,-1,2026-07-29 21:36:00+00:00,63513.648,2026-07-29 21:38:00+00:00,63569.056269999994,2,-0.4361918402167042,0.4,-0.8361918402167042,-0.08723836804334084,sl,False
ema_pullback,-1,2026-07-29 21:43:00+00:00,63549.944370000005,2026-07-29 21:44:00+00:00,63522.65163,1,0.10736728517454774,0.2,-0.09263271482545227,0.0429469140698191,tp1_partial,True
ema_pullback,-1,2026-07-29 21:43:00+00:00,63549.944370000005,2026-07-29 21:48:00+00:00,63602.85965,5,-0.20816414760299606,0.2,-0.4081641476029961,-0.08326565904119843,sl,False
ema_pullback,-1,2026-07-29 22:16:00+00:00,63942.20514,2026-07-29 22:16:00+00:00,64004.999859999996,0,-0.4910271694767987,0.4,-0.8910271694767987,-0.09820543389535974,sl,False
ema_pullback,-1,2026-07-29 22:23:00+00:00,63986.50071,2026-07-29 22:33:00+00:00,63933.59272,10,0.20671543768188694,0.2,0.006715437681886927,0.08268617507275478,tp1_partial,True
ema_pullback,-1,2026-07-29 22:23:00+00:00,63986.50071,2026-07-30 00:13:00+00:00,64065.00586,110,-0.3067254386819873,0.2,-0.5067254386819873,-0.12269017547279493,sl,False
ema_pullback,-1,2026-07-30 00:15:00+00:00,64001.19924,2026-07-30 00:15:00+00:00,64065.605919999995,0,-0.503167759079548,0.4,-0.903167759079548,-0.1006335518159096,sl,False
ema_pullback,1,2026-07-30 00:16:00+00:00,64081.80754,2026-07-30 00:20:00+00:00,63981.901170000005,4,-0.7795220971071881,0.4,-1.179522097107188,-0.15590441942143762,sl,False
ema_pullback,-1,2026-07-30 00:30:00+00:00,63973.40202,2026-07-30 00:30:00+00:00,63975.19688,0,-0.00701408688347227,0.2,-0.20701408688347228,-0.002805634753388908,tp1_partial,True
ema_pullback,-1,2026-07-30 00:30:00+00:00,63973.40202,2026-07-30 00:31:00+00:00,63964.19578,1,0.03597682673309177,0.2,-0.16402317326690824,0.014390730693236709,tp2,False
ema_pullback,-1,2026-07-30 00:51:00+00:00,63651.534210000005,2026-07-30 00:54:00+00:00,63598.95926,3,0.20649521905688473,0.2,0.006495219056884716,0.08259808762275389,tp1_partial,True
ema_pullback,-1,2026-07-30 00:51:00+00:00,63651.534210000005,2026-07-30 01:02:00+00:00,63729.57232,11,-0.3065052200569296,0.2,-0.5065052200569296,-0.12260208802277184,sl,False
ema_pullback,-1,2026-07-30 01:11:00+00:00,63750.52431,2026-07-30 01:11:00+00:00,63780.17738,0,-0.23257118526431864,0.4,-0.6325711852643187,-0.04651423705286373,sl,False
ema_pullback,-1,2026-07-30 01:12:00+00:00,63745.72479,2026-07-30 01:14:00+00:00,63727.3721,2,0.07197616020704345,0.2,-0.12802383979295656,0.02879046408281738,tp1_partial,True
ema_pullback,-1,2026-07-30 01:12:00+00:00,63745.72479,2026-07-30 01:15:00+00:00,63696.268990000004,3,0.19395732091415097,0.2,-0.006042679085849045,0.07758292836566039,tp2,False
ema_pullback,-1,2026-07-30 01:21:00+00:00,63707.52861,2026-07-30 01:21:00+00:00,63750.27439,0,-0.33548452539788887,0.4,-0.7354845253978889,-0.06709690507957777,sl,False
ema_pullback,-1,2026-07-30 01:40:00+00:00,63931.6062,2026-07-30 01:40:00+00:00,63983.89775,0,-0.40896477586072066,0.4,-0.8089647758607207,-0.08179295517214413,sl,False
ema_pullback,1,2026-07-30 01:46:00+00:00,64084.80784,2026-07-30 01:46:00+00:00,64134.585900000005,0,0.1941882236905501,0.2,-0.005811776309449901,0.07767528947622004,tp1_partial,True
ema_pullback,1,2026-07-30 01:46:00+00:00,64084.80784,2026-07-30 01:48:00+00:00,64197.27963000001,2,0.4387615169293424,0.2,0.2387615169293424,0.17550460677173696,tp2,False
ema_pullback,1,2026-07-30 01:54:00+00:00,64238.4232,2026-07-30 01:54:00+00:00,64292.37012,0,0.20994802375534638,0.2,0.009948023755346369,0.08397920950213855,tp1_partial,True
ema_pullback,1,2026-07-30 01:54:00+00:00,64238.4232,2026-07-30 02:13:00+00:00,64359.063449999994,19,0.46950191174677247,0.2,0.26950191174677246,0.187800764698709,tp2,False
ema_pullback,1,2026-07-30 02:18:00+00:00,64306.32999,2026-07-30 02:18:00+00:00,64321.267230000005,0,0.05807064406537776,0.2,-0.14192935593462225,0.023228257626151105,tp1_partial,True
ema_pullback,1,2026-07-30 02:18:00+00:00,64306.32999,2026-07-30 02:19:00+00:00,64349.064450000005,1,0.16613628863071384,0.2,-0.033863711369286176,0.06645451545228553,tp2,False
ema_pullback,1,2026-07-30 02:21:00+00:00,64344.53381,2026-07-30 02:21:00+00:00,64355.76378,0,0.0436321834002551,0.2,-0.1563678165997449,0.01745287336010204,tp1_partial,True
ema_pullback,1,2026-07-30 02:21:00+00:00,64344.53381,2026-07-30 02:22:00+00:00,64379.86137,1,0.137259367300413,0.2,-0.06274063269958702,0.0549037469201652,tp2,False
ema_pullback,1,2026-07-30 02:29:00+00:00,64345.33389,2026-07-30 02:29:00+00:00,64303.569,0,-0.32453705245666375,0.4,-0.7245370524566638,-0.06490741049133275,sl,False
ema_pullback,1,2026-07-30 02:41:00+00:00,64254.924849999996,2026-07-30 02:41:00+00:00,64225.376820000005,0,-0.22992813445016358,0.4,-0.6299281344501636,-0.045985626890032716,sl,False
ema_pullback,1,2026-07-30 02:43:00+00:00,64266.125969999994,2026-07-30 02:44:00+00:00,64280.47131000001,1,0.0558044373435429,0.2,-0.1441955626564571,0.02232177493741716,tp1_partial,True
ema_pullback,1,2026-07-30 02:43:00+00:00,64266.125969999994,2026-07-30 02:49:00+00:00,64226.27673,6,-0.15501650130037015,0.2,-0.35501650130037016,-0.06200660052014806,sl,False
ema_pullback,1,2026-07-30 03:03:00+00:00,64213.32069,2026-07-30 03:03:00+00:00,64177.5816,0,-0.2782840819939847,0.4,-0.6782840819939847,-0.05565681639879694,sl,False
ema_pullback,1,2026-07-30 03:05:00+00:00,64206.42,2026-07-30 03:05:00+00:00,64210.07835,0,0.014244486766290532,0.2,-0.18575551323370948,0.005697794706516213,tp1_partial,True
ema_pullback,1,2026-07-30 03:05:00+00:00,64206.42,2026-07-30 03:06:00+00:00,64226.5767,1,0.07848397403248386,0.2,-0.12151602596751615,0.031393589612993544,tp2,False
ema_pullback,1,2026-07-30 03:15:00+00:00,64180.317390000004,2026-07-30 03:16:00+00:00,64227.67659000001,1,0.1844771182425986,0.2,-0.015522881757401408,0.07379084729703944,tp1_partial,True
ema_pullback,1,2026-07-30 03:15:00+00:00,64180.317390000004,2026-07-30 03:40:00+00:00,64107.288629999995,25,-0.28446711924248747,0.2,-0.4844671192424875,-0.11378684769699499,sl,False
ema_pullback,1,2026-07-30 03:46:00+00:00,64157.81514,2026-07-30 03:47:00+00:00,64161.68319,1,0.015072403851179583,0.2,-0.18492759614882043,0.006028961540471833,tp1_partial,True
ema_pullback,1,2026-07-30 03:46:00+00:00,64157.81514,2026-07-30 03:51:00+00:00,64178.38152000001,5,0.08013980820237299,0.2,-0.11986019179762702,0.032055923280949195,tp2,False
ema_pullback,1,2026-07-30 03:56:00+00:00,64180.11737,2026-07-30 03:57:00+00:00,64163.48301,1,-0.12959122452282923,0.4,-0.5295912245228293,-0.025918244904565846,sl,False
ema_pullback,1,2026-07-30 04:06:00+00:00,64136.413,2026-07-30 04:06:00+00:00,64108.98846,0,-0.2137985172322998,0.4,-0.6137985172322998,-0.04275970344645996,sl,False
ema_pullback,1,2026-07-30 04:15:00+00:00,64106.810040000004,2026-07-30 04:18:00+00:00,64073.99196,3,-0.25596406980415987,0.4,-0.6559640698041599,-0.05119281396083197,sl,False
ema_pullback,1,2026-07-30 04:22:00+00:00,64105.4099,2026-07-30 04:22:00+00:00,64080.09135,0,-0.1974759231669343,0.4,-0.5974759231669343,-0.03949518463338686,sl,False
ema_pullback,1,2026-07-30 04:28:00+00:00,64104.209780000005,2026-07-30 04:28:00+00:00,64073.19204,0,-0.2419321609801739,0.4,-0.6419321609801739,-0.04838643219603478,sl,False
ema_pullback,1,2026-07-30 04:31:00+00:00,64095.90895,2026-07-30 04:33:00+00:00,64098.989460000004,2,0.012015236426465847,0.2,-0.18798476357353416,0.004806094570586339,tp1_partial,True
ema_pullback,1,2026-07-30 04:31:00+00:00,64095.90895,2026-07-30 04:34:00+00:00,64114.887870000006,3,0.07402547335283449,0.2,-0.12597452664716552,0.029610189341133797,tp2,False
ema_pullback,1,2026-07-30 04:36:00+00:00,64128.21218,2026-07-30 04:37:00+00:00,64089.79038,1,-0.2995701789733074,0.4,-0.6995701789733074,-0.05991403579466148,sl,False
ema_pullback,1,2026-07-30 04:45:00+00:00,64076.30699,2026-07-30 04:46:00+00:00,64101.48921,1,0.09825090264614644,0.2,-0.10174909735385357,0.03930036105845858,tp1_partial,True
ema_pullback,1,2026-07-30 04:45:00+00:00,64076.30699,2026-07-30 04:57:00+00:00,64025.496810000004,12,-0.1982409036460353,0.2,-0.3982409036460353,-0.07929636145841412,sl,False
ema_pullback,-1,2026-07-30 05:08:00+00:00,63968.10255,2026-07-30 05:08:00+00:00,63992.3986,0,-0.1899075400978445,0.4,-0.5899075400978445,-0.0379815080195689,sl,False
ema_pullback,-1,2026-07-30 05:10:00+00:00,63952.604100000004,2026-07-30 05:22:00+00:00,63923.191679999996,12,0.11497741340610323,0.2,-0.08502258659389678,0.045990965362441294,tp1_partial,True
ema_pullback,-1,2026-07-30 05:10:00+00:00,63952.604100000004,2026-07-30 05:30:00+00:00,64007.80014,20,-0.21576932158107187,0.2,-0.4157693215810719,-0.08630772863242875,sl,False
ema_pullback,1,2026-07-30 05:38:00+00:00,64079.50731,2026-07-30 05:38:00+00:00,64045.09485,0,-0.268513768633738,0.4,-0.668513768633738,-0.0537027537267476,sl,False
ema_pullback,-1,2026-07-30 05:40:00+00:00,64026.996660000004,2026-07-30 05:41:00+00:00,64076.607019999996,1,-0.3874175159537252,0.4,-0.7874175159537252,-0.07748350319074504,sl,False
ema_pullback,1,2026-07-30 05:43:00+00:00,64070.30639,2026-07-30 05:43:00+00:00,64070.692290000006,0,0.0015057677329455288,0.2,-0.19849423226705448,0.0006023070931782115,tp1_partial,True
ema_pullback,1,2026-07-30 05:43:00+00:00,64070.30639,2026-07-30 05:44:00+00:00,64083.89097000001,1,0.053006535965793855,0.2,-0.14699346403420616,0.021202614386317542,tp2,False
ema_pullback,-1,2026-07-30 05:49:00+00:00,64045.494810000004,2026-07-30 05:53:00+00:00,64010.4004,4,0.13699015873058773,0.2,-0.06300984126941228,0.05479606349223509,tp1_partial,True
ema_pullback,-1,2026-07-30 05:49:00+00:00,64045.494810000004,2026-07-30 06:10:00+00:00,63962.395599999996,21,0.32437570451493425,0.2,0.12437570451493424,0.1297502818059737,tp2,False
ema_pullback,-1,2026-07-30 06:14:00+00:00,63986.70069,2026-07-30 06:14:00+00:00,63986.29798999999,0,0.0015733738248091544,0.2,-0.19842662617519086,0.0006293495299236618,tp1_partial,True
ema_pullback,-1,2026-07-30 06:14:00+00:00,63986.70069,2026-07-30 06:15:00+00:00,63973.09666999999,1,0.05315174814965462,0.2,-0.1468482518503454,0.02126069925986185,tp2,False
ema_pullback,-1,2026-07-30 06:34:00+00:00,64009.398420000005,2026-07-30 06:34:00+00:00,64003.69973,0,0.022257239329970258,0.2,-0.17774276067002975,0.008902895731988103,tp1_partial,True
ema_pullback,-1,2026-07-30 06:34:00+00:00,64009.398420000005,2026-07-30 06:35:00+00:00,63985.19788,1,0.09451947915997683,0.2,-0.10548052084002318,0.03780779166399073,tp2,False
ema_pullback,-1,2026-07-30 06:41:00+00:00,63965.80278,2026-07-30 06:41:00+00:00,64000.099369999996,0,-0.268085355842107,0.4,-0.668085355842107,-0.053617071168421404,sl,False
ema_pullback,-1,2026-07-30 06:44:00+00:00,63973.602,2026-07-30 06:46:00+00:00,64001.89955,2,-0.22116583336984075,0.4,-0.6211658333698408,-0.04423316667396815,sl,False
ema_pullback,-1,2026-07-30 06:48:00+00:00,63947.10465,2026-07-30 07:00:00+00:00,63994.29879,12,-0.36900920110694013,0.4,-0.7690092011069402,-0.07380184022138803,sl,False
ema_pullback,-1,2026-07-30 07:08:00+00:00,64026.096750000004,2026-07-30 07:08:00+00:00,64013.700730000004,0,0.0484022165539999,0.2,-0.1515977834460001,0.01936088662159996,tp1_partial,True
ema_pullback,-1,2026-07-30 07:08:00+00:00,64026.096750000004,2026-07-30 07:12:00+00:00,64064.105769999995,4,-0.14841221755407252,0.2,-0.34841221755407253,-0.05936488702162901,sl,False
ema_pullback,1,2026-07-30 07:13:00+00:00,64069.006259999995,2026-07-30 07:14:00+00:00,64033.596,1,-0.27634469509563164,0.4,-0.6763446950956317,-0.05526893901912633,sl,False
ema_pullback,-1,2026-07-30 07:15:00+00:00,64026.396720000004,2026-07-30 07:15:00+00:00,64053.50471,0,-0.21169385900743354,0.4,-0.6116938590074336,-0.04233877180148671,sl,False
ema_pullback,-1,2026-07-30 07:16:00+00:00,64008.89847,2026-07-30 07:17:00+00:00,63989.89835,1,0.07420890084877674,0.2,-0.12579109915122327,0.029683560339510695,tp1_partial,True
ema_pullback,-1,2026-07-30 07:16:00+00:00,64008.89847,2026-07-30 07:19:00+00:00,64053.50471,3,-0.17421890184887712,0.2,-0.37421890184887713,-0.06968756073955085,sl,False
ema_pullback,1,2026-07-30 07:20:00+00:00,64114.21078,2026-07-30 07:28:00+00:00,64003.09905,8,-0.8665140586481823,0.4,-1.2665140586481822,-0.17330281172963646,sl,False
ema_pullback,-1,2026-07-30 07:31:00+00:00,64003.89897,2026-07-30 07:32:00+00:00,63984.09776999999,1,0.07734372561149505,0.2,-0.12265627438850496,0.03093749024459802,tp1_partial,True
ema_pullback,-1,2026-07-30 07:31:00+00:00,64003.89897,2026-07-30 07:33:00+00:00,63951.59452,2,0.2043018114588624,0.2,0.004301811458862381,0.08172072458354496,tp2,False
ema_pullback,-1,2026-07-30 07:46:00+00:00,63988.6005,2026-07-30 07:46:00+00:00,63981.59752,0,0.0273602639582482,0.2,-0.1726397360417518,0.01094410558329928,tp1_partial,True
ema_pullback,-1,2026-07-30 07:46:00+00:00,63988.6005,2026-07-30 07:54:00+00:00,64021.00146,8,-0.12658879764060327,0.2,-0.3265887976406033,-0.05063551905624131,sl,False
ema_pullback,-1,2026-07-30 07:55:00+00:00,63974.90187,2026-07-30 08:05:00+00:00,64021.20148,10,-0.36185760858287175,0.4,-0.7618576085828718,-0.07237152171657435,sl,False
ema_pullback,-1,2026-07-30 08:10:00+00:00,63982.00116,2026-07-30 08:12:00+00:00,64027.80214,2,-0.35792081499186335,0.4,-0.7579208149918634,-0.07158416299837267,sl,False
ema_pullback,-1,2026-07-30 08:15:00+00:00,63971.702189999996,2026-07-30 08:16:00+00:00,64021.20148,1,-0.3868842652724469,0.4,-0.7868842652724469,-0.07737685305448938,sl,False
ema_pullback,-1,2026-07-30 08:19:00+00:00,63991.6002,2026-07-30 08:20:00+00:00,64030.20238,1,-0.30161911781667605,0.4,-0.7016191178166761,-0.06032382356333521,sl,False
ema_pullback,1,2026-07-30 08:37:00+00:00,64276.32699,2026-07-30 08:38:00+00:00,64232.07615,1,-0.3442234650938292,0.4,-0.7442234650938292,-0.06884469301876583,sl,False
ema_pullback,1,2026-07-30 08:42:00+00:00,64259.32529,2026-07-30 08:44:00+00:00,64294.069950000005,2,0.13517361037951314,0.2,-0.06482638962048687,0.05406944415180526,tp1_partial,True
ema_pullback,1,2026-07-30 08:42:00+00:00,64259.32529,2026-07-30 09:13:00+00:00,64341.76518000001,31,0.32073123094572553,0.2,0.12073123094572552,0.1282924923782902,tp2,False
ema_pullback,1,2026-07-30 09:22:00+00:00,64470.4464,2026-07-30 09:34:00+00:00,64533.84597,12,0.24584741358329998,0.2,0.04584741358329997,0.09833896543331999,tp1_partial,True
ema_pullback,1,2026-07-30 09:22:00+00:00,64470.4464,2026-07-30 09:35:00+00:00,64610.138340000005,13,0.5416898276665583,0.2,0.34168982766655825,0.2166759310666233,tp2,False
ema_pullback,1,2026-07-30 09:42:00+00:00,64592.25858,2026-07-30 11:01:00+00:00,64521.24723,79,-0.5496893247048384,0.4,-0.9496893247048385,-0.10993786494096769,sl,False
ema_pullback,1,2026-07-30 11:05:00+00:00,64565.255880000004,2026-07-30 11:10:00+00:00,64595.73978,5,0.1180352326670131,0.2,-0.08196476733298691,0.04721409306680524,tp1_partial,True
ema_pullback,1,2026-07-30 11:05:00+00:00,64565.255880000004,2026-07-30 11:18:00+00:00,64639.03545000001,13,0.2856782993980733,0.2,0.08567829939807331,0.11427131975922933,tp2,False
ema_pullback,1,2026-07-30 11:37:00+00:00,64614.06076,2026-07-30 11:37:00+00:00,64671.43221,0,0.22197741995005904,0.2,0.02197741995005903,0.08879096798002362,tp1_partial,True
ema_pullback,1,2026-07-30 11:37:00+00:00,64614.06076,2026-07-30 11:50:00+00:00,64741.825170000004,13,0.4943367143978583,0.2,0.2943367143978583,0.19773468575914332,tp2,False
ema_pullback,1,2026-07-30 11:51:00+00:00,64831.38249,2026-07-30 12:14:00+00:00,64996.999650000005,23,0.6386457979110083,0.2,0.4386457979110083,0.2554583191644033,tp1_partial,True
ema_pullback,1,2026-07-30 11:51:00+00:00,64831.38249,2026-07-30 14:18:00+00:00,64639.635389999996,147,-0.7394069532204728,0.2,-0.9394069532204727,-0.2957627812881891,sl,False
ema_pullback,1,2026-07-30 14:23:00+00:00,64704.4698,2026-07-30 14:26:00+00:00,64770.822270000004,3,0.2563674125029558,0.2,0.056367412502955794,0.10254696500118232,tp1_partial,True
ema_pullback,1,2026-07-30 14:23:00+00:00,64704.4698,2026-07-30 14:56:00+00:00,64612.23813,33,-0.35635741350284467,0.2,-0.5563574135028446,-0.14254296540113787,sl,False
ema_pullback,1,2026-07-30 15:03:00+00:00,64688.86824,2026-07-30 15:09:00+00:00,64779.32142,6,0.34957011330144505,0.2,0.14957011330144504,0.13982804532057802,tp1_partial,True
ema_pullback,1,2026-07-30 15:03:00+00:00,64688.86824,2026-07-30 16:13:00+00:00,64882.71108000001,70,0.7491352271029039,0.2,0.549135227102904,0.29965409084116157,tp2,False
ema_pullback,1,2026-07-30 16:18:00+00:00,64895.18887,2026-07-30 16:21:00+00:00,64834.91586,3,-0.46438735328080405,0.4,-0.8643873532808041,-0.09287747065616081,sl,False
ema_pullback,1,2026-07-30 16:28:00+00:00,64856.38499,2026-07-30 16:28:00+00:00,64854.213930000005,0,-0.008368721137963497,0.2,-0.2083687211379635,-0.003347488455185399,tp1_partial,True
ema_pullback,1,2026-07-30 16:28:00+00:00,64856.38499,2026-07-30 16:30:00+00:00,64832.616089999996,2,-0.09162127986192536,0.2,-0.2916212798619254,-0.036648511944770146,sl,False
ema_pullback,1,2026-07-30 16:34:00+00:00,64854.384790000004,2026-07-30 16:40:00+00:00,64808.5185,6,-0.3536097840455832,0.4,-0.7536097840455832,-0.07072195680911664,sl,False
ema_pullback,1,2026-07-30 16:49:00+00:00,64778.87724,2026-07-30 16:51:00+00:00,64785.12084,2,0.024095817440894507,0.2,-0.1759041825591055,0.009638326976357803,tp1_partial,True
ema_pullback,1,2026-07-30 16:49:00+00:00,64778.87724,2026-07-30 16:55:00+00:00,64804.41891000001,6,0.09857252505851566,0.2,-0.10142747494148435,0.039429010023406263,tp2,False
ema_pullback,1,2026-07-30 17:01:00+00:00,64800.77943,2026-07-30 17:01:00+00:00,64797.01965000001,0,-0.014505149602606071,0.2,-0.21450514960260608,-0.0058020598410424284,tp1_partial,True
ema_pullback,1,2026-07-30 17:01:00+00:00,64800.77943,2026-07-30 17:02:00+00:00,64806.218730000015,1,0.020984701294690655,0.2,-0.17901529870530936,0.008393880517876262,tp2,False
ema_pullback,1,2026-07-30 17:09:00+00:00,64816.98105,2026-07-30 17:11:00+00:00,64781.321220000005,2,-0.2750809234117746,0.4,-0.6750809234117746,-0.05501618468235492,sl,False
ema_pullback,1,2026-07-30 17:17:00+00:00,64787.97815,2026-07-30 17:17:00+00:00,64798.01955,0,0.038747157600549365,0.2,-0.16125284239945065,0.015498863040219746,tp1_partial,True
ema_pullback,1,2026-07-30 17:17:00+00:00,64787.97815,2026-07-30 17:19:00+00:00,64821.11724,2,0.12787515117107517,0.2,-0.07212484882892484,0.05115006046843007,tp2,False
ema_pullback,1,2026-07-30 17:37:00+00:00,64886.78803,2026-07-30 17:37:00+00:00,64849.11444,0,-0.2903024725355863,0.4,-0.6903024725355863,-0.058060494507117255,sl,False
ema_pullback,1,2026-07-30 17:42:00+00:00,64898.489199999996,2026-07-30 17:43:00+00:00,64922.80707,1,0.0936765643537174,0.2,-0.1063234356462826,0.03747062574148696,tp1_partial,True
ema_pullback,1,2026-07-30 17:42:00+00:00,64898.489199999996,2026-07-30 17:50:00+00:00,64848.21453,8,-0.1936665653535785,0.2,-0.3936665653535785,-0.0774666261414314,sl,False
ema_pullback,1,2026-07-30 18:04:00+00:00,64847.4841,2026-07-30 18:06:00+00:00,64851.21423,2,0.014380395985169603,0.2,-0.1856196040148304,0.005752158394067841,tp1_partial,True
ema_pullback,1,2026-07-30 18:04:00+00:00,64847.4841,2026-07-30 18:08:00+00:00,64817.81757000001,4,-0.11437039698505846,0.2,-0.3143703969850585,-0.045748158794023386,sl,False
ema_pullback,1,2026-07-30 18:25:00+00:00,64769.77633,2026-07-30 18:26:00+00:00,64766.122740000006,1,-0.01410221791325883,0.2,-0.21410221791325884,-0.005640887165303532,tp1_partial,True
ema_pullback,1,2026-07-30 18:25:00+00:00,64769.77633,2026-07-30 18:27:00+00:00,64775.42181000001,2,0.02179056467344065,0.2,-0.17820943532655936,0.00871622586937626,tp2,False
ema_pullback,1,2026-07-30 18:31:00+00:00,64780.77743,2026-07-30 18:31:00+00:00,64759.32342,0,-0.16558932179522312,0.4,-0.5655893217952231,-0.033117864359044624,sl,False
ema_pullback,1,2026-07-30 18:32:00+00:00,64780.97745,2026-07-30 18:32:00+00:00,64747.62459,0,-0.2574278847964351,0.4,-0.6574278847964351,-0.051485576959287016,sl,False
ema_pullback,1,2026-07-30 18:59:00+00:00,64683.567709999996,2026-07-30 18:59:00+00:00,64664.23293,0,-0.14945666020371728,0.4,-0.5494566602037173,-0.029891332040743457,sl,False
ema_pullback,1,2026-07-30 19:01:00+00:00,64690.06836,2026-07-30 19:02:00+00:00,64692.130139999994,1,0.007967915524986768,0.2,-0.19203208447501324,0.0031871662099947073,tp1_partial,True
ema_pullback,1,2026-07-30 19:01:00+00:00,64690.06836,2026-07-30 19:03:00+00:00,64707.028649999986,2,0.0655444121097637,0.2,-0.13445558789023632,0.026217764843905478,tp2,False
ema_pullback,1,2026-07-30 19:17:00+00:00,64805.87994,2026-07-30 19:18:00+00:00,64813.11804,1,0.02792223486008938,0.2,-0.17207776513991063,0.011168893944035752,tp1_partial,True
ema_pullback,1,2026-07-30 19:17:00+00:00,64805.87994,2026-07-30 19:25:00+00:00,64833.216029999996,8,0.10545374133219543,0.2,-0.09454625866780458,0.04218149653287817,tp2,False
ema_pullback,1,2026-07-30 19:26:00+00:00,64851.18446999999,2026-07-30 19:32:00+00:00,64801.81917,6,-0.380604459297329,0.4,-0.780604459297329,-0.0761208918594658,sl,False
ema_pullback,1,2026-07-30 19:35:00+00:00,64845.98395,2026-07-30 19:37:00+00:00,64807.81857,2,-0.2942771292469559,0.4,-0.694277129246956,-0.058855425849391185,sl,False
ema_pullback,1,2026-07-30 19:40:00+00:00,64834.88284,2026-07-30 19:40:00+00:00,64824.316920000005,0,-0.04074164838882566,0.2,-0.24074164838882567,-0.016296659355530263,tp1_partial,True
ema_pullback,1,2026-07-30 19:40:00+00:00,64834.88284,2026-07-30 19:41:00+00:00,64819.517400000004,1,-0.05924835261100769,0.2,-0.2592483526110077,-0.023699341044403077,sl,False
ema_pullback,1,2026-07-30 19:51:00+00:00,64815.58091,2026-07-30 20:00:00+00:00,64747.22463,9,-0.5273136415680502,0.4,-0.9273136415680502,-0.10546272831361003,sl,False
ema_pullback,1,2026-07-30 20:02:00+00:00,64906.38999,2026-07-30 20:11:00+00:00,64754.72388,9,-1.1683449813136293,0.4,-1.5683449813136292,-0.23366899626272586,sl,False
ema_pullback,1,2026-07-30 20:19:00+00:00,64791.27848,2026-07-30 20:22:00+00:00,64825.41681000001,3,0.1317242490073145,0.2,-0.06827575099268551,0.0526896996029258,tp1_partial,True
ema_pullback,1,2026-07-30 20:19:00+00:00,64791.27848,2026-07-30 20:30:00+00:00,64731.22623,11,-0.23171425000720336,0.2,-0.43171425000720337,-0.09268570000288134,sl,False
ema_pullback,1,2026-07-30 20:35:00+00:00,64787.07806,2026-07-30 20:36:00+00:00,64753.524,1,-0.25895642313833456,0.4,-0.6589564231383346,-0.05179128462766691,sl,False
ema_pullback,1,2026-07-30 20:39:00+00:00,64785.27788,2026-07-30 20:39:00+00:00,64757.72358,0,-0.21265865410841078,0.4,-0.6126586541084108,-0.04253173082168216,sl,False
ema_pullback,1,2026-07-30 20:41:00+00:00,64818.4812,2026-07-30 20:49:00+00:00,64858.31352,8,0.15363025815545717,0.2,-0.046369741844542844,0.06145210326218287,tp1_partial,True
ema_pullback,1,2026-07-30 20:41:00+00:00,64818.4812,2026-07-30 20:58:00+00:00,64752.72408,17,-0.25362025915534603,0.2,-0.45362025915534604,-0.10144810366213841,sl,False
ema_pullback,1,2026-07-30 21:02:00+00:00,64787.178069999994,2026-07-30 21:05:00+00:00,64761.923160000006,3,-0.19490669876609523,0.4,-0.5949066987660953,-0.038981339753219046,sl,False
ema_pullback,1,2026-07-30 21:22:00+00:00,64740.37339,2026-07-30 21:24:00+00:00,64719.427410000004,2,-0.16176907008103036,0.4,-0.5617690700810304,-0.03235381401620607,sl,False
ema_pullback,1,2026-07-30 21:27:00+00:00,64738.97325,2026-07-30 21:27:00+00:00,64724.02695,0,-0.11543510230138665,0.4,-0.5154351023013867,-0.02308702046027733,sl,False
ema_pullback,1,2026-07-30 21:31:00+00:00,64736.87304,2026-07-30 21:38:00+00:00,64729.326420000005,7,-0.02914343729318314,0.2,-0.22914343729318315,-0.011657374917273255,tp1_partial,True
ema_pullback,1,2026-07-30 21:31:00+00:00,64736.87304,2026-07-30 21:39:00+00:00,64734.62589,8,-0.008678014145835355,0.2,-0.20867801414583537,-0.003471205658334142,tp2,False
ema_pullback,1,2026-07-30 21:47:00+00:00,64754.474799999996,2026-07-30 21:49:00+00:00,64713.42801,2,-0.3169417258557794,0.4,-0.7169417258557794,-0.06338834517115588,sl,False
ema_pullback,1,2026-07-30 21:58:00+00:00,64718.37119,2026-07-30 22:00:00+00:00,64671.73218,2,-0.36032280434772357,0.4,-0.7603228043477236,-0.07206456086954471,sl,False
ema_pullback,1,2026-07-30 22:02:00+00:00,64742.4736,2026-07-30 22:03:00+00:00,64779.02145,1,0.14112779435104805,0.2,-0.05887220564895196,0.05645111774041922,tp1_partial,True
ema_pullback,1,2026-07-30 22:02:00+00:00,64742.4736,2026-07-30 22:06:00+00:00,64828.5165,4,0.3322505892020544,0.2,0.1322505892020544,0.13290023568082177,tp2,False
ema_pullback,1,2026-07-30 22:15:00+00:00,64914.590809999994,2026-07-30 22:16:00+00:00,64921.60719,1,0.0270215829463738,0.2,-0.1729784170536262,0.01080863317854952,tp1_partial,True
ema_pullback,1,2026-07-30 22:15:00+00:00,64914.590809999994,2026-07-30 22:18:00+00:00,64881.411210000006,3,-0.1277817497806477,0.2,-0.3277817497806477,-0.051112699912259085,sl,False
ema_pullback,1,2026-07-30 22:23:00+00:00,64918.89124,2026-07-30 22:28:00+00:00,64940.5053,5,0.08323486271544223,0.2,-0.11676513728455779,0.03329394508617689,tp1_partial,True
ema_pullback,1,2026-07-30 22:23:00+00:00,64918.89124,2026-07-30 22:30:00+00:00,64975.101839999996,7,0.21646472593084276,0.2,0.01646472593084275,0.0865858903723371,tp2,False
ema_pullback,1,2026-07-30 22:44:00+00:00,64895.888940000004,2026-07-30 22:44:00+00:00,64895.80977000001,0,-0.00030498850270288536,0.2,-0.2003049885027029,-0.00012199540108115414,tp1_partial,True
ema_pullback,1,2026-07-30 22:44:00+00:00,64895.888940000004,2026-07-30 22:46:00+00:00,64870.212329999995,2,-0.09891462471431356,0.2,-0.29891462471431357,-0.039565849885725424,sl,False
ema_pullback,1,2026-07-30 23:02:00+00:00,64856.38499,2026-07-30 23:07:00+00:00,64886.5107,5,0.11612468843524848,0.2,-0.08387531156475153,0.04644987537409939,tp1_partial,True
ema_pullback,1,2026-07-30 23:02:00+00:00,64856.38499,2026-07-30 23:32:00+00:00,64929.5064,30,0.28185894885784935,0.2,0.08185894885784933,0.11274357954313974,tp2,False
ema_pullback,1,2026-07-31 00:01:00+00:00,64807.180069999995,2026-07-31 00:04:00+00:00,64844.91486,3,0.14556562235557013,0.2,-0.05443437764442988,0.058226248942228054,tp1_partial,True
ema_pullback,1,2026-07-31 00:01:00+00:00,64807.180069999995,2026-07-31 00:09:00+00:00,64743.525,8,-0.245555623355459,0.2,-0.445555623355459,-0.0982222493421836,sl,False
ema_pullback,1,2026-07-31 00:15:00+00:00,64799.679319999996,2026-07-31 00:16:00+00:00,64758.12354,1,-0.3206480374291498,0.4,-0.7206480374291498,-0.06412960748582996,sl,False
ema_pullback,1,2026-07-31 00:24:00+00:00,64780.37739,2026-07-31 00:26:00+00:00,64723.527,2,-0.438793291197892,0.4,-0.838793291197892,-0.0877586582395784,sl,False
ema_pullback,1,2026-07-31 00:30:00+00:00,64750.97445,2026-07-31 00:31:00+00:00,64782.721079999996,1,0.12257201636600712,0.2,-0.07742798363399289,0.04902880654640285,tp1_partial,True
ema_pullback,1,2026-07-31 00:30:00+00:00,64750.97445,2026-07-31 00:51:00+00:00,64693.53,21,-0.22178990543361699,0.2,-0.421789905433617,-0.0887159621734468,sl,False
ema_pullback,1,2026-07-31 01:00:00+00:00,64704.96985,2026-07-31 01:00:00+00:00,64719.92736,0,0.0577911945352505,0.2,-0.1422088054647495,0.0231164778141002,tp1_partial,True
ema_pullback,1,2026-07-31 01:00:00+00:00,64704.96985,2026-07-31 01:01:00+00:00,64747.824570000004,1,0.16557738957051482,0.2,-0.03442261042948519,0.06623095582820593,tp2,False
ema_pullback,1,2026-07-31 01:25:00+00:00,65091.30848,2026-07-31 01:25:00+00:00,65139.28542,0,0.18426784282088438,0.2,-0.015732157179115636,0.07370713712835375,tp1_partial,True
ema_pullback,1,2026-07-31 01:25:00+00:00,65091.30848,2026-07-31 01:27:00+00:00,65200.179330000006,2,0.418146648693718,0.2,0.21814664869371797,0.1672586594774872,tp2,False
ema_pullback,1,2026-07-31 02:06:00+00:00,64548.95425,2026-07-31 02:14:00+00:00,64480.35132,8,-0.5314023348411134,0.4,-0.9314023348411135,-0.10628046696822269,sl,False
ema_pullback,-1,2026-07-31 02:30:00+00:00,64325.16684,2026-07-31 02:40:00+00:00,64272.12656999999,10,0.20614120648895784,0.2,0.006141206488957829,0.08245648259558314,tp1_partial,True
ema_pullback,-1,2026-07-31 02:30:00+00:00,64325.16684,2026-07-31 02:42:00+00:00,64206.11997,12,0.46267610271463755,0.2,0.26267610271463754,0.18507044108585502,tp2,False
ema_pullback,-1,2026-07-31 02:51:00+00:00,64270.67229,2026-07-31 02:51:00+00:00,64263.92575,0,0.026242684881050415,0.2,-0.1737573151189496,0.010497073952420166,tp1_partial,True
ema_pullback,-1,2026-07-31 02:51:00+00:00,64270.67229,2026-07-31 02:52:00+00:00,64244.4238,1,0.10210135145921617,0.2,-0.09789864854078384,0.04084054058368647,tp2,False
ema_pullback,-1,2026-07-31 02:56:00+00:00,64231.976160000006,2026-07-31 03:05:00+00:00,64192.018560000004,9,0.15552067050089713,0.2,-0.04447932949910288,0.06220826820035885,tp1_partial,True
ema_pullback,-1,2026-07-31 02:56:00+00:00,64231.976160000006,2026-07-31 03:17:00+00:00,64297.4291,21,-0.2547521651714013,0.2,-0.4547521651714013,-0.10190086606856052,sl,False
ema_pullback,-1,2026-07-31 03:28:00+00:00,64329.66639,2026-07-31 03:30:00+00:00,64380.93745,2,-0.3985024552215499,0.4,-0.79850245522155,-0.07970049104430998,sl,False
ema_pullback,-1,2026-07-31 03:33:00+00:00,64330.5663,2026-07-31 03:38:00+00:00,64305.92994999999,5,0.09574122931360618,0.2,-0.10425877068639383,0.03829649172544247,tp1_partial,True
ema_pullback,-1,2026-07-31 03:33:00+00:00,64330.5663,2026-07-31 03:44:00+00:00,64381.33749,11,-0.19730585676502876,0.2,-0.3973058567650288,-0.0789223427060115,sl,False
ema_pullback,-1,2026-07-31 03:48:00+00:00,64337.065650000004,2026-07-31 03:48:00+00:00,64334.4328,0,0.010230688847090441,0.2,-0.18976931115290957,0.0040922755388361765,tp1_partial,True
ema_pullback,-1,2026-07-31 03:48:00+00:00,64337.065650000004,2026-07-31 03:52:00+00:00,64365.63591999999,4,-0.11101792454842885,0.2,-0.31101792454842886,-0.04440716981937154,sl,False
ema_pullback,-1,2026-07-31 03:56:00+00:00,64353.564,2026-07-31 04:04:00+00:00,64414.54081,8,-0.4737640482507244,0.4,-0.8737640482507244,-0.09475280965014488,sl,False
ema_pullback,-1,2026-07-31 04:08:00+00:00,64327.166639999996,2026-07-31 04:09:00+00:00,64387.638119999996,1,-0.4700306508013119,0.4,-0.8700306508013119,-0.09400613016026238,sl,False
ema_pullback,-1,2026-07-31 04:11:00+00:00,64358.363520000006,2026-07-31 04:11:00+00:00,64355.634920000004,0,0.010599244025050192,0.2,-0.18940075597494982,0.004239697610020077,tp1_partial,True
ema_pullback,-1,2026-07-31 04:11:00+00:00,64358.363520000006,2026-07-31 04:13:00+00:00,64340.03336000001,2,0.07120348855010894,0.2,-0.12879651144989107,0.028481395420043576,tp2,False
ema_pullback,-1,2026-07-31 04:14:00+00:00,64326.46671,2026-07-31 04:17:00+00:00,64311.930550000005,3,0.05649369825302952,0.2,-0.1435063017469705,0.02259747930121181,tp1_partial,True
ema_pullback,-1,2026-07-31 04:14:00+00:00,64326.46671,2026-07-31 04:18:00+00:00,64284.62782000001,4,0.16260371562382137,0.2,-0.037396284376178646,0.06504148624952855,tp2,False
ema_pullback,-1,2026-07-31 04:32:00+00:00,64283.571,2026-07-31 05:00:00+00:00,64333.93275,28,-0.3917155597967792,0.4,-0.7917155597967792,-0.07834311195935584,sl,False
ema_pullback,-1,2026-07-31 05:07:00+00:00,64331.06625,2026-07-31 05:13:00+00:00,64388.93825,6,-0.4497982341462592,0.4,-0.8497982341462592,-0.08995964682925184,sl,False
ema_pullback,-1,2026-07-31 05:16:00+00:00,64364.66289,2026-07-31 05:20:00+00:00,64399.83934,4,-0.2732590245995148,0.4,-0.6732590245995148,-0.05465180491990296,sl,False
ema_pullback,-1,2026-07-31 05:22:00+00:00,64348.76448,2026-07-31 05:26:00+00:00,64320.03136,4,0.1116304261324641,0.2,-0.08836957386753591,0.04465217045298564,tp1_partial,True
ema_pullback,-1,2026-07-31 05:22:00+00:00,64348.76448,2026-07-31 05:36:00+00:00,64278.52721,14,0.27287730606634364,0.2,0.07287730606634363,0.10915092242653746,tp2,False
ema_pullback,-1,2026-07-31 05:42:00+00:00,64276.87167,2026-07-31 05:42:00+00:00,64306.43,0,-0.2299297494731123,0.4,-0.6299297494731123,-0.04598594989462246,sl,False
ema_pullback,-1,2026-07-31 05:45:00+00:00,64253.87397,2026-07-31 05:52:00+00:00,64305.32989,7,-0.4004110322127774,0.4,-0.8004110322127774,-0.08008220644255548,sl,False
ema_pullback,-1,2026-07-31 06:01:00+00:00,64303.86897,2026-07-31 06:06:00+00:00,64340.83344,5,-0.28742026406869403,0.4,-0.687420264068694,-0.057484052813738806,sl,False
ema_pullback,-1,2026-07-31 06:17:00+00:00,64337.365620000004,2026-07-31 06:17:00+00:00,64340.833439999995,0,-0.01347513986066362,0.2,-0.21347513986066363,-0.005390055944265448,tp1_partial,True
ema_pullback,-1,2026-07-31 06:17:00+00:00,64337.365620000004,2026-07-31 06:19:00+00:00,64359.4353,2,-0.08575763006191117,0.2,-0.2857576300619112,-0.03430305202476447,sl,False
ema_pullback,-1,2026-07-31 06:22:00+00:00,64340.86527,2026-07-31 06:27:00+00:00,64339.4333,5,0.0055639988442712784,0.2,-0.19443600115572873,0.0022255995377085114,tp1_partial,True
ema_pullback,-1,2026-07-31 06:22:00+00:00,64340.86527,2026-07-31 06:28:00+00:00,64368.23618,6,-0.10635118864638082,0.2,-0.30635118864638083,-0.04254047545855233,sl,False
ema_pullback,1,2026-07-31 06:30:00+00:00,64438.74323,2026-07-31 06:37:00+00:00,64345.464810000005,7,-0.7237759096810348,0.4,-1.1237759096810347,-0.14475518193620696,sl,False
ema_pullback,-1,2026-07-31 06:51:00+00:00,64223.37702000001,2026-07-31 06:51:00+00:00,64224.121770000005,0,-0.0028990611929402554,0.2,-0.20289906119294027,-0.0011596244771761022,tp1_partial,True
ema_pullback,-1,2026-07-31 06:51:00+00:00,64223.37702000001,2026-07-31 06:53:00+00:00,64248.32419,2,-0.09711093980707686,0.2,-0.29711093980707687,-0.03884437592283074,sl,False
ema_pullback,-1,2026-07-31 06:55:00+00:00,64208.5785,2026-07-31 06:58:00+00:00,64248.32419,3,-0.3095045158179044,0.4,-0.7095045158179044,-0.06190090316358088,sl,False
ema_pullback,-1,2026-07-31 07:00:00+00:00,64201.97916,2026-07-31 07:02:00+00:00,64184.21778,2,0.0691621202040249,0.2,-0.1308378797959751,0.02766484808160996,tp1_partial,True
ema_pullback,-1,2026-07-31 07:00:00+00:00,64201.97916,2026-07-31 07:03:00+00:00,64153.51471,3,0.18871867594308367,0.2,-0.011281324056916342,0.07548747037723347,tp2,False
ema_pullback,-1,2026-07-31 07:10:00+00:00,64092.49011,2026-07-31 07:11:00+00:00,64080.10737,1,0.048300276595386604,0.2,-0.1516997234046134,0.01932011063815464,tp1_partial,True
ema_pullback,-1,2026-07-31 07:10:00+00:00,64092.49011,2026-07-31 07:12:00+00:00,64054.80484,2,0.14699565399675651,0.2,-0.0530043460032435,0.058798261598702606,tp2,False
ema_pullback,-1,2026-07-31 07:21:00+00:00,64016.69769,2026-07-31 07:22:00+00:00,63991.298489999994,1,0.09918974625575117,0.2,-0.10081025374424885,0.039675898502300466,tp1_partial,True
ema_pullback,-1,2026-07-31 07:21:00+00:00,64016.69769,2026-07-31 07:30:00+00:00,63953.09466999999,9,0.2483844930115109,0.2,0.048384493011510876,0.09935379720460435,tp2,False
ema_pullback,-1,2026-07-31 07:33:00+00:00,63959.503410000005,2026-07-31 07:34:00+00:00,63987.3981,1,-0.21806524842116204,0.4,-0.6180652484211621,-0.04361304968423241,sl,False
ema_pullback,-1,2026-07-31 07:35:00+00:00,63955.30383,2026-07-31 07:37:00+00:00,63926.99206,2,0.11067014111626472,0.2,-0.08932985888373529,0.04426805644650589,tp1_partial,True
ema_pullback,-1,2026-07-31 07:35:00+00:00,63955.30383,2026-07-31 07:43:00+00:00,63885.98796,8,0.27095434564836096,0.2,0.07095434564836095,0.10838173825934438,tp2,False
ema_pullback,-1,2026-07-31 07:51:00+00:00,63918.807479999996,2026-07-31 07:52:00+00:00,63953.99476,1,-0.27524981603432863,0.4,-0.6752498160343287,-0.055049963206865726,sl,False
ema_pullback,-1,2026-07-31 07:58:00+00:00,63929.20644,2026-07-31 07:58:00+00:00,63930.19237999999,0,-0.0038555929867123417,0.2,-0.20385559298671235,-0.0015422371946849367,tp1_partial,True
ema_pullback,-1,2026-07-31 07:58:00+00:00,63929.20644,2026-07-31 07:59:00+00:00,63918.39119999999,1,0.04229381452655612,0.2,-0.1577061854734439,0.016917525810622447,tp2,False
ema_pullback,-1,2026-07-31 08:02:00+00:00,63897.10965,2026-07-31 08:02:00+00:00,63885.487909999996,0,0.04547052309430977,0.2,-0.15452947690569024,0.018188209237723907,tp1_partial,True
ema_pullback,-1,2026-07-31 08:02:00+00:00,63897.10965,2026-07-31 08:08:00+00:00,63861.08547,6,0.1409460466886836,0.2,-0.05905395331131641,0.05637841867547344,tp2,False
ema_pullback,-1,2026-07-31 08:16:00+00:00,63880.51131,2026-07-31 08:27:00+00:00,63955.49491,11,-0.5869051332112463,0.4,-0.9869051332112463,-0.11738102664224925,sl,False
ema_pullback,-1,2026-07-31 08:34:00+00:00,63891.51021,2026-07-31 08:34:00+00:00,63916.09097,0,-0.19236327267269093,0.4,-0.592363272672691,-0.038472654534538187,sl,False
ema_pullback,-1,2026-07-31 08:36:00+00:00,63894.50991,2026-07-31 08:37:00+00:00,63891.48851,1,0.01182182946646293,0.2,-0.18817817053353708,0.004728731786585172,tp1_partial,True
ema_pullback,-1,2026-07-31 08:36:00+00:00,63894.50991,2026-07-31 08:38:00+00:00,63875.786940000005,2,0.07325735038254955,0.2,-0.12674264961745046,0.02930294015301982,tp2,False
ema_pullback,-1,2026-07-31 08:51:00+00:00,63841.21524,2026-07-31 08:51:00+00:00,63849.28429,0,-0.03159812187814026,0.2,-0.23159812187814027,-0.012639248751256105,tp1_partial,True
ema_pullback,-1,2026-07-31 08:51:00+00:00,63841.21524,2026-07-31 08:52:00+00:00,63844.68383,1,-0.013582878971518664,0.2,-0.21358287897151867,-0.0054331515886074655,tp2,False
ema_pullback,-1,2026-07-31 08:58:00+00:00,63802.419120000006,2026-07-31 09:00:00+00:00,63793.57872,2,0.03463975238690575,0.2,-0.16536024761309426,0.013855900954762301,tp1_partial,True
ema_pullback,-1,2026-07-31 08:58:00+00:00,63802.419120000006,2026-07-31 09:06:00+00:00,63772.07657,8,0.11889263141787176,0.2,-0.08110736858212825,0.047557052567148705,tp2,False
ema_pullback,-1,2026-07-31 09:12:00+00:00,63760.02336,2026-07-31 09:12:00+00:00,63745.273890000004,0,0.057831965951132824,0.2,-0.1421680340488672,0.02313278638045313,tp1_partial,True
ema_pullback,-1,2026-07-31 09:12:00+00:00,63760.02336,2026-07-31 09:16:00+00:00,63717.771140000004,4,0.16566893240232972,0.2,-0.034331067597670295,0.06626757296093189,tp2,False
ema_pullback,-1,2026-07-31 09:32:00+00:00,63615.53781,2026-07-31 09:36:00+00:00,63678.467209999995,4,-0.49460715232763075,0.4,-0.8946071523276308,-0.09892143046552615,sl,False
ema_pullback,-1,2026-07-31 09:39:00+00:00,63647.23464,2026-07-31 09:50:00+00:00,63710.470409999994,11,-0.4967676157311418,0.4,-0.8967676157311418,-0.09935352314622836,sl,False
ema_pullback,-1,2026-07-31 09:55:00+00:00,63674.73189,2026-07-31 10:00:00+00:00,63669.3663,5,0.02106640201199328,0.2,-0.17893359798800673,0.008426560804797312,tp1_partial,True
ema_pullback,-1,2026-07-31 09:55:00+00:00,63674.73189,2026-07-31 10:02:00+00:00,63651.26449,7,0.09213780452402287,0.2,-0.10786219547597714,0.03685512180960915,tp2,False
ema_pullback,-1,2026-07-31 10:03:00+00:00,63633.636,2026-07-31 10:06:00+00:00,63592.85865,3,0.16020359892682245,0.2,-0.039796401073177556,0.06408143957072898,tp1_partial,True
ema_pullback,-1,2026-07-31 10:03:00+00:00,63633.636,2026-07-31 10:13:00+00:00,63699.86935,10,-0.2602135999269506,0.2,-0.4602135999269506,-0.10408543997078024,sl,False
ema_pullback,-1,2026-07-31 10:17:00+00:00,63665.13285,2026-07-31 10:18:00+00:00,63706.47001,1,-0.324645203343743,0.4,-0.724645203343743,-0.0649290406687486,sl,False
ema_pullback,-1,2026-07-31 10:48:00+00:00,63846.71469,2026-07-31 10:49:00+00:00,63848.58422,1,-0.007320384490694387,0.2,-0.2073203844906944,-0.002928153796277755,tp1_partial,True
ema_pullback,-1,2026-07-31 10:48:00+00:00,63846.71469,2026-07-31 10:50:00+00:00,63870.386399999996,2,-0.09268961650937824,0.2,-0.29268961650937825,-0.037075846603751295,sl,False
ema_pullback,-1,2026-07-31 11:00:00+00:00,63879.81138,2026-07-31 11:00:00+00:00,63901.18948,0,-0.16733064436302847,0.4,-0.5673306443630285,-0.033466128872605694,sl,False
ema_pullback,-1,2026-07-31 11:07:00+00:00,63927.10665,2026-07-31 11:11:00+00:00,63890.98846000001,4,0.14124755480385276,0.2,-0.05875244519614725,0.056499021921541104,tp1_partial,True
ema_pullback,-1,2026-07-31 11:07:00+00:00,63927.10665,2026-07-31 11:16:00+00:00,63842.18358000001,9,0.33210900058774917,0.2,0.13210900058774916,0.13284360023509967,tp2,False
ema_pullback,-1,2026-07-31 11:20:00+00:00,63877.81158,2026-07-31 11:20:00+00:00,63914.59082,0,-0.28788744550156675,0.4,-0.6878874455015668,-0.05757748910031335,sl,False
ema_pullback,-1,2026-07-31 11:29:00+00:00,63907.10865,2026-07-31 11:29:00+00:00,63905.189880000005,0,0.007506089856557097,0.2,-0.19249391014344291,0.0030024359426228386,tp1_partial,True
ema_pullback,-1,2026-07-31 11:29:00+00:00,63907.10865,2026-07-31 11:30:00+00:00,63890.58842,1,0.06462594830600188,0.2,-0.13537405169399813,0.02585037932240075,tp2,False
ema_pullback,-1,2026-07-31 11:37:00+00:00,63822.91707,2026-07-31 11:48:00+00:00,63802.67963,11,0.07927183889844258,0.2,-0.12072816110155743,0.03170873555937703,tp1_partial,True
ema_pullback,-1,2026-07-31 11:37:00+00:00,63822.91707,2026-07-31 11:58:00+00:00,63769.67633,21,0.20854867829689372,0.2,0.008548678296893708,0.08341947131875749,tp2,False
ema_pullback,-1,2026-07-31 12:01:00+00:00,63751.824179999996,2026-07-31 12:01:00+00:00,63799.179280000004,0,-0.3714019215066422,0.4,-0.7714019215066422,-0.07428038430132844,sl,False
ema_pullback,-1,2026-07-31 12:11:00+00:00,63700.22934,2026-07-31 12:12:00+00:00,63684.56782,1,0.06146571277007573,0.2,-0.13853428722992428,0.024586285108030292,tp1_partial,True
ema_pullback,-1,2026-07-31 12:11:00+00:00,63700.22934,2026-07-31 12:28:00+00:00,63741.3735,17,-0.1614757137701761,0.2,-0.3614757137701761,-0.06459028550807044,sl,False
ema_pullback,-1,2026-07-31 12:32:00+00:00,63654.23394,2026-07-31 12:35:00+00:00,63609.3603,3,0.17623980850314802,0.2,-0.02376019149685199,0.07049592340125921,tp1_partial,True
ema_pullback,-1,2026-07-31 12:32:00+00:00,63654.23394,2026-07-31 12:53:00+00:00,63724.57182,21,-0.2762498095032484,0.2,-0.4762498095032484,-0.11049992380129936,sl,False
ema_pullback,-1,2026-07-31 13:08:00+00:00,63723.627,2026-07-31 13:13:00+00:00,63709.07027,5,0.05710884127799187,0.2,-0.14289115872200814,0.02284353651119675,tp1_partial,True
ema_pullback,-1,2026-07-31 13:08:00+00:00,63723.627,2026-07-31 13:15:00+00:00,63763.67573,7,-0.15711884227809225,0.2,-0.35711884227809226,-0.0628475369112369,sl,False
ema_pullback,-1,2026-07-31 13:21:00+00:00,63724.72689,2026-07-31 13:21:00+00:00,63780.977459999995,0,-0.4413559127298683,0.4,-0.8413559127298683,-0.08827118254597366,sl,False
ema_pullback,-1,2026-07-31 13:29:00+00:00,63770.322329999995,2026-07-31 13:29:00+00:00,63801.77954,0,-0.24664458991774385,0.4,-0.6466445899177439,-0.04932891798354877,sl,False
ema_pullback,-1,2026-07-31 13:31:00+00:00,63681.13125,2026-07-31 13:31:00+00:00,63582.25759,0,0.38815916920445503,0.2,0.18815916920445502,0.155263667681782,tp1_partial,True
ema_pullback,-1,2026-07-31 13:31:00+00:00,63681.13125,2026-07-31 13:41:00+00:00,63470.64643,10,0.8263233389089464,0.2,0.6263233389089464,0.33052933556357855,tp2,False
ema_pullback,-1,2026-07-31 13:59:00+00:00,63212.6781,2026-07-31 14:00:00+00:00,63294.22879,1,-0.6450501106043394,0.4,-1.0450501106043393,-0.12901002212086787,sl,False
ema_pullback,-1,2026-07-31 14:02:00+00:00,63210.6783,2026-07-31 14:03:00+00:00,63148.71424,1,0.2450695897689703,0.2,0.0450695897689703,0.09802783590758812,tp1_partial,True
ema_pullback,-1,2026-07-31 14:02:00+00:00,63210.6783,2026-07-31 14:04:00+00:00,63074.206790000004,2,0.5397486376917948,0.2,0.3397486376917948,0.21589945507671793,tp2,False
ema_pullback,-1,2026-07-31 14:13:00+00:00,62761.82319,2026-07-31 14:13:00+00:00,62676.267,0,0.34079710264708907,0.2,0.14079710264708906,0.13631884105883563,tp1_partial,True
ema_pullback,-1,2026-07-31 14:13:00+00:00,62761.82319,2026-07-31 14:15:00+00:00,62578.15719,2,0.7315992057942144,0.2,0.5315992057942145,0.2926396823176858,tp2,False
ema_pullback,-1,2026-07-31 14:16:00+00:00,62605.33884,2026-07-31 14:34:00+00:00,62739.2733,18,-1.0696728304777636,0.4,-1.4696728304777635,-0.21393456609555273,sl,False
ema_pullback,-1,2026-07-31 14:39:00+00:00,62659.933379999995,2026-07-31 14:48:00+00:00,62755.57493,9,-0.7631794740348141,0.4,-1.163179474034814,-0.15263589480696282,sl,False
ema_pullback,-1,2026-07-31 14:53:00+00:00,62673.63201,2026-07-31 14:54:00+00:00,62606.76005,1,0.266746787506017,0.2,0.06674678750601698,0.1066987150024068,tp1_partial,True
ema_pullback,-1,2026-07-31 14:53:00+00:00,62673.63201,2026-07-31 15:23:00+00:00,62527.2521,30,0.5838975072349761,0.2,0.3838975072349761,0.23355900289399045,tp2,False
ema_pullback,-1,2026-07-31 15:48:00+00:00,62629.236450000004,2026-07-31 15:51:00+00:00,62738.273199999996,3,-0.8704940071163625,0.4,-1.2704940071163624,-0.1740988014232725,sl,False
ema_pullback,-1,2026-07-31 15:59:00+00:00,62697.22965,2026-07-31 16:00:00+00:00,62739.17329,1,-0.33449356721293455,0.4,-0.7344935672129346,-0.06689871344258691,sl,False
ema_pullback,-1,2026-07-31 16:16:00+00:00,62789.120460000006,2026-07-31 16:18:00+00:00,62856.284999999996,2,-0.534842178931072,0.4,-0.934842178931072,-0.1069684357862144,sl,False
ema_pullback,-1,2026-07-31 16:26:00+00:00,62834.415929999996,2026-07-31 16:27:00+00:00,62900.68944,1,-0.5273663248006599,0.4,-0.92736632480066,-0.10547326496013198,sl,False
ema_pullback,-1,2026-07-31 16:31:00+00:00,62868.11256,2026-07-31 16:32:00+00:00,62851.884560000006,1,0.06453191983657458,0.2,-0.13546808016342543,0.025812767934629832,tp1_partial,True
ema_pullback,-1,2026-07-31 16:31:00+00:00,62868.11256,2026-07-31 16:35:00+00:00,62823.08168000001,4,0.17906884017321323,0.2,-0.020931159826786783,0.07162753606928529,tp2,False
ema_pullback,-1,2026-07-31 16:42:00+00:00,62794.719900000004,2026-07-31 16:47:00+00:00,62852.884659999996,5,-0.46313416233578764,0.4,-0.8631341623357877,-0.09262683246715753,sl,False
ema_pullback,-1,2026-07-31 16:48:00+00:00,62795.81979,2026-07-31 16:51:00+00:00,62852.884659999996,3,-0.4543683814529631,0.4,-0.8543683814529631,-0.09087367629059262,sl,False
ema_pullback,-1,2026-07-31 16:53:00+00:00,62811.81819,2026-07-31 16:53:00+00:00,62850.88446,0,-0.31097865915796774,0.4,-0.7109786591579678,-0.06219573183159355,sl,False
ema_pullback,-1,2026-07-31 17:04:00+00:00,62822.7171,2026-07-31 17:04:00+00:00,62873.18669,0,-0.40168264228102046,0.4,-0.8016826422810205,-0.08033652845620409,sl,False
ema_pullback,-1,2026-07-31 17:06:00+00:00,62824.616910000004,2026-07-31 17:07:00+00:00,62810.48042000001,1,0.05625378512155721,0.2,-0.1437462148784428,0.022501514048622884,tp1_partial,True
ema_pullback,-1,2026-07-31 17:06:00+00:00,62824.616910000004,2026-07-31 17:11:00+00:00,62863.88576,5,-0.1562637861216576,0.2,-0.3562637861216576,-0.06250551444866304,sl,False
ema_pullback,-1,2026-07-31 17:23:00+00:00,62852.31414,2026-07-31 17:23:00+00:00,62907.190090000004,0,-0.43654677437787726,0.4,-0.8365467743778773,-0.08730935487557545,sl,False
ema_pullback,-1,2026-07-31 17:43:00+00:00,63003.699,2026-07-31 17:43:00+00:00,63035.70294,0,-0.2539846112845634,0.4,-0.6539846112845634,-0.05079692225691268,sl,False
ema_pullback,-1,2026-07-31 18:03:00+00:00,63201.879179999996,2026-07-31 18:03:00+00:00,63234.62283,0,-0.2590401616600069,0.4,-0.6590401616600069,-0.051808032332001375,sl,False
ema_pullback,-1,2026-07-31 18:06:00+00:00,63168.18255,2026-07-31 18:13:00+00:00,63129.3123,7,0.15383634778962096,0.2,-0.04616365221037905,0.061534539115848386,tp1_partial,True
ema_pullback,-1,2026-07-31 18:06:00+00:00,63168.18255,2026-07-31 18:26:00+00:00,63077.907159999995,20,0.3572818876360073,0.2,0.1572818876360073,0.14291275505440293,tp2,False
ema_pullback,-1,2026-07-31 18:35:00+00:00,63027.29664,2026-07-31 18:38:00+00:00,63011.70053999999,3,0.061862481938151914,0.2,-0.1381375180618481,0.024744992775260766,tp1_partial,True
ema_pullback,-1,2026-07-31 18:35:00+00:00,63027.29664,2026-07-31 18:39:00+00:00,62983.39770999999,4,0.17412665757646217,0.2,-0.025873342423537837,0.06965066303058487,tp2,False
ema_pullback,-1,2026-07-31 18:58:00+00:00,63074.091960000005,2026-07-31 19:00:00+00:00,63115.51091999999,2,-0.3283357612683391,0.4,-0.7283357612683391,-0.06566715225366782,sl,False
ema_pullback,-1,2026-07-31 19:03:00+00:00,63084.29094,2026-07-31 19:03:00+00:00,63076.006969999995,0,0.032828973253740124,0.2,-0.1671710267462599,0.01313158930149605,tp1_partial,True
ema_pullback,-1,2026-07-31 19:03:00+00:00,63084.29094,2026-07-31 19:04:00+00:00,63055.10487999999,1,0.11566294700754431,0.2,-0.0843370529924557,0.046265178803017726,tp2,False
ema_pullback,-1,2026-07-31 19:05:00+00:00,63010.79829,2026-07-31 19:34:00+00:00,62957.595129999994,29,0.2110874700997356,0.2,0.011087470099735597,0.08443498803989424,tp1_partial,True
ema_pullback,-1,2026-07-31 19:05:00+00:00,63010.79829,2026-07-31 21:01:00+00:00,62891.78854999999,116,0.4721799406995353,0.2,0.27217994069953527,0.1888719762798141,tp2,False
ema_pullback,-1,2026-07-31 21:03:00+00:00,62807.81859,2026-07-31 21:05:00+00:00,62905.88996,2,-0.7807258093152081,0.4,-1.180725809315208,-0.15614516186304161,sl,False
ema_pullback,-1,2026-07-31 21:27:00+00:00,62977.20165,2026-07-31 21:30:00+00:00,63009.90036,3,-0.2596075178262769,0.4,-0.6596075178262769,-0.05192150356525538,sl,False
ema_pullback,-1,2026-07-31 21:31:00+00:00,62977.601610000005,2026-07-31 21:45:00+00:00,63013.20069,14,-0.2826328654149668,0.4,-0.6826328654149668,-0.05652657308299336,sl,False
ema_pullback,-1,2026-07-31 21:51:00+00:00,62984.00097,2026-07-31 21:55:00+00:00,62965.99597,4,0.0714665618359589,0.2,-0.12853343816404111,0.02858662473438356,tp1_partial,True
ema_pullback,-1,2026-07-31 21:51:00+00:00,62984.00097,2026-07-31 21:56:00+00:00,62935.29290000001,5,0.19333509006197458,0.2,-0.006664909938025432,0.07733403602478983,tp2,False
ema_pullback,-1,2026-07-31 22:20:00+00:00,62959.80339,2026-07-31 22:20:00+00:00,62981.59753,0,-0.17307979716041366,0.4,-0.5730797971604137,-0.03461595943208273,sl,False
ema_pullback,-1,2026-07-31 22:25:00+00:00,62964.30294,2026-07-31 22:29:00+00:00,62992.69864,4,-0.22549046582043264,0.4,-0.6254904658204327,-0.04509809316408653,sl,False
ema_pullback,-1,2026-07-31 22:30:00+00:00,62952.90408,2026-07-31 22:35:00+00:00,62937.693139999996,5,0.06040602980234011,0.2,-0.1395939701976599,0.024162411920936044,tp1_partial,True
ema_pullback,-1,2026-07-31 22:30:00+00:00,62952.90408,2026-07-31 22:36:00+00:00,62909.89035999999,6,0.17081706010477204,0.2,-0.029182939895227966,0.06832682404190882,tp2,False
ema_pullback,-1,2026-07-31 22:44:00+00:00,62918.30754,2026-07-31 22:46:00+00:00,62938.2932,2,-0.15882229498376255,0.4,-0.5588222949837626,-0.03176445899675251,sl,False
ema_pullback,-1,2026-07-31 22:48:00+00:00,62919.90738,2026-07-31 22:48:00+00:00,62935.2929,0,-0.12226273560034251,0.4,-0.5222627356003425,-0.024452547120068502,sl,False
ema_pullback,-1,2026-07-31 22:50:00+00:00,62900.20935,2026-07-31 23:02:00+00:00,62938.2932,12,-0.30273229925270595,0.4,-0.702732299252706,-0.06054645985054119,sl,False
ema_pullback,-1,2026-07-31 23:12:00+00:00,62948.004570000005,2026-07-31 23:19:00+00:00,62986.998069999994,7,-0.309727848137209,0.4,-0.709727848137209,-0.0619455696274418,sl,False
ema_pullback,-1,2026-07-31 23:25:00+00:00,62947.60461,2026-07-31 23:43:00+00:00,62938.2932,18,0.03698079560648937,0.2,-0.16301920439351064,0.014792318242595748,tp1_partial,True
ema_pullback,-1,2026-07-31 23:25:00+00:00,62947.60461,2026-07-31 23:45:00+00:00,62916.291,20,0.12436378712904483,0.2,-0.07563621287095518,0.049745514851617934,tp2,False
ema_pullback,-1,2026-07-31 23:54:00+00:00,62868.61251,2026-07-31 23:54:00+00:00,62875.68694,0,-0.028131804240438818,0.2,-0.22813180424043883,-0.011252721696175527,tp1_partial,True
ema_pullback,-1,2026-07-31 23:54:00+00:00,62868.61251,2026-07-31 23:55:00+00:00,62870.08638,1,-0.005860913503408227,0.2,-0.20586091350340824,-0.002344365401363291,tp2,False
ema_pullback,-1,2026-08-01 00:15:00+00:00,62920.90728,2026-08-01 00:19:00+00:00,62915.29089999999,4,0.022315237664216614,0.2,-0.1776847623357834,0.008926095065686646,tp1_partial,True
ema_pullback,-1,2026-08-01 00:15:00+00:00,62920.90728,2026-08-01 00:22:00+00:00,62951.694540000004,7,-0.12232523866428924,0.2,-0.32232523866428925,-0.048930095465715695,sl,False
ema_pullback,-1,2026-08-01 00:30:00+00:00,62935.7058,2026-08-01 00:32:00+00:00,62919.39131,2,0.06480617716375647,0.2,-0.13519382283624354,0.02592247086550259,tp1_partial,True
ema_pullback,-1,2026-08-01 00:30:00+00:00,62935.7058,2026-08-01 00:41:00+00:00,62977.19709,11,-0.1648161781638291,0.2,-0.3648161781638291,-0.06592647126553164,sl,False
ema_pullback,-1,2026-08-01 00:51:00+00:00,62967.702600000004,2026-08-01 00:51:00+00:00,62966.69604,0,0.003996334463712836,0.2,-0.19600366553628717,0.0015985337854851345,tp1_partial,True
ema_pullback,-1,2026-08-01 00:51:00+00:00,62967.702600000004,2026-08-01 00:52:00+00:00,62953.09468,1,0.05799766942743423,0.2,-0.14200233057256578,0.02319906777097369,tp2,False
ema_pullback,-1,2026-08-01 01:02:00+00:00,62915.40783,2026-08-01 01:02:00+00:00,62934.992869999995,0,-0.15564581614824213,0.4,-0.5556458161482422,-0.031129163229648427,sl,False
ema_pullback,-1,2026-08-01 01:04:00+00:00,62916.10776,2026-08-01 01:04:00+00:00,62935.092880000004,0,-0.15087646610645322,0.4,-0.5508764661064532,-0.030175293221290644,sl,False
ema_pullback,-1,2026-08-01 01:09:00+00:00,62915.90778,2026-08-01 01:09:00+00:00,62934.09278,0,-0.1445182994385119,0.4,-0.5445182994385119,-0.028903659887702382,sl,False
ema_pullback,-1,2026-08-01 01:11:00+00:00,62918.907479999994,2026-08-01 01:11:00+00:00,62940.19339,0,-0.16915352516866378,0.4,-0.5691535251686638,-0.033830705033732755,sl,False
ema_pullback,-1,2026-08-01 01:20:00+00:00,62913.60801,2026-08-01 01:22:00+00:00,62954.19479,2,-0.32255962806604366,0.4,-0.7225596280660437,-0.06451192561320873,sl,False
ema_pullback,-1,2026-08-01 01:25:00+00:00,62905.608810000005,2026-08-01 02:01:00+00:00,62970.896459999996,36,-0.5189334562930581,0.4,-0.9189334562930581,-0.10378669125861162,sl,False
ema_pullback,-1,2026-08-01 02:10:00+00:00,62948.80449,2026-08-01 02:11:00+00:00,62964.99587,1,-0.12860752583920831,0.4,-0.5286075258392083,-0.025721505167841663,sl,False
ema_pullback,-1,2026-08-01 02:25:00+00:00,63019.39743,2026-08-01 02:28:00+00:00,63053.60473,3,-0.2714029441331922,0.4,-0.6714029441331922,-0.05428058882663844,sl,False
ema_pullback,-1,2026-08-01 02:40:00+00:00,63038.79549,2026-08-01 02:47:00+00:00,63059.405309999995,7,-0.16346933534971964,0.4,-0.5634693353497197,-0.03269386706994393,sl,False
ema_pullback,-1,2026-08-01 02:50:00+00:00,63026.79669,2026-08-01 03:11:00+00:00,62997.999169999996,21,0.11422728709206686,0.2,-0.08577271290793315,0.045690914836826746,tp1_partial,True
ema_pullback,-1,2026-08-01 02:50:00+00:00,63026.79669,2026-08-01 03:16:00+00:00,62956.59503,26,0.2784595746841423,0.2,0.07845957468414227,0.11138382987365691,tp2,False
ema_pullback,-1,2026-08-01 03:28:00+00:00,62995.79979,2026-08-01 03:28:00+00:00,62997.79915,0,-0.007934497246897543,0.2,-0.20793449724689755,-0.003173798898759017,tp1_partial,True
ema_pullback,-1,2026-08-01 03:28:00+00:00,62995.79979,2026-08-01 03:34:00+00:00,62987.19809,6,0.034136006006241226,0.2,-0.16586399399375878,0.01365440240249649,tp2,False
ema_pullback,-1,2026-08-01 03:35:00+00:00,62951.7042,2026-08-01 04:19:00+00:00,63006.3,44,-0.4336324226151822,0.4,-0.8336324226151822,-0.08672648452303644,sl,False
ema_pullback,-1,2026-08-01 04:35:00+00:00,63007.59861,2026-08-01 04:40:00+00:00,63026.40201,5,-0.14921533604528303,0.4,-0.549215336045283,-0.029843067209056606,sl,False
ema_pullback,-1,2026-08-01 05:03:00+00:00,63027.59661,2026-08-01 05:04:00+00:00,63076.407009999995,1,-0.38721451098655546,0.4,-0.7872145109865555,-0.07744290219731109,sl,False
ema_pullback,-1,2026-08-01 05:16:00+00:00,63072.89208,2026-08-01 05:16:00+00:00,63070.50642,0,0.009455964049387422,0.2,-0.1905440359506126,0.003782385619754969,tp1_partial,True
ema_pullback,-1,2026-08-01 05:16:00+00:00,63072.89208,2026-08-01 05:21:00+00:00,63055.50492,5,0.06891692859883891,0.2,-0.1310830714011611,0.027566771439535565,tp2,False
ema_pullback,-1,2026-08-01 05:28:00+00:00,63049.29444,2026-08-01 05:29:00+00:00,63068.70624,1,-0.1539414530520311,0.4,-0.5539414530520311,-0.03078829061040622,sl,False
ema_pullback,-1,2026-08-01 05:35:00+00:00,63052.19415,2026-08-01 05:39:00+00:00,63049.80435,4,0.009475483098653203,0.2,-0.1905245169013468,0.0037901932394612814,tp1_partial,True
ema_pullback,-1,2026-08-01 05:35:00+00:00,63052.19415,2026-08-01 05:40:00+00:00,63034.902859999995,5,0.06855943014003052,0.2,-0.1314405698599695,0.027423772056012208,tp2,False
ema_pullback,-1,2026-08-01 06:00:00+00:00,62993.50002000001,2026-08-01 06:00:00+00:00,63015.60093,0,-0.17542214667365386,0.4,-0.5754221466736539,-0.03508442933473077,sl,False
ema_pullback,-1,2026-08-01 06:02:00+00:00,62996.19975,2026-08-01 06:04:00+00:00,63017.50111999999,2,-0.16906869052835116,0.4,-0.5690686905283512,-0.03381373810567023,sl,False
ema_pullback,-1,2026-08-01 06:05:00+00:00,62962.80309,2026-08-01 06:20:00+00:00,63018.80125,15,-0.4446923997328822,0.4,-0.8446923997328822,-0.08893847994657644,sl,False
ema_pullback,-1,2026-08-01 06:30:00+00:00,63029.09646,2026-08-01 06:50:00+00:00,63052.70464,20,-0.18728001293011332,0.4,-0.5872800129301133,-0.03745600258602266,sl,False
ema_pullback,-1,2026-08-01 06:58:00+00:00,63040.29534,2026-08-01 07:00:00+00:00,63057.20509,2,-0.13411858168499435,0.4,-0.5341185816849944,-0.02682371633699887,sl,False
ema_pullback,-1,2026-08-01 07:18:00+00:00,63054.49392,2026-08-01 07:19:00+00:00,63046.304,1,0.03247159516653331,0.2,-0.1675284048334667,0.012988638066613323,tp1_partial,True
ema_pullback,-1,2026-08-01 07:18:00+00:00,63054.49392,2026-08-01 07:32:00+00:00,63025.40191,14,0.1153447129276508,0.2,-0.0846552870723492,0.04613788517106032,tp2,False
ema_pullback,-1,2026-08-01 07:41:00+00:00,62998.99947,2026-08-01 07:42:00+00:00,63020.00137,1,-0.16668439321798623,0.4,-0.5666843932179862,-0.033336878643597245,sl,False
ema_pullback,-1,2026-08-01 07:44:00+00:00,63007.99857,2026-08-01 07:48:00+00:00,63028.602230000004,4,-0.16350035287271414,0.4,-0.5635003528727142,-0.03270007057454283,sl,False
ema_pullback,-1,2026-08-01 07:58:00+00:00,63015.09786,2026-08-01 08:00:00+00:00,63031.602530000004,2,-0.13095806053231573,0.4,-0.5309580605323158,-0.026191612106463147,sl,False
ema_pullback,-1,2026-08-01 08:29:00+00:00,63055.6938,2026-08-01 08:31:00+00:00,63079.80735,2,-0.1912083473102344,0.4,-0.5912083473102344,-0.03824166946204688,sl,False
ema_pullback,-1,2026-08-01 08:38:00+00:00,63064.59291,2026-08-01 08:45:00+00:00,63068.00617,7,-0.01353080961319364,0.2,-0.21353080961319365,-0.005412323845277456,tp1_partial,True
ema_pullback,-1,2026-08-01 08:38:00+00:00,63064.59291,2026-08-01 08:49:00+00:00,63086.40801,11,-0.08647919138687898,0.2,-0.286479191386879,-0.034591676554751594,sl,False
ema_pullback,-1,2026-08-01 09:00:00+00:00,63091.090260000004,2026-08-01 09:19:00+00:00,63077.70714,19,0.05303094281955412,0.2,-0.1469690571804459,0.021212377127821647,tp1_partial,True
ema_pullback,-1,2026-08-01 09:00:00+00:00,63091.090260000004,2026-08-01 09:49:00+00:00,63051.70454,49,0.15606688613914454,0.2,-0.043933113860855466,0.06242675445565782,tp2,False
ema_pullback,-1,2026-08-01 09:59:00+00:00,63020.89728,2026-08-01 10:00:00+00:00,63045.203890000004,1,-0.19284563572630198,0.4,-0.592845635726302,-0.038569127145260396,sl,False
ema_pullback,-1,2026-08-01 10:02:00+00:00,63012.498120000004,2026-08-01 10:03:00+00:00,62999.29929999999,1,0.05236588134815978,0.2,-0.14763411865184023,0.020946352539263913,tp1_partial,True
ema_pullback,-1,2026-08-01 10:02:00+00:00,63012.498120000004,2026-08-01 10:04:00+00:00,62973.59672999999,2,0.15433997683256262,0.2,-0.04566002316743739,0.06173599073302505,tp2,False
ema_pullback,-1,2026-08-01 10:15:00+00:00,62974.40193,2026-08-01 10:15:00+00:00,62982.297600000005,0,-0.031344759767570896,0.2,-0.2313447597675709,-0.012537903907028358,tp1_partial,True
ema_pullback,-1,2026-08-01 10:15:00+00:00,62974.40193,2026-08-01 10:16:00+00:00,62991.89856,1,-0.06945929402968343,0.2,-0.26945929402968344,-0.02778371761187337,sl,False
ema_pullback,-1,2026-08-01 10:25:00+00:00,63006.6987,2026-08-01 10:43:00+00:00,63044.60383,18,-0.3008023811919003,0.4,-0.7008023811919003,-0.060160476238380056,sl,False
ema_pullback,-1,2026-08-01 10:48:00+00:00,63003.49902,2026-08-01 10:49:00+00:00,63036.403009999995,1,-0.26112827471336253,0.4,-0.6611282747133626,-0.052225654942672506,sl,False
ema_pullback,-1,2026-08-01 10:58:00+00:00,63016.697700000004,2026-08-01 10:59:00+00:00,63031.80255,1,-0.1198479970491162,0.4,-0.5198479970491162,-0.02396959940982324,sl,False
ema_pullback,-1,2026-08-01 11:01:00+00:00,63015.497820000004,2026-08-01 11:03:00+00:00,63020.70144000001,2,-0.02064420729830374,0.2,-0.22064420729830375,-0.008257682919321496,tp1_partial,True
ema_pullback,-1,2026-08-01 11:01:00+00:00,63015.497820000004,2026-08-01 11:14:00+00:00,63035.50292,13,-0.0793657937018244,0.2,-0.2793657937018244,-0.03174631748072976,sl,False
ema_pullback,-1,2026-08-01 11:17:00+00:00,63011.19825,2026-08-01 11:20:00+00:00,63033.402709999995,3,-0.17619455443373955,0.4,-0.5761945544337396,-0.03523891088674791,sl,False
ema_pullback,-1,2026-08-01 11:35:00+00:00,63038.195550000004,2026-08-01 11:39:00+00:00,63056.305,4,-0.1436387085796964,0.4,-0.5436387085796964,-0.02872774171593928,sl,False
ema_pullback,-1,2026-08-01 11:41:00+00:00,63035.99577,2026-08-01 12:00:00+00:00,63056.305,19,-0.16109232313943345,0.4,-0.5610923231394335,-0.03221846462788669,sl,False
ema_pullback,-1,2026-08-01 12:10:00+00:00,63070.99227,2026-08-01 12:13:00+00:00,63089.20829,3,-0.1444088585289549,0.4,-0.5444088585289549,-0.028881771705790982,sl,False
ema_pullback,-1,2026-08-01 12:15:00+00:00,63064.492920000004,2026-08-01 13:42:00+00:00,63055.90495999999,87,0.034044355240070434,0.2,-0.16595564475992958,0.013617742096028174,tp1_partial,True
ema_pullback,-1,2026-08-01 12:15:00+00:00,63064.492920000004,2026-08-01 13:49:00+00:00,63034.802849999985,94,0.11769725175497792,0.2,-0.0823027482450221,0.047078900701991166,tp2,False
ema_pullback,-1,2026-08-01 13:57:00+00:00,63031.896179999996,2026-08-01 13:58:00+00:00,63044.303799999994,1,-0.04921167199445353,0.2,-0.24921167199445354,-0.019684668797781413,tp1_partial,True
ema_pullback,-1,2026-08-01 13:57:00+00:00,63031.896179999996,2026-08-01 13:59:00+00:00,63044.10377999999,2,-0.04841834348889851,0.2,-0.24841834348889852,-0.019367337395559403,tp2,False
ema_pullback,-1,2026-08-01 14:00:00+00:00,63030.29634,2026-08-01 14:00:00+00:00,63044.3038,0,-0.11111688198672809,0.4,-0.5111168819867281,-0.022223376397345618,sl,False
ema_pullback,-1,2026-08-01 14:02:00+00:00,63031.59621,2026-08-01 14:02:00+00:00,63047.3041,0,-0.12460330171293332,0.4,-0.5246033017129333,-0.024920660342586665,sl,False
ema_pullback,-1,2026-08-01 14:12:00+00:00,63045.894779999995,2026-08-01 14:17:00+00:00,63069.50631999999,5,-0.18725676019348825,0.4,-0.5872567601934883,-0.03745135203869765,sl,False
ema_pullback,-1,2026-08-01 14:32:00+00:00,63075.49182,2026-08-01 14:41:00+00:00,63076.106980000004,9,-0.00243818947048835,0.2,-0.20243818947048836,-0.00097527578819534,tp1_partial,True
ema_pullback,-1,2026-08-01 14:32:00+00:00,63075.49182,2026-08-01 14:42:00+00:00,63064.00577,10,0.045525011651031955,0.2,-0.15447498834896806,0.018210004660412782,tp2,False
ema_pullback,-1,2026-08-01 14:48:00+00:00,63060.6933,2026-08-01 14:54:00+00:00,63069.10627999999,6,-0.033352709745693154,0.2,-0.23335270974569317,-0.013341083898277262,tp1_partial,True
ema_pullback,-1,2026-08-01 14:48:00+00:00,63060.6933,2026-08-01 14:55:00+00:00,63064.80584999999,7,-0.016303935878203557,0.2,-0.21630393587820357,-0.006521574351281423,tp2,False
ema_pullback,-1,2026-08-01 15:03:00+00:00,63076.19175,2026-08-01 15:16:00+00:00,63074.3068,13,0.0074709250340865285,0.2,-0.19252907496591348,0.0029883700136346114,tp1_partial,True
ema_pullback,-1,2026-08-01 15:03:00+00:00,63076.19175,2026-08-01 15:19:00+00:00,63059.80535,16,0.06494685056820937,0.2,-0.13505314943179064,0.025978740227283748,tp2,False
ema_pullback,-1,2026-08-01 15:36:00+00:00,63018.79749,2026-08-01 15:40:00+00:00,63038.70324,4,-0.15793501933425436,0.4,-0.5579350193342544,-0.03158700386685087,sl,False
ema_pullback,-1,2026-08-01 15:42:00+00:00,63022.19715,2026-08-01 15:48:00+00:00,63030.00237,6,-0.03096218615411539,0.2,-0.2309621861541154,-0.012384874461646156,tp1_partial,True
ema_pullback,-1,2026-08-01 15:42:00+00:00,63022.19715,2026-08-01 15:49:00+00:00,63025.301900000006,7,-0.012316097107112345,0.2,-0.21231609710711236,-0.004926438842844938,tp2,False
ema_pullback,-1,2026-08-01 16:15:00+00:00,62915.40783,2026-08-01 16:16:00+00:00,62950.2944,1,-0.2772498121149658,0.4,-0.6772498121149658,-0.05544996242299316,sl,False
ema_pullback,-1,2026-08-01 16:18:00+00:00,62907.7086,2026-08-01 16:26:00+00:00,62943.59373,8,-0.28522045070966673,0.4,-0.6852204507096668,-0.057044090141933346,sl,False
ema_pullback,-1,2026-08-01 16:29:00+00:00,62914.507920000004,2026-08-01 16:31:00+00:00,62945.59393,2,-0.2470496156429247,0.4,-0.6470496156429247,-0.04940992312858494,sl,False
ema_pullback,-1,2026-08-01 16:33:00+00:00,62912.10816,2026-08-01 16:35:00+00:00,62949.89436,2,-0.3003094404648854,0.4,-0.7003094404648854,-0.06006188809297708,sl,False
ema_pullback,-1,2026-08-01 16:41:00+00:00,62948.30454,2026-08-01 16:42:00+00:00,62946.79405,1,0.005998930436013072,0.2,-0.19400106956398694,0.002399572174405229,tp1_partial,True
ema_pullback,-1,2026-08-01 16:41:00+00:00,62948.30454,2026-08-01 16:49:00+00:00,62932.69264,8,0.0620028613720347,0.2,-0.1379971386279653,0.02480114454881388,tp2,False
ema_pullback,-1,2026-08-01 16:50:00+00:00,62918.20755,2026-08-01 16:53:00+00:00,62915.2909,3,0.011589053922428372,0.2,-0.18841094607757164,0.004635621568971349,tp1_partial,True
ema_pullback,-1,2026-08-01 16:50:00+00:00,62918.20755,2026-08-01 16:54:00+00:00,62899.88936,4,0.07278572734864541,0.2,-0.1272142726513546,0.029114290939458165,tp2,False
ema_pullback,-1,2026-08-01 17:11:00+00:00,62909.30844,2026-08-01 17:14:00+00:00,62890.2884,3,0.07558515771216578,0.2,-0.12441484228783423,0.030234063084866314,tp1_partial,True
ema_pullback,-1,2026-08-01 17:11:00+00:00,62909.30844,2026-08-01 17:15:00+00:00,62858.68524,4,0.20117531592436788,0.2,0.0011753159243678701,0.08047012636974715,tp2,False
ema_pullback,-1,2026-08-01 17:26:00+00:00,62798.51952,2026-08-01 17:34:00+00:00,62759.875360000005,8,0.1538418433084665,0.2,-0.0461581566915335,0.0615367373233866,tp1_partial,True
ema_pullback,-1,2026-08-01 17:26:00+00:00,62798.51952,2026-08-01 17:50:00+00:00,62708.57023000001,24,0.35808682548377213,0.2,0.15808682548377212,0.14323473019350885,tp2,False
ema_pullback,-1,2026-08-01 17:51:00+00:00,62652.83409,2026-08-01 18:20:00+00:00,62551.75455,29,0.4033318742405201,0.2,0.20333187424052007,0.16133274969620803,tp1_partial,True
ema_pullback,-1,2026-08-01 17:51:00+00:00,62652.83409,2026-08-01 18:30:00+00:00,62438.14319,39,0.8566687489810765,0.2,0.6566687489810765,0.3426674995924306,tp2,False
ema_pullback,-1,2026-08-01 18:31:00+00:00,62445.454829999995,2026-08-01 18:31:00+00:00,62364.33581,0,0.3247595049985508,0.2,0.12475950499855076,0.1299038019994203,tp1_partial,True
ema_pullback,-1,2026-08-01 18:31:00+00:00,62445.454829999995,2026-08-01 18:32:00+00:00,62270.82646,1,0.6991236210681928,0.2,0.4991236210681928,0.2796494484272771,tp2,False
ema_pullback,-1,2026-08-01 18:38:00+00:00,62381.26125,2026-08-01 18:45:00+00:00,62331.33251,7,0.20009510468180225,0.2,9.51046818022383e-05,0.0800380418727209,tp1_partial,True
ema_pullback,-1,2026-08-01 18:38:00+00:00,62381.26125,2026-08-01 18:46:00+00:00,62268.826259999994,8,0.45059601131425264,0.2,0.25059601131425263,0.18023840452570106,tp2,False
ema_pullback,-1,2026-08-01 18:50:00+00:00,62331.7662,2026-08-01 18:53:00+00:00,62411.340509999995,3,-0.6383126522090388,0.4,-1.0383126522090387,-0.12766253044180775,sl,False
ema_pullback,-1,2026-08-01 19:12:00+00:00,62529.84639,2026-08-01 19:15:00+00:00,62508.85025999999,3,0.08394443298745391,0.2,-0.1160555670125461,0.033577773194981564,tp1_partial,True
ema_pullback,-1,2026-08-01 19:12:00+00:00,62529.84639,2026-08-01 19:18:00+00:00,62576.05698,6,-0.18475413209789737,0.2,-0.3847541320978974,-0.07390165283915895,sl,False
ema_pullback,-1,2026-08-01 19:21:00+00:00,62527.04667,2026-08-01 19:21:00+00:00,62515.45092,0,0.046362936591271,0.2,-0.153637063408729,0.0185451746365084,tp1_partial,True
ema_pullback,-1,2026-08-01 19:21:00+00:00,62527.04667,2026-08-01 19:22:00+00:00,62491.34851,1,0.1427308736825783,0.2,-0.057269126317421704,0.05709234947303132,tp2,False
ema_pullback,-1,2026-08-01 19:33:00+00:00,62508.448529999994,2026-08-01 19:33:00+00:00,62509.450319999996,0,-0.004006618399443607,0.2,-0.20400661839944362,-0.0016026473597774427,tp1_partial,True
ema_pullback,-1,2026-08-01 19:33:00+00:00,62508.448529999994,2026-08-01 19:34:00+00:00,62497.94917,1,0.041991763701176854,0.2,-0.15800823629882316,0.01679670548047074,tp2,False
ema_pullback,-1,2026-08-01 19:37:00+00:00,62474.15196,2026-08-01 19:37:00+00:00,62463.74575000001,0,0.04164206185086616,0.2,-0.15835793814913385,0.016656824740346465,tp1_partial,True
ema_pullback,-1,2026-08-01 19:37:00+00:00,62474.15196,2026-08-01 19:38:00+00:00,62440.94347000001,1,0.1328889186893445,0.2,-0.06711108131065552,0.0531555674757378,tp2,False
ema_pullback,-1,2026-08-01 19:44:00+00:00,62430.856289999996,2026-08-01 19:45:00+00:00,62462.945669999994,1,-0.2569993582255403,0.4,-0.6569993582255403,-0.051399871645108064,sl,False
ema_pullback,-1,2026-08-01 19:53:00+00:00,62473.85199,2026-08-01 19:53:00+00:00,62500.84946,0,-0.2160701568739709,0.4,-0.6160701568739709,-0.04321403137479418,sl,False
ema_pullback,-1,2026-08-01 20:01:00+00:00,62450.7543,2026-08-01 20:03:00+00:00,62508.35021,2,-0.4611306192021658,0.4,-0.8611306192021658,-0.09222612384043316,sl,False
ema_pullback,-1,2026-08-01 20:09:00+00:00,62499.14946,2026-08-01 20:16:00+00:00,62544.35381,7,-0.36163972142477796,0.4,-0.761639721424778,-0.07232794428495559,sl,False
ema_pullback,-1,2026-08-01 20:27:00+00:00,62556.24375,2026-08-01 20:27:00+00:00,62578.95727,0,-0.18154478784537798,0.4,-0.581544787845378,-0.036308957569075595,sl,False
ema_pullback,-1,2026-08-01 20:32:00+00:00,62543.84499,2026-08-01 20:35:00+00:00,62590.75845,3,-0.3750445787871204,0.4,-0.7750445787871204,-0.07500891575742408,sl,False
ema_pullback,-1,2026-08-01 20:38:00+00:00,62567.54262,2026-08-01 20:38:00+00:00,62559.65533999999,0,0.03151506224205458,0.2,-0.16848493775794543,0.012606024896821832,tp1_partial,True
ema_pullback,-1,2026-08-01 20:38:00+00:00,62567.54262,2026-08-01 20:49:00+00:00,62600.2594,11,-0.13072584694073797,0.2,-0.330725846940738,-0.05229033877629519,sl,False
ema_pullback,-1,2026-08-01 21:14:00+00:00,62689.030470000005,2026-08-01 21:15:00+00:00,62736.17299,1,-0.3760029437890333,0.4,-0.7760029437890333,-0.07520058875780666,sl,False
ema_pullback,-1,2026-08-01 21:21:00+00:00,62725.52682000001,2026-08-01 21:29:00+00:00,62761.17549,8,-0.28416397443975505,0.4,-0.6841639744397551,-0.05683279488795101,sl,False
ema_pullback,-1,2026-08-01 21:37:00+00:00,62749.624410000004,2026-08-01 21:47:00+00:00,62796.17899,10,-0.3709550490359481,0.4,-0.7709550490359481,-0.07419100980718962,sl,False
ema_pullback,-1,2026-08-01 21:54:00+00:00,62767.7226,2026-08-01 22:00:00+00:00,62809.2803,6,-0.3310435545418322,0.4,-0.7310435545418322,-0.06620871090836644,sl,False
ema_pullback,-1,2026-08-01 22:02:00+00:00,62774.921879999994,2026-08-01 22:03:00+00:00,62772.37660999999,1,0.01013649210454548,0.2,-0.18986350789545453,0.004054596841818192,tp1_partial,True
ema_pullback,-1,2026-08-01 22:02:00+00:00,62774.921879999994,2026-08-01 22:04:00+00:00,62802.57963,2,-0.11014649310464586,0.2,-0.31014649310464587,-0.044058597241858344,sl,False
ema_pullback,-1,2026-08-01 22:17:00+00:00,62807.21865,2026-08-01 22:22:00+00:00,62810.08038,5,-0.011390927912080517,0.2,-0.21139092791208053,-0.004556371164832207,tp1_partial,True
ema_pullback,-1,2026-08-01 22:17:00+00:00,62807.21865,2026-08-01 22:27:00+00:00,62829.482319999996,10,-0.0886190730879921,0.2,-0.2886190730879921,-0.03544762923519684,sl,False
ema_pullback,-1,2026-08-01 22:36:00+00:00,62800.719300000004,2026-08-01 22:48:00+00:00,62833.18269,12,-0.25846352049663235,0.4,-0.6584635204966324,-0.05169270409932647,sl,False
ema_pullback,-1,2026-08-01 22:50:00+00:00,62809.118460000005,2026-08-01 22:59:00+00:00,62809.680340000006,9,-0.0022364587092260635,0.2,-0.20223645870922607,-0.0008945834836904254,tp1_partial,True
ema_pullback,-1,2026-08-01 22:50:00+00:00,62809.118460000005,2026-08-01 23:00:00+00:00,62833.48272,10,-0.09697739992764465,0.2,-0.29697739992764466,-0.03879095997105786,sl,False
ema_pullback,-1,2026-08-01 23:05:00+00:00,62807.91858,2026-08-01 23:06:00+00:00,62816.281,1,-0.03328569147437177,0.2,-0.23328569147437178,-0.013314276589748708,tp1_partial,True
ema_pullback,-1,2026-08-01 23:05:00+00:00,62807.91858,2026-08-01 23:07:00+00:00,62812.18059,2,-0.016964461235002837,0.2,-0.21696446123500285,-0.006785784494001135,tp2,False
ema_pullback,-1,2026-08-01 23:12:00+00:00,62782.62111,2026-08-01 23:13:00+00:00,62778.87726000001,1,0.01490798701056506,0.2,-0.18509201298943495,0.005963194804226024,tp1_partial,True
ema_pullback,-1,2026-08-01 23:12:00+00:00,62782.62111,2026-08-01 23:16:00+00:00,62762.57563000001,4,0.0798209745212497,0.2,-0.12017902547875031,0.03192838980849988,tp2,False
ema_pullback,-1,2026-08-01 23:27:00+00:00,62742.22515,2026-08-01 23:31:00+00:00,62766.17599,4,-0.19086699541448482,0.4,-0.5908669954144848,-0.038173399082896964,sl,False
ema_pullback,-1,2026-08-01 23:33:00+00:00,62744.92488,2026-08-01 23:35:00+00:00,62764.37581,2,-0.15500002619495135,0.4,-0.5550000261949514,-0.03100000523899027,sl,False
ema_pullback,-1,2026-08-01 23:44:00+00:00,62763.82299,2026-08-01 23:44:00+00:00,62792.878659999995,0,-0.2314682934835277,0.4,-0.6314682934835277,-0.04629365869670554,sl,False
ema_pullback,-1,2026-08-01 23:50:00+00:00,62784.7209,2026-08-02 00:00:00+00:00,62816.48102,10,-0.2529287344494868,0.4,-0.6529287344494868,-0.050585746889897365,sl,False
ema_pullback,-1,2026-08-02 00:15:00+00:00,62889.7104,2026-08-02 00:27:00+00:00,62863.085680000004,12,0.10583893545804135,0.2,-0.09416106454195866,0.04233557418321654,tp1_partial,True
ema_pullback,-1,2026-08-02 00:15:00+00:00,62889.7104,2026-08-02 00:49:00+00:00,62823.881760000004,34,0.261682871416119,0.2,0.061682871416119,0.1046731485664476,tp2,False
ema_pullback,-1,2026-08-02 00:50:00+00:00,62807.41863,2026-08-02 00:52:00+00:00,62803.57973,2,0.01528044012849561,0.2,-0.1847195598715044,0.006112176051398244,tp1_partial,True
ema_pullback,-1,2026-08-02 00:50:00+00:00,62807.41863,2026-08-02 01:02:00+00:00,62836.38301,12,-0.11529044112856823,0.2,-0.31529044112856824,-0.04611617645142729,sl,False
ema_pullback,-1,2026-08-02 01:22:00+00:00,62940.60531,2026-08-02 01:34:00+00:00,62982.99767,12,-0.33676479429456396,0.4,-0.736764794294564,-0.06735295885891279,sl,False
ema_pullback,-1,2026-08-02 01:46:00+00:00,62976.60171,2026-08-02 01:49:00+00:00,62978.797249999996,3,-0.008715697339900519,0.2,-0.20871569733990053,-0.0034862789359602075,tp1_partial,True
ema_pullback,-1,2026-08-02 01:46:00+00:00,62976.60171,2026-08-02 01:51:00+00:00,62968.39621,5,0.03257360582026303,0.2,-0.16742639417973698,0.013029442328105212,tp2,False
ema_pullback,-1,2026-08-02 01:55:00+00:00,62956.00377,2026-08-02 01:56:00+00:00,62976.597030000004,1,-0.1635527889860544,0.4,-0.5635527889860544,-0.03271055779721088,sl,False
ema_pullback,-1,2026-08-02 02:00:00+00:00,62954.603910000005,2026-08-02 02:03:00+00:00,62945.393910000006,3,0.03657397326001233,0.2,-0.16342602673998768,0.01462958930400493,tp1_partial,True
ema_pullback,-1,2026-08-02 02:00:00+00:00,62954.603910000005,2026-08-02 02:06:00+00:00,62988.79825,6,-0.13578967174854295,0.2,-0.33578967174854296,-0.05431586869941718,sl,False
ema_pullback,1,2026-08-02 02:07:00+00:00,63239.12328,2026-08-02 02:08:00+00:00,63500.6493,1,1.033877473451239,0.2,0.8338774734512391,0.4135509893804956,tp1_partial,True
ema_pullback,1,2026-08-02 02:07:00+00:00,63239.12328,2026-08-03 03:46:00+00:00,62952.504120000005,1539,-1.1330769037188881,0.2,-1.333076903718888,-0.45323076148755526,sl,False
ema_pullback,-1,2026-08-03 03:47:00+00:00,62772.32214,2026-08-03 07:15:00+00:00,62563.355709999996,208,0.8322395240291935,0.2,0.6322395240291936,0.3328958096116774,tp1_partial,True
ema_pullback,-1,2026-08-03 03:47:00+00:00,62772.32214,2026-08-03 08:22:00+00:00,62341.83356,275,1.7144840485583956,0.2,1.5144840485583957,0.6857936194233583,tp2,False
ema_pullback,-1,2026-08-03 09:27:00+00:00,62583.741,2026-08-03 09:27:00+00:00,62606.36001,0,-0.18070995468288942,0.4,-0.5807099546828894,-0.036141990936577884,sl,False
ema_pullback,-1,2026-08-03 09:32:00+00:00,62590.44033,2026-08-03 09:32:00+00:00,62619.161290000004,0,-0.22943567618771699,0.4,-0.629435676187717,-0.0458871352375434,sl,False
ema_pullback,-1,2026-08-03 09:37:00+00:00,62617.83759,2026-08-03 09:42:00+00:00,62647.86416,5,-0.2397605151793769,0.4,-0.6397605151793769,-0.04795210303587538,sl,False
ema_pullback,-1,2026-08-03 10:02:00+00:00,62760.52332,2026-08-03 10:29:00+00:00,62729.77235000001,27,0.12249328229468892,0.2,-0.07750671770531109,0.04899731291787557,tp1_partial,True
ema_pullback,-1,2026-08-03 10:02:00+00:00,62760.52332,2026-08-03 10:31:00+00:00,62686.46802000001,29,0.29499156508941415,0.2,0.09499156508941414,0.11799662603576566,tp2,False
ema_pullback,-1,2026-08-03 10:46:00+00:00,62653.53402000001,2026-08-03 10:48:00+00:00,62643.46372,2,0.04018248993262197,0.2,-0.15981751006737804,0.016072995973048787,tp1_partial,True
ema_pullback,-1,2026-08-03 10:46:00+00:00,62653.53402000001,2026-08-03 10:49:00+00:00,62620.961469999995,3,0.12997092067310034,0.2,-0.07002907932689967,0.05198836826924014,tp2,False
ema_pullback,-1,2026-08-03 11:02:00+00:00,62660.033370000005,2026-08-03 11:03:00+00:00,62631.66253999999,1,0.11319348424412845,0.2,-0.08680651575587156,0.04527739369765138,tp1_partial,True
ema_pullback,-1,2026-08-03 11:02:00+00:00,62660.033370000005,2026-08-03 11:08:00+00:00,62590.85845999999,6,0.275992950688142,0.2,0.07599295068814199,0.1103971802752568,tp2,False
ema_pullback,-1,2026-08-03 11:28:00+00:00,62687.83059,2026-08-03 11:30:00+00:00,62675.46692,2,0.049306499697143735,0.2,-0.15069350030285628,0.019722599878857494,tp1_partial,True
ema_pullback,-1,2026-08-03 11:28:00+00:00,62687.83059,2026-08-03 11:34:00+00:00,62725.2719,6,-0.14931650069727187,0.2,-0.3493165006972719,-0.05972660027890875,sl,False
ema_pullback,-1,2026-08-03 11:39:00+00:00,62708.128560000005,2026-08-03 11:40:00+00:00,62698.76925,1,0.0373129856325316,0.2,-0.1626870143674684,0.014925194253012641,tp1_partial,True
ema_pullback,-1,2026-08-03 11:39:00+00:00,62708.128560000005,2026-08-03 11:41:00+00:00,62676.86706,2,0.12463097176507176,0.2,-0.07536902823492825,0.049852388706028705,tp2,False
ema_pullback,-1,2026-08-03 11:48:00+00:00,62640.13536,2026-08-03 11:51:00+00:00,62623.86176000001,3,0.06494877408255717,0.2,-0.13505122591744284,0.025979509633022868,tp1_partial,True
ema_pullback,-1,2026-08-03 11:48:00+00:00,62640.13536,2026-08-03 11:55:00+00:00,62595.05888000001,7,0.17990254866520616,0.2,-0.020097451334793848,0.07196101946608247,tp2,False
ema_pullback,-1,2026-08-03 12:03:00+00:00,62560.04337000001,2026-08-03 12:03:00+00:00,62564.05578,0,-0.01603423600693432,0.2,-0.21603423600693433,-0.006413694402773729,tp1_partial,True
ema_pullback,-1,2026-08-03 12:03:00+00:00,62560.04337000001,2026-08-03 12:04:00+00:00,62555.554930000006,1,0.017936528486139913,0.2,-0.1820634715138601,0.007174611394455965,tp2,False
ema_pullback,-1,2026-08-03 12:35:00+00:00,62591.640210000005,2026-08-03 12:35:00+00:00,62613.36071,0,-0.17350959271178468,0.4,-0.5735095927117847,-0.034701918542356935,sl,False
ema_pullback,-1,2026-08-03 12:37:00+00:00,62593.74,2026-08-03 12:37:00+00:00,62610.560430000005,0,-0.13436191862004065,0.4,-0.5343619186200407,-0.02687238372400813,sl,False
ema_pullback,-1,2026-08-03 12:39:00+00:00,62576.04177,2026-08-03 12:41:00+00:00,62628.962269999996,2,-0.4228495323698178,0.4,-0.8228495323698178,-0.08456990647396356,sl,False
ema_pullback,-1,2026-08-03 12:51:00+00:00,62664.63291,2026-08-03 13:02:00+00:00,62707.97016999999,11,-0.34578723266631695,0.4,-0.745787232666317,-0.06915744653326339,sl,False
ema_pullback,-1,2026-08-03 13:05:00+00:00,62668.7325,2026-08-03 13:05:00+00:00,62691.66854,0,-0.18299428666446182,0.4,-0.5829942866644618,-0.036598857332892365,sl,False
ema_pullback,-1,2026-08-03 13:07:00+00:00,62669.7324,2026-08-03 13:08:00+00:00,62703.56973,1,-0.2699654897521109,0.4,-0.6699654897521109,-0.053993097950422175,sl,False
ema_pullback,-1,2026-08-03 13:09:00+00:00,62671.43223,2026-08-03 13:12:00+00:00,62705.2699,3,-0.2699608800690312,0.4,-0.6699608800690312,-0.05399217601380624,sl,False
ema_pullback,-1,2026-08-03 13:26:00+00:00,62815.317839999996,2026-08-03 13:28:00+00:00,62779.57733,2,0.14224440482427103,0.2,-0.05775559517572898,0.05689776192970841,tp1_partial,True
ema_pullback,-1,2026-08-03 13:26:00+00:00,62815.317839999996,2026-08-03 13:29:00+00:00,62731.37251000001,3,0.33409577825352366,0.2,0.13409577825352365,0.13363831130140946,tp2,False
ema_pullback,-1,2026-08-03 13:47:00+00:00,62783.920979999995,2026-08-03 13:47:00+00:00,62864.08578,0,-0.6384182347064504,0.4,-1.0384182347064503,-0.12768364694129009,sl,False
ema_pullback,1,2026-08-03 14:05:00+00:00,63219.52132,2026-08-03 14:10:00+00:00,63263.57300999999,5,0.17420129526535266,0.2,-0.02579870473464735,0.06968051810614107,tp1_partial,True
ema_pullback,1,2026-08-03 14:05:00+00:00,63219.52132,2026-08-03 14:11:00+00:00,63320.26733999999,6,0.3983975910306081,0.2,0.1983975910306081,0.15935903641224325,tp2,False
ema_pullback,1,2026-08-03 14:15:00+00:00,63305.42991,2026-08-03 14:16:00+00:00,63334.16595,1,0.11348173466657618,0.2,-0.08651826533342383,0.045392693866630474,tp1_partial,True
ema_pullback,1,2026-08-03 14:15:00+00:00,63305.42991,2026-08-03 14:17:00+00:00,63375.6618,2,0.2773533411740692,0.2,0.07735334117406917,0.11094133646962767,tp2,False
ema_pullback,1,2026-08-03 14:25:00+00:00,63406.23999,2026-08-03 14:28:00+00:00,63571.34223,3,0.6509699992699458,0.2,0.4509699992699458,0.2603879997079783,tp1_partial,True
ema_pullback,1,2026-08-03 14:25:00+00:00,63406.23999,2026-08-03 14:29:00+00:00,63749.12445000001,4,1.35193499903985,0.2,1.15193499903985,0.54077399961594,tp2,False
ema_pullback,1,2026-08-03 14:37:00+00:00,63679.26729,2026-08-03 14:37:00+00:00,63734.12595,0,0.21537096112528298,0.2,0.015370961125282967,0.08614838445011319,tp1_partial,True
ema_pullback,1,2026-08-03 14:37:00+00:00,63679.26729,2026-08-03 14:38:00+00:00,63801.6192,1,0.4803443695527987,0.2,0.2803443695527987,0.19213774782111948,tp2,False
ema_pullback,1,2026-08-03 14:45:00+00:00,63762.77564,2026-08-03 14:46:00+00:00,63702.829079999996,1,-0.4700748939981958,0.4,-0.8700748939981958,-0.09401497879963916,sl,False
ema_pullback,1,2026-08-03 14:51:00+00:00,63752.67463,2026-08-03 14:52:00+00:00,63787.62060000001,1,0.13703727021191492,0.2,-0.06296272978808509,0.05481490808476597,tp1_partial,True
ema_pullback,1,2026-08-03 14:51:00+00:00,63752.67463,2026-08-03 14:54:00+00:00,63835.315830000014,3,0.32406954092373264,0.2,0.12406954092373262,0.12962781636949305,tp2,False
ema_pullback,1,2026-08-03 15:02:00+00:00,63897.98916,2026-08-03 15:02:00+00:00,63855.41382,0,-0.33315085935947675,0.4,-0.7331508593594768,-0.06663017187189535,sl,False
ema_pullback,1,2026-08-03 15:03:00+00:00,63922.49161,2026-08-03 15:03:00+00:00,63850.31433,0,-0.5645687314596581,0.4,-0.9645687314596582,-0.11291374629193163,sl,False
ema_pullback,1,2026-08-03 15:11:00+00:00,63859.98536,2026-08-03 15:12:00+00:00,63773.72199,1,-0.675410192421011,0.4,-1.0754101924210109,-0.1350820384842022,sl,False
ema_pullback,1,2026-08-03 15:16:00+00:00,63812.08057,2026-08-03 15:17:00+00:00,63774.6219,1,-0.293507668653048,0.4,-0.693507668653048,-0.0587015337306096,sl,False
ema_pullback,1,2026-08-03 15:32:00+00:00,63752.77464,2026-08-03 15:33:00+00:00,63696.52971,1,-0.4411175067877693,0.4,-0.8411175067877693,-0.08822350135755386,sl,False
ema_pullback,1,2026-08-03 15:34:00+00:00,63764.67583,2026-08-03 15:34:00+00:00,63695.52981,0,-0.5421969068293286,0.4,-0.9421969068293287,-0.10843938136586573,sl,False
ema_pullback,1,2026-08-03 15:36:00+00:00,63731.3725,2026-08-03 15:38:00+00:00,63771.42222,2,0.15710363055498888,0.2,-0.04289636944501113,0.06284145222199555,tp1_partial,True
ema_pullback,1,2026-08-03 15:36:00+00:00,63731.3725,2026-08-03 15:39:00+00:00,63824.216940000006,3,0.36420226160988056,0.2,0.16420226160988055,0.14568090464395222,tp2,False
ema_pullback,1,2026-08-03 15:46:00+00:00,63787.67813,2026-08-03 15:47:00+00:00,63743.82498,1,-0.3437431121934842,0.4,-0.7437431121934842,-0.06874862243869684,sl,False
ema_pullback,1,2026-08-03 16:02:00+00:00,63723.771740000004,2026-08-03 16:03:00+00:00,63802.21914000001,1,0.30776348393218855,0.2,0.10776348393218854,0.12310539357287542,tp1_partial,True
ema_pullback,1,2026-08-03 16:02:00+00:00,63723.771740000004,2026-08-03 16:24:00+00:00,63893.41002000001,22,0.6655219683642799,0.2,0.4655219683642799,0.26620878734571196,tp2,False
ema_pullback,1,2026-08-03 16:30:00+00:00,63874.78684,2026-08-03 16:30:00+00:00,63834.615900000004,0,-0.3144506775468181,0.4,-0.7144506775468181,-0.06289013550936362,sl,False
ema_pullback,1,2026-08-03 16:46:00+00:00,63783.577719999994,2026-08-03 16:47:00+00:00,63808.41852,1,0.09736361963363915,0.2,-0.10263638036636086,0.03894544785345566,tp1_partial,True
ema_pullback,1,2026-08-03 16:46:00+00:00,63783.577719999994,2026-08-03 16:53:00+00:00,63733.22604,7,-0.1973536206334725,0.2,-0.3973536206334725,-0.078941448253389,sl,False
ema_pullback,1,2026-08-03 17:05:00+00:00,63749.07427,2026-08-03 17:07:00+00:00,63777.92157,2,0.11312830943166485,0.2,-0.08687169056833516,0.04525132377266594,tp1_partial,True
ema_pullback,1,2026-08-03 17:05:00+00:00,63749.07427,2026-08-03 17:13:00+00:00,63819.617399999996,8,0.27664374270447434,0.2,0.07664374270447433,0.11065749708178974,tp2,False
ema_pullback,1,2026-08-03 17:19:00+00:00,63816.58102,2026-08-03 17:20:00+00:00,63792.02016,1,-0.19243321725664897,0.4,-0.592433217256649,-0.038486643451329794,sl,False
ema_pullback,1,2026-08-03 17:22:00+00:00,63819.881349999996,2026-08-03 17:22:00+00:00,63835.31583,0,0.06046109642288133,0.2,-0.13953890357711868,0.024184438569152533,tp1_partial,True
ema_pullback,1,2026-08-03 17:22:00+00:00,63819.881349999996,2026-08-03 17:23:00+00:00,63863.513009999995,1,0.17091719334572097,0.2,-0.029082806654279036,0.06836687733828839,tp2,False
ema_pullback,1,2026-08-03 17:34:00+00:00,63819.881349999996,2026-08-03 17:34:00+00:00,63820.51731,0,0.0024912299527724002,0.2,-0.1975087700472276,0.00099649198110896,tp1_partial,True
ema_pullback,1,2026-08-03 17:34:00+00:00,63819.881349999996,2026-08-03 17:35:00+00:00,63834.015960000004,1,0.055369148692419046,0.2,-0.14463085130758097,0.02214765947696762,tp2,False
ema_pullback,1,2026-08-03 17:42:00+00:00,63857.88515,2026-08-03 17:42:00+00:00,63885.010859999995,0,0.10619561678354428,0.2,-0.09380438321645573,0.04247824671341771,tp1_partial,True
ema_pullback,1,2026-08-03 17:42:00+00:00,63857.88515,2026-08-03 18:13:00+00:00,63924.80687999999,31,0.26199477888594336,0.2,0.06199477888594335,0.10479791155437734,tp2,False
ema_pullback,1,2026-08-03 18:14:00+00:00,63956.29499,2026-08-03 18:18:00+00:00,63880.811279999994,4,-0.5901194715219882,0.4,-0.9901194715219882,-0.11802389430439764,sl,False
ema_pullback,1,2026-08-03 18:31:00+00:00,63852.984659999995,2026-08-03 18:31:00+00:00,63869.11244999999,0,0.06314422922387708,0.2,-0.13685577077612293,0.025257691689550832,tp1_partial,True
ema_pullback,1,2026-08-03 18:31:00+00:00,63852.984659999995,2026-08-03 18:40:00+00:00,63811.51821,9,-0.16235125977584475,0.2,-0.36235125977584476,-0.0649405039103379,sl,False
ema_pullback,1,2026-08-03 18:45:00+00:00,63827.88215,2026-08-03 18:45:00+00:00,63789.12045,0,-0.3036423792732168,0.4,-0.7036423792732168,-0.06072847585464336,sl,False
ema_pullback,1,2026-08-03 18:49:00+00:00,63809.580319999994,2026-08-03 18:51:00+00:00,63776.72169,2,-0.25747411153004274,0.4,-0.6574741115300428,-0.05149482230600855,sl,False
ema_pullback,1,2026-08-03 18:52:00+00:00,63806.88005,2026-08-03 18:52:00+00:00,63816.417720000005,0,0.03736928522651839,0.2,-0.16263071477348162,0.014947714090607356,tp1_partial,True
ema_pullback,1,2026-08-03 18:52:00+00:00,63806.88005,2026-08-03 18:53:00+00:00,63838.71549000001,1,0.12473357095293958,0.2,-0.07526642904706043,0.04989342838117583,tp2,False
ema_pullback,1,2026-08-03 19:01:00+00:00,63863.685730000005,2026-08-03 19:07:00+00:00,63821.21724,6,-0.33249325899820104,0.4,-0.7324932589982011,-0.06649865179964021,sl,False
ema_pullback,1,2026-08-03 19:10:00+00:00,63875.78694,2026-08-03 19:15:00+00:00,63897.00966,5,0.083062460036476,0.2,-0.11693753996352402,0.0332249840145904,tp1_partial,True
ema_pullback,1,2026-08-03 19:10:00+00:00,63875.78694,2026-08-03 19:24:00+00:00,63931.00626,14,0.21611992057285478,0.2,0.016119920572854773,0.08644796822914191,tp2,False
ema_pullback,1,2026-08-03 19:28:00+00:00,63959.59531999999,2026-08-03 19:33:00+00:00,63996.19973999999,5,0.14307634302895833,0.2,-0.05692365697104168,0.05723053721158333,tp1_partial,True
ema_pullback,1,2026-08-03 19:28:00+00:00,63959.59531999999,2026-08-03 19:34:00+00:00,64045.594799999984,6,0.3361476865579305,0.2,0.13614768655793047,0.1344590746231722,tp2,False
ema_pullback,1,2026-08-03 19:44:00+00:00,63922.59162,2026-08-03 19:46:00+00:00,63891.91017,2,-0.23998909636196997,0.4,-0.63998909636197,-0.04799781927239399,sl,False
ema_pullback,1,2026-08-03 19:51:00+00:00,63923.3917,2026-08-03 19:55:00+00:00,63878.91147000001,4,-0.34791825665903,0.4,-0.74791825665903,-0.069583651331806,sl,False
ema_pullback,1,2026-08-03 20:06:00+00:00,63843.78374,2026-08-03 20:10:00+00:00,63858.11355000001,4,0.056112784834194684,0.2,-0.14388721516580533,0.022445113933677874,tp1_partial,True
ema_pullback,1,2026-08-03 20:06:00+00:00,63843.78374,2026-08-03 20:12:00+00:00,63885.31083000001,6,0.16261211181156643,0.2,-0.03738788818843358,0.06504484472462657,tp2,False
ema_pullback,1,2026-08-03 20:17:00+00:00,63875.68693,2026-08-03 20:17:00+00:00,63872.21214,0,-0.01359981460477555,0.2,-0.21359981460477556,-0.00543992584191022,tp1_partial,True
ema_pullback,1,2026-08-03 20:17:00+00:00,63875.68693,2026-08-03 20:18:00+00:00,63881.51121000001,1,0.022795371290462718,0.2,-0.1772046287095373,0.009118148516185087,tp2,False
ema_pullback,1,2026-08-03 20:28:00+00:00,63924.79184,2026-08-03 20:39:00+00:00,63882.111150000004,11,-0.3338351895366687,0.4,-0.7338351895366687,-0.06676703790733374,sl,False
ema_pullback,1,2026-08-03 21:17:00+00:00,63758.67523,2026-08-03 21:35:00+00:00,63648.6345,18,-0.8629471174161352,0.4,-1.262947117416135,-0.17258942348322703,sl,False
ema_pullback,1,2026-08-03 21:39:00+00:00,63704.26979,2026-08-03 21:41:00+00:00,63653.634,2,-0.397428541029643,0.4,-0.797428541029643,-0.0794857082059286,sl,False
ema_pullback,1,2026-08-03 22:01:00+00:00,63594.85885,2026-08-03 22:02:00+00:00,63554.6439,1,-0.31618082599138564,0.4,-0.7161808259913857,-0.06323616519827713,sl,False
ema_pullback,1,2026-08-03 22:11:00+00:00,63496.64903,2026-08-03 22:15:00+00:00,63515.14785000001,4,0.07283384352796407,0.2,-0.12716615647203594,0.029133537411185628,tp1_partial,True
ema_pullback,1,2026-08-03 22:11:00+00:00,63496.64903,2026-08-03 22:17:00+00:00,63546.34473000001,6,0.19566268755588645,0.2,-0.004337312444113561,0.07826507502235458,tp2,False
ema_pullback,1,2026-08-03 22:18:00+00:00,63563.75574,2026-08-03 22:18:00+00:00,63607.6386,0,0.17259387637308388,0.2,-0.027406123626916135,0.06903755054923355,tp1_partial,True
ema_pullback,1,2026-08-03 22:18:00+00:00,63563.75574,2026-08-03 22:21:00+00:00,63494.44992000001,3,-0.27258387737297274,0.2,-0.47258387737297275,-0.1090335509491891,sl,False
ema_pullback,1,2026-08-03 22:32:00+00:00,63542.55362,2026-08-03 22:33:00+00:00,63486.250739999996,1,-0.4430328716147347,0.4,-0.8430328716147347,-0.08860657432294694,sl,False
ema_pullback,1,2026-08-03 22:41:00+00:00,63498.24919,2026-08-03 22:48:00+00:00,63514.04796,7,0.062201596900457456,0.2,-0.13779840309954255,0.024880638760182983,tp1_partial,True
ema_pullback,1,2026-08-03 22:41:00+00:00,63498.24919,2026-08-03 22:49:00+00:00,63542.54511,8,0.1743981943008177,0.2,-0.0256018056991823,0.06975927772032708,tp2,False
ema_pullback,1,2026-08-03 23:00:00+00:00,63593.95876,2026-08-03 23:00:00+00:00,63561.6432,0,-0.25407727895948584,0.4,-0.6540772789594859,-0.05081545579189717,sl,False
ema_pullback,1,2026-08-03 23:03:00+00:00,63580.55742,2026-08-03 23:06:00+00:00,63516.24774,3,-0.5057338485976448,0.4,-0.9057338485976448,-0.10114676971952896,sl,False
ema_pullback,1,2026-08-03 23:09:00+00:00,63555.85495,2026-08-03 23:19:00+00:00,63589.14045,10,0.1309301087452086,0.2,-0.0690698912547914,0.05237204349808344,tp1_partial,True
ema_pullback,1,2026-08-03 23:09:00+00:00,63555.85495,2026-08-03 23:31:00+00:00,63496.94967,22,-0.23170674065489671,0.2,-0.4317067406548967,-0.09268269626195869,sl,False
ema_pullback,1,2026-08-03 23:44:00+00:00,63484.347799999996,2026-08-03 23:45:00+00:00,63454.25394,1,-0.23701795043085117,0.4,-0.6370179504308512,-0.04740359008617023,sl,False
ema_pullback,1,2026-08-03 23:46:00+00:00,63503.649730000005,2026-08-03 23:51:00+00:00,63448.25454,5,-0.43615752980757927,0.4,-0.8361575298075793,-0.08723150596151585,sl,False
ema_pullback,1,2026-08-03 23:54:00+00:00,63480.04736999999,2026-08-03 23:56:00+00:00,63481.251240000005,2,0.004741135403496521,0.2,-0.1952588645965035,0.0018964541613986086,tp1_partial,True
ema_pullback,1,2026-08-03 23:54:00+00:00,63480.04736999999,2026-08-04 00:00:00+00:00,63453.654,6,-0.10394356610257671,0.2,-0.3039435661025767,-0.041577426441030685,sl,False
ema_pullback,1,2026-08-04 00:03:00+00:00,63519.151280000005,2026-08-04 00:04:00+00:00,63541.345230000006,1,0.08735141116011924,0.2,-0.11264858883988077,0.034940564464047696,tp1_partial,True
ema_pullback,1,2026-08-04 00:03:00+00:00,63519.151280000005,2026-08-04 00:12:00+00:00,63471.55221,9,-0.1873414121600081,0.2,-0.3873414121600081,-0.07493656486400324,sl,False
ema_pullback,1,2026-08-04 00:21:00+00:00,63439.143280000004,2026-08-04 00:21:00+00:00,63457.353630000005,0,0.07176306716355496,0.2,-0.12823693283644505,0.028705226865421984,tp1_partial,True
ema_pullback,1,2026-08-04 00:21:00+00:00,63439.143280000004,2026-08-04 00:22:00+00:00,63395.55981,1,-0.17175306816347158,0.2,-0.3717530681634716,-0.06870122726538863,sl,False
ema_pullback,1,2026-08-04 00:30:00+00:00,63429.3423,2026-08-04 00:32:00+00:00,63364.6629,2,-0.5098539386872436,0.4,-0.9098539386872436,-0.10197078773744872,sl,False
ema_pullback,1,2026-08-04 00:44:00+00:00,63371.73654,2026-08-04 00:47:00+00:00,63328.26654,3,-0.3429762412504034,0.4,-0.7429762412504034,-0.06859524825008068,sl,False
ema_pullback,1,2026-08-04 00:49:00+00:00,63360.93546,2026-08-04 00:49:00+00:00,63372.962069999994,0,0.04745277951107019,0.2,-0.15254722048892982,0.018981111804428075,tp1_partial,True
ema_pullback,1,2026-08-04 00:49:00+00:00,63360.93546,2026-08-04 00:50:00+00:00,63397.65959999999,1,0.14490055952209868,0.2,-0.05509944047790133,0.05796022380883947,tp2,False
ema_pullback,1,2026-08-04 01:01:00+00:00,63373.3367,2026-08-04 01:01:00+00:00,63390.16035,0,0.06636722506675463,0.2,-0.13363277493324538,0.026546890026701853,tp1_partial,True
ema_pullback,1,2026-08-04 01:01:00+00:00,63373.3367,2026-08-04 01:02:00+00:00,63419.657400000004,1,0.18272945063346757,0.2,-0.01727054936653244,0.07309178025338703,tp2,False
ema_pullback,1,2026-08-04 01:04:00+00:00,63433.842749999996,2026-08-04 01:04:00+00:00,63376.861679999995,0,-0.4491377751192904,0.4,-0.8491377751192904,-0.08982755502385809,sl,False
ema_pullback,1,2026-08-04 01:06:00+00:00,63467.3461,2026-08-04 01:06:00+00:00,63394.05996,0,-0.57735311544721,0.4,-0.97735311544721,-0.115470623089442,sl,False
ema_pullback,1,2026-08-04 01:11:00+00:00,63460.945459999995,2026-08-04 01:13:00+00:00,63408.15855,2,-0.41590075295416806,0.4,-0.8159007529541681,-0.08318015059083361,sl,False
ema_pullback,1,2026-08-04 01:15:00+00:00,63453.64473,2026-08-04 01:15:00+00:00,63458.15355000001,0,0.017764227804362154,0.2,-0.18223577219563786,0.0071056911217448615,tp1_partial,True
ema_pullback,1,2026-08-04 01:15:00+00:00,63453.64473,2026-08-04 01:16:00+00:00,63423.75699,1,-0.11775422880425102,0.2,-0.317754228804251,-0.047101691521700406,sl,False
ema_pullback,1,2026-08-04 01:19:00+00:00,63481.04747,2026-08-04 01:23:00+00:00,63535.04586,4,0.21265555686333926,0.2,0.012655556863339246,0.0850622227453357,tp1_partial,True
ema_pullback,1,2026-08-04 01:19:00+00:00,63481.04747,2026-08-04 01:31:00+00:00,63601.73918999999,12,0.4753061142265813,0.2,0.2753061142265813,0.19012244569063252,tp2,False
ema_pullback,1,2026-08-04 01:50:00+00:00,63783.67773,2026-08-04 01:51:00+00:00,63838.41552,1,0.21454466075043754,0.2,0.014544660750437532,0.08581786430017502,tp1_partial,True
ema_pullback,1,2026-08-04 01:50:00+00:00,63783.67773,2026-08-04 02:20:00+00:00,63703.42902,30,-0.31453466175035416,0.2,-0.5145346617503541,-0.12581386470014166,sl,False
ema_pullback,1,2026-08-04 02:29:00+00:00,63714.47081,2026-08-04 02:29:00+00:00,63666.332729999995,0,-0.3777641043551383,0.4,-0.7777641043551383,-0.07555282087102766,sl,False
ema_pullback,1,2026-08-04 02:31:00+00:00,63716.17098,2026-08-04 02:34:00+00:00,63761.423220000004,3,0.17755398395724598,0.2,-0.022446016042754036,0.07102159358289839,tp1_partial,True
ema_pullback,1,2026-08-04 02:31:00+00:00,63716.17098,2026-08-04 02:36:00+00:00,63819.417420000005,5,0.40510296841445026,0.2,0.20510296841445025,0.1620411873657801,tp2,False
ema_pullback,1,2026-08-04 03:00:00+00:00,63808.680230000005,2026-08-04 03:00:00+00:00,63783.92097000001,0,-0.19401169175381483,0.4,-0.5940116917538149,-0.038802338350762966,sl,False
ema_pullback,1,2026-08-04 03:26:00+00:00,63702.86965,2026-08-04 03:27:00+00:00,63738.6255,1,0.14032276016939793,0.2,-0.05967723983060208,0.05612910406775917,tp1_partial,True
ema_pullback,1,2026-08-04 03:26:00+00:00,63702.86965,2026-08-04 03:30:00+00:00,63787.02066,4,0.33024811308479673,0.2,0.13024811308479672,0.1320992452339187,tp2,False
ema_pullback,1,2026-08-04 03:45:00+00:00,63811.28049,2026-08-04 03:45:00+00:00,63782.52111,0,-0.22534714692412638,0.4,-0.6253471469241264,-0.04506942938482528,sl,False
ema_pullback,1,2026-08-04 03:47:00+00:00,63805.679930000006,2026-08-04 03:47:00+00:00,63782.52111,0,-0.18147929796696882,0.4,-0.5814792979669688,-0.036295859593393764,sl,False
ema_pullback,1,2026-08-04 03:49:00+00:00,63805.57992,2026-08-04 03:53:00+00:00,63773.52201,4,-0.2512155679815775,0.4,-0.6512155679815775,-0.0502431135963155,sl,False
ema_pullback,1,2026-08-04 04:10:00+00:00,63780.977459999995,2026-08-04 04:18:00+00:00,63810.418320000004,8,0.11539827850109985,0.2,-0.08460172149890016,0.04615931140043994,tp1_partial,True
ema_pullback,1,2026-08-04 04:10:00+00:00,63780.977459999995,2026-08-04 04:34:00+00:00,63852.71409000001,24,0.28118348470357324,0.2,0.08118348470357323,0.1124733938814293,tp2,False
ema_pullback,1,2026-08-04 04:39:00+00:00,63945.29389,2026-08-04 04:44:00+00:00,64008.89847,5,0.24866794775163514,0.2,0.04866794775163513,0.09946717910065406,tp1_partial,True
ema_pullback,1,2026-08-04 04:39:00+00:00,63945.29389,2026-08-04 04:46:00+00:00,64085.290830000005,7,0.5473308960031731,0.2,0.3473308960031731,0.21893235840126923,tp2,False
ema_pullback,1,2026-08-04 04:54:00+00:00,64113.71073,2026-08-04 04:54:00+00:00,64117.687589999994,0,0.01550705751823811,0.2,-0.1844929424817619,0.006202823007295244,tp1_partial,True
ema_pullback,1,2026-08-04 04:54:00+00:00,64113.71073,2026-08-04 04:55:00+00:00,64083.89097,1,-0.11627684492315771,0.2,-0.3162768449231577,-0.04651073796926308,sl,False
ema_pullback,1,2026-08-04 05:21:00+00:00,63866.18598,2026-08-04 05:21:00+00:00,63843.71499,0,-0.17592243575526023,0.4,-0.5759224357552603,-0.035184487151052046,sl,False
ema_pullback,1,2026-08-04 05:23:00+00:00,63872.986659999995,2026-08-04 05:23:00+00:00,63835.81578,0,-0.2909749640944703,0.4,-0.6909749640944703,-0.058194992818894065,sl,False
ema_pullback,1,2026-08-04 05:31:00+00:00,63823.18168,2026-08-04 05:32:00+00:00,63779.72139,1,-0.34047417298865845,0.4,-0.7404741729886585,-0.06809483459773169,sl,False
ema_pullback,1,2026-08-04 05:39:00+00:00,63805.3799,2026-08-04 05:40:00+00:00,63789.6204,1,-0.12349663950517176,0.4,-0.5234966395051718,-0.02469932790103435,sl,False
ema_pullback,1,2026-08-04 05:42:00+00:00,63819.181280000004,2026-08-04 05:44:00+00:00,63823.11705000001,2,0.015417660964411883,0.2,-0.18458233903558813,0.006167064385764753,tp1_partial,True
ema_pullback,1,2026-08-04 05:42:00+00:00,63819.181280000004,2026-08-04 05:48:00+00:00,63789.72039,6,-0.11540766196430075,0.2,-0.31540766196430076,-0.0461630647857203,sl,False
ema_pullback,1,2026-08-04 05:56:00+00:00,63806.17998,2026-08-04 05:56:00+00:00,63785.52081,0,-0.16189003954220071,0.4,-0.5618900395422007,-0.03237800790844014,sl,False
ema_pullback,1,2026-08-04 06:04:00+00:00,63808.18018,2026-08-04 06:12:00+00:00,63765.52281,8,-0.33426254972063196,0.4,-0.734262549720632,-0.06685250994412639,sl,False
ema_pullback,1,2026-08-04 06:17:00+00:00,63794.07876999999,2026-08-04 06:18:00+00:00,63793.020059999995,1,-0.004148935216274907,0.2,-0.20414893521627492,-0.0016595740865099629,tp1_partial,True
ema_pullback,1,2026-08-04 06:17:00+00:00,63794.07876999999,2026-08-04 06:19:00+00:00,63804.71888999999,2,0.04169713006735298,0.2,-0.15830286993264703,0.016678852026941193,tp2,False
ema_pullback,1,2026-08-04 07:00:00+00:00,63659.66533,2026-08-04 07:00:00+00:00,63633.636,0,-0.2044413041215054,0.4,-0.6044413041215054,-0.04088826082430108,sl,False
ema_pullback,1,2026-08-04 07:04:00+00:00,63650.06436999999,2026-08-04 07:04:00+00:00,63635.935770000004,0,-0.11098653347668685,0.4,-0.5109865334766869,-0.02219730669533737,sl,False
ema_pullback,1,2026-08-04 07:05:00+00:00,63652.164580000004,2026-08-04 07:05:00+00:00,63635.335829999996,0,-0.13219306924633356,0.4,-0.5321930692463336,-0.026438613849266712,sl,False
ema_pullback,1,2026-08-04 07:25:00+00:00,63541.553519999994,2026-08-04 07:27:00+00:00,63583.84098,2,0.16637718806600255,0.2,-0.033622811933997465,0.06655087522640102,tp1_partial,True
ema_pullback,1,2026-08-04 07:25:00+00:00,63541.553519999994,2026-08-04 07:31:00+00:00,63638.93547,6,0.38314278061107876,0.2,0.18314278061107875,0.1532571122444315,tp2,False
ema_pullback,1,2026-08-04 07:39:00+00:00,63659.3653,2026-08-04 07:39:00+00:00,63643.635,0,-0.12355055635465684,0.4,-0.5235505563546569,-0.024710111270931367,sl,False
ema_pullback,1,2026-08-04 07:41:00+00:00,63659.965359999995,2026-08-04 07:41:00+00:00,63651.03425999999,0,-0.03507345609402024,0.2,-0.23507345609402025,-0.014029382437608096,tp1_partial,True
ema_pullback,1,2026-08-04 07:41:00+00:00,63659.965359999995,2026-08-04 07:42:00+00:00,63654.73388999999,1,-0.020544583909293257,0.2,-0.22054458390929327,-0.008217833563717303,tp2,False
ema_pullback,1,2026-08-04 07:46:00+00:00,63704.169780000004,2026-08-04 08:11:00+00:00,63635.335829999996,25,-0.540262515293155,0.4,-0.9402625152931551,-0.10805250305863101,sl,False
ema_pullback,1,2026-08-04 08:26:00+00:00,63621.26149,2026-08-04 08:31:00+00:00,63576.74169,5,-0.3498814622450719,0.4,-0.7498814622450719,-0.06997629244901438,sl,False
ema_pullback,1,2026-08-04 08:40:00+00:00,63580.3574,2026-08-04 08:40:00+00:00,63548.444520000005,0,-0.2509649308765627,0.4,-0.6509649308765627,-0.05019298617531254,sl,False
ema_pullback,1,2026-08-04 08:45:00+00:00,63606.36,2026-08-04 09:07:00+00:00,63534.345929999996,22,-0.5660917398826459,0.4,-0.966091739882646,-0.11321834797652919,sl,False
ema_pullback,1,2026-08-04 09:13:00+00:00,63554.154780000004,2026-08-04 09:14:00+00:00,63560.743290000006,1,0.02591691299652643,0.2,-0.17408308700347358,0.010366765198610572,tp1_partial,True
ema_pullback,1,2026-08-04 09:13:00+00:00,63554.154780000004,2026-08-04 09:16:00+00:00,63522.147150000004,3,-0.1259069139964153,0.2,-0.3259069139964153,-0.05036276559856612,sl,False
ema_pullback,1,2026-08-04 09:21:00+00:00,63529.75234,2026-08-04 09:22:00+00:00,63545.04486,1,0.06017857553636263,0.2,-0.13982142446363738,0.024071430214545053,tp1_partial,True
ema_pullback,1,2026-08-04 09:21:00+00:00,63529.75234,2026-08-04 09:53:00+00:00,63573.04206,32,0.17035215157268357,0.2,-0.029647848427316437,0.06814086062907343,tp2,False
ema_pullback,1,2026-08-04 10:00:00+00:00,63582.75764,2026-08-04 10:00:00+00:00,63556.24374,0,-0.2084991354898702,0.4,-0.6084991354898702,-0.04169982709797404,sl,False
ema_pullback,1,2026-08-04 10:20:00+00:00,63492.64863,2026-08-04 10:20:00+00:00,63491.350230000004,0,-0.005112402884477341,0.2,-0.20511240288447735,-0.0020449611537909362,tp1_partial,True
ema_pullback,1,2026-08-04 10:20:00+00:00,63492.64863,2026-08-04 10:21:00+00:00,63502.749090000005,1,0.039770194730948116,0.2,-0.1602298052690519,0.015908077892379247,tp2,False
ema_pullback,1,2026-08-04 10:31:00+00:00,63481.44751,2026-08-04 10:31:00+00:00,63438.755489999996,0,-0.3362558800606985,0.4,-0.7362558800606985,-0.0672511760121397,sl,False
ema_pullback,1,2026-08-04 10:34:00+00:00,63473.44671,2026-08-04 10:34:00+00:00,63471.75219,0,-0.006674129450295885,0.2,-0.2066741294502959,-0.002669651780118354,tp1_partial,True
ema_pullback,1,2026-08-04 10:34:00+00:00,63473.44671,2026-08-04 10:36:00+00:00,63449.75439,2,-0.09331587154956522,0.2,-0.29331587154956523,-0.03732634861982609,sl,False
ema_pullback,1,2026-08-04 10:38:00+00:00,63473.94676,2026-08-04 10:39:00+00:00,63472.85208,1,-0.004311532746437141,0.2,-0.20431153274643715,-0.0017246130985748565,tp1_partial,True
ema_pullback,1,2026-08-04 10:38:00+00:00,63473.94676,2026-08-04 10:40:00+00:00,63484.450919999996,2,0.041371935007084026,0.2,-0.15862806499291598,0.01654877400283361,tp2,False
ema_pullback,1,2026-08-04 10:56:00+00:00,63746.07397,2026-08-04 11:01:00+00:00,63760.6233,5,0.05705971008840294,0.2,-0.14294028991159707,0.022823884035361175,tp1_partial,True
ema_pullback,1,2026-08-04 10:56:00+00:00,63746.07397,2026-08-04 11:03:00+00:00,63705.828779999996,7,-0.1578339946823326,0.2,-0.3578339946823326,-0.06313359787293304,sl,False
ema_pullback,1,2026-08-04 11:05:00+00:00,63773.57672,2026-08-04 11:07:00+00:00,63703.629,2,-0.5484067508640944,0.4,-0.9484067508640944,-0.10968135017281888,sl,False
ema_pullback,1,2026-08-04 11:10:00+00:00,63747.3741,2026-08-04 11:11:00+00:00,63704.02896,1,-0.33997588615963803,0.4,-0.739975886159638,-0.0679951772319276,sl,False
ema_pullback,1,2026-08-04 11:18:00+00:00,63718.77124,2026-08-04 11:20:00+00:00,63721.427220000005,2,0.010420712563630197,0.2,-0.18957928743636981,0.004168285025452079,tp1_partial,True
ema_pullback,1,2026-08-04 11:18:00+00:00,63718.77124,2026-08-04 11:21:00+00:00,63736.82568,3,0.0708364256272187,0.2,-0.1291635743727813,0.02833457025088748,tp2,False
ema_pullback,1,2026-08-04 11:26:00+00:00,63759.475309999994,2026-08-04 11:26:00+00:00,63739.925370000004,0,-0.15331007591373735,0.4,-0.5533100759137374,-0.03066201518274747,sl,False
ema_pullback,1,2026-08-04 11:27:00+00:00,63765.975959999996,2026-08-04 11:31:00+00:00,63729.42642,4,-0.2865912381151414,0.4,-0.6865912381151414,-0.057318247623028284,sl,False
ema_pullback,1,2026-08-04 11:35:00+00:00,63745.87395,2026-08-04 11:40:00+00:00,63710.22834,5,-0.279591507584942,0.4,-0.679591507584942,-0.0559183015169884,sl,False
ema_pullback,1,2026-08-04 11:44:00+00:00,63808.18018,2026-08-04 11:45:00+00:00,63881.71119000001,1,0.28809397867396447,0.2,0.08809397867396446,0.11523759146958579,tp1_partial,True
ema_pullback,1,2026-08-04 11:44:00+00:00,63808.18018,2026-08-04 12:38:00+00:00,63968.00256000001,54,0.6261829578478317,0.2,0.4261829578478317,0.2504731831391327,tp2,False
ema_pullback,1,2026-08-04 12:45:00+00:00,63939.19328,2026-08-04 12:45:00+00:00,63904.70889,0,-0.2696655074219123,0.4,-0.6696655074219123,-0.05393310148438246,sl,False
ema_pullback,1,2026-08-04 12:51:00+00:00,63920.59142,2026-08-04 12:51:00+00:00,63941.10525000001,0,0.08023169664223007,0.2,-0.11976830335776995,0.032092678656892026,tp1_partial,True
ema_pullback,1,2026-08-04 12:51:00+00:00,63920.59142,2026-08-04 12:52:00+00:00,63974.30193000001,1,0.2100673226217986,0.2,0.010067322621798602,0.08402692904871945,tp2,False
ema_pullback,1,2026-08-04 13:04:00+00:00,63932.3926,2026-08-04 13:18:00+00:00,63853.51401,14,-0.6168906464483204,0.4,-1.0168906464483203,-0.12337812928966407,sl,False
ema_pullback,1,2026-08-04 13:21:00+00:00,63990.79844,2026-08-04 13:30:00+00:00,63827.11665,9,-1.2789478643048247,0.4,-1.6789478643048246,-0.25578957286096493,sl,False
ema_pullback,1,2026-08-04 13:31:00+00:00,63996.999059999995,2026-08-04 13:47:00+00:00,63786.72069,16,-1.6428767996046756,0.4,-2.0428767996046755,-0.3285753599209351,sl,False
ema_pullback,1,2026-08-04 14:04:00+00:00,63721.3715,2026-08-04 14:05:00+00:00,63791.42022,1,0.27482427932362663,0.2,0.07482427932362662,0.10992971172945065,tp1_partial,True
ema_pullback,1,2026-08-04 14:04:00+00:00,63721.3715,2026-08-04 14:19:00+00:00,63626.03676,15,-0.37402969269109687,0.2,-0.5740296926910968,-0.14961187707643875,sl,False
ema_pullback,1,2026-08-04 14:24:00+00:00,63730.17238,2026-08-04 14:26:00+00:00,63791.02026,2,0.23869337602439034,0.2,0.038693376024390325,0.09547735040975613,tp1_partial,True
ema_pullback,1,2026-08-04 14:24:00+00:00,63730.17238,2026-08-04 14:29:00+00:00,63864.712889999995,5,0.5277739921907831,0.2,0.3277739921907831,0.21110959687631325,tp2,False
ema_pullback,1,2026-08-04 14:38:00+00:00,63924.49181,2026-08-04 14:38:00+00:00,63952.504109999994,0,0.10955229837122937,0.2,-0.09044770162877064,0.04382091934849175,tp1_partial,True
ema_pullback,1,2026-08-04 14:38:00+00:00,63924.49181,2026-08-04 14:40:00+00:00,63993.30002999999,2,0.26909959724241705,0.2,0.06909959724241704,0.10763983889696682,tp2,False
ema_pullback,1,2026-08-04 14:52:00+00:00,64072.106569999996,2026-08-04 14:52:00+00:00,64036.795679999996,0,-0.2755558689288562,0.4,-0.6755558689288562,-0.05511117378577124,sl,False
ema_pullback,1,2026-08-04 14:55:00+00:00,64071.90655,2026-08-04 14:57:00+00:00,64089.490410000006,2,0.06860986720552686,0.2,-0.13139013279447315,0.027443946882210746,tp1_partial,True
ema_pullback,1,2026-08-04 14:55:00+00:00,64071.90655,2026-08-04 14:58:00+00:00,64119.887370000004,3,0.18721473491101204,0.2,-0.012785265088987974,0.07488589396440481,tp2,False
ema_pullback,1,2026-08-04 15:39:00+00:00,63906.89005,2026-08-04 15:42:00+00:00,63988.00056,3,0.3172995507078058,0.2,0.11729955070780579,0.12691982028312232,tp1_partial,True
ema_pullback,1,2026-08-04 15:39:00+00:00,63906.89005,2026-08-04 15:44:00+00:00,64081.991160000005,5,0.6849852569222326,0.2,0.48498525692223254,0.273994102768893,tp2,False
ema_pullback,1,2026-08-04 15:55:00+00:00,64138.31319,2026-08-04 15:57:00+00:00,64150.984260000005,2,0.04938962910699951,0.2,-0.1506103708930005,0.019755851642799804,tp1_partial,True
ema_pullback,1,2026-08-04 15:55:00+00:00,64138.31319,2026-08-04 15:59:00+00:00,64100.18934,4,-0.14860014281584122,0.2,-0.34860014281584123,-0.05944005712633649,sl,False
ema_pullback,1,2026-08-04 16:12:00+00:00,64039.80334,2026-08-04 16:12:00+00:00,64006.19874,0,-0.2623727607468096,0.4,-0.6623727607468096,-0.05247455214936192,sl,False
ema_pullback,1,2026-08-04 16:16:00+00:00,64055.00486,2026-08-04 16:30:00+00:00,63970.30233,14,-0.6611702722147395,0.4,-1.0611702722147394,-0.1322340544429479,sl,False
ema_pullback,1,2026-08-04 16:47:00+00:00,63950.49441,2026-08-04 16:48:00+00:00,63961.6032,1,0.043427303035303844,0.2,-0.15657269696469617,0.017370921214121537,tp1_partial,True
ema_pullback,1,2026-08-04 16:47:00+00:00,63950.49441,2026-08-04 16:51:00+00:00,63913.80798,4,-0.1434173040351927,0.2,-0.3434173040351927,-0.05736692161407708,sl,False
ema_pullback,1,2026-08-04 16:58:00+00:00,63941.49351,2026-08-04 17:01:00+00:00,63964.6029,3,0.09035365273563079,0.2,-0.10964634726436923,0.036141461094252314,tp1_partial,True
ema_pullback,1,2026-08-04 16:58:00+00:00,63941.49351,2026-08-04 17:02:00+00:00,64000.5993,4,0.2310932492949891,0.2,0.031093249294989078,0.09243729971799564,tp2,False
ema_pullback,1,2026-08-04 17:21:00+00:00,64066.30599,2026-08-04 17:24:00+00:00,64008.498510000005,3,-0.45115352841645917,0.4,-0.8511535284164592,-0.09023070568329183,sl,False
ema_pullback,1,2026-08-04 17:28:00+00:00,64091.30849,2026-08-04 17:29:00+00:00,64121.687190000004,1,0.11849773672800712,0.2,-0.08150226327199289,0.04739909469120285,tp1_partial,True
ema_pullback,1,2026-08-04 17:28:00+00:00,64091.30849,2026-08-04 17:47:00+00:00,64035.295829999995,19,-0.21848773772792374,0.2,-0.41848773772792375,-0.0873950950911695,sl,False
ema_pullback,1,2026-08-04 17:58:00+00:00,63961.295490000004,2026-08-04 18:01:00+00:00,63986.10075,3,0.09695418068833561,0.2,-0.1030458193116644,0.038781672275334245,tp1_partial,True
ema_pullback,1,2026-08-04 17:58:00+00:00,63961.295490000004,2026-08-04 18:02:00+00:00,64023.69699,4,0.24390336187668504,0.2,0.04390336187668503,0.09756134475067402,tp2,False
ema_pullback,1,2026-08-04 18:32:00+00:00,64339.53331,2026-08-04 18:34:00+00:00,64279.17144,2,-0.46908849734084157,0.4,-0.8690884973408416,-0.09381769946816831,sl,False
ema_pullback,1,2026-08-04 18:45:00+00:00,64271.62652,2026-08-04 19:10:00+00:00,64304.468909999996,25,0.12774840072615756,0.2,-0.07225159927384245,0.051099360290463025,tp1_partial,True
ema_pullback,1,2026-08-04 18:45:00+00:00,64271.62652,2026-08-04 19:36:00+00:00,64212.878070000006,51,-0.22851627219092063,0.2,-0.42851627219092064,-0.09140650887636825,sl,False
ema_pullback,1,2026-08-04 19:39:00+00:00,64345.33389,2026-08-04 19:59:00+00:00,64228.67649,20,-0.9064946356439063,0.4,-1.3064946356439062,-0.18129892712878126,sl,False
ema_pullback,1,2026-08-04 20:15:00+00:00,64150.4144,2026-08-04 20:15:00+00:00,64120.78728,0,-0.23091916301015702,0.4,-0.630919163010157,-0.046183832602031405,sl,False
ema_pullback,1,2026-08-04 20:24:00+00:00,64075.106869999996,2026-08-04 20:30:00+00:00,64092.99006000001,6,0.06977432763516367,0.2,-0.13022567236483634,0.027909731054065468,tp1_partial,True
ema_pullback,1,2026-08-04 20:24:00+00:00,64075.106869999996,2026-08-04 20:31:00+00:00,64123.587000000014,7,0.18915352766551985,0.2,-0.010846472334480162,0.07566141106620794,tp2,False
ema_pullback,1,2026-08-04 20:53:00+00:00,64309.130269999994,2026-08-04 21:01:00+00:00,64266.27273,8,-0.3332150490922836,0.4,-0.7332150490922836,-0.06664300981845672,sl,False
ema_pullback,1,2026-08-04 21:24:00+00:00,64257.62512,2026-08-04 21:33:00+00:00,64191.28023,9,-0.5162413789500109,0.4,-0.9162413789500109,-0.10324827579000218,sl,False
ema_pullback,1,2026-08-04 21:40:00+00:00,64217.22108,2026-08-04 21:42:00+00:00,64223.37702000001,2,0.023965300492923003,0.2,-0.176034699507077,0.009586120197169201,tp1_partial,True
ema_pullback,1,2026-08-04 21:40:00+00:00,64217.22108,2026-08-04 21:43:00+00:00,64242.375120000004,3,0.09792560148569329,0.2,-0.10207439851430672,0.03917024059427732,tp2,False
ema_pullback,1,2026-08-04 21:59:00+00:00,64174.616819999996,2026-08-04 22:00:00+00:00,64153.68399,1,-0.16309275409243096,0.4,-0.563092754092431,-0.03261855081848619,sl,False
ema_pullback,1,2026-08-04 22:05:00+00:00,64186.01796,2026-08-04 22:20:00+00:00,64211.97816,15,0.10111314280386585,0.2,-0.09888685719613416,0.04044525712154634,tp1_partial,True
ema_pullback,1,2026-08-04 22:05:00+00:00,64186.01796,2026-08-04 22:30:00+00:00,64250.87427,25,0.2526107400852573,0.2,0.05261074008525729,0.10104429603410292,tp2,False
ema_pullback,1,2026-08-04 22:55:00+00:00,64186.31799,2026-08-04 22:55:00+00:00,64183.880970000006,0,-0.009491976157516291,0.2,-0.2094919761575163,-0.0037967904630065163,tp1_partial,True
ema_pullback,1,2026-08-04 22:55:00+00:00,64186.31799,2026-08-04 22:56:00+00:00,64194.279930000004,1,0.031011048184925727,0.2,-0.16898895181507428,0.01240441927397029,tp2,False
ema_pullback,1,2026-08-04 23:04:00+00:00,64216.92105,2026-08-04 23:05:00+00:00,64223.77698,1,0.02669051197062844,0.2,-0.17330948802937157,0.010676204788251376,tp1_partial,True
ema_pullback,1,2026-08-04 23:04:00+00:00,64216.92105,2026-08-04 23:06:00+00:00,64243.575000000004,2,0.10376529100192267,0.2,-0.09623470899807735,0.041506116400769066,tp2,False
ema_pullback,1,2026-08-04 23:22:00+00:00,64443.443699999996,2026-08-04 23:23:00+00:00,64390.26033,1,-0.41263600256669086,0.4,-0.8126360025666909,-0.08252720051333817,sl,False
ema_pullback,1,2026-08-04 23:41:00+00:00,64204.019759999996,2026-08-04 23:49:00+00:00,64135.08585,8,-0.5368348450585647,0.4,-0.9368348450585647,-0.10736696901171294,sl,False
